duration,protocol_type,service,flag,src_bytes,dst_bytes,count,srv_count,serror_rate,same_srv_rate,num_failed_logins,logged_in,label,is_attack
1.66,tcp,pop3,S0,13,8,142,470,0.874,0.928,0,0,dos,1
59.78,tcp,smtp,SF,653,510,9,4,0.01,0.888,0,1,normal,0
0.0,udp,telnet,REJ,91,2,112,213,0.805,1.0,0,0,dos,1
0.0,tcp,ssh,S0,598,1723,8,5,0.0,0.808,0,1,normal,0
0.0,udp,ftp,SF,615,1084,1,8,0.0,1.0,0,1,normal,0
27.18,tcp,telnet,SF,236,365,4,6,0.216,0.883,1,0,r2l,1
4.76,tcp,pop3,REJ,103,0,508,461,1.0,0.989,0,0,dos,1
3.01,icmp,ssh,REJ,49,0,323,446,0.921,0.904,0,0,dos,1
56.18,tcp,pop3,SF,332,1001,7,7,0.021,0.79,0,1,normal,0
72.32,tcp,dns,SF,563,1518,5,8,0.007,0.858,0,1,normal,0
105.88,tcp,ftp,SF,469,1885,6,6,0.14,1.0,0,1,normal,0
8.58,tcp,ssh,REJ,18,0,86,10,0.283,0.261,0,0,probe,1
121.91,tcp,http,SF,665,2367,8,4,0.0,0.921,0,1,normal,0
0.0,tcp,pop3,S0,22,0,317,232,1.0,0.965,0,0,dos,1
0.0,udp,smtp,SF,370,1426,8,2,0.067,0.847,0,1,normal,0
50.25,tcp,telnet,SF,343,665,8,7,0.023,0.86,0,1,normal,0
59.78,tcp,ftp,SF,787,1309,2,1,0.0,0.833,0,1,normal,0
88.82,tcp,telnet,SF,1163,541,9,6,0.008,0.947,0,1,normal,0
0.88,tcp,dns,S0,45,0,244,308,0.829,0.896,0,0,dos,1
82.24,tcp,telnet,SF,645,759,1,5,0.058,0.919,0,1,normal,0
2.0,tcp,pop3,S0,30,0,162,429,0.846,0.97,0,0,dos,1
27.42,icmp,dns,SF,53,209,5,3,0.0,0.84,0,1,normal,0
12.02,tcp,http,SF,198,43,7,2,0.348,0.365,4,1,r2l,1
6.17,udp,smtp,SF,13,0,60,6,0.5,0.203,0,0,probe,1
0.48,tcp,pop3,S0,51,0,355,221,0.9,0.949,0,0,dos,1
59.09,tcp,pop3,SF,711,994,3,3,0.07,0.932,0,1,normal,0
45.63,udp,telnet,SF,509,966,6,3,0.061,1.0,0,1,normal,0
76.66,tcp,other,SF,0,1497,4,9,0.037,0.838,0,1,normal,0
79.19,udp,other,SF,220,967,3,9,0.126,0.982,0,1,normal,0
0.0,tcp,pop3,SF,813,633,3,3,0.039,1.0,0,1,normal,0
0.54,tcp,telnet,S0,5,7,170,160,0.798,0.951,0,0,dos,1
2.74,tcp,http,SF,367,281,3,8,0.275,0.322,4,0,r2l,1
18.35,udp,pop3,REJ,789,1607,2,2,0.0,0.928,0,1,normal,0
118.01,tcp,other,SF,429,1213,1,5,0.098,0.726,0,1,normal,0
70.03,icmp,http,SF,351,2069,6,7,0.012,0.825,0,1,normal,0
88.17,tcp,http,SF,233,0,3,3,0.0,0.919,0,1,normal,0
1.56,tcp,telnet,SF,221,330,3,1,0.054,0.801,0,1,normal,0
82.36,tcp,pop3,SF,453,1630,1,4,0.0,0.777,0,1,normal,0
119.32,tcp,http,SF,244,923,1,2,0.0,0.855,0,1,normal,0
0.0,tcp,other,SF,312,1301,5,7,0.035,0.822,0,1,normal,0
0.0,udp,smtp,SF,766,1219,5,3,0.004,0.838,0,1,normal,0
0.0,udp,pop3,RSTR,46,5,296,399,0.978,0.922,0,0,dos,1
0.99,tcp,pop3,S0,13,0,453,403,0.996,0.987,0,0,dos,1
124.1,tcp,ftp,S0,623,1166,4,1,0.0,0.821,0,1,normal,0
3.21,tcp,pop3,S0,99,0,208,205,1.0,0.975,0,0,dos,1
0.0,tcp,smtp,S0,46,2,480,342,0.893,0.92,0,0,dos,1
34.33,tcp,smtp,SF,561,0,2,4,0.0,1.0,0,1,normal,0
163.95,tcp,http,SF,936,1080,8,8,0.0,0.903,0,1,normal,0
93.78,tcp,pop3,SF,329,1116,8,4,0.016,0.815,0,1,normal,0
32.4,tcp,http,SF,699,1616,8,6,0.025,0.809,0,1,normal,0
13.7,tcp,ftp,RSTR,883,1469,2,7,0.006,0.857,0,1,normal,0
0.0,tcp,telnet,SF,802,1086,5,5,0.019,1.0,0,1,normal,0
0.0,udp,ssh,S0,23,0,305,376,0.991,0.969,0,0,dos,1
19.43,tcp,ftp,SF,526,1551,8,2,0.0,0.92,0,1,normal,0
0.86,tcp,ftp,S0,42,0,486,429,1.0,0.988,0,0,dos,1
0.0,tcp,smtp,REJ,49,4,188,227,0.646,1.0,0,0,dos,1
0.0,udp,http,SF,717,1101,2,3,0.042,0.753,0,1,normal,0
75.96,tcp,telnet,SF,919,255,4,1,0.0,0.941,0,1,normal,0
76.1,udp,other,SF,819,1661,7,6,0.093,1.0,0,1,normal,0
10.63,tcp,smtp,SF,169,1007,6,6,0.0,0.896,0,1,normal,0
24.59,tcp,dns,SF,720,1217,5,3,0.051,0.961,0,1,normal,0
60.21,tcp,other,SF,369,1140,9,1,0.0,1.0,0,1,normal,0
29.75,tcp,dns,SF,338,399,4,5,0.119,0.738,0,1,normal,0
0.91,tcp,pop3,REJ,75,0,387,267,0.662,0.893,0,0,dos,1
97.68,tcp,dns,SF,921,1264,4,9,0.086,1.0,0,1,normal,0
0.0,tcp,pop3,RSTR,487,1008,5,8,0.021,0.907,0,1,normal,0
75.06,tcp,smtp,SF,282,365,9,1,0.102,0.709,0,1,normal,0
50.01,tcp,http,SF,105,1255,8,7,0.0,0.897,0,1,normal,0
147.38,tcp,pop3,SF,427,775,6,4,0.0,0.936,0,1,normal,0
17.24,tcp,dns,SF,595,481,2,9,0.029,0.755,0,1,normal,0
38.58,tcp,ftp,SF,394,1091,9,6,0.02,0.785,0,1,normal,0
59.3,tcp,ftp,SF,426,1373,2,6,0.048,0.989,0,1,normal,0
0.0,tcp,ssh,S0,56,1,275,462,0.904,0.961,0,0,dos,1
19.75,tcp,http,SF,448,746,3,4,0.021,0.948,0,1,normal,0
49.64,tcp,smtp,SF,625,1846,7,6,0.015,1.0,0,1,normal,0
96.32,tcp,other,SF,0,1246,1,5,0.0,0.841,0,1,normal,0
37.92,udp,pop3,SF,352,793,6,9,0.0,1.0,0,1,normal,0
45.55,udp,pop3,SF,562,685,1,6,0.005,0.679,0,1,normal,0
42.96,tcp,pop3,SF,701,1285,2,2,0.039,0.804,0,1,normal,0
0.0,tcp,other,S0,92,1,204,107,0.913,0.947,0,0,dos,1
52.75,icmp,pop3,REJ,82,0,3,9,0.002,1.0,0,1,normal,0
96.08,tcp,other,SF,815,277,1,6,0.034,0.955,0,1,normal,0
4.84,tcp,other,REJ,26,0,116,298,0.791,1.0,0,0,dos,1
51.01,tcp,ftp,SF,230,1518,8,5,0.0,1.0,0,1,normal,0
44.18,tcp,ssh,SF,412,667,9,8,0.104,0.845,0,1,normal,0
87.11,tcp,http,SF,424,919,5,6,0.052,0.833,0,1,normal,0
0.22,tcp,http,S0,42,4,157,321,0.975,0.942,0,0,dos,1
73.57,tcp,dns,RSTO,382,608,1,6,0.012,0.911,0,1,normal,0
47.73,tcp,telnet,SF,861,1755,6,9,0.02,0.969,0,1,normal,0
86.64,tcp,telnet,SF,689,2174,5,2,0.009,0.863,0,1,normal,0
104.99,tcp,telnet,RSTO,192,1101,4,3,0.051,0.821,0,1,normal,0
21.97,tcp,telnet,SF,327,1103,8,5,0.0,0.902,0,1,normal,0
108.51,udp,http,RSTO,178,809,9,7,0.0,0.826,0,1,normal,0
19.63,tcp,telnet,SF,573,1929,1,8,0.0,0.935,0,1,normal,0
63.01,tcp,other,SF,410,1430,5,3,0.01,0.986,0,1,normal,0
0.0,tcp,telnet,SF,483,82,6,6,0.094,0.801,0,1,normal,0
59.93,tcp,pop3,S0,1006,930,7,9,0.064,0.943,0,1,normal,0
0.0,tcp,http,SF,312,1858,4,2,0.0,0.779,0,1,normal,0
43.13,tcp,ftp,RSTR,124,852,3,9,0.031,0.798,0,1,normal,0
0.0,tcp,telnet,S0,211,376,14,9,0.247,0.992,3,0,r2l,1
6.06,tcp,http,REJ,0,4,93,17,0.429,0.248,0,0,probe,1
38.61,icmp,other,SF,657,1131,8,3,0.055,1.0,0,1,normal,0
87.56,tcp,telnet,SF,761,2605,9,8,0.0,0.874,0,1,normal,0
27.67,udp,ssh,SF,94,538,5,5,0.086,0.431,4,1,r2l,1
1.02,udp,pop3,S0,31,0,281,275,1.0,0.957,0,0,dos,1
1.96,tcp,dns,S0,61,6,364,458,0.934,0.949,0,0,dos,1
0.0,tcp,ftp,S0,741,545,1,8,0.043,0.888,0,1,normal,0
98.62,tcp,ftp,SF,15,61,6,6,0.0,0.964,0,1,normal,0
61.15,tcp,http,SF,668,1163,7,7,0.0,0.765,0,1,normal,0
0.0,tcp,pop3,S0,21,0,42,14,0.276,0.291,0,0,probe,1
82.61,udp,dns,SF,366,756,2,7,0.114,0.738,0,1,normal,0
80.63,icmp,ssh,SF,400,1856,4,1,0.001,0.843,0,1,normal,0
94.4,tcp,dns,SF,267,982,1,8,0.0,0.782,0,1,normal,0
67.62,tcp,other,SF,652,922,2,9,0.0,0.983,0,1,normal,0
16.34,tcp,ssh,SF,291,672,6,5,0.085,0.795,0,1,normal,0
0.0,tcp,smtp,S0,36,10,407,485,1.0,0.904,0,0,dos,1
3.68,udp,http,S0,64,5,275,280,0.803,0.883,0,0,dos,1
1.11,tcp,ssh,RSTR,71,4,186,406,1.0,1.0,0,0,dos,1
0.0,tcp,ftp,RSTO,84,722,7,6,0.0,0.831,0,1,normal,0
46.32,tcp,pop3,SF,1129,1376,3,7,0.0,0.813,0,1,normal,0
86.42,tcp,dns,SF,384,1571,9,5,0.0,0.93,0,1,normal,0
21.38,udp,smtp,SF,684,1984,7,9,0.049,1.0,0,1,normal,0
78.0,udp,other,SF,489,535,5,4,0.0,0.975,0,1,normal,0
29.41,tcp,ftp,SF,262,1227,8,2,0.117,0.821,0,1,normal,0
40.31,tcp,telnet,SF,875,0,9,2,0.033,0.832,0,1,normal,0
21.68,udp,smtp,SF,409,1053,7,1,0.02,0.762,0,1,normal,0
74.27,tcp,smtp,SF,299,1403,5,1,0.009,1.0,0,1,normal,0
99.3,tcp,dns,SF,1049,2371,5,7,0.061,1.0,0,1,normal,0
87.05,udp,ftp,REJ,637,1313,3,1,0.0,0.781,0,1,normal,0
39.44,icmp,pop3,SF,531,1333,9,8,0.0,0.988,0,1,normal,0
32.65,udp,ftp,SF,444,560,6,8,0.006,0.966,0,1,normal,0
5.64,tcp,other,SF,49,1,76,18,0.665,0.102,0,0,probe,1
111.05,icmp,dns,SF,125,1263,6,3,0.083,0.953,0,1,normal,0
139.37,tcp,other,SF,723,459,4,1,0.007,0.734,0,1,normal,0
0.0,tcp,other,SF,0,793,5,1,0.0,0.815,0,1,normal,0
65.49,tcp,other,SF,917,1309,9,2,0.0,0.944,0,1,normal,0
13.46,tcp,other,S0,81,406,7,5,0.033,0.69,2,0,r2l,1
10.98,udp,ftp,SF,657,520,9,9,0.035,1.0,0,1,normal,0
0.88,tcp,smtp,S0,0,0,331,333,0.942,1.0,0,0,dos,1
30.61,tcp,dns,SF,231,239,4,1,0.0,0.902,0,1,normal,0
100.78,tcp,telnet,SF,638,1106,1,6,0.048,0.946,0,1,normal,0
58.7,tcp,ssh,SF,105,559,2,9,0.025,1.0,0,1,normal,0
0.0,udp,other,SF,41,2,31,12,0.243,0.007,0,0,probe,1
86.73,tcp,http,S0,696,1058,2,1,0.029,0.978,0,1,normal,0
45.03,tcp,other,SF,854,1379,1,7,0.081,0.947,0,1,normal,0
116.34,tcp,telnet,SF,10,1744,3,1,0.026,0.776,0,1,normal,0
41.59,tcp,dns,SF,313,623,9,1,0.0,1.0,0,1,normal,0
73.21,tcp,pop3,SF,369,997,9,9,0.0,1.0,0,1,normal,0
35.18,icmp,telnet,SF,211,2183,8,8,0.011,0.823,0,1,normal,0
56.22,tcp,telnet,SF,570,925,7,4,0.014,0.85,0,1,normal,0
3.18,tcp,other,S0,86,6,266,364,0.894,0.938,0,0,dos,1
4.16,tcp,other,REJ,23,2,66,18,0.224,0.025,0,0,probe,1
113.98,icmp,ssh,SF,268,457,7,3,0.0,1.0,0,1,normal,0
6.67,tcp,ssh,SF,299,896,1,1,0.016,1.0,0,1,normal,0
90.88,udp,pop3,S0,858,1787,8,2,0.0,0.88,0,1,normal,0
85.87,tcp,dns,SF,474,2019,2,4,0.0,0.788,0,1,normal,0
74.4,tcp,http,SF,375,965,1,5,0.025,0.79,0,1,normal,0
39.69,tcp,telnet,S0,1029,363,3,5,0.0,0.928,0,1,normal,0
1.67,tcp,ssh,REJ,35,4,305,440,0.936,0.961,0,0,dos,1
1.63,udp,other,S0,64,0,223,510,0.733,1.0,0,0,dos,1
17.17,tcp,http,SF,855,0,5,6,0.056,0.866,0,1,normal,0
0.0,tcp,telnet,S0,40,0,45,12,0.557,0.005,0,0,probe,1
61.75,udp,other,SF,326,56,3,6,0.04,0.903,0,1,normal,0
41.86,tcp,smtp,RSTR,516,712,5,5,0.0,0.751,0,1,normal,0
52.88,tcp,ssh,SF,1205,1480,4,6,0.074,0.903,0,1,normal,0
130.83,tcp,telnet,SF,416,1011,4,8,0.0,1.0,0,1,normal,0
0.0,tcp,http,S0,71,0,289,405,0.815,0.992,0,0,dos,1
0.47,tcp,other,S0,60,8,269,215,0.927,0.846,0,0,dos,1
21.48,tcp,other,S0,19,1514,5,2,0.0,0.908,0,1,normal,0
16.03,udp,other,S0,266,140,3,7,0.223,0.866,4,0,r2l,1
0.0,udp,smtp,SF,96,899,4,8,0.086,0.831,0,1,normal,0
77.3,tcp,ssh,RSTO,741,1745,8,4,0.0,1.0,0,1,normal,0
49.85,tcp,other,SF,0,766,7,6,0.056,0.903,0,1,normal,0
0.0,tcp,telnet,S0,20,4,83,19,0.951,0.374,0,0,probe,1
62.69,udp,ftp,SF,719,1457,8,3,0.012,0.85,0,1,normal,0
0.0,udp,dns,SF,873,1277,2,1,0.064,0.872,0,1,normal,0
91.99,udp,ssh,SF,92,914,8,1,0.0,0.819,0,1,normal,0
183.54,tcp,ssh,SF,1056,625,1,1,0.08,0.778,0,1,u2r,1
0.0,tcp,smtp,SF,0,1,28,4,0.289,0.061,0,0,probe,1
3.42,tcp,telnet,REJ,99,0,301,135,1.0,0.971,0,0,dos,1
1.83,tcp,dns,REJ,3,1,21,7,0.615,0.136,0,0,probe,1
1.63,tcp,other,REJ,33,0,64,14,0.571,0.277,0,0,probe,1
76.72,tcp,smtp,SF,0,928,1,3,0.012,0.961,0,1,normal,0
35.93,icmp,pop3,SF,246,2485,8,5,0.026,0.741,0,1,normal,0
1.17,tcp,pop3,S0,0,0,192,259,1.0,0.901,0,0,dos,1
48.22,tcp,pop3,SF,977,1001,2,9,0.0,0.862,0,1,normal,0
29.16,udp,dns,SF,972,741,4,3,0.016,0.894,0,1,normal,0
31.7,tcp,pop3,SF,628,220,5,6,0.023,1.0,0,1,normal,0
6.49,tcp,ssh,S0,37,0,322,234,0.908,0.996,0,0,dos,1
93.08,tcp,http,SF,813,1125,7,4,0.0,1.0,0,1,normal,0
0.0,tcp,http,SF,2,2,71,19,0.569,0.233,0,0,probe,1
138.75,udp,other,SF,956,856,5,2,0.019,0.79,0,1,normal,0
100.05,tcp,ssh,SF,437,1156,9,5,0.0,1.0,0,1,normal,0
0.0,tcp,ssh,S0,53,5,493,312,0.863,0.868,0,0,dos,1
49.04,tcp,http,SF,395,387,8,6,0.041,0.831,0,1,normal,0
59.32,icmp,dns,SF,479,376,7,8,0.045,0.852,0,1,normal,0
30.69,udp,pop3,REJ,227,752,4,8,0.069,0.749,0,1,normal,0
0.0,tcp,telnet,S0,37,0,296,364,1.0,0.929,0,0,dos,1
60.62,tcp,other,SF,1043,1247,5,9,0.018,1.0,0,1,normal,0
60.4,tcp,smtp,SF,532,1179,5,4,0.0,1.0,0,1,normal,0
4.29,udp,ssh,S0,65,1,435,270,0.791,0.936,0,0,dos,1
0.59,icmp,telnet,SF,87,521,6,8,0.207,0.457,4,0,r2l,1
60.37,udp,dns,SF,292,304,3,4,0.0,0.834,0,1,normal,0
35.3,tcp,dns,S0,601,2269,3,4,0.063,0.97,0,1,normal,0
142.08,udp,pop3,SF,492,1141,6,2,0.096,0.841,0,1,normal,0
89.31,icmp,dns,SF,435,789,2,6,0.0,1.0,0,1,normal,0
47.03,udp,dns,SF,359,1218,5,4,0.039,0.965,0,1,normal,0
77.78,tcp,telnet,SF,674,1481,6,9,0.0,1.0,0,1,normal,0
96.74,tcp,dns,SF,282,1482,8,7,0.026,0.966,0,1,normal,0
40.4,tcp,dns,REJ,240,449,1,8,0.058,1.0,0,1,normal,0
49.93,tcp,pop3,SF,709,696,6,3,0.0,0.905,0,1,normal,0
61.38,tcp,dns,SF,446,503,7,3,0.022,1.0,0,1,normal,0
136.94,udp,ssh,SF,478,1247,4,8,0.014,0.861,0,1,normal,0
1.84,tcp,telnet,S0,55,0,369,418,0.854,0.973,0,0,dos,1
2.59,tcp,ftp,S0,49,1,100,200,0.878,0.931,0,0,dos,1
1.27,udp,ftp,RSTR,16,0,430,497,0.882,0.892,0,0,dos,1
42.09,tcp,telnet,SF,203,1344,4,9,0.071,0.762,0,1,normal,0
84.85,tcp,ftp,SF,1026,1641,1,7,0.025,0.871,0,1,normal,0
0.0,tcp,dns,REJ,21,0,84,3,0.69,0.367,0,0,probe,1
55.93,tcp,dns,REJ,572,29,1,9,0.028,0.911,0,1,normal,0
0.0,tcp,telnet,SF,471,1844,9,9,0.098,0.774,0,1,normal,0
73.12,tcp,dns,SF,413,966,4,1,0.03,0.902,0,1,normal,0
60.59,tcp,smtp,SF,341,408,5,7,0.117,0.965,0,1,normal,0
26.08,tcp,other,SF,136,563,3,2,0.18,0.431,3,1,r2l,1
0.0,tcp,pop3,SF,89,432,8,4,0.0,1.0,0,1,normal,0
2.09,udp,other,SF,5,1,50,16,0.845,0.255,0,0,probe,1
65.62,tcp,pop3,SF,1057,1312,2,5,0.062,0.804,0,1,normal,0
165.33,udp,other,SF,0,1139,6,1,0.01,0.909,0,1,normal,0
30.5,icmp,smtp,SF,1106,848,9,4,0.002,0.833,0,1,normal,0
79.34,udp,ssh,SF,625,383,5,5,0.0,0.964,0,1,normal,0
22.54,tcp,smtp,SF,211,572,7,8,0.023,0.79,0,1,normal,0
4.26,udp,smtp,SF,693,1496,2,2,0.108,0.884,0,1,normal,0
3.01,tcp,other,SF,168,180,12,8,0.19,0.821,1,1,r2l,1
0.0,tcp,pop3,SF,610,0,7,7,0.033,0.855,0,1,normal,0
1.6,tcp,http,REJ,26,0,61,16,0.603,0.084,0,0,probe,1
0.92,tcp,telnet,S0,18,0,243,419,0.774,0.925,0,0,dos,1
30.24,tcp,ssh,SF,418,576,8,8,0.009,0.869,0,1,normal,0
2.36,tcp,other,S0,30,0,214,329,0.805,0.964,0,0,dos,1
119.17,tcp,pop3,SF,575,1635,3,8,0.003,0.934,0,1,normal,0
12.49,tcp,ssh,SF,120,1987,1,4,0.003,0.927,0,1,normal,0
1.77,tcp,smtp,REJ,14,0,245,248,0.865,0.905,0,0,dos,1
4.54,udp,dns,REJ,59,1,254,179,0.945,0.964,0,0,dos,1
0.0,tcp,http,SF,1126,1953,5,8,0.081,0.831,0,1,normal,0
139.06,tcp,http,S0,67,1041,8,6,0.0,1.0,0,1,normal,0
95.54,tcp,http,SF,192,830,5,8,0.038,0.972,0,1,normal,0
0.0,icmp,dns,RSTR,61,8,420,197,0.968,1.0,0,0,dos,1
54.01,tcp,smtp,SF,629,558,8,9,0.094,0.945,0,1,normal,0
96.37,udp,smtp,S0,797,443,6,9,0.04,0.811,0,1,normal,0
88.01,tcp,http,SF,834,2046,7,2,0.089,1.0,0,1,normal,0
149.29,tcp,smtp,REJ,518,1737,4,5,0.0,0.859,0,1,normal,0
68.5,tcp,other,SF,821,343,6,2,0.137,0.971,0,1,normal,0
4.66,tcp,dns,S0,72,0,383,394,0.963,0.968,0,0,dos,1
75.3,tcp,smtp,SF,29,1812,2,5,0.07,0.935,0,1,normal,0
55.55,tcp,smtp,SF,414,1157,2,6,0.052,0.812,0,1,normal,0
58.3,tcp,ftp,SF,611,933,2,6,0.033,0.811,0,1,normal,0
2.31,udp,smtp,S0,62,0,467,497,0.783,0.953,0,0,dos,1
0.0,tcp,other,REJ,84,8,241,228,1.0,0.941,0,0,dos,1
68.82,tcp,pop3,SF,722,471,3,4,0.017,0.747,0,1,normal,0
41.44,tcp,ftp,SF,827,162,5,3,0.016,0.782,0,1,normal,0
59.92,tcp,telnet,SF,850,1557,2,2,0.044,1.0,0,1,normal,0
126.07,tcp,ftp,SF,50,35,8,5,0.122,1.0,0,1,normal,0
0.0,tcp,ftp,S0,0,7,377,266,0.967,0.946,0,0,dos,1
68.61,tcp,ssh,SF,439,1855,9,6,0.0,1.0,0,1,normal,0
79.58,tcp,dns,SF,251,1584,1,1,0.068,0.791,0,1,normal,0
0.0,tcp,other,S0,24,0,63,19,0.301,0.188,0,0,probe,1
68.11,udp,http,SF,587,716,4,8,0.011,1.0,0,1,normal,0
65.04,udp,telnet,S0,79,1565,6,9,0.102,0.97,0,1,normal,0
46.27,tcp,other,SF,416,1467,9,9,0.124,0.88,0,1,normal,0
0.0,tcp,telnet,SF,0,751,2,8,0.019,0.984,0,1,normal,0
26.9,tcp,smtp,SF,926,81,4,3,0.059,0.898,0,1,normal,0
39.33,tcp,pop3,SF,917,1001,2,6,0.021,0.885,0,1,normal,0
55.83,tcp,telnet,SF,502,1195,5,4,0.025,1.0,0,1,normal,0
154.24,tcp,dns,SF,514,1575,4,2,0.0,0.946,0,1,normal,0
40.61,tcp,dns,SF,263,837,9,2,0.0,1.0,0,1,normal,0
79.73,tcp,telnet,SF,665,1369,1,5,0.051,1.0,0,1,normal,0
38.51,udp,smtp,SF,597,153,8,1,0.085,0.951,0,1,normal,0
76.75,tcp,dns,REJ,408,520,7,1,0.079,0.807,0,1,normal,0
41.86,tcp,ftp,SF,1039,530,8,1,0.112,0.735,0,1,normal,0
0.0,udp,dns,S0,89,4,355,200,0.888,0.971,0,0,dos,1
0.0,tcp,ftp,REJ,64,3,421,489,0.88,0.956,0,0,dos,1
61.49,udp,smtp,SF,983,1221,7,2,0.07,0.977,0,1,normal,0
0.0,tcp,other,S0,882,1263,8,9,0.116,1.0,0,1,normal,0
14.53,tcp,http,SF,272,0,3,6,0.08,0.968,0,1,normal,0
16.99,tcp,pop3,SF,450,413,9,5,0.01,0.706,0,1,normal,0
49.9,udp,dns,SF,392,440,9,5,0.013,1.0,0,1,normal,0
31.42,udp,smtp,SF,264,986,2,7,0.038,0.817,0,1,normal,0
18.41,tcp,telnet,SF,1214,1357,8,2,0.0,0.789,0,1,normal,0
49.58,tcp,smtp,SF,340,1563,5,3,0.03,0.863,0,1,normal,0
32.91,udp,http,SF,1062,1667,7,9,0.0,1.0,0,1,normal,0
35.18,tcp,pop3,SF,60,1520,6,9,0.0,1.0,0,1,normal,0
4.56,tcp,pop3,S0,46,0,226,253,0.94,0.931,0,0,dos,1
85.43,tcp,pop3,RSTR,826,1110,6,8,0.0,1.0,0,1,normal,0
1.73,tcp,other,S0,6,4,32,15,0.81,0.124,0,0,probe,1
0.0,tcp,http,SF,594,542,7,2,0.012,0.83,0,1,normal,0
0.0,udp,dns,S0,57,0,469,249,0.884,0.98,0,0,dos,1
2.82,tcp,ssh,S0,20,0,90,14,0.503,0.0,0,0,probe,1
52.41,tcp,pop3,SF,225,433,2,2,0.193,0.515,4,0,r2l,1
0.64,udp,dns,S0,115,0,102,502,0.94,0.961,0,0,dos,1
3.15,tcp,ssh,S0,35,5,510,332,0.98,0.827,0,0,dos,1
36.25,tcp,ssh,RSTR,849,1354,1,2,0.0,0.857,0,1,normal,0
0.0,tcp,smtp,REJ,6,0,172,305,0.85,0.903,0,0,dos,1
17.11,tcp,ftp,SF,481,87,3,6,0.039,0.989,0,1,normal,0
0.0,udp,http,SF,352,1661,2,1,0.105,0.93,0,1,normal,0
11.66,udp,other,SF,357,755,5,2,0.04,1.0,0,1,normal,0
3.03,tcp,telnet,RSTR,60,0,159,389,0.965,0.957,0,0,dos,1
18.93,tcp,ftp,SF,591,1257,6,1,0.083,1.0,0,1,normal,0
41.64,tcp,pop3,SF,556,1682,6,5,0.032,0.762,0,1,normal,0
85.13,tcp,ftp,SF,902,511,4,6,0.0,1.0,0,1,normal,0
156.3,tcp,other,SF,69,1328,3,7,0.027,0.984,0,1,normal,0
35.32,tcp,ssh,SF,416,352,5,3,0.042,0.893,0,1,normal,0
90.87,tcp,ftp,SF,924,1223,9,6,0.01,1.0,0,1,normal,0
38.38,tcp,telnet,SF,186,877,2,3,0.058,0.823,0,1,normal,0
27.65,icmp,other,SF,449,1668,5,8,0.0,0.759,0,1,normal,0
102.85,tcp,telnet,SF,445,1228,1,3,0.0,0.652,0,1,normal,0
124.22,icmp,ssh,SF,421,425,9,4,0.05,0.647,0,1,normal,0
0.0,tcp,ftp,SF,839,881,1,7,0.045,0.909,0,1,normal,0
66.07,tcp,http,SF,717,1205,6,3,0.0,0.82,0,1,normal,0
20.81,tcp,telnet,S0,381,1772,9,3,0.0,0.906,0,1,normal,0
68.98,tcp,telnet,SF,458,284,9,6,0.006,0.969,0,1,normal,0
4.47,udp,dns,SF,14,4,27,6,0.621,0.099,0,0,probe,1
4.24,tcp,telnet,SF,21,0,45,13,0.785,0.169,0,0,probe,1
23.13,tcp,telnet,SF,876,1528,5,3,0.013,0.839,0,1,normal,0
0.0,tcp,ftp,SF,732,867,9,6,0.047,0.695,0,1,normal,0
72.77,tcp,pop3,S0,117,1223,5,8,0.1,0.977,0,1,normal,0
4.64,udp,other,S0,133,2,338,349,1.0,0.941,0,0,dos,1
16.42,udp,ssh,SF,611,0,1,5,0.002,0.77,0,1,normal,0
0.83,tcp,smtp,S0,51,3,313,336,0.801,1.0,0,0,dos,1
35.76,tcp,telnet,SF,413,1124,7,4,0.05,1.0,0,1,normal,0
0.0,tcp,other,SF,446,1872,5,7,0.031,1.0,0,1,normal,0
0.0,tcp,ssh,SF,0,1058,2,1,0.03,0.851,0,1,normal,0
3.42,tcp,ssh,RSTR,77,0,219,395,0.968,0.917,0,0,dos,1
20.17,tcp,other,SF,564,862,5,5,0.0,0.87,0,1,normal,0
45.95,tcp,smtp,SF,164,745,1,6,0.021,0.906,0,1,normal,0
0.0,tcp,pop3,RSTR,22,0,500,490,0.858,0.933,0,0,dos,1
12.86,tcp,pop3,SF,583,958,5,7,0.023,0.979,0,1,normal,0
119.78,udp,ssh,SF,513,0,1,4,0.022,0.874,0,1,normal,0
115.9,tcp,http,SF,324,1579,4,2,0.054,0.89,0,1,normal,0
0.97,udp,other,S0,43,0,109,497,1.0,0.898,0,0,dos,1
63.62,tcp,telnet,SF,445,1299,6,2,0.141,0.847,0,1,normal,0
6.34,udp,http,SF,27,0,63,19,0.504,0.041,0,0,probe,1
96.8,tcp,dns,SF,385,364,9,4,0.023,0.945,0,1,normal,0
12.45,tcp,dns,S0,298,278,5,5,0.135,0.712,1,1,r2l,1
0.96,tcp,pop3,REJ,34,1,374,501,1.0,0.884,0,0,dos,1
53.21,tcp,other,SF,428,668,9,8,0.0,1.0,0,1,normal,0
3.1,tcp,smtp,S0,32,2,195,133,0.88,1.0,0,0,dos,1
1.24,udp,smtp,S0,19,9,229,415,0.918,0.985,0,0,dos,1
6.55,tcp,pop3,SF,39,0,23,9,0.43,0.117,0,0,probe,1
33.61,tcp,telnet,S0,428,1213,9,6,0.078,0.86,0,1,normal,0
62.16,udp,pop3,SF,880,1378,2,6,0.032,1.0,0,1,normal,0
81.8,tcp,other,SF,498,1303,9,4,0.01,1.0,0,1,normal,0
86.84,udp,pop3,SF,555,885,5,1,0.041,1.0,0,1,normal,0
34.88,tcp,ftp,SF,0,1394,9,8,0.044,0.997,0,1,normal,0
45.7,tcp,telnet,SF,75,785,6,7,0.053,0.882,0,1,normal,0
94.43,udp,telnet,SF,622,48,3,5,0.06,0.831,0,1,normal,0
82.72,tcp,telnet,SF,667,1139,7,9,0.0,0.952,0,1,normal,0
61.24,tcp,smtp,SF,613,134,3,3,0.0,0.878,0,1,normal,0
0.99,tcp,ssh,REJ,7,0,128,272,0.909,0.929,0,0,dos,1
2.93,tcp,smtp,S0,58,7,256,376,1.0,1.0,0,0,dos,1
75.9,udp,dns,SF,865,1839,5,3,0.024,1.0,0,1,normal,0
0.0,tcp,ssh,SF,543,2358,7,7,0.048,0.888,0,1,normal,0
3.18,icmp,dns,S0,7,0,24,7,0.76,0.25,0,0,probe,1
26.21,tcp,ftp,SF,309,925,9,2,0.072,0.829,0,1,normal,0
24.83,tcp,other,S0,195,2233,9,7,0.031,0.927,0,1,normal,0
18.91,tcp,other,RSTO,326,1965,5,4,0.0,1.0,0,1,normal,0
57.58,icmp,telnet,RSTR,324,1064,9,7,0.0,0.837,0,1,normal,0
88.34,tcp,smtp,SF,638,1036,7,1,0.0,1.0,0,1,normal,0
0.11,udp,http,REJ,60,0,118,361,0.871,1.0,0,0,dos,1
77.7,tcp,http,SF,288,2304,5,1,0.006,0.868,0,1,normal,0
19.13,tcp,telnet,SF,856,277,6,3,0.001,0.953,0,1,normal,0
0.0,tcp,other,S0,29,1,48,1,0.462,0.151,0,0,probe,1
1.12,tcp,ftp,S0,65,0,502,376,0.834,0.957,0,0,dos,1
74.11,udp,http,SF,574,0,5,2,0.0,0.766,0,1,normal,0
120.47,udp,ssh,SF,579,0,6,6,0.0,0.935,0,1,normal,0
0.0,tcp,pop3,SF,0,600,1,1,0.0,0.957,0,1,normal,0
57.98,tcp,ssh,SF,744,606,8,8,0.0,0.695,0,1,normal,0
82.03,tcp,other,SF,657,1078,3,5,0.0,1.0,0,1,normal,0
0.0,tcp,telnet,S0,28,0,41,19,0.564,0.231,0,0,probe,1
37.71,tcp,telnet,SF,931,1591,3,8,0.0,0.795,0,1,normal,0
29.67,tcp,http,SF,980,57,9,1,0.046,0.641,0,1,normal,0
3.71,tcp,ftp,S0,106,0,472,334,0.963,1.0,0,0,dos,1
48.84,tcp,smtp,SF,248,1004,8,7,0.0,0.864,0,1,normal,0
2.7,tcp,pop3,S0,27,5,39,14,0.693,0.278,0,0,probe,1
0.0,icmp,http,S0,52,0,241,435,0.86,0.855,0,0,dos,1
63.68,tcp,pop3,SF,600,1896,4,9,0.097,0.703,0,1,normal,0
99.16,tcp,pop3,SF,864,1396,4,5,0.089,0.78,0,1,normal,0
60.56,tcp,ssh,SF,903,529,3,2,0.072,0.707,1,1,u2r,1
2.83,tcp,ssh,S0,51,2,284,433,0.75,1.0,0,0,dos,1
30.98,tcp,http,SF,103,251,10,9,0.158,0.677,2,1,r2l,1
86.05,tcp,smtp,SF,766,906,5,7,0.0,0.808,0,1,normal,0
1.86,udp,ssh,REJ,64,0,157,306,0.822,0.906,0,0,dos,1
0.0,udp,smtp,REJ,1106,1173,8,4,0.051,1.0,0,1,normal,0
15.89,tcp,smtp,SF,0,603,9,9,0.119,1.0,0,1,normal,0
30.47,tcp,http,SF,1071,2414,4,6,0.004,0.923,0,1,normal,0
55.99,tcp,ftp,SF,725,720,5,2,0.0,0.841,0,1,normal,0
35.11,tcp,other,REJ,833,899,4,5,0.016,0.916,0,1,normal,0
83.97,tcp,telnet,SF,797,188,5,8,0.089,0.922,0,1,normal,0
0.0,icmp,other,REJ,29,0,108,124,0.795,0.988,0,0,dos,1
46.65,tcp,ftp,SF,602,1097,4,8,0.052,1.0,0,1,normal,0
28.18,tcp,other,SF,437,1174,5,3,0.0,0.94,0,1,normal,0
118.32,tcp,pop3,SF,80,832,3,4,0.072,0.917,0,1,normal,0
103.14,tcp,pop3,SF,599,1491,2,2,0.016,0.792,0,1,normal,0
0.88,tcp,telnet,S0,48,0,74,16,0.432,0.246,0,0,probe,1
0.71,udp,dns,REJ,40,0,116,137,0.88,0.93,0,0,dos,1
77.61,tcp,smtp,SF,0,0,4,1,0.018,0.951,0,1,normal,0
211.79,tcp,ssh,SF,1186,423,1,4,0.0,0.787,1,1,u2r,1
0.0,tcp,pop3,S0,42,2,379,136,0.976,0.947,0,0,dos,1
55.87,tcp,http,SF,738,972,4,1,0.056,1.0,0,1,normal,0
2.41,udp,other,REJ,36,2,391,373,1.0,0.866,0,0,dos,1
72.72,tcp,ssh,SF,677,855,7,8,0.052,0.972,0,1,normal,0
171.87,tcp,pop3,SF,1193,92,1,4,0.143,0.796,0,1,u2r,1
48.81,tcp,ftp,SF,307,1827,3,1,0.079,1.0,0,1,normal,0
79.34,tcp,other,SF,247,1066,3,4,0.063,0.952,0,1,normal,0
58.87,tcp,telnet,SF,1025,1332,3,3,0.006,0.795,0,1,normal,0
4.68,icmp,ftp,S0,8,1,53,3,0.37,0.068,0,0,probe,1
0.0,tcp,http,SF,152,1469,2,3,0.047,0.812,0,1,normal,0
37.0,udp,telnet,SF,472,2535,3,9,0.059,0.804,0,1,normal,0
25.96,udp,pop3,S0,727,794,2,5,0.0,0.891,0,1,normal,0
1.46,tcp,other,S0,73,0,315,397,0.875,1.0,0,0,dos,1
0.0,tcp,dns,SF,296,33,4,7,0.0,0.931,0,1,normal,0
2.68,udp,ssh,SF,5,2,83,7,0.399,0.303,0,0,probe,1
0.0,tcp,ftp,S0,576,0,4,2,0.002,0.95,0,1,normal,0
17.61,udp,smtp,SF,489,73,8,3,0.0,0.866,0,1,normal,0
130.21,tcp,http,SF,338,712,1,5,0.034,0.811,0,1,normal,0
84.08,tcp,http,SF,401,1145,5,4,0.026,0.901,0,1,normal,0
29.36,tcp,other,SF,571,1491,9,1,0.029,0.936,0,1,normal,0
0.0,tcp,other,S0,50,0,134,362,0.86,0.894,0,0,dos,1
69.17,tcp,smtp,SF,545,818,8,4,0.0,0.925,0,1,normal,0
3.53,udp,telnet,S0,32,0,210,266,0.875,1.0,0,0,dos,1
42.38,tcp,other,S0,294,1795,5,5,0.054,0.988,0,1,normal,0
1.9,tcp,ftp,S0,66,0,485,226,0.931,0.883,0,0,dos,1
0.49,tcp,ssh,SF,18,0,88,18,0.309,0.196,0,0,probe,1
0.0,tcp,ftp,S0,75,0,384,423,0.821,0.924,0,0,dos,1
36.07,udp,telnet,SF,901,0,8,4,0.09,0.839,0,1,normal,0
0.48,tcp,other,S0,75,1,140,192,0.867,0.957,0,0,dos,1
76.2,tcp,ftp,SF,765,682,1,8,0.077,1.0,0,1,normal,0
102.2,tcp,other,SF,208,654,4,9,0.002,0.88,0,1,normal,0
0.0,tcp,ftp,SF,207,1401,8,3,0.048,1.0,0,1,normal,0
85.0,tcp,http,SF,1016,468,9,3,0.026,0.725,0,1,normal,0
0.0,tcp,other,S0,11,0,322,124,0.933,0.979,0,0,dos,1
65.24,tcp,http,SF,541,543,5,5,0.014,0.943,0,1,normal,0
1.69,tcp,pop3,S0,25,0,157,352,0.827,0.962,0,0,dos,1
69.32,tcp,http,SF,1072,1429,8,8,0.0,0.855,0,1,normal,0
0.0,udp,telnet,S0,19,2,338,397,0.788,0.938,0,0,dos,1
74.02,tcp,pop3,SF,672,603,5,1,0.053,0.989,0,1,normal,0
98.06,udp,smtp,SF,1018,710,2,6,0.071,0.971,0,1,normal,0
0.0,tcp,ssh,REJ,0,4,328,202,0.985,1.0,0,0,dos,1
19.62,udp,ftp,SF,163,407,7,2,0.143,0.59,3,0,r2l,1
74.78,tcp,ssh,SF,726,315,7,5,0.068,1.0,0,1,normal,0
82.04,tcp,other,SF,268,0,6,3,0.036,0.819,0,1,normal,0
57.34,tcp,ssh,SF,0,1229,3,7,0.04,0.976,0,1,normal,0
48.97,tcp,smtp,SF,391,1802,7,4,0.0,0.997,0,1,normal,0
1.34,tcp,pop3,SF,35,0,24,16,0.548,0.163,0,0,probe,1
1.33,tcp,ssh,S0,61,2,379,279,0.991,1.0,0,0,dos,1
70.53,tcp,other,SF,0,991,2,8,0.077,0.805,0,1,normal,0
86.03,udp,http,SF,0,0,7,5,0.028,0.959,0,1,normal,0
25.1,tcp,other,SF,548,1390,6,2,0.034,0.839,0,1,normal,0
31.7,udp,ftp,S0,145,345,6,1,0.117,0.421,2,0,r2l,1
58.55,tcp,http,RSTO,269,37,2,9,0.046,0.915,0,1,normal,0
0.0,tcp,pop3,S0,38,8,185,349,0.793,0.94,0,0,dos,1
14.54,udp,pop3,SF,576,216,2,1,0.057,1.0,0,1,normal,0
9.5,tcp,http,SF,471,1108,4,5,0.0,0.955,0,1,normal,0
108.63,tcp,pop3,SF,121,1163,8,1,0.0,1.0,0,1,normal,0
0.42,tcp,http,REJ,15,0,64,1,0.381,0.301,0,0,probe,1
41.53,tcp,telnet,SF,259,118,6,7,0.0,1.0,0,1,normal,0
0.0,udp,smtp,SF,273,920,6,5,0.056,0.763,0,1,normal,0
66.01,tcp,dns,SF,477,599,8,1,0.032,0.903,0,1,normal,0
26.69,tcp,other,SF,350,254,4,3,0.0,0.823,0,1,normal,0
0.0,tcp,ftp,REJ,33,0,46,1,0.5,0.223,0,0,probe,1
102.23,tcp,ssh,SF,845,622,1,8,0.089,1.0,0,1,normal,0
79.82,tcp,dns,SF,544,1115,7,9,0.0,0.83,0,1,normal,0
55.71,icmp,telnet,SF,487,1457,8,1,0.091,0.824,0,1,normal,0
105.29,tcp,ftp,SF,966,1290,7,5,0.048,1.0,0,1,normal,0
86.39,udp,dns,SF,323,382,1,5,0.094,0.73,0,1,normal,0
41.73,tcp,pop3,SF,222,0,3,7,0.076,0.822,0,1,normal,0
0.0,tcp,http,SF,644,0,2,6,0.0,0.828,0,1,normal,0
35.41,tcp,smtp,SF,301,510,7,6,0.08,0.875,0,1,normal,0
4.95,tcp,ftp,SF,521,1137,6,7,0.035,0.795,0,1,normal,0
117.02,tcp,telnet,SF,626,2182,5,6,0.0,0.83,0,1,normal,0
55.73,udp,http,S0,323,1499,3,7,0.0,1.0,0,1,normal,0
89.1,tcp,ssh,RSTO,474,900,4,9,0.057,0.862,0,1,normal,0
0.91,tcp,other,SF,621,1420,7,1,0.0,1.0,0,1,normal,0
73.77,udp,http,SF,550,654,5,9,0.0,0.882,0,1,normal,0
105.24,tcp,smtp,SF,556,1034,6,6,0.072,0.975,0,1,normal,0
44.91,tcp,smtp,SF,704,729,8,6,0.0,0.843,0,1,normal,0
103.54,tcp,dns,SF,742,1645,9,6,0.0,1.0,0,1,normal,0
83.29,tcp,ftp,SF,488,874,5,2,0.048,0.942,0,1,normal,0
54.01,icmp,http,SF,53,1986,5,5,0.0,0.927,0,1,normal,0
20.14,tcp,ssh,SF,55,1373,9,1,0.07,0.993,0,1,normal,0
0.0,tcp,dns,SF,178,642,1,7,0.0,0.915,0,1,normal,0
10.89,icmp,ftp,SF,250,1225,1,9,0.0,0.84,0,1,normal,0
3.34,udp,ssh,S0,0,0,469,394,0.766,0.922,0,0,dos,1
64.17,tcp,ftp,SF,784,1016,6,5,0.055,1.0,0,1,normal,0
12.84,tcp,dns,SF,600,1286,5,9,0.0,0.976,0,1,normal,0
100.17,tcp,pop3,SF,88,2233,1,5,0.015,0.927,0,1,normal,0
2.71,tcp,ftp,S0,39,0,493,409,0.832,0.875,0,0,dos,1
132.47,udp,telnet,SF,619,1085,7,8,0.0,0.921,0,1,normal,0
41.48,tcp,pop3,SF,544,840,3,8,0.0,0.938,0,1,normal,0
124.72,udp,other,SF,900,1506,9,3,0.077,1.0,0,1,normal,0
27.19,udp,ssh,SF,488,1344,7,5,0.0,1.0,0,1,normal,0
0.0,tcp,ssh,RSTR,216,1748,3,4,0.045,0.899,0,1,normal,0
5.44,tcp,http,REJ,91,1,235,267,0.831,0.955,0,0,dos,1
0.0,udp,other,REJ,51,0,95,5,0.188,0.188,0,0,probe,1
4.13,tcp,telnet,SF,33,2,51,5,0.578,0.365,0,0,probe,1
43.82,tcp,smtp,SF,239,1138,9,3,0.069,1.0,0,1,normal,0
0.0,tcp,dns,SF,140,2756,5,9,0.022,0.894,0,1,normal,0
0.78,tcp,telnet,S0,28,0,490,124,0.928,0.962,0,0,dos,1
30.91,udp,telnet,SF,874,1266,2,1,0.011,0.878,0,1,normal,0
2.03,tcp,ssh,S0,60,0,224,177,0.949,0.901,0,0,dos,1
75.92,tcp,telnet,SF,851,1306,1,9,0.005,0.941,0,1,normal,0
0.0,tcp,ftp,S0,745,1010,8,6,0.024,0.906,0,1,normal,0
8.1,tcp,pop3,S0,690,0,4,8,0.061,0.94,0,1,normal,0
0.37,icmp,http,S0,68,0,302,380,1.0,0.928,0,0,dos,1
62.76,tcp,other,SF,599,1148,2,6,0.097,0.831,0,1,normal,0
18.65,tcp,other,SF,572,973,2,9,0.018,0.993,0,1,normal,0
17.78,icmp,smtp,SF,717,616,6,6,0.015,0.89,0,1,normal,0
80.93,udp,pop3,SF,897,0,7,3,0.098,0.687,0,1,normal,0
115.52,tcp,http,SF,241,1947,2,7,0.0,1.0,0,1,normal,0
3.88,tcp,smtp,S0,49,15,453,360,0.8,0.873,0,0,dos,1
12.65,udp,pop3,SF,913,1292,5,2,0.007,0.98,0,1,normal,0
1.6,udp,other,S0,24,7,223,121,0.985,0.953,0,0,dos,1
0.0,udp,pop3,RSTR,74,10,124,315,0.821,1.0,0,0,dos,1
0.89,tcp,other,S0,204,1447,6,8,0.02,0.913,0,1,normal,0
32.42,tcp,ftp,RSTR,776,482,4,1,0.05,1.0,0,1,normal,0
0.0,udp,ftp,SF,0,894,2,4,0.0,1.0,0,1,normal,0
0.0,udp,pop3,SF,367,1243,4,6,0.003,1.0,0,1,normal,0
68.42,tcp,dns,SF,498,395,6,7,0.078,1.0,0,1,normal,0
10.26,tcp,dns,SF,358,543,7,1,0.094,0.446,3,0,r2l,1
91.89,udp,http,SF,55,0,2,3,0.013,1.0,1,1,u2r,1
5.68,udp,other,S0,78,0,182,404,0.903,0.972,0,0,dos,1
32.92,tcp,http,SF,711,787,2,4,0.025,0.789,0,1,normal,0
20.64,tcp,dns,SF,411,2298,5,3,0.049,0.721,0,1,normal,0
2.05,tcp,dns,RSTR,0,0,202,237,1.0,0.969,0,0,dos,1
109.77,tcp,other,SF,421,2083,9,2,0.0,1.0,0,1,normal,0
57.1,tcp,ssh,SF,485,1357,3,9,0.027,0.714,0,1,normal,0
0.0,udp,ssh,SF,510,930,6,9,0.128,0.869,0,1,normal,0
84.5,tcp,dns,SF,306,1142,9,6,0.081,0.623,0,1,normal,0
47.2,tcp,ssh,SF,195,0,2,8,0.0,0.8,0,1,normal,0
31.26,tcp,http,SF,911,1034,4,8,0.009,1.0,0,1,normal,0
73.84,tcp,ssh,SF,528,2195,5,2,0.057,0.977,0,1,normal,0
2.07,tcp,ssh,RSTR,51,0,400,507,0.748,0.932,0,0,dos,1
196.64,tcp,ftp,SF,1273,480,2,1,0.055,0.634,0,1,u2r,1
106.05,tcp,ftp,SF,823,352,8,4,0.012,0.846,0,1,normal,0
1.43,tcp,smtp,S0,56,0,306,333,1.0,0.893,0,0,dos,1
104.97,tcp,http,SF,1354,507,1,3,0.091,0.902,1,1,u2r,1
0.0,udp,smtp,SF,457,0,3,2,0.027,0.749,0,1,normal,0
69.03,udp,ftp,SF,855,708,9,5,0.0,1.0,0,1,normal,0
84.67,tcp,telnet,SF,361,74,1,2,0.037,0.944,0,1,normal,0
44.01,tcp,ftp,SF,214,1485,6,7,0.0,1.0,0,1,normal,0
0.0,tcp,telnet,S0,47,0,106,213,0.903,0.975,0,0,dos,1
60.13,tcp,http,SF,295,1119,2,3,0.075,0.96,0,1,normal,0
75.97,udp,smtp,SF,830,1855,4,9,0.0,0.998,0,1,normal,0
22.48,udp,ftp,SF,789,845,1,2,0.042,0.785,0,1,normal,0
21.16,tcp,http,SF,294,1531,1,3,0.025,0.735,0,1,normal,0
3.18,tcp,pop3,S0,35,4,51,8,0.574,0.149,0,0,probe,1
58.6,udp,ssh,SF,913,1349,9,3,0.005,0.691,0,1,normal,0
121.23,tcp,other,SF,844,863,7,6,0.07,0.924,0,1,normal,0
54.7,icmp,http,SF,674,438,6,3,0.022,0.933,0,1,normal,0
16.78,udp,http,SF,682,1560,9,2,0.097,0.987,0,1,normal,0
132.37,tcp,dns,SF,545,1881,8,3,0.0,0.889,0,1,normal,0
50.94,udp,smtp,RSTO,863,871,5,1,0.0,0.773,0,1,normal,0
67.57,tcp,other,SF,471,2033,6,6,0.12,0.886,0,1,normal,0
102.24,udp,ssh,REJ,900,1000,2,9,0.0,0.893,0,1,normal,0
4.38,udp,smtp,RSTR,67,11,228,187,0.864,1.0,0,0,dos,1
40.2,tcp,telnet,SF,140,163,6,8,0.029,0.891,0,1,normal,0
16.37,tcp,other,SF,406,1202,2,3,0.0,0.999,0,1,normal,0
57.28,tcp,pop3,SF,671,1028,3,4,0.12,0.707,0,1,normal,0
1.73,tcp,telnet,S0,69,0,229,262,0.781,0.895,0,0,dos,1
122.02,tcp,telnet,SF,814,2096,9,2,0.0,0.632,0,1,normal,0
120.63,udp,http,REJ,251,874,6,1,0.084,0.746,0,1,normal,0
79.32,udp,pop3,SF,422,2024,8,4,0.017,0.961,0,1,normal,0
39.57,icmp,dns,SF,721,962,9,9,0.0,0.982,0,1,normal,0
2.31,tcp,pop3,S0,24,3,258,148,0.971,0.908,0,0,dos,1
91.65,tcp,http,SF,532,127,2,5,0.0,0.649,0,1,normal,0
0.0,icmp,dns,REJ,69,4,129,115,1.0,1.0,0,0,dos,1
1.63,tcp,ftp,REJ,36,0,443,190,0.823,0.879,0,0,dos,1
23.89,udp,ftp,SF,746,373,7,9,0.066,0.82,0,1,normal,0
0.0,tcp,ssh,S0,17,0,54,15,0.555,0.038,0,0,probe,1
77.56,tcp,ftp,S0,284,1549,5,5,0.006,0.774,0,1,normal,0
1.44,tcp,pop3,S0,0,0,426,345,0.921,0.956,0,0,dos,1
89.13,tcp,ftp,SF,30,1786,8,7,0.014,0.59,0,1,normal,0
70.75,tcp,dns,S0,860,1437,4,8,0.07,0.861,0,1,normal,0
0.0,udp,pop3,SF,373,544,3,8,0.018,0.899,0,1,normal,0
0.0,tcp,ftp,SF,45,768,9,2,0.09,0.893,0,1,normal,0
118.42,tcp,dns,SF,959,1357,9,9,0.039,0.903,0,1,normal,0
0.91,tcp,ftp,SF,10,0,48,1,0.443,0.253,0,0,probe,1
84.9,tcp,ssh,SF,750,1022,9,7,0.053,0.817,0,1,normal,0
83.5,tcp,telnet,SF,0,446,9,9,0.0,0.873,0,1,normal,0
113.3,tcp,ssh,SF,524,776,1,2,0.055,0.975,0,1,normal,0
71.88,tcp,other,SF,882,1045,4,5,0.016,0.852,0,1,normal,0
37.13,tcp,ftp,SF,0,1356,8,8,0.061,0.984,0,1,normal,0
3.84,tcp,other,REJ,30,0,90,1,0.433,0.0,0,0,probe,1
86.23,tcp,pop3,SF,502,2658,4,4,0.085,1.0,0,1,normal,0
92.81,icmp,ftp,SF,516,1997,2,6,0.036,0.745,0,1,normal,0
103.95,tcp,other,SF,467,0,7,3,0.0,1.0,0,1,normal,0
41.9,tcp,http,SF,470,1142,9,1,0.109,0.887,0,1,normal,0
92.91,tcp,ssh,S0,0,1152,1,7,0.049,1.0,0,1,normal,0
0.75,tcp,pop3,S0,77,8,264,122,0.936,0.955,0,0,dos,1
62.62,tcp,smtp,SF,835,1285,7,6,0.0,0.926,0,1,normal,0
34.19,tcp,ssh,S0,264,528,4,3,0.214,0.626,4,1,r2l,1
77.95,udp,ssh,SF,698,246,8,7,0.105,0.767,0,1,normal,0
0.0,tcp,ssh,SF,697,0,6,1,0.0,0.81,0,1,normal,0
0.5,tcp,http,REJ,37,6,494,423,0.987,0.888,0,0,dos,1
4.62,tcp,ssh,SF,33,0,71,3,0.643,0.052,0,0,probe,1
3.97,tcp,pop3,REJ,27,1,423,258,1.0,0.946,0,0,dos,1
12.45,udp,telnet,SF,99,200,11,7,0.065,0.796,4,0,r2l,1
5.47,tcp,other,REJ,80,2,286,393,0.86,0.947,0,0,dos,1
0.0,tcp,ftp,S0,21,1,352,274,0.967,1.0,0,0,dos,1
46.38,tcp,smtp,SF,1020,1009,2,5,0.062,0.8,0,1,normal,0
0.4,tcp,ftp,RSTR,71,2,448,131,0.867,0.893,0,0,dos,1
0.0,tcp,telnet,SF,506,402,7,2,0.0,0.851,0,1,normal,0
21.31,tcp,ftp,SF,197,710,7,1,0.03,1.0,0,1,normal,0
67.98,udp,pop3,SF,722,1279,8,5,0.0,0.984,0,1,normal,0
41.74,tcp,telnet,S0,337,174,10,5,0.293,0.332,3,0,r2l,1
15.07,tcp,dns,SF,0,234,9,5,0.105,0.385,4,1,r2l,1
39.75,tcp,telnet,S0,629,872,6,8,0.058,0.96,0,1,normal,0
2.29,udp,ftp,S0,62,4,146,284,0.953,0.95,0,0,dos,1
1.06,tcp,ftp,S0,48,2,405,125,0.89,0.904,0,0,dos,1
91.71,udp,ssh,RSTO,592,1931,3,3,0.0,1.0,0,1,normal,0
0.0,tcp,ftp,SF,940,829,9,2,0.0,0.95,0,1,normal,0
103.41,udp,other,SF,615,784,1,6,0.0,0.857,0,1,normal,0
1.81,icmp,pop3,S0,66,0,135,289,0.83,0.971,0,0,dos,1
25.78,udp,http,SF,815,1826,8,8,0.0,1.0,0,1,normal,0
170.5,udp,ftp,SF,966,381,2,3,0.024,0.864,0,1,u2r,1
92.83,tcp,ftp,SF,654,1345,1,5,0.112,0.803,0,1,normal,0
28.38,tcp,http,S0,327,100,4,9,0.066,0.624,3,0,r2l,1
80.99,tcp,ftp,SF,670,1363,9,1,0.104,0.889,0,1,normal,0
3.7,udp,other,REJ,31,1,181,451,1.0,0.944,0,0,dos,1
51.55,tcp,pop3,SF,395,1071,8,9,0.033,0.896,0,1,normal,0
46.9,tcp,pop3,SF,391,1524,7,2,0.045,0.88,0,1,normal,0
5.21,tcp,ftp,S0,58,10,447,378,0.937,0.968,0,0,dos,1
2.56,udp,smtp,REJ,10,0,57,11,0.225,0.143,0,0,probe,1
2.96,tcp,ssh,S0,92,3,389,325,0.768,0.929,0,0,dos,1
85.74,udp,ssh,SF,206,1458,4,5,0.048,0.981,0,1,normal,0
48.03,tcp,ssh,RSTO,659,558,1,5,0.0,0.964,0,1,normal,0
97.0,tcp,ftp,SF,2,1534,2,8,0.007,1.0,0,1,normal,0
4.44,tcp,dns,RSTO,179,1451,3,6,0.154,0.946,0,1,normal,0
7.56,tcp,pop3,SF,131,1477,8,6,0.027,1.0,0,1,normal,0
0.0,tcp,ftp,RSTR,83,2,162,452,1.0,1.0,0,0,dos,1
0.27,tcp,ftp,S0,107,0,151,508,0.777,0.908,0,0,dos,1
3.24,tcp,ssh,S0,74,0,232,472,0.968,1.0,0,0,dos,1
1.09,tcp,dns,S0,42,6,276,348,0.799,1.0,0,0,dos,1
0.66,icmp,other,S0,53,0,139,283,0.852,1.0,0,0,dos,1
95.14,tcp,ssh,SF,63,121,1,9,0.0,0.914,0,1,normal,0
57.72,tcp,ftp,SF,352,216,6,4,0.044,0.96,0,1,normal,0
13.63,tcp,telnet,SF,801,1424,4,2,0.0,0.919,0,1,normal,0
0.49,tcp,dns,S0,66,0,386,390,0.969,1.0,0,0,dos,1
166.91,tcp,http,REJ,647,550,6,5,0.045,0.843,0,1,normal,0
49.65,tcp,telnet,SF,603,2064,9,8,0.016,0.85,0,1,normal,0
0.0,udp,telnet,SF,0,1134,5,4,0.0,1.0,0,1,normal,0
137.81,udp,other,SF,806,2061,8,5,0.051,0.941,0,1,normal,0
0.0,tcp,ssh,SF,711,1593,7,5,0.046,0.822,0,1,normal,0
0.0,tcp,ssh,SF,16,0,75,4,0.892,0.125,0,0,probe,1
0.0,udp,other,SF,907,1100,1,1,0.063,0.605,0,1,normal,0
44.78,udp,pop3,SF,1251,797,6,9,0.054,0.833,0,1,normal,0
2.49,tcp,http,REJ,99,2,501,507,0.984,0.895,0,0,dos,1
40.05,tcp,dns,SF,951,959,7,4,0.028,0.921,0,1,normal,0
0.12,tcp,ssh,S0,13,0,453,237,1.0,0.978,0,0,dos,1
0.0,tcp,pop3,S0,455,1388,5,3,0.083,0.926,0,1,normal,0
84.95,tcp,ssh,RSTO,771,685,8,5,0.0,0.944,0,1,normal,0
0.0,udp,smtp,S0,284,739,6,5,0.0,0.936,0,1,normal,0
81.62,udp,telnet,RSTO,196,1126,2,1,0.029,0.734,0,1,normal,0
1.01,tcp,smtp,S0,29,1,22,11,0.251,0.085,0,0,probe,1
112.68,tcp,other,SF,198,1088,3,7,0.079,0.86,0,1,normal,0
121.36,tcp,telnet,SF,650,1094,5,4,0.006,0.911,0,1,normal,0
73.91,udp,other,SF,63,890,8,6,0.051,0.939,0,1,normal,0
1.91,tcp,telnet,S0,0,0,201,396,1.0,1.0,0,0,dos,1
0.0,udp,other,S0,107,3,143,207,0.996,0.92,0,0,dos,1
11.93,udp,http,SF,664,92,4,3,0.005,0.844,1,1,u2r,1
2.72,icmp,ssh,SF,413,1108,5,2,0.012,0.825,0,1,normal,0
39.29,tcp,other,SF,475,553,7,7,0.0,0.911,0,1,normal,0
0.0,tcp,ftp,SF,292,424,1,7,0.017,0.76,0,1,normal,0
10.76,tcp,other,SF,335,622,8,3,0.0,0.83,0,1,normal,0
110.03,tcp,other,SF,0,684,4,1,0.106,0.823,1,1,u2r,1
5.35,udp,other,S0,74,4,437,229,1.0,0.926,0,0,dos,1
24.8,tcp,ftp,RSTR,348,1058,1,5,0.004,0.701,0,1,normal,0
84.11,tcp,telnet,SF,585,1868,4,9,0.017,0.865,0,1,normal,0
2.18,tcp,smtp,S0,10,0,48,4,0.563,0.0,0,0,probe,1
115.17,tcp,telnet,SF,165,1680,8,7,0.001,0.791,0,1,normal,0
19.95,tcp,http,SF,123,1957,3,4,0.042,0.936,0,1,normal,0
100.76,tcp,other,SF,783,732,2,1,0.085,1.0,0,1,normal,0
0.0,tcp,ssh,SF,670,1642,7,1,0.09,1.0,0,1,normal,0
0.0,tcp,smtp,SF,497,1180,5,5,0.098,0.824,0,1,normal,0
62.66,tcp,dns,SF,242,354,8,7,0.017,0.817,0,1,normal,0
43.05,tcp,other,SF,285,421,8,6,0.004,0.781,0,1,normal,0
91.82,tcp,ftp,REJ,512,1041,6,4,0.0,0.734,0,1,normal,0
53.3,tcp,telnet,SF,588,1203,8,4,0.0,1.0,0,1,normal,0
56.72,tcp,ssh,RSTR,909,1743,7,7,0.019,0.961,0,1,normal,0
13.08,tcp,ftp,S0,357,11,11,7,0.0,0.663,4,1,r2l,1
3.71,tcp,pop3,S0,47,1,285,208,0.781,1.0,0,0,dos,1
2.04,tcp,dns,SF,263,1252,5,9,0.002,1.0,0,1,normal,0
74.11,tcp,dns,SF,95,2251,9,5,0.052,0.781,0,1,normal,0
1.87,udp,pop3,REJ,40,1,87,5,0.504,0.378,0,0,probe,1
41.45,tcp,pop3,SF,542,0,8,9,0.027,0.934,0,1,normal,0
0.0,tcp,other,SF,998,779,6,7,0.069,0.927,0,1,normal,0
1.76,udp,ftp,SF,39,0,64,17,0.52,0.297,0,0,probe,1
0.0,tcp,smtp,SF,776,350,2,9,0.025,1.0,0,1,normal,0
1.61,tcp,http,REJ,0,0,268,237,0.873,0.962,0,0,dos,1
0.0,tcp,http,SF,497,1426,5,5,0.043,0.901,0,1,normal,0
37.53,tcp,smtp,SF,148,1148,7,8,0.049,1.0,0,1,normal,0
20.89,udp,ftp,S0,270,0,7,3,0.0,0.787,0,1,normal,0
107.52,udp,other,SF,125,76,5,7,0.009,0.956,0,1,normal,0
48.13,tcp,http,SF,78,0,1,1,0.033,0.72,0,1,normal,0
48.41,tcp,smtp,SF,619,804,7,4,0.004,1.0,0,1,normal,0
0.97,tcp,pop3,RSTR,45,1,112,320,1.0,1.0,0,0,dos,1
2.8,tcp,http,SF,565,1462,9,9,0.09,0.969,0,1,normal,0
32.34,tcp,telnet,SF,343,1569,7,3,0.0,0.809,0,1,normal,0
2.65,tcp,ftp,S0,76,0,356,482,0.879,0.943,0,0,dos,1
0.43,tcp,ftp,REJ,36,0,248,408,0.887,0.918,0,0,dos,1
80.61,tcp,smtp,SF,273,0,8,8,0.0,0.991,0,1,normal,0
113.05,tcp,dns,REJ,816,623,7,4,0.047,0.837,0,1,normal,0
176.49,tcp,pop3,SF,878,452,2,1,0.087,0.487,1,1,u2r,1
43.54,tcp,dns,SF,731,0,2,1,0.028,0.983,0,1,normal,0
0.43,tcp,ftp,REJ,74,3,438,408,0.86,0.897,0,0,dos,1
1.84,udp,other,S0,13,1,33,5,0.447,0.323,0,0,probe,1
1.42,tcp,pop3,S0,48,0,231,236,0.911,0.882,0,0,dos,1
27.13,tcp,dns,SF,848,380,7,1,0.085,1.0,0,1,normal,0
17.37,udp,ftp,SF,520,690,3,8,0.04,0.804,0,1,normal,0
33.53,tcp,http,SF,0,757,2,2,0.017,0.912,0,1,normal,0
0.0,tcp,ftp,SF,0,808,1,4,0.0,0.876,0,1,normal,0
30.85,tcp,smtp,SF,116,290,14,7,0.265,0.594,1,0,r2l,1
0.0,tcp,http,SF,545,1388,4,6,0.05,0.955,0,1,normal,0
80.92,tcp,telnet,SF,502,1354,4,9,0.075,0.88,0,1,normal,0
44.67,udp,pop3,SF,162,1405,2,2,0.056,0.666,0,1,normal,0
11.23,tcp,http,SF,206,637,14,5,0.062,0.447,3,1,r2l,1
19.22,tcp,smtp,SF,650,379,9,4,0.0,1.0,0,1,normal,0
14.79,tcp,smtp,RSTR,811,600,5,8,0.0,0.903,0,1,normal,0
71.83,tcp,http,S0,441,749,2,5,0.016,0.965,0,1,normal,0
34.91,tcp,telnet,SF,362,329,7,7,0.034,0.841,0,1,normal,0
0.0,icmp,http,SF,250,1455,2,9,0.0,0.965,0,1,normal,0
37.66,udp,ssh,SF,1161,1731,8,8,0.012,0.836,0,1,normal,0
92.39,udp,telnet,SF,597,476,8,8,0.056,0.914,0,1,normal,0
60.76,tcp,http,S0,714,1378,4,2,0.016,0.822,0,1,normal,0
71.76,udp,other,S0,286,1488,3,5,0.052,0.984,0,1,normal,0
79.52,tcp,telnet,SF,34,2021,9,9,0.06,0.959,0,1,normal,0
45.59,tcp,dns,SF,789,416,2,2,0.053,0.813,0,1,normal,0
9.53,tcp,ftp,SF,0,384,6,6,0.045,0.961,0,1,normal,0
16.38,udp,other,RSTO,612,872,1,2,0.084,0.853,0,1,normal,0
52.15,tcp,ssh,SF,649,441,6,5,0.0,0.959,0,1,normal,0
65.63,tcp,ssh,SF,743,1311,5,2,0.076,0.845,0,1,normal,0
73.34,udp,ssh,SF,866,845,1,9,0.001,0.923,0,1,normal,0
40.59,icmp,http,SF,228,1353,7,7,0.022,0.878,0,1,normal,0
75.4,tcp,ftp,RSTO,288,1488,6,9,0.094,0.929,0,1,normal,0
4.25,tcp,dns,RSTR,16,0,461,138,0.749,0.861,0,0,dos,1
60.89,tcp,dns,SF,174,0,3,2,0.0,0.829,0,1,normal,0
35.73,tcp,smtp,S0,401,1707,6,2,0.0,0.877,0,1,normal,0
74.43,tcp,ssh,REJ,1163,0,2,6,0.0,0.979,0,1,normal,0
99.48,tcp,pop3,SF,1074,1199,5,9,0.129,0.759,0,1,normal,0
0.0,udp,telnet,SF,766,1021,8,4,0.0,0.969,0,1,normal,0
0.0,tcp,other,REJ,50,2,366,206,0.904,0.915,0,0,dos,1
3.07,tcp,dns,S0,73,0,396,448,0.829,0.927,0,0,dos,1
105.08,tcp,dns,SF,0,1984,7,5,0.008,0.939,0,1,normal,0
0.0,tcp,telnet,SF,0,2399,8,3,0.018,0.817,0,1,normal,0
53.65,tcp,pop3,SF,441,548,9,7,0.04,0.971,0,1,normal,0
109.3,udp,http,SF,216,0,9,7,0.0,0.989,0,1,normal,0
0.0,udp,ssh,SF,1080,33,9,3,0.034,0.836,0,1,normal,0
104.02,tcp,ftp,SF,371,37,4,7,0.0,0.794,0,1,normal,0
112.22,tcp,http,SF,712,791,5,2,0.0,0.94,0,1,normal,0
1.89,tcp,other,REJ,25,0,32,17,0.734,0.277,0,0,probe,1
83.1,tcp,dns,SF,1022,596,9,7,0.009,1.0,0,1,normal,0
66.21,tcp,ftp,SF,530,897,4,2,0.097,0.903,0,1,normal,0
4.07,tcp,telnet,S0,17,8,206,135,0.969,0.844,0,0,dos,1
63.97,tcp,smtp,SF,297,810,8,6,0.0,0.989,0,1,normal,0
40.04,tcp,dns,SF,713,1057,7,4,0.086,0.713,0,1,normal,0
15.64,tcp,smtp,SF,847,1533,8,3,0.05,0.828,0,1,normal,0
0.0,tcp,http,S0,14,0,33,13,0.288,0.236,0,0,probe,1
0.0,tcp,http,SF,687,1267,1,9,0.029,0.762,0,1,normal,0
51.35,tcp,pop3,SF,578,22,2,2,0.068,0.819,0,1,normal,0
40.01,udp,smtp,SF,580,193,5,5,0.095,0.984,0,1,normal,0
0.0,tcp,http,SF,215,813,9,2,0.057,0.938,0,1,normal,0
66.99,tcp,other,SF,492,279,2,1,0.0,0.713,0,1,normal,0
66.75,tcp,other,SF,730,1669,4,5,0.004,0.982,0,1,normal,0
87.28,tcp,pop3,SF,767,1425,2,5,0.101,0.933,0,1,normal,0
3.01,udp,http,RSTO,0,2071,9,7,0.046,0.977,0,1,normal,0
0.0,tcp,ssh,S0,71,3,161,279,0.651,1.0,0,0,dos,1
78.22,tcp,ssh,SF,653,977,4,5,0.056,1.0,0,1,normal,0
0.17,tcp,ssh,REJ,35,0,450,229,0.762,0.973,0,0,dos,1
62.66,tcp,dns,SF,646,1569,5,9,0.044,0.96,0,1,normal,0
42.66,icmp,telnet,SF,180,1336,3,9,0.0,0.96,0,1,normal,0
3.85,udp,telnet,S0,103,5,356,144,0.924,0.926,0,0,dos,1
0.99,tcp,http,RSTR,63,0,394,309,0.964,0.949,0,0,dos,1
0.46,tcp,dns,SF,226,963,2,6,0.0,0.876,0,1,normal,0
1.51,tcp,smtp,S0,4,0,57,4,0.613,0.258,0,0,probe,1
29.56,tcp,http,RSTO,1114,666,5,4,0.002,0.994,0,1,normal,0
49.71,tcp,other,SF,832,545,1,6,0.044,0.882,0,1,normal,0
28.83,udp,dns,SF,0,231,14,8,0.141,0.499,2,1,r2l,1
69.85,icmp,telnet,SF,741,0,2,2,0.0,0.978,0,1,normal,0
0.0,tcp,http,S0,0,4,420,243,0.881,0.895,0,0,dos,1
44.93,udp,telnet,SF,643,1181,6,8,0.073,0.848,0,1,normal,0
0.31,tcp,http,S0,17,2,507,491,0.981,0.97,0,0,dos,1
117.46,tcp,ftp,REJ,721,750,6,6,0.03,0.788,0,1,normal,0
97.26,tcp,dns,SF,962,2241,6,1,0.062,0.879,0,1,normal,0
50.43,tcp,other,SF,655,1026,4,3,0.052,0.797,0,1,normal,0
94.72,tcp,dns,SF,1013,773,4,1,0.052,0.954,0,1,normal,0
0.0,udp,telnet,SF,625,1292,3,8,0.017,0.829,0,1,normal,0
18.18,tcp,http,SF,0,1354,8,4,0.05,0.865,0,1,normal,0
89.71,tcp,other,SF,8,162,8,8,0.0,0.743,0,1,normal,0
37.33,udp,other,SF,485,945,6,1,0.0,0.787,0,1,normal,0
115.26,udp,telnet,SF,379,1510,4,2,0.0,0.901,0,1,normal,0
4.56,udp,smtp,REJ,38,0,188,469,0.92,0.942,0,0,dos,1
1.27,tcp,http,S0,46,0,260,319,0.925,0.897,0,0,dos,1
0.0,tcp,http,S0,26,2,211,278,0.814,0.944,0,0,dos,1
58.27,tcp,smtp,SF,428,1185,1,2,0.033,0.964,0,1,normal,0
0.53,tcp,ssh,S0,0,1,20,14,0.707,0.092,0,0,probe,1
22.12,icmp,dns,SF,37,1202,8,3,0.068,0.808,0,1,normal,0
89.19,tcp,pop3,SF,0,1169,5,9,0.075,1.0,0,1,normal,0
0.12,tcp,ftp,SF,345,1039,2,4,0.0,0.94,0,1,normal,0
23.2,tcp,pop3,SF,375,400,4,8,0.008,0.725,0,1,normal,0
66.67,tcp,http,SF,85,780,3,2,0.001,0.893,0,1,normal,0
106.22,tcp,http,SF,698,551,1,7,0.023,1.0,0,1,normal,0
89.91,tcp,other,SF,508,103,1,2,0.112,0.747,0,1,u2r,1
6.76,tcp,ssh,S0,220,2046,5,4,0.0,0.886,0,1,normal,0
57.27,tcp,other,SF,976,1837,2,4,0.008,1.0,0,1,normal,0
172.23,udp,telnet,SF,675,538,1,2,0.098,0.872,1,1,u2r,1
9.68,udp,dns,SF,766,1517,8,5,0.096,0.915,0,1,normal,0
39.11,tcp,ssh,SF,176,712,9,5,0.049,1.0,0,1,normal,0
0.0,tcp,pop3,S0,16,0,50,9,0.013,0.078,0,0,probe,1
0.0,tcp,smtp,S0,50,1,96,13,0.532,0.39,0,0,probe,1
0.0,tcp,smtp,SF,489,974,7,2,0.033,1.0,0,1,normal,0
2.03,tcp,smtp,SF,258,565,7,6,0.0,0.788,0,1,normal,0
44.31,tcp,other,SF,658,315,2,1,0.0,0.827,0,1,normal,0
110.96,tcp,http,SF,650,586,9,5,0.0,0.99,0,1,normal,0
79.39,tcp,smtp,SF,286,571,9,2,0.068,0.928,0,1,normal,0
37.89,tcp,other,SF,958,1558,8,9,0.0,0.998,0,1,normal,0
72.2,tcp,smtp,SF,14,1452,7,8,0.119,0.768,0,1,normal,0
3.12,tcp,telnet,REJ,68,9,178,299,0.851,0.937,0,0,dos,1
103.88,tcp,other,SF,882,102,1,7,0.0,0.944,0,1,normal,0
103.88,udp,ssh,SF,284,1021,9,8,0.036,0.996,0,1,normal,0
77.56,udp,http,SF,241,188,7,3,0.019,0.747,0,1,normal,0
1.34,tcp,http,REJ,14,0,377,140,0.832,0.947,0,0,dos,1
116.57,udp,smtp,SF,768,685,1,9,0.0,0.858,0,1,normal,0
56.51,tcp,telnet,RSTR,419,2497,8,2,0.0,0.94,0,1,normal,0
103.26,udp,dns,SF,584,0,9,6,0.042,0.795,0,1,normal,0
50.25,tcp,ssh,SF,611,1876,1,3,0.095,0.882,0,1,normal,0
25.48,udp,http,SF,527,519,5,4,0.0,0.845,0,1,normal,0
0.0,udp,other,S0,60,0,194,171,0.966,0.942,0,0,dos,1
24.46,tcp,ssh,SF,675,1081,4,1,0.051,0.878,0,1,normal,0
0.37,tcp,other,S0,78,0,394,111,0.803,0.904,0,0,dos,1
21.72,tcp,pop3,SF,223,357,9,5,0.281,0.529,3,1,r2l,1
28.97,tcp,ftp,SF,0,125,5,6,0.1,0.923,0,1,normal,0
0.0,udp,pop3,SF,41,1153,6,2,0.016,0.764,0,1,normal,0
38.7,udp,http,SF,352,1206,2,3,0.053,1.0,0,1,normal,0
0.11,tcp,smtp,REJ,40,6,171,132,1.0,0.939,0,0,dos,1
39.39,udp,http,SF,535,1651,3,7,0.075,0.934,0,1,normal,0
84.36,udp,smtp,SF,191,2043,1,1,0.103,0.901,0,1,normal,0
25.77,tcp,telnet,SF,631,466,3,5,0.005,0.848,0,1,normal,0
5.75,tcp,http,SF,24,1,97,8,0.296,0.471,0,0,probe,1
114.51,tcp,ssh,SF,810,723,1,8,0.052,0.89,0,1,normal,0
105.04,tcp,smtp,SF,0,992,6,4,0.063,0.797,0,1,normal,0
57.42,tcp,telnet,SF,761,758,3,3,0.0,0.746,0,1,normal,0
5.33,tcp,ftp,S0,0,375,13,3,0.188,0.416,4,0,r2l,1
56.59,tcp,dns,SF,124,623,4,9,0.078,0.966,0,1,normal,0
46.99,tcp,smtp,SF,65,498,1,3,0.067,0.974,0,1,normal,0
0.0,tcp,telnet,S0,48,0,464,444,0.89,0.985,0,0,dos,1
4.89,udp,smtp,S0,0,0,82,9,0.225,0.0,0,0,probe,1
46.37,tcp,telnet,SF,302,1547,5,7,0.0,0.924,0,1,normal,0
70.06,tcp,pop3,SF,202,604,7,3,0.073,0.923,0,1,normal,0
1.21,tcp,other,REJ,51,0,360,108,0.724,0.979,0,0,dos,1
3.36,udp,smtp,REJ,0,8,398,457,0.93,0.981,0,0,dos,1
18.14,tcp,ssh,SF,380,818,6,9,0.019,0.888,0,1,normal,0
0.0,tcp,pop3,S0,308,1722,5,7,0.043,0.946,0,1,normal,0
0.0,tcp,pop3,RSTR,69,0,154,213,0.818,0.924,0,0,dos,1
0.0,tcp,ssh,REJ,79,0,455,192,0.747,0.949,0,0,dos,1
3.69,tcp,other,S0,69,0,152,267,0.868,0.962,0,0,dos,1
148.63,tcp,other,SF,584,1378,9,1,0.016,0.892,0,1,normal,0
43.19,tcp,ssh,SF,687,394,4,5,0.009,1.0,0,1,normal,0
1.83,udp,telnet,REJ,21,0,82,5,0.939,0.272,0,0,probe,1
3.32,tcp,smtp,REJ,48,1,415,124,0.937,0.995,0,0,dos,1
0.0,tcp,other,S0,5,2,210,136,0.737,0.945,0,0,dos,1
8.75,udp,smtp,SF,0,1102,5,2,0.002,0.978,0,1,normal,0
102.9,tcp,other,SF,483,0,9,4,0.046,0.747,0,1,normal,0
0.79,tcp,dns,S0,40,9,171,406,1.0,0.939,0,0,dos,1
48.54,udp,http,SF,554,643,1,7,0.004,0.869,0,1,normal,0
12.09,icmp,dns,SF,0,229,4,9,0.046,0.734,3,1,r2l,1
119.15,tcp,ftp,SF,568,1224,7,8,0.018,0.717,0,1,normal,0
0.0,tcp,smtp,S0,53,0,322,153,0.775,0.925,0,0,dos,1
0.0,tcp,other,S0,3,5,39,13,0.352,0.232,0,0,probe,1
60.17,tcp,ftp,SF,819,1017,3,1,0.0,0.922,0,1,normal,0
37.69,udp,pop3,SF,263,1213,1,2,0.065,0.872,0,1,normal,0
43.24,tcp,telnet,REJ,717,1099,5,6,0.01,0.93,0,1,normal,0
51.85,tcp,pop3,SF,489,531,4,7,0.026,0.694,0,1,normal,0
6.02,tcp,other,SF,206,2453,4,7,0.063,0.998,0,1,normal,0
83.87,tcp,http,SF,512,1157,6,9,0.018,0.938,0,1,normal,0
0.0,tcp,smtp,SF,37,0,40,6,0.583,0.176,0,0,probe,1
12.29,tcp,ssh,SF,525,368,4,1,0.0,0.783,0,1,normal,0
0.0,tcp,telnet,SF,537,923,9,2,0.043,0.794,0,1,normal,0
9.29,tcp,ssh,SF,496,1494,5,4,0.078,0.814,0,1,normal,0
6.83,tcp,dns,S0,451,1268,7,5,0.041,0.923,0,1,normal,0
75.14,tcp,telnet,SF,403,1327,3,6,0.074,0.841,0,1,normal,0
102.85,tcp,smtp,SF,815,891,6,2,0.032,0.898,0,1,normal,0
27.1,tcp,dns,SF,775,1695,9,2,0.003,0.632,0,1,normal,0
38.48,tcp,ssh,REJ,465,1481,4,3,0.005,1.0,0,1,normal,0
11.44,tcp,ssh,SF,232,213,11,5,0.313,0.516,2,0,r2l,1
1.21,tcp,ssh,SF,604,358,7,8,0.015,1.0,0,1,normal,0
0.64,tcp,telnet,SF,0,1298,4,9,0.125,0.899,0,1,normal,0
2.54,tcp,telnet,S0,53,7,450,130,0.901,0.943,0,0,dos,1
0.91,tcp,smtp,REJ,22,0,50,9,0.26,0.0,0,0,probe,1
34.82,tcp,telnet,SF,316,619,8,3,0.052,0.9,0,1,normal,0
30.16,tcp,dns,SF,770,694,5,6,0.058,0.844,0,1,normal,0
76.83,tcp,http,SF,1023,1022,7,9,0.101,0.94,0,1,normal,0
61.17,tcp,dns,SF,303,649,3,9,0.0,0.855,0,1,normal,0
52.19,tcp,smtp,SF,0,451,4,9,0.101,0.996,0,1,normal,0
41.31,tcp,other,SF,829,462,7,4,0.0,0.959,0,1,normal,0
112.51,tcp,other,S0,3,281,9,2,0.0,0.913,0,1,normal,0
35.64,tcp,smtp,SF,583,599,2,2,0.0,0.976,0,1,normal,0
24.98,tcp,ftp,SF,103,242,5,3,0.064,0.747,3,0,r2l,1
0.0,tcp,ftp,SF,526,629,8,7,0.04,0.907,0,1,normal,0
2.96,tcp,other,SF,490,522,1,7,0.054,1.0,0,1,normal,0
35.86,tcp,telnet,SF,19,85,8,9,0.0,0.89,0,1,normal,0
85.43,tcp,smtp,RSTR,518,520,2,9,0.0,0.925,0,1,normal,0
124.78,tcp,dns,SF,537,869,5,2,0.0,0.847,0,1,normal,0
0.0,udp,other,S0,79,0,283,507,0.794,1.0,0,0,dos,1
0.0,icmp,other,S0,18,1,248,386,0.842,0.893,0,0,dos,1
0.58,tcp,http,S0,20,0,60,7,0.734,0.008,0,0,probe,1
18.43,tcp,telnet,S0,443,439,7,1,0.027,0.869,2,0,r2l,1
15.77,tcp,ssh,S0,314,351,6,3,0.195,0.688,3,0,r2l,1
23.95,tcp,other,SF,332,433,3,6,0.298,0.453,3,1,r2l,1
99.34,tcp,pop3,SF,406,1361,5,6,0.083,0.971,0,1,normal,0
94.14,tcp,telnet,SF,250,982,7,2,0.0,0.976,0,1,normal,0
123.19,tcp,smtp,SF,276,154,4,1,0.095,0.91,0,1,normal,0
12.06,tcp,pop3,SF,9,1229,4,9,0.005,0.852,0,1,normal,0
95.83,tcp,telnet,SF,309,982,2,5,0.0,0.858,0,1,normal,0
1.59,tcp,http,REJ,50,2,312,189,0.919,0.904,0,0,dos,1
58.18,tcp,smtp,REJ,566,1960,9,1,0.0,0.98,0,1,normal,0
0.0,tcp,other,SF,441,1114,7,1,0.016,0.894,0,1,normal,0
131.35,udp,dns,SF,490,1348,5,1,0.0,0.848,0,1,normal,0
0.0,udp,http,SF,243,1098,1,1,0.0,0.74,0,1,normal,0
36.19,tcp,other,SF,156,742,5,6,0.09,0.992,0,1,normal,0
0.0,tcp,pop3,REJ,29,0,505,363,0.921,0.866,0,0,dos,1
64.31,udp,ssh,RSTR,723,539,2,1,0.096,0.811,0,1,normal,0
0.0,tcp,ssh,REJ,126,0,168,472,0.972,0.948,0,0,dos,1
47.72,udp,dns,S0,1252,1043,4,5,0.054,0.828,0,1,normal,0
49.21,tcp,telnet,SF,860,1059,4,8,0.009,0.743,0,1,normal,0
40.93,tcp,http,SF,657,1035,5,3,0.047,0.872,0,1,normal,0
5.47,tcp,other,S0,5,2,262,186,1.0,1.0,0,0,dos,1
0.46,tcp,ftp,REJ,48,0,133,325,0.854,0.928,0,0,dos,1
6.82,tcp,pop3,S0,358,1070,9,8,0.032,0.853,0,1,normal,0
1.65,tcp,other,S0,18,0,32,11,0.466,0.08,0,0,probe,1
83.93,tcp,dns,SF,372,192,8,3,0.022,0.949,0,1,normal,0
5.37,udp,pop3,S0,25,3,29,15,0.925,0.001,0,0,probe,1
81.28,tcp,http,SF,635,1048,5,8,0.018,0.743,0,1,normal,0
94.6,tcp,dns,SF,671,2434,5,7,0.056,0.87,0,1,normal,0
0.0,udp,ftp,REJ,47,0,391,278,0.991,0.925,0,0,dos,1
70.01,tcp,http,SF,929,1117,8,6,0.0,0.886,0,1,normal,0
72.73,tcp,smtp,SF,531,523,1,4,0.011,0.9,0,1,normal,0
8.64,tcp,ftp,SF,560,1131,4,2,0.002,1.0,0,1,normal,0
63.64,udp,other,SF,0,1494,5,8,0.0,0.945,0,1,normal,0
0.43,tcp,ssh,S0,105,0,420,455,0.983,0.898,0,0,dos,1
2.21,tcp,smtp,REJ,0,0,128,161,0.848,1.0,0,0,dos,1
0.0,tcp,telnet,S0,65,0,298,109,0.869,0.986,0,0,dos,1
20.9,tcp,dns,RSTO,659,888,6,3,0.0,0.989,0,1,normal,0
63.44,tcp,telnet,SF,72,1044,7,9,0.0,0.999,0,1,normal,0
24.98,tcp,other,SF,459,1177,1,8,0.035,0.908,0,1,normal,0
59.63,tcp,ftp,SF,0,1653,9,8,0.0,0.717,0,1,normal,0
12.23,tcp,other,SF,655,1778,9,6,0.0,1.0,0,1,normal,0
7.63,tcp,smtp,REJ,52,1,89,3,0.682,0.102,0,0,probe,1
1.15,tcp,telnet,SF,8,3,93,1,0.697,0.392,0,0,probe,1
0.0,udp,pop3,REJ,80,6,315,104,0.83,0.98,0,0,dos,1
47.58,tcp,ftp,SF,438,404,1,2,0.0,0.796,0,1,normal,0
69.4,tcp,telnet,SF,286,1585,7,3,0.021,1.0,0,1,normal,0
116.25,icmp,telnet,SF,788,987,5,2,0.034,0.846,0,1,normal,0
47.95,tcp,dns,SF,703,1628,9,9,0.0,0.685,0,1,normal,0
83.39,tcp,dns,SF,496,679,9,3,0.051,0.739,0,1,normal,0
0.0,tcp,pop3,S0,86,781,4,6,0.0,0.84,0,1,normal,0
61.94,tcp,ftp,SF,873,0,5,7,0.046,1.0,0,1,normal,0
1.19,tcp,ftp,SF,219,251,11,4,0.144,0.917,4,1,r2l,1
38.13,tcp,http,SF,908,742,2,9,0.026,0.9,0,1,normal,0
10.46,tcp,dns,S0,97,392,9,8,0.285,0.711,1,0,r2l,1
99.5,tcp,other,SF,174,1480,3,5,0.0,0.746,0,1,normal,0
36.25,tcp,other,SF,714,651,7,5,0.035,0.951,0,1,normal,0
19.92,tcp,other,SF,119,1305,7,7,0.014,0.932,0,1,normal,0
24.58,tcp,dns,SF,482,886,4,7,0.034,0.947,0,1,normal,0
17.55,tcp,other,SF,901,911,4,9,0.0,0.88,0,1,normal,0
47.61,tcp,http,SF,715,793,4,8,0.106,0.778,0,1,normal,0
3.44,tcp,ftp,S0,19,0,75,3,0.553,0.083,0,0,probe,1
15.1,tcp,other,SF,689,879,7,9,0.0,0.817,0,1,normal,0
4.23,tcp,ftp,RSTO,714,815,1,3,0.025,0.855,0,1,normal,0
146.07,tcp,other,SF,845,18,4,8,0.049,0.807,0,1,normal,0
0.22,tcp,http,REJ,319,661,2,3,0.069,0.947,0,1,normal,0
0.0,tcp,telnet,SF,902,1968,4,5,0.0,0.855,0,1,normal,0
104.82,tcp,dns,SF,786,1582,3,8,0.0,0.906,0,1,normal,0
164.41,icmp,pop3,SF,1072,551,2,1,0.117,0.565,1,1,u2r,1
1.72,udp,dns,S0,11,0,224,265,0.789,0.97,0,0,dos,1
2.25,tcp,ftp,S0,23,0,382,488,0.924,0.92,0,0,dos,1
79.6,tcp,telnet,SF,482,499,5,5,0.0,0.9,0,1,normal,0
56.02,tcp,http,SF,176,2306,3,5,0.084,0.873,0,1,normal,0
0.0,icmp,telnet,REJ,58,0,55,6,0.603,0.187,0,0,probe,1
55.54,udp,other,S0,643,998,6,7,0.121,0.954,0,1,normal,0
9.86,udp,ftp,SF,757,904,8,3,0.097,0.99,0,1,normal,0
68.71,udp,dns,RSTO,722,197,9,7,0.0,0.79,0,1,normal,0
1.97,tcp,other,RSTR,50,0,220,258,0.898,1.0,0,0,dos,1
87.07,tcp,http,SF,1316,1230,8,7,0.0,0.695,0,1,normal,0
2.81,tcp,telnet,S0,48,0,140,255,1.0,0.949,0,0,dos,1
2.85,tcp,smtp,S0,20,0,330,356,0.859,0.97,0,0,dos,1
93.8,tcp,smtp,SF,421,383,8,3,0.0,0.937,0,1,normal,0
0.5,tcp,telnet,S0,17,2,74,13,0.453,0.392,0,0,probe,1
21.52,tcp,ftp,SF,819,0,8,7,0.085,1.0,0,1,normal,0
56.71,tcp,other,SF,328,824,5,8,0.03,0.996,0,1,normal,0
54.71,tcp,pop3,SF,167,1951,2,1,0.024,0.936,0,1,normal,0
171.64,tcp,smtp,SF,1605,472,2,4,0.103,0.791,0,1,u2r,1
53.42,tcp,telnet,SF,967,534,7,1,0.067,0.861,0,1,normal,0
15.22,tcp,telnet,SF,671,553,6,3,0.066,1.0,0,1,normal,0
77.21,tcp,dns,SF,610,888,1,7,0.0,0.867,0,1,normal,0
1.34,tcp,pop3,SF,677,750,1,6,0.043,0.837,0,1,normal,0
79.68,tcp,ssh,SF,508,987,7,2,0.0,0.975,0,1,normal,0
70.43,udp,other,SF,1026,323,6,9,0.103,1.0,0,1,normal,0
63.68,tcp,ssh,SF,1190,625,2,6,0.0,1.0,0,1,normal,0
0.43,udp,ssh,REJ,29,0,36,8,0.258,0.115,0,0,probe,1
78.1,tcp,smtp,SF,338,1091,7,5,0.046,0.863,0,1,normal,0
1.91,tcp,ftp,S0,64,11,314,509,0.835,0.898,0,0,dos,1
76.6,tcp,smtp,SF,721,1177,8,9,0.0,0.844,0,1,normal,0
123.49,tcp,other,SF,0,1173,8,3,0.0,1.0,0,1,normal,0
91.36,tcp,ssh,REJ,278,170,6,5,0.073,0.687,0,1,normal,0
36.7,tcp,smtp,SF,578,1237,1,8,0.011,1.0,0,1,normal,0
15.32,udp,dns,S0,179,233,12,2,0.021,0.167,4,0,r2l,1
46.15,tcp,http,SF,583,398,9,7,0.035,0.998,0,1,normal,0
21.47,icmp,ftp,SF,396,2158,6,1,0.0,0.891,0,1,normal,0
50.59,tcp,http,SF,344,827,4,6,0.047,0.944,0,1,normal,0
3.14,tcp,http,S0,42,4,109,374,0.905,0.994,0,0,dos,1
51.33,icmp,pop3,SF,713,1177,4,5,0.0,0.736,0,1,normal,0
80.44,tcp,other,SF,80,1705,5,1,0.0,0.942,0,1,normal,0
4.03,tcp,http,S0,47,1,39,9,0.889,0.298,0,0,probe,1
1.77,tcp,http,S0,41,0,290,471,0.838,0.959,0,0,dos,1
156.2,udp,pop3,SF,913,512,3,2,0.078,0.799,1,1,u2r,1
13.52,tcp,telnet,SF,474,1222,5,5,0.0,0.768,0,1,normal,0
1.92,tcp,dns,SF,495,1358,4,7,0.0,0.879,0,1,normal,0
36.94,tcp,ssh,SF,516,2347,6,4,0.054,0.999,0,1,normal,0
2.95,udp,ssh,S0,0,0,69,12,0.693,0.0,0,0,probe,1
87.57,tcp,pop3,SF,402,952,3,5,0.042,1.0,0,1,normal,0
1.21,tcp,ftp,S0,26,0,501,362,0.748,0.956,0,0,dos,1
2.04,udp,ftp,SF,521,1460,6,8,0.044,1.0,0,1,normal,0
9.79,tcp,dns,SF,757,1153,4,9,0.116,1.0,0,1,normal,0
1.03,udp,smtp,S0,64,0,293,420,0.917,0.858,0,0,dos,1
41.27,tcp,smtp,SF,517,1342,8,1,0.0,0.86,0,1,normal,0
6.4,tcp,telnet,S0,29,0,98,5,0.371,0.328,0,0,probe,1
57.22,tcp,telnet,SF,875,686,7,5,0.077,0.864,0,1,normal,0
71.74,tcp,telnet,SF,221,424,7,2,0.0,0.864,0,1,normal,0
100.16,udp,dns,SF,161,450,6,4,0.0,0.727,0,1,normal,0
87.28,tcp,ftp,S0,93,1712,9,2,0.035,0.82,0,1,normal,0
103.96,tcp,smtp,SF,191,1263,6,8,0.001,1.0,0,1,normal,0
17.14,udp,pop3,SF,366,97,6,9,0.012,1.0,0,1,normal,0
13.6,udp,dns,SF,438,1122,3,4,0.051,0.954,0,1,normal,0
93.64,tcp,ftp,RSTO,422,790,2,3,0.0,0.813,0,1,normal,0
23.58,tcp,http,SF,1044,1016,9,7,0.118,0.885,0,1,normal,0
148.31,tcp,other,SF,618,1479,6,4,0.069,0.905,0,1,normal,0
49.19,tcp,ssh,SF,535,761,7,1,0.061,0.964,0,1,normal,0
92.11,tcp,pop3,RSTO,437,1271,9,1,0.121,0.823,0,1,normal,0
47.96,tcp,other,SF,109,1544,3,1,0.078,1.0,0,1,normal,0
3.01,tcp,other,REJ,73,0,319,207,0.952,0.887,0,0,dos,1
2.1,tcp,http,S0,45,9,329,375,0.754,0.944,0,0,dos,1
53.58,tcp,telnet,SF,219,282,9,5,0.0,0.868,0,1,normal,0
6.61,tcp,http,SF,479,502,1,5,0.015,0.865,0,1,normal,0
115.41,udp,ftp,REJ,559,1302,7,8,0.006,0.903,0,1,normal,0
34.08,udp,telnet,SF,354,696,3,3,0.095,1.0,0,1,normal,0
61.76,tcp,dns,SF,811,840,3,2,0.054,0.932,0,1,normal,0
48.08,tcp,other,SF,207,704,7,5,0.011,1.0,0,1,normal,0
89.5,tcp,ftp,SF,566,2159,8,8,0.011,0.898,0,1,normal,0
2.93,tcp,ftp,S0,11,0,86,19,0.501,0.461,0,0,probe,1
134.31,udp,other,SF,368,1470,3,5,0.127,0.823,0,1,normal,0
0.0,tcp,http,SF,214,484,1,4,0.08,0.712,0,1,normal,0
0.35,udp,ssh,S0,74,1,106,345,0.854,0.971,0,0,dos,1
24.83,tcp,telnet,SF,234,292,3,4,0.076,0.527,1,0,r2l,1
44.6,tcp,smtp,SF,764,684,9,8,0.037,0.676,0,1,normal,0
39.96,udp,pop3,SF,258,1062,1,3,0.0,0.879,0,1,normal,0
55.87,tcp,ssh,SF,0,1049,7,5,0.056,0.924,0,1,normal,0
104.1,tcp,other,SF,845,1165,7,3,0.0,0.899,0,1,normal,0
10.21,tcp,ftp,SF,251,288,5,8,0.112,0.743,1,1,r2l,1
29.86,udp,pop3,SF,1009,385,8,8,0.0,0.914,0,1,normal,0
49.25,tcp,http,SF,402,254,7,6,0.057,0.981,0,1,normal,0
85.05,tcp,dns,SF,530,1836,8,2,0.0,0.965,0,1,normal,0
107.92,tcp,ssh,SF,668,2050,2,4,0.053,1.0,0,1,normal,0
0.0,tcp,ftp,REJ,57,7,451,247,0.865,1.0,0,0,dos,1
66.98,tcp,ssh,SF,769,1522,8,9,0.0,0.883,0,1,normal,0
94.1,tcp,ftp,RSTO,889,0,5,6,0.08,0.926,0,1,normal,0
4.68,udp,ftp,S0,33,0,56,13,0.549,0.23,0,0,probe,1
5.47,tcp,dns,S0,23,1,136,151,0.967,0.966,0,0,dos,1
71.47,tcp,ssh,SF,336,2044,2,1,0.037,0.808,0,1,normal,0
16.93,udp,http,SF,248,2460,9,9,0.0,0.947,0,1,normal,0
6.22,tcp,ssh,SF,490,976,2,7,0.0,0.853,0,1,normal,0
139.05,tcp,pop3,SF,899,2165,2,3,0.031,0.999,0,1,normal,0
36.27,tcp,other,S0,715,1290,9,5,0.064,0.928,0,1,normal,0
60.25,udp,http,SF,471,877,9,8,0.037,0.924,0,1,normal,0
3.42,tcp,smtp,SF,38,0,91,11,0.548,0.0,0,0,probe,1
1.35,tcp,ftp,S0,18,0,87,18,0.306,0.282,0,0,probe,1
0.28,tcp,ftp,REJ,36,0,443,179,0.897,0.993,0,0,dos,1
22.27,tcp,telnet,SF,288,211,6,3,0.25,0.382,3,1,r2l,1
1.49,tcp,smtp,RSTR,149,0,147,222,0.953,0.952,0,0,dos,1
1.02,tcp,telnet,S0,83,0,133,156,0.727,0.993,0,0,dos,1
3.06,tcp,smtp,REJ,2,0,223,144,0.908,0.946,0,0,dos,1
45.65,udp,telnet,SF,908,652,8,8,0.032,0.957,0,1,normal,0
71.81,tcp,telnet,SF,438,1822,7,6,0.048,0.98,0,1,normal,0
44.91,tcp,other,REJ,424,1678,6,5,0.0,1.0,0,1,normal,0
104.04,tcp,telnet,SF,662,545,4,8,0.0,0.845,0,1,normal,0
41.24,udp,telnet,SF,672,119,7,2,0.054,0.843,0,1,normal,0
0.0,udp,pop3,SF,885,1094,6,2,0.0,0.744,0,1,normal,0
17.89,tcp,telnet,SF,619,1322,2,2,0.076,1.0,0,1,normal,0
27.7,tcp,telnet,SF,203,1769,6,5,0.0,1.0,0,1,normal,0
17.93,tcp,smtp,SF,327,1942,8,6,0.165,0.994,0,1,normal,0
0.0,tcp,ssh,REJ,52,3,139,103,0.767,0.944,0,0,dos,1
2.77,tcp,ftp,RSTR,61,0,295,255,0.89,0.937,0,0,dos,1
10.89,tcp,ftp,S0,916,468,8,2,0.055,0.815,0,1,normal,0
26.81,icmp,pop3,SF,451,1985,9,4,0.07,0.931,0,1,normal,0
49.45,udp,dns,S0,561,798,5,4,0.006,0.689,0,1,normal,0
0.0,udp,dns,S0,72,0,149,227,0.846,0.933,0,0,dos,1
0.0,tcp,http,S0,82,2,281,278,0.932,0.93,0,0,dos,1
79.25,tcp,smtp,RSTO,216,1207,8,8,0.048,0.858,0,1,normal,0
0.21,icmp,other,REJ,20,0,204,108,0.858,0.998,0,0,dos,1
64.2,tcp,ssh,SF,462,1026,7,9,0.0,0.977,0,1,normal,0
27.87,tcp,smtp,SF,280,667,4,6,0.0,0.752,0,1,normal,0
0.0,tcp,ftp,SF,749,116,1,2,0.102,0.961,1,1,u2r,1
17.42,udp,other,SF,586,12,3,4,0.045,0.722,0,1,normal,0
90.85,tcp,smtp,SF,451,1342,5,6,0.003,0.88,0,1,normal,0
66.23,udp,telnet,SF,629,2686,5,6,0.013,0.859,0,1,normal,0
68.57,tcp,telnet,SF,0,91,4,2,0.0,0.924,0,1,normal,0
1.15,tcp,ftp,REJ,0,0,84,16,0.593,0.296,0,0,probe,1
6.9,tcp,pop3,S0,90,381,7,4,0.084,0.851,2,1,r2l,1
21.54,tcp,dns,SF,230,1499,7,4,0.0,0.752,0,1,normal,0
48.2,tcp,http,SF,736,1298,6,3,0.0,0.995,0,1,normal,0
2.62,tcp,ftp,S0,32,5,405,167,1.0,0.885,0,0,dos,1
24.43,tcp,ftp,SF,548,1103,2,7,0.002,0.799,0,1,normal,0
5.48,tcp,smtp,REJ,35,1,84,2,0.614,0.215,0,0,probe,1
0.0,tcp,pop3,SF,952,0,5,6,0.028,0.786,0,1,normal,0
160.44,icmp,other,SF,538,1808,1,1,0.031,0.927,0,1,normal,0
4.41,tcp,pop3,REJ,57,0,391,483,0.945,0.873,0,0,dos,1
67.53,tcp,ftp,SF,258,831,6,7,0.04,1.0,0,1,normal,0
51.87,tcp,ssh,S0,950,580,8,6,0.019,0.954,0,1,normal,0
15.32,udp,other,SF,683,779,1,7,0.014,0.918,0,1,normal,0
68.63,tcp,http,SF,269,753,1,7,0.0,0.75,0,1,normal,0
0.0,tcp,other,SF,178,146,1,6,0.016,0.972,0,1,normal,0
32.4,tcp,http,SF,603,1622,5,8,0.077,0.94,0,1,normal,0
76.14,tcp,ftp,SF,362,35,4,1,0.023,0.729,0,1,u2r,1
60.36,udp,other,SF,488,263,1,1,0.079,0.644,0,1,u2r,1
0.0,tcp,pop3,SF,525,1624,4,1,0.017,0.918,0,1,normal,0
0.0,udp,smtp,SF,318,1983,4,3,0.169,0.851,0,1,normal,0
3.2,tcp,ssh,S0,87,11,223,397,0.829,0.825,0,0,dos,1
2.69,tcp,other,S0,296,0,9,3,0.137,0.591,2,0,r2l,1
114.38,tcp,telnet,SF,1028,925,4,2,0.0,0.845,0,1,normal,0
27.83,tcp,http,SF,222,545,3,9,0.0,0.99,0,1,normal,0
55.71,tcp,pop3,SF,807,1506,8,5,0.009,0.936,0,1,normal,0
118.15,tcp,pop3,REJ,287,677,7,4,0.078,0.623,0,1,normal,0
95.93,tcp,ftp,SF,406,1643,4,4,0.078,1.0,0,1,normal,0
86.1,tcp,ssh,SF,855,976,3,8,0.006,1.0,0,1,normal,0
4.65,tcp,smtp,S0,24,0,233,505,0.912,1.0,0,0,dos,1
3.42,tcp,smtp,REJ,49,0,473,229,0.907,0.936,0,0,dos,1
1.93,tcp,pop3,S0,97,1,100,404,0.841,0.964,0,0,dos,1
64.23,tcp,telnet,SF,184,1290,6,5,0.0,0.967,0,1,normal,0
30.41,udp,smtp,SF,837,807,5,3,0.045,1.0,0,1,normal,0
3.42,tcp,smtp,REJ,22,0,278,422,0.783,0.995,0,0,dos,1
0.13,tcp,http,RSTR,82,0,261,412,0.915,1.0,0,0,dos,1
0.0,tcp,ftp,S0,367,1238,1,6,0.054,1.0,0,1,normal,0
0.0,udp,other,REJ,41,0,81,5,0.509,0.034,0,0,probe,1
83.05,tcp,ssh,SF,66,471,1,6,0.0,0.908,0,1,normal,0
0.0,tcp,pop3,REJ,54,1,443,111,0.828,0.956,0,0,dos,1
86.54,tcp,telnet,REJ,737,1544,5,3,0.039,0.733,0,1,normal,0
41.55,tcp,pop3,REJ,473,1214,5,6,0.015,0.899,0,1,normal,0
44.95,udp,smtp,RSTO,508,947,4,1,0.016,0.982,0,1,normal,0
71.57,tcp,dns,SF,116,237,8,1,0.0,0.912,0,1,normal,0
29.25,tcp,ftp,RSTO,564,387,5,4,0.0,0.953,0,1,normal,0
30.91,tcp,pop3,SF,229,392,3,2,0.048,0.767,0,1,normal,0
49.81,tcp,dns,SF,323,2213,1,1,0.0,0.974,0,1,normal,0
3.51,udp,pop3,REJ,71,0,351,418,0.845,0.96,0,0,dos,1
69.84,udp,other,SF,789,1520,1,8,0.118,0.98,0,1,normal,0
52.24,tcp,telnet,SF,402,883,5,2,0.079,0.732,0,1,normal,0
0.6,tcp,ftp,S0,64,0,460,319,0.908,0.882,0,0,dos,1
92.39,tcp,http,S0,622,862,1,9,0.059,0.924,0,1,normal,0
74.05,tcp,smtp,SF,651,365,5,4,0.068,0.923,0,1,normal,0
3.74,tcp,smtp,S0,0,0,244,458,0.89,0.998,0,0,dos,1
0.75,tcp,telnet,S0,62,1,345,338,0.738,0.947,0,0,dos,1
51.93,tcp,other,SF,380,679,5,7,0.142,0.953,0,1,normal,0
1.22,tcp,ssh,S0,90,0,440,242,0.984,0.964,0,0,dos,1
71.02,icmp,smtp,SF,55,1168,8,5,0.0,0.867,0,1,normal,0
0.0,tcp,pop3,SF,608,440,4,6,0.008,0.963,0,1,normal,0
0.67,udp,pop3,S0,9,7,207,482,0.831,0.999,0,0,dos,1
53.78,udp,http,SF,180,568,5,6,0.003,0.937,0,1,normal,0
0.66,tcp,telnet,RSTR,21,0,453,219,0.872,0.959,0,0,dos,1
38.05,tcp,smtp,SF,565,0,3,3,0.089,0.953,0,1,normal,0
0.0,udp,http,S0,16,1,412,415,1.0,0.916,0,0,dos,1
58.44,tcp,ssh,SF,940,375,2,5,0.0,0.947,0,1,normal,0
59.22,tcp,dns,SF,736,0,8,3,0.0,0.804,0,1,normal,0
94.48,tcp,other,SF,593,1033,6,3,0.06,0.953,0,1,normal,0
99.58,tcp,ftp,SF,697,1231,5,1,0.0,0.924,0,1,normal,0
1.44,tcp,http,RSTR,52,0,398,271,1.0,0.907,0,0,dos,1
25.96,tcp,dns,SF,1050,886,1,6,0.0,0.953,0,1,normal,0
26.17,tcp,other,RSTO,1057,2617,4,6,0.109,1.0,0,1,normal,0
14.87,tcp,smtp,SF,1050,421,1,3,0.013,0.702,0,1,normal,0
2.16,tcp,other,SF,818,1003,6,8,0.01,0.999,0,1,normal,0
0.36,udp,smtp,RSTR,0,2,264,377,0.908,0.882,0,0,dos,1
57.8,tcp,http,SF,544,608,2,2,0.0,0.967,0,1,normal,0
148.5,udp,http,SF,696,0,3,3,0.0,0.888,1,1,u2r,1
61.65,tcp,other,SF,613,1118,9,8,0.0,0.867,0,1,normal,0
67.21,tcp,http,SF,821,1467,5,6,0.035,0.854,0,1,normal,0
36.44,tcp,dns,SF,1256,680,7,6,0.027,0.871,0,1,normal,0
106.68,tcp,ftp,SF,901,960,1,1,0.035,0.916,0,1,normal,0
0.0,udp,ssh,RSTR,93,0,117,488,0.879,1.0,0,0,dos,1
29.96,tcp,ftp,S0,149,376,9,4,0.054,0.671,1,1,r2l,1
1.97,tcp,ssh,S0,37,0,447,129,0.938,0.971,0,0,dos,1
93.53,icmp,ssh,SF,0,866,8,9,0.002,1.0,0,1,normal,0
68.11,udp,ssh,SF,0,501,3,6,0.049,0.784,0,1,normal,0
0.0,udp,ftp,SF,895,714,4,5,0.116,0.804,0,1,normal,0
99.36,tcp,pop3,SF,737,1697,6,9,0.058,0.909,0,1,normal,0
1.36,udp,telnet,REJ,48,7,488,111,0.83,1.0,0,0,dos,1
8.74,tcp,ftp,SF,651,1157,5,3,0.024,0.846,0,1,normal,0
24.52,tcp,other,SF,0,0,2,7,0.131,0.696,0,1,normal,0
4.09,tcp,other,S0,26,2,155,282,0.914,0.968,0,0,dos,1
0.17,tcp,dns,REJ,78,0,243,258,0.982,0.921,0,0,dos,1
92.51,udp,telnet,SF,695,1011,9,3,0.0,0.888,0,1,normal,0
72.58,tcp,pop3,SF,391,1447,4,5,0.035,0.879,0,1,normal,0
118.13,tcp,ssh,SF,774,1495,6,3,0.039,1.0,0,1,normal,0
0.0,tcp,ftp,SF,1233,1250,6,6,0.008,0.982,0,1,normal,0
63.42,tcp,ftp,SF,485,1864,4,3,0.055,1.0,0,1,normal,0
87.78,tcp,smtp,SF,343,1009,7,8,0.036,0.792,0,1,normal,0
2.94,icmp,pop3,S0,63,1,210,194,0.801,0.989,0,0,dos,1
0.29,tcp,smtp,S0,63,0,290,206,1.0,0.94,0,0,dos,1
0.0,tcp,pop3,SF,432,1118,2,1,0.0,0.868,0,1,normal,0
0.0,tcp,ftp,SF,468,552,4,7,0.035,1.0,0,1,normal,0
67.05,tcp,ftp,SF,651,754,1,6,0.0,0.983,0,1,normal,0
50.12,tcp,pop3,SF,342,1858,1,9,0.003,0.885,0,1,normal,0
93.32,udp,dns,SF,670,1923,5,8,0.071,0.923,0,1,normal,0
107.13,tcp,other,SF,527,745,4,1,0.0,0.865,0,1,normal,0
19.91,tcp,other,SF,113,333,2,3,0.033,0.884,0,1,normal,0
68.02,tcp,ssh,SF,722,0,7,8,0.031,0.998,0,1,normal,0
38.14,tcp,dns,SF,549,1021,7,4,0.089,1.0,0,1,normal,0
51.8,tcp,http,SF,739,1351,5,2,0.0,0.898,0,1,normal,0
0.0,tcp,telnet,S0,22,0,44,9,0.458,0.377,0,0,probe,1
50.86,udp,smtp,SF,332,1612,2,2,0.02,0.876,0,1,normal,0
0.0,udp,pop3,SF,649,2071,8,7,0.007,0.897,0,1,normal,0
3.14,udp,dns,REJ,14,0,82,9,0.34,0.031,0,0,probe,1
85.34,tcp,dns,SF,264,248,8,9,0.03,0.732,0,1,normal,0
14.23,tcp,pop3,SF,305,1704,8,8,0.036,0.818,0,1,normal,0
7.89,tcp,ftp,REJ,35,5,94,12,0.489,0.321,0,0,probe,1
12.94,tcp,ftp,SF,255,1213,2,8,0.029,0.786,0,1,normal,0
43.99,tcp,ssh,S0,259,1414,8,2,0.108,0.938,0,1,normal,0
26.65,tcp,dns,SF,145,960,2,5,0.0,0.848,0,1,normal,0
57.29,tcp,http,SF,463,1330,5,5,0.0,0.928,0,1,normal,0
2.06,tcp,smtp,SF,453,977,6,8,0.0,0.976,0,1,normal,0
4.29,icmp,smtp,SF,305,117,5,3,0.091,0.791,0,1,normal,0
53.38,icmp,http,SF,0,800,5,6,0.0,0.956,0,1,normal,0
27.91,tcp,smtp,RSTR,959,895,6,6,0.0,0.772,0,1,normal,0
108.07,tcp,pop3,SF,545,0,5,9,0.0,0.908,0,1,normal,0
30.7,tcp,pop3,RSTO,508,1551,7,5,0.009,0.817,0,1,normal,0
91.04,udp,http,SF,0,761,9,6,0.0,0.768,0,1,normal,0
0.88,tcp,pop3,REJ,62,4,114,299,0.861,1.0,0,0,dos,1
38.36,tcp,ssh,SF,617,2098,1,8,0.117,1.0,0,1,normal,0
26.01,tcp,http,SF,0,1578,9,8,0.08,0.866,0,1,normal,0
0.0,udp,http,SF,647,1301,6,1,0.151,0.78,0,1,normal,0
9.42,tcp,pop3,SF,173,1678,7,8,0.029,0.831,0,1,normal,0
46.84,tcp,other,SF,753,1255,1,3,0.0,0.868,0,1,normal,0
127.06,tcp,other,SF,58,508,8,7,0.028,1.0,0,1,normal,0
31.25,udp,pop3,RSTO,459,1318,1,7,0.021,0.936,0,1,normal,0
0.18,tcp,pop3,S0,31,0,80,5,0.404,0.17,0,0,probe,1
11.61,tcp,http,SF,0,0,29,17,0.609,0.222,0,0,probe,1
72.26,udp,other,SF,638,1113,5,6,0.038,0.976,0,1,normal,0
57.58,tcp,dns,SF,554,0,4,7,0.0,0.793,0,1,normal,0
55.22,udp,smtp,REJ,145,381,2,4,0.035,1.0,0,1,normal,0
53.05,tcp,ssh,SF,371,622,9,5,0.0,0.738,0,1,normal,0
78.29,tcp,ssh,SF,947,595,7,2,0.055,1.0,0,1,normal,0
4.32,udp,smtp,REJ,32,0,398,307,0.927,0.951,0,0,dos,1
1.69,tcp,ssh,REJ,45,0,215,162,0.762,0.908,0,0,dos,1
0.71,tcp,telnet,RSTR,30,10,204,150,0.884,0.917,0,0,dos,1
17.72,tcp,smtp,SF,1036,0,3,8,0.09,0.86,0,1,normal,0
160.73,udp,pop3,SF,0,0,2,3,0.0,0.882,1,1,u2r,1
11.42,tcp,other,RSTR,755,0,1,3,0.003,0.76,0,1,normal,0
0.0,tcp,pop3,SF,1072,469,5,4,0.017,1.0,0,1,normal,0
35.2,tcp,dns,SF,600,1119,9,6,0.028,0.858,0,1,normal,0
4.41,tcp,http,REJ,40,0,41,18,0.359,0.281,0,0,probe,1
52.87,tcp,other,SF,745,1151,4,2,0.0,0.845,0,1,normal,0
1.41,udp,http,S0,24,5,213,191,1.0,0.993,0,0,dos,1
68.91,tcp,ssh,SF,540,1505,2,2,0.087,0.982,0,1,normal,0
31.37,udp,dns,SF,308,450,11,6,0.033,0.692,3,0,r2l,1
43.95,udp,ftp,S0,147,165,9,3,0.025,1.0,0,1,normal,0
51.25,tcp,telnet,SF,202,791,4,6,0.0,0.909,0,1,normal,0
26.15,icmp,dns,SF,0,316,13,6,0.152,0.59,1,1,r2l,1
60.92,tcp,http,S0,467,1338,4,8,0.008,0.859,0,1,normal,0
0.0,tcp,dns,RSTO,643,713,9,2,0.018,0.91,0,1,normal,0
0.0,tcp,pop3,SF,613,1437,9,7,0.0,0.801,0,1,normal,0
38.81,tcp,smtp,SF,1166,232,5,2,0.063,0.87,0,1,normal,0
25.47,tcp,ftp,SF,740,840,4,9,0.003,1.0,0,1,normal,0
85.46,tcp,ftp,SF,515,2005,9,3,0.063,0.992,0,1,normal,0
61.26,icmp,pop3,SF,917,1286,2,5,0.0,0.825,0,1,normal,0
4.78,tcp,dns,REJ,23,0,238,133,0.891,0.932,0,0,dos,1
30.8,udp,pop3,SF,0,225,2,5,0.067,1.0,0,1,normal,0
74.81,tcp,dns,SF,315,2754,3,8,0.06,0.938,0,1,normal,0
18.0,tcp,ftp,SF,685,1936,8,7,0.0,0.924,0,1,normal,0
101.17,tcp,http,SF,913,1249,4,2,0.0,0.856,0,1,normal,0
48.62,tcp,smtp,SF,689,1049,8,9,0.044,1.0,0,1,normal,0
1.53,tcp,pop3,S0,56,5,57,17,0.527,0.262,0,0,probe,1
2.11,tcp,http,REJ,36,1,36,14,0.704,0.291,0,0,probe,1
10.75,tcp,http,SF,1087,1091,2,9,0.054,0.971,0,1,normal,0
76.7,tcp,http,SF,541,579,5,5,0.048,0.817,0,1,normal,0
53.06,tcp,other,SF,778,1624,2,8,0.0,0.898,0,1,normal,0
30.81,tcp,http,SF,381,2232,5,2,0.093,0.788,0,1,normal,0
37.19,tcp,ssh,SF,476,1371,3,9,0.0,0.937,0,1,normal,0
69.32,tcp,smtp,REJ,528,571,5,6,0.008,1.0,0,1,normal,0
0.0,tcp,other,SF,646,1572,1,7,0.103,0.763,0,1,normal,0
0.49,tcp,smtp,SF,465,730,6,8,0.028,0.903,0,1,normal,0
106.92,tcp,ftp,SF,394,914,7,9,0.07,0.96,0,1,normal,0
5.09,udp,ssh,SF,455,1650,4,5,0.0,0.915,0,1,normal,0
71.89,tcp,pop3,SF,0,1389,7,5,0.013,0.814,0,1,normal,0
62.31,tcp,other,SF,234,325,7,3,0.049,0.835,0,1,normal,0
0.0,tcp,pop3,REJ,76,0,374,166,1.0,1.0,0,0,dos,1
74.41,tcp,http,RSTR,534,776,8,2,0.0,1.0,0,1,normal,0
26.82,tcp,smtp,REJ,161,507,7,7,0.0,0.714,0,1,normal,0
49.35,tcp,ssh,SF,884,1042,3,7,0.07,0.845,0,1,normal,0
0.0,udp,ftp,RSTR,25,0,231,312,0.87,0.962,0,0,dos,1
117.9,tcp,telnet,SF,945,2142,4,7,0.044,0.876,0,1,normal,0
2.64,tcp,pop3,RSTR,42,0,232,361,0.901,0.951,0,0,dos,1
1.54,tcp,telnet,S0,6,3,88,9,0.71,0.399,0,0,probe,1
0.0,udp,ftp,SF,644,1162,4,3,0.084,1.0,0,1,normal,0
140.82,udp,ftp,SF,379,30,4,2,0.085,0.849,0,1,normal,0
0.0,tcp,http,SF,824,1040,9,4,0.073,0.796,0,1,normal,0
7.94,tcp,smtp,S0,33,0,56,15,0.765,0.092,0,0,probe,1
24.39,tcp,ftp,SF,391,1373,9,5,0.0,0.792,0,1,normal,0
1.03,icmp,http,S0,3,0,89,9,0.486,0.264,0,0,probe,1
82.97,tcp,pop3,SF,377,557,4,6,0.033,0.829,0,1,normal,0
32.38,tcp,pop3,SF,838,321,2,7,0.0,0.751,0,1,normal,0
79.18,udp,pop3,SF,887,1727,5,5,0.0,0.979,0,1,normal,0
101.76,tcp,other,SF,0,1233,4,8,0.022,0.815,0,1,normal,0
52.43,udp,dns,SF,780,1954,4,7,0.0,1.0,0,1,normal,0
85.49,tcp,ssh,SF,517,1489,4,9,0.021,0.789,0,1,normal,0
4.09,udp,other,REJ,82,0,187,328,0.91,0.939,0,0,dos,1
0.0,udp,other,S0,49,0,276,201,0.852,0.837,0,0,dos,1
16.15,tcp,pop3,SF,769,591,9,8,0.07,0.879,0,1,normal,0
34.7,udp,pop3,SF,0,639,5,6,0.032,0.876,0,1,normal,0
5.56,tcp,other,SF,530,1411,9,5,0.019,0.869,0,1,normal,0
2.62,tcp,ssh,REJ,77,2,459,138,0.996,1.0,0,0,dos,1
82.78,tcp,other,SF,111,0,3,9,0.033,0.777,0,1,normal,0
2.29,udp,telnet,S0,34,0,320,113,0.987,0.926,0,0,dos,1
40.19,tcp,ftp,SF,398,970,8,9,0.045,1.0,0,1,normal,0
46.63,udp,telnet,RSTR,643,33,5,8,0.141,0.836,0,1,normal,0
27.71,tcp,ftp,REJ,589,1036,5,5,0.0,1.0,0,1,normal,0
43.97,tcp,telnet,SF,1223,1509,3,3,0.054,0.724,0,1,normal,0
1.8,tcp,ftp,RSTR,97,0,297,507,0.561,0.987,0,0,dos,1
77.88,udp,telnet,S0,557,844,6,7,0.0,0.719,0,1,normal,0
43.46,udp,ssh,SF,0,0,8,9,0.004,0.662,0,1,normal,0
7.73,tcp,dns,S0,10,559,14,9,0.046,0.636,4,0,r2l,1
27.79,tcp,http,SF,272,181,10,6,0.0,0.616,2,1,r2l,1
3.37,tcp,http,S0,36,11,341,317,0.904,0.967,0,0,dos,1
94.17,tcp,smtp,SF,0,1513,9,6,0.106,1.0,0,1,normal,0
2.3,tcp,smtp,SF,726,1815,5,4,0.007,0.719,0,1,normal,0
2.82,tcp,other,RSTR,39,0,122,229,1.0,0.874,0,0,dos,1
84.94,tcp,ssh,SF,947,511,1,6,0.0,0.842,0,1,normal,0
117.07,udp,ssh,SF,1057,787,7,8,0.058,0.883,0,1,normal,0
0.58,tcp,ssh,REJ,39,0,466,462,0.986,0.976,0,0,dos,1
64.78,tcp,telnet,SF,374,624,9,1,0.008,0.753,0,1,normal,0
79.61,tcp,dns,SF,54,1159,5,5,0.0,0.826,0,1,normal,0
36.9,tcp,ftp,SF,379,75,14,9,0.111,0.72,1,0,r2l,1
55.77,tcp,ftp,SF,14,1103,3,3,0.027,0.779,0,1,normal,0
24.4,tcp,telnet,SF,128,1233,3,5,0.0,0.825,0,1,normal,0
0.0,tcp,ssh,SF,885,773,1,7,0.032,0.827,0,1,normal,0
10.66,tcp,dns,S0,700,786,9,1,0.0,0.993,0,1,normal,0
42.24,tcp,other,SF,610,1149,8,4,0.0,0.872,0,1,normal,0
0.0,tcp,ftp,REJ,41,1,238,128,0.776,0.947,0,0,dos,1
1.47,tcp,pop3,S0,23,8,113,412,0.834,1.0,0,0,dos,1
3.93,tcp,pop3,SF,828,1454,6,9,0.016,0.882,0,1,normal,0
28.3,tcp,smtp,SF,144,776,9,8,0.0,0.844,0,1,normal,0
2.43,udp,ftp,S0,98,1,245,249,0.763,0.865,0,0,dos,1
58.42,udp,other,SF,789,488,2,8,0.018,0.921,0,1,normal,0
34.6,udp,ftp,SF,599,744,9,6,0.0,0.984,0,1,normal,0
71.29,icmp,smtp,SF,745,1592,6,7,0.078,0.811,0,1,normal,0
149.38,tcp,ssh,SF,632,375,8,7,0.047,0.928,0,1,normal,0
62.69,tcp,http,SF,316,1628,6,8,0.054,0.938,0,1,normal,0
75.16,tcp,pop3,SF,860,1426,1,6,0.029,0.934,0,1,normal,0
0.0,udp,http,SF,703,452,7,6,0.007,0.944,0,1,normal,0
54.14,tcp,other,SF,344,457,3,7,0.062,0.94,0,1,normal,0
14.16,tcp,dns,SF,524,1303,5,5,0.04,0.834,0,1,normal,0
19.04,tcp,dns,SF,0,594,1,9,0.007,0.738,0,1,normal,0
70.47,tcp,telnet,REJ,496,0,5,3,0.019,0.919,0,1,normal,0
75.99,tcp,http,SF,246,266,1,9,0.046,0.913,0,1,normal,0
58.44,tcp,ssh,SF,613,1263,8,3,0.181,0.774,0,1,normal,0
62.25,tcp,ssh,SF,794,1019,4,9,0.0,0.963,0,1,normal,0
30.82,tcp,other,SF,376,1243,8,1,0.079,1.0,0,1,normal,0
60.31,tcp,telnet,SF,379,720,4,8,0.038,0.804,0,1,normal,0
1.03,icmp,telnet,S0,36,0,78,7,0.375,0.0,0,0,probe,1
80.42,tcp,telnet,REJ,271,620,2,8,0.017,0.955,0,1,normal,0
5.31,tcp,pop3,S0,15,0,428,326,0.875,0.966,0,0,dos,1
21.61,tcp,http,SF,354,105,11,2,0.123,0.561,1,1,r2l,1
49.81,tcp,dns,SF,366,851,8,3,0.0,0.904,0,1,normal,0
69.63,tcp,smtp,SF,483,1153,8,7,0.0,0.918,0,1,normal,0
1.98,tcp,other,REJ,85,11,121,159,0.952,1.0,0,0,dos,1
8.6,tcp,http,RSTR,457,1510,6,4,0.0,0.958,0,1,normal,0
103.21,tcp,telnet,SF,797,554,9,4,0.063,1.0,0,1,normal,0
63.26,tcp,http,SF,0,1669,3,8,0.0,0.996,0,1,normal,0
92.24,tcp,dns,SF,638,0,6,8,0.0,0.937,0,1,normal,0
106.15,udp,ftp,SF,554,1467,1,5,0.0,0.92,0,1,normal,0
120.47,udp,telnet,SF,492,298,1,2,0.0,0.906,1,1,u2r,1
49.57,tcp,dns,SF,340,376,5,3,0.168,0.601,2,0,r2l,1
0.0,udp,ssh,SF,358,0,7,6,0.024,1.0,0,1,normal,0
1.96,tcp,pop3,S0,46,0,224,467,0.955,0.981,0,0,dos,1
40.86,udp,smtp,SF,506,413,8,3,0.0,0.944,0,1,normal,0
0.0,tcp,pop3,REJ,28,0,52,7,0.547,0.249,0,0,probe,1
42.41,tcp,ssh,SF,0,1496,1,9,0.129,0.977,0,1,normal,0
5.27,tcp,dns,REJ,6,0,94,17,0.368,0.27,0,0,probe,1
0.0,udp,http,REJ,60,0,470,345,0.861,1.0,0,0,dos,1
0.0,udp,ftp,SF,476,1981,5,2,0.0,0.78,0,1,normal,0
16.63,tcp,other,SF,131,629,6,7,0.054,0.979,0,1,normal,0
0.0,icmp,telnet,S0,25,3,269,436,1.0,0.877,0,0,dos,1
28.95,tcp,ssh,SF,317,704,1,9,0.068,0.897,0,1,normal,0
26.33,tcp,telnet,SF,139,817,5,9,0.093,0.929,0,1,normal,0
0.0,udp,other,S0,16,8,36,5,0.679,0.0,0,0,probe,1
9.51,tcp,smtp,SF,625,778,7,1,0.0,0.988,0,1,normal,0
0.0,tcp,dns,SF,236,1121,9,7,0.0,0.725,0,1,normal,0
52.88,tcp,dns,SF,730,0,2,5,0.0,0.907,0,1,normal,0
6.27,udp,other,SF,469,564,4,7,0.071,0.898,0,1,normal,0
4.69,udp,ssh,S0,467,94,13,7,0.029,0.623,1,1,r2l,1
111.86,tcp,telnet,SF,526,1588,7,7,0.076,0.859,0,1,normal,0
36.11,icmp,http,SF,360,1115,1,2,0.0,0.979,0,1,normal,0
53.1,udp,http,RSTO,1165,1676,9,6,0.0,0.829,0,1,normal,0
0.0,tcp,ssh,SF,353,0,5,2,0.022,0.678,4,0,r2l,1
44.73,tcp,http,SF,836,970,7,2,0.0,0.908,0,1,normal,0
1.24,tcp,ssh,S0,126,3,403,403,0.921,0.952,0,0,dos,1
1.43,tcp,dns,REJ,34,0,390,499,0.914,0.912,0,0,dos,1
0.0,tcp,dns,S0,78,5,366,470,0.731,0.99,0,0,dos,1
20.44,icmp,smtp,SF,149,0,3,9,0.034,0.702,4,0,r2l,1
1.47,udp,smtp,REJ,69,0,287,308,0.817,0.865,0,0,dos,1
1.54,tcp,pop3,REJ,32,0,52,12,0.257,0.247,0,0,probe,1
98.44,tcp,ftp,SF,215,765,2,6,0.027,0.72,0,1,normal,0
4.69,tcp,other,S0,42,0,162,334,0.985,0.869,0,0,dos,1
11.81,tcp,ssh,SF,886,1263,3,5,0.04,0.81,0,1,normal,0
109.09,tcp,ssh,SF,72,178,6,4,0.079,0.819,0,1,normal,0
2.63,udp,pop3,S0,0,8,46,5,0.563,0.264,0,0,probe,1
33.91,tcp,ftp,SF,167,0,5,7,0.222,0.453,2,0,r2l,1
0.0,tcp,ftp,S0,71,0,222,198,0.877,0.952,0,0,dos,1
78.15,tcp,pop3,SF,418,1326,8,2,0.0,0.821,0,1,normal,0
30.25,tcp,telnet,SF,937,1040,6,6,0.0,1.0,0,1,normal,0
61.6,tcp,other,SF,473,1516,6,3,0.01,0.837,0,1,normal,0
112.05,udp,dns,S0,831,1948,5,7,0.0,1.0,0,1,normal,0
18.49,tcp,http,SF,1077,957,7,7,0.003,0.865,0,1,normal,0
9.93,tcp,dns,SF,401,667,4,4,0.042,0.81,0,1,normal,0
0.0,tcp,pop3,REJ,1079,595,1,7,0.099,0.947,0,1,normal,0
0.0,tcp,other,S0,32,9,468,162,0.796,0.892,0,0,dos,1
39.93,tcp,other,SF,56,955,8,9,0.065,0.554,0,1,normal,0
0.0,tcp,smtp,SF,38,2,49,10,0.74,0.404,0,0,probe,1
14.06,udp,pop3,S0,729,2259,9,1,0.14,0.941,0,1,normal,0
45.24,tcp,ssh,RSTR,799,957,1,5,0.0,0.827,0,1,normal,0
75.47,udp,http,SF,1239,556,3,3,0.074,1.0,0,1,normal,0
132.63,icmp,pop3,SF,287,1617,4,2,0.049,0.627,0,1,normal,0
28.51,tcp,telnet,S0,313,524,5,1,0.062,0.585,2,0,r2l,1
18.47,tcp,http,SF,0,233,2,7,0.005,0.936,0,1,normal,0
59.47,tcp,pop3,SF,463,293,5,6,0.0,0.908,0,1,normal,0
5.02,tcp,ftp,S0,26,0,77,10,0.163,0.142,0,0,probe,1
5.27,icmp,dns,SF,209,546,6,2,0.174,0.605,3,0,r2l,1
30.75,tcp,ssh,SF,944,771,4,6,0.012,0.718,0,1,normal,0
0.0,tcp,http,SF,796,969,2,5,0.0,0.829,0,1,normal,0
84.09,tcp,http,SF,1172,853,2,7,0.02,0.947,0,1,normal,0
21.48,tcp,other,SF,580,1144,4,1,0.032,1.0,0,1,normal,0
42.99,tcp,smtp,SF,365,514,5,4,0.076,0.97,0,1,normal,0
40.09,tcp,pop3,SF,167,2115,2,6,0.097,0.951,0,1,normal,0
2.74,tcp,http,S0,33,1,53,4,0.421,0.24,0,0,probe,1
66.08,udp,http,SF,561,1133,6,1,0.0,0.888,0,1,normal,0
53.99,tcp,other,SF,285,0,3,5,0.092,0.847,0,1,normal,0
57.04,icmp,dns,SF,172,2560,7,2,0.043,0.897,0,1,normal,0
3.72,tcp,smtp,REJ,70,0,346,350,0.858,0.857,0,0,dos,1
14.75,tcp,ssh,SF,245,985,2,7,0.0,0.999,0,1,normal,0
4.16,tcp,dns,S0,75,0,490,214,0.98,0.986,0,0,dos,1
1.61,tcp,other,SF,7,0,71,3,0.717,0.319,0,0,probe,1
22.79,tcp,smtp,SF,446,414,6,7,0.089,1.0,0,1,normal,0
0.0,tcp,http,SF,451,1367,2,3,0.08,1.0,0,1,normal,0
162.21,tcp,dns,SF,0,533,1,4,0.011,0.85,0,1,normal,0
9.23,icmp,dns,SF,1007,1509,2,6,0.0,0.908,0,1,normal,0
2.73,tcp,http,S0,29,3,51,3,0.319,0.345,0,0,probe,1
71.21,tcp,ftp,SF,826,1047,1,9,0.048,0.817,0,1,normal,0
2.04,udp,ssh,S0,74,10,268,229,1.0,1.0,0,0,dos,1
30.34,icmp,other,SF,751,0,3,8,0.0,0.975,0,1,normal,0
16.13,tcp,other,SF,154,482,3,5,0.031,0.778,0,1,normal,0
60.4,tcp,ssh,SF,379,1445,8,4,0.058,0.977,0,1,normal,0
117.08,tcp,telnet,SF,282,747,7,9,0.006,0.83,0,1,normal,0
36.85,tcp,dns,SF,89,2118,3,7,0.025,0.82,0,1,normal,0
77.11,udp,ftp,SF,365,1259,2,8,0.101,0.959,0,1,normal,0
0.0,udp,dns,SF,352,83,8,7,0.027,1.0,0,1,normal,0
0.0,tcp,other,RSTR,62,1,430,444,1.0,0.971,0,0,dos,1
63.61,tcp,pop3,SF,418,1808,4,6,0.059,0.928,0,1,normal,0
6.59,tcp,ftp,REJ,33,0,48,18,0.012,0.226,0,0,probe,1
91.15,tcp,ftp,SF,466,2137,8,9,0.0,0.972,0,1,normal,0
26.22,udp,telnet,SF,180,1918,7,3,0.0,0.94,0,1,normal,0
38.19,tcp,http,SF,918,1173,4,6,0.072,0.729,0,1,normal,0
89.77,tcp,http,RSTR,490,1475,4,7,0.043,0.846,0,1,normal,0
65.79,tcp,ftp,SF,933,257,7,5,0.0,0.984,0,1,normal,0
33.29,udp,pop3,SF,939,1556,3,6,0.056,0.793,0,1,normal,0
251.78,tcp,http,SF,673,0,1,3,0.086,0.914,1,1,u2r,1
14.33,tcp,other,SF,82,1505,8,9,0.0,0.958,0,1,normal,0
43.78,tcp,smtp,SF,83,1725,4,5,0.0,0.906,0,1,normal,0
87.73,udp,ssh,SF,610,1010,2,4,0.0,1.0,0,1,normal,0
95.62,tcp,telnet,SF,747,1527,7,6,0.012,0.964,0,1,normal,0
30.0,tcp,pop3,SF,474,953,3,1,0.028,0.959,0,1,normal,0
0.0,udp,smtp,SF,768,1425,4,3,0.056,0.78,0,1,normal,0
43.52,udp,ftp,SF,190,1453,6,8,0.075,0.804,0,1,normal,0
25.41,tcp,other,RSTO,722,1386,8,4,0.085,0.908,0,1,normal,0
43.48,tcp,smtp,SF,151,0,13,5,0.027,0.551,1,0,r2l,1
3.37,tcp,telnet,SF,497,560,7,4,0.014,0.908,0,1,normal,0
1.48,udp,smtp,S0,31,4,82,10,0.771,0.237,0,0,probe,1
40.22,tcp,telnet,SF,262,1319,9,8,0.004,0.763,0,1,normal,0
40.87,tcp,http,SF,889,853,4,5,0.022,0.904,0,1,normal,0
5.19,tcp,other,REJ,63,0,361,349,0.798,0.98,0,0,dos,1
86.79,tcp,ftp,S0,239,1552,7,4,0.012,0.947,0,1,normal,0
3.89,tcp,dns,REJ,78,0,314,418,0.849,0.873,0,0,dos,1
77.3,tcp,pop3,S0,478,473,9,5,0.065,0.897,0,1,normal,0
30.79,tcp,smtp,SF,426,1415,4,8,0.025,0.937,0,1,normal,0
0.0,tcp,ftp,REJ,0,7,291,237,0.935,0.835,0,0,dos,1
6.75,tcp,ftp,SF,0,413,9,7,0.0,0.991,0,1,normal,0
77.43,tcp,telnet,SF,447,2080,6,1,0.0,0.981,0,1,normal,0
20.92,udp,other,SF,127,255,3,7,0.108,0.811,0,1,normal,0
59.08,tcp,ftp,SF,763,1152,7,6,0.0,0.973,0,1,normal,0
30.41,tcp,ftp,S0,338,203,13,6,0.0,0.552,2,1,r2l,1
41.8,udp,other,REJ,439,826,7,8,0.014,0.845,0,1,normal,0
51.41,tcp,pop3,S0,466,1631,6,7,0.029,1.0,0,1,normal,0
0.4,udp,smtp,S0,72,0,381,448,0.802,1.0,0,0,dos,1
103.51,udp,dns,SF,705,1360,7,6,0.0,0.901,0,1,normal,0
0.0,tcp,telnet,S0,50,6,159,423,1.0,0.921,0,0,dos,1
0.0,tcp,dns,SF,378,2072,7,6,0.064,0.939,0,1,normal,0
9.72,tcp,ftp,SF,444,1332,2,8,0.0,0.943,0,1,normal,0
0.0,tcp,ssh,S0,54,0,470,383,0.95,0.868,0,0,dos,1
18.15,tcp,ssh,SF,337,1555,6,1,0.05,0.933,0,1,normal,0
95.93,udp,http,RSTO,301,1031,6,9,0.0,0.801,0,1,normal,0
39.21,tcp,telnet,SF,410,2063,5,9,0.0,0.893,0,1,normal,0
2.24,udp,other,S0,78,0,128,293,0.622,0.953,0,0,dos,1
0.0,udp,pop3,S0,13,0,69,8,0.667,0.381,0,0,probe,1
76.66,udp,dns,SF,440,1333,3,2,0.074,0.779,0,1,normal,0
87.21,tcp,dns,SF,144,876,6,4,0.026,1.0,0,1,normal,0
16.4,tcp,dns,S0,0,424,5,5,0.097,1.0,2,1,r2l,1
37.34,udp,http,SF,539,1165,5,2,0.025,1.0,0,1,normal,0
60.74,udp,other,SF,522,921,8,4,0.0,0.878,0,1,normal,0
23.02,tcp,ftp,SF,433,1324,7,3,0.032,0.776,0,1,normal,0
17.0,tcp,ftp,SF,661,336,9,3,0.0,0.967,0,1,normal,0
0.89,tcp,other,REJ,6,0,55,3,0.172,0.37,0,0,probe,1
1.11,tcp,telnet,S0,105,12,131,261,0.845,0.892,0,0,dos,1
1.5,tcp,http,S0,1,2,503,218,0.833,0.971,0,0,dos,1
81.22,tcp,ssh,SF,250,751,5,8,0.03,0.949,0,1,normal,0
62.77,udp,dns,RSTR,517,626,7,5,0.085,1.0,0,1,normal,0
32.41,tcp,smtp,RSTR,368,1172,1,3,0.0,0.965,0,1,normal,0
36.81,tcp,other,SF,192,1165,6,9,0.0,0.884,0,1,normal,0
77.34,tcp,pop3,SF,292,0,3,6,0.0,0.824,0,1,normal,0
33.68,tcp,other,SF,779,1571,8,8,0.026,0.885,0,1,normal,0
78.57,icmp,pop3,SF,360,0,9,2,0.017,0.684,0,1,normal,0
33.55,udp,dns,SF,442,858,5,8,0.0,0.809,0,1,normal,0
0.0,icmp,ssh,S0,78,0,474,158,0.813,0.933,0,0,dos,1
57.57,tcp,ftp,SF,656,1619,5,3,0.09,0.893,0,1,normal,0
90.82,tcp,http,SF,289,0,3,5,0.0,1.0,0,1,normal,0
0.31,tcp,pop3,S0,0,2,449,248,0.947,0.941,0,0,dos,1
0.0,tcp,http,S0,59,1,499,301,0.734,0.931,0,0,dos,1
1.37,tcp,telnet,S0,10,5,437,243,0.952,0.897,0,0,dos,1
56.64,tcp,telnet,SF,480,1279,9,2,0.009,0.912,0,1,normal,0
2.2,udp,ssh,S0,54,0,234,240,0.959,0.919,0,0,dos,1
50.16,tcp,pop3,S0,498,457,7,2,0.016,1.0,0,1,normal,0
27.17,tcp,other,SF,455,1959,6,4,0.053,0.922,0,1,normal,0
49.6,tcp,other,SF,697,1792,7,8,0.006,0.992,0,1,normal,0
0.0,tcp,ftp,SF,106,801,2,7,0.007,1.0,0,1,normal,0
174.44,tcp,ftp,SF,497,582,1,3,0.035,0.916,0,1,normal,0
104.29,tcp,ftp,SF,464,613,5,7,0.064,0.942,0,1,normal,0
0.0,tcp,pop3,S0,34,0,299,140,0.781,1.0,0,0,dos,1
39.14,tcp,telnet,SF,401,1891,6,5,0.0,0.87,0,1,normal,0
68.09,udp,dns,SF,1085,156,4,4,0.0,0.871,0,1,normal,0
70.8,tcp,http,SF,545,1179,3,8,0.002,0.875,0,1,normal,0
61.52,udp,ssh,SF,239,796,9,3,0.034,0.946,0,1,normal,0
66.35,tcp,dns,S0,841,703,5,3,0.0,0.927,0,1,normal,0
156.78,tcp,pop3,SF,594,235,2,2,0.036,0.807,0,1,normal,0
88.49,icmp,ftp,SF,422,2035,7,9,0.0,1.0,0,1,normal,0
2.17,tcp,ssh,S0,35,13,445,423,0.998,0.886,0,0,dos,1
1.26,tcp,smtp,S0,34,0,63,5,0.185,0.124,0,0,probe,1
106.45,udp,smtp,SF,640,1207,3,5,0.0,0.936,0,1,normal,0
57.55,udp,smtp,SF,230,1270,4,9,0.023,0.748,0,1,normal,0
6.59,tcp,other,S0,73,6,488,348,0.99,0.918,0,0,dos,1
194.17,tcp,pop3,SF,1149,772,2,3,0.135,0.769,0,1,u2r,1
34.64,tcp,smtp,SF,146,515,2,7,0.0,1.0,0,1,normal,0
0.0,tcp,smtp,S0,8,0,80,9,0.232,0.412,0,0,probe,1
2.36,tcp,other,REJ,25,2,59,19,0.647,0.263,0,0,probe,1
0.0,tcp,ftp,S0,61,0,508,133,0.99,0.944,0,0,dos,1
66.13,tcp,pop3,SF,503,1081,5,7,0.059,0.782,0,1,normal,0
1.61,tcp,telnet,SF,427,2416,9,7,0.0,0.883,0,1,normal,0
9.93,tcp,other,RSTR,181,1428,5,2,0.016,0.897,0,1,normal,0
72.15,tcp,telnet,S0,301,1996,2,5,0.101,0.848,0,1,normal,0
30.53,tcp,pop3,S0,687,711,6,8,0.0,1.0,0,1,normal,0
53.58,tcp,telnet,SF,462,1580,1,4,0.0,0.849,0,1,normal,0
36.72,tcp,dns,SF,326,1982,4,7,0.0,0.974,0,1,normal,0
0.0,tcp,other,SF,360,1065,6,8,0.0,0.896,0,1,normal,0
1.46,tcp,ssh,S0,91,0,372,404,1.0,0.943,0,0,dos,1
44.91,tcp,pop3,SF,379,0,6,5,0.115,1.0,0,1,normal,0
104.77,tcp,http,SF,983,664,8,8,0.039,0.803,0,1,normal,0
0.0,tcp,http,S0,33,0,269,231,0.899,0.955,0,0,dos,1
3.2,tcp,other,REJ,45,7,311,461,0.851,0.981,0,0,dos,1
228.37,tcp,smtp,SF,436,584,1,4,0.073,0.735,1,1,u2r,1
0.0,tcp,telnet,REJ,24,0,276,377,0.906,0.958,0,0,dos,1
2.21,tcp,ftp,REJ,16,2,61,17,0.239,0.307,0,0,probe,1
4.45,tcp,pop3,SF,134,711,7,1,0.0,0.937,0,1,normal,0
82.59,tcp,telnet,RSTR,373,835,8,1,0.0,0.79,0,1,normal,0
15.49,udp,ftp,SF,850,680,5,1,0.004,0.98,0,1,normal,0
26.39,tcp,telnet,RSTR,68,281,8,7,0.019,0.786,0,1,normal,0
0.1,tcp,ssh,REJ,16,0,30,11,0.449,0.115,0,0,probe,1
0.0,tcp,ftp,SF,484,1053,1,6,0.028,0.884,0,1,normal,0
60.11,tcp,ssh,SF,0,1259,3,6,0.105,1.0,0,1,normal,0
14.05,tcp,http,SF,548,468,8,6,0.0,0.76,0,1,normal,0
45.99,tcp,smtp,SF,489,1377,4,7,0.0,0.986,0,1,normal,0
5.15,tcp,pop3,SF,1174,2431,1,9,0.0,0.869,0,1,normal,0
123.77,tcp,telnet,SF,488,1030,4,6,0.0,0.823,0,1,normal,0
5.88,tcp,ssh,REJ,0,0,28,17,0.408,0.347,0,0,probe,1
62.0,tcp,other,REJ,367,2445,2,2,0.061,0.838,0,1,normal,0
0.0,tcp,other,REJ,58,0,503,280,1.0,0.979,0,0,dos,1
0.0,tcp,ssh,SF,728,986,3,1,0.004,0.979,0,1,normal,0
83.86,tcp,http,SF,34,888,6,3,0.0,0.771,0,1,normal,0
51.9,tcp,dns,REJ,453,907,2,7,0.022,0.837,0,1,normal,0
0.25,tcp,http,S0,51,0,267,341,0.838,0.976,0,0,dos,1
96.71,tcp,ssh,REJ,208,1299,7,9,0.129,0.836,0,1,normal,0
4.45,tcp,dns,S0,34,0,92,3,0.521,0.339,0,0,probe,1
59.83,tcp,smtp,SF,875,526,2,2,0.0,0.74,0,1,normal,0
67.99,udp,http,SF,187,1934,7,1,0.0,0.911,0,1,normal,0
2.42,udp,ftp,REJ,67,0,269,427,0.889,0.932,0,0,dos,1
30.61,tcp,dns,RSTR,452,1971,5,4,0.0,0.967,0,1,normal,0
0.0,udp,telnet,SF,887,1043,4,7,0.0,0.838,0,1,normal,0
0.0,tcp,dns,S0,0,135,1,3,0.152,0.75,1,1,r2l,1
49.0,tcp,http,SF,596,1239,5,7,0.046,1.0,0,1,normal,0
32.08,tcp,ssh,SF,468,349,3,6,0.037,0.935,0,1,normal,0
23.84,tcp,telnet,SF,1047,1377,8,1,0.034,0.899,0,1,normal,0
31.15,tcp,pop3,SF,53,205,2,3,0.005,0.739,0,1,normal,0
5.16,tcp,http,S0,80,5,346,122,0.909,0.904,0,0,dos,1
0.07,tcp,ftp,S0,65,0,475,157,0.943,0.938,0,0,dos,1
56.99,tcp,ssh,SF,0,545,6,4,0.074,0.948,0,1,normal,0
0.0,tcp,ssh,S0,109,0,274,268,0.782,0.948,0,0,dos,1
55.32,tcp,pop3,SF,535,1360,3,7,0.015,0.835,0,1,normal,0
20.2,tcp,telnet,SF,557,1326,9,2,0.0,0.841,0,1,normal,0
15.43,tcp,ssh,SF,199,924,3,5,0.112,0.929,0,1,normal,0
132.45,tcp,other,SF,336,1045,1,1,0.078,0.837,0,1,u2r,1
94.86,tcp,telnet,SF,0,278,5,5,0.0,0.718,0,1,normal,0
69.42,tcp,ssh,RSTO,544,964,4,6,0.009,0.845,0,1,normal,0
84.63,tcp,dns,SF,261,888,8,6,0.045,0.952,0,1,normal,0
3.11,tcp,other,S0,44,14,362,278,0.913,0.851,0,0,dos,1
161.25,tcp,ssh,SF,463,1200,4,1,0.0,1.0,0,1,normal,0
3.19,tcp,dns,SF,405,514,6,6,0.027,0.966,0,1,normal,0
3.84,icmp,dns,S0,31,1,275,192,0.939,0.974,0,0,dos,1
34.39,udp,smtp,SF,424,742,7,2,0.025,0.851,0,1,normal,0
37.67,tcp,pop3,SF,1355,540,2,2,0.059,0.97,0,1,normal,0
44.78,udp,other,SF,1060,511,4,1,0.018,0.727,0,1,normal,0
94.15,udp,http,SF,569,1038,6,9,0.098,0.862,0,1,normal,0
101.69,tcp,pop3,SF,574,858,7,2,0.014,0.992,0,1,normal,0
2.6,tcp,http,S0,68,0,260,272,1.0,0.93,0,0,dos,1
1.32,tcp,dns,SF,617,1004,6,9,0.076,1.0,0,1,normal,0
41.46,tcp,ssh,S0,598,0,8,8,0.012,0.747,0,1,normal,0
0.0,tcp,other,S0,466,248,3,2,0.19,0.635,1,1,r2l,1
32.41,tcp,telnet,SF,122,959,1,4,0.074,0.8,0,1,normal,0
48.74,tcp,pop3,SF,577,1277,3,3,0.023,0.77,0,1,normal,0
6.91,tcp,smtp,S0,27,0,52,1,0.587,0.144,0,0,probe,1
13.87,udp,http,SF,0,857,4,5,0.0,0.928,0,1,normal,0
3.71,tcp,ftp,S0,30,7,180,145,0.883,0.912,0,0,dos,1
2.64,tcp,http,REJ,47,0,310,372,0.955,0.883,0,0,dos,1
26.65,tcp,http,SF,558,760,2,3,0.0,0.817,0,1,normal,0
50.25,tcp,ftp,SF,831,1372,8,1,0.0,0.976,0,1,normal,0
31.35,tcp,pop3,REJ,722,1184,6,4,0.069,0.9,0,1,normal,0
77.45,tcp,ssh,SF,466,1425,7,7,0.03,0.971,0,1,normal,0
110.56,udp,pop3,SF,0,1020,2,6,0.035,0.787,0,1,normal,0
11.95,tcp,ssh,SF,186,1119,8,1,0.094,0.817,0,1,normal,0
0.39,tcp,http,S0,56,5,276,457,0.885,0.87,0,0,dos,1
0.0,udp,other,S0,0,0,30,3,0.286,0.539,0,0,probe,1
1.39,tcp,smtp,S0,68,0,288,132,0.868,0.947,0,0,dos,1
40.21,tcp,pop3,SF,124,2547,5,1,0.0,0.83,0,1,normal,0
28.4,tcp,other,SF,795,0,2,3,0.045,0.913,0,1,normal,0
0.0,tcp,ftp,SF,718,552,4,1,0.055,0.745,0,1,normal,0
45.48,tcp,pop3,SF,930,1321,3,7,0.0,0.961,0,1,normal,0
1.43,udp,smtp,S0,11,0,22,6,0.472,0.223,0,0,probe,1
66.7,tcp,other,SF,351,1118,7,3,0.101,1.0,0,1,normal,0
71.0,tcp,smtp,RSTR,933,431,5,7,0.0,0.822,0,1,normal,0
2.49,tcp,ftp,S0,29,0,183,250,0.814,0.88,0,0,dos,1
80.63,tcp,pop3,SF,874,243,5,2,0.005,0.844,0,1,normal,0
71.2,tcp,http,SF,653,631,3,3,0.0,0.777,0,1,normal,0
35.99,tcp,dns,SF,404,951,2,5,0.077,0.96,0,1,normal,0
23.35,udp,other,REJ,825,902,1,7,0.0,0.987,0,1,normal,0
3.32,tcp,ssh,S0,50,2,314,338,0.9,0.962,0,0,dos,1
102.18,tcp,ssh,SF,737,1482,7,9,0.0,0.773,0,1,normal,0
0.0,tcp,smtp,S0,19,0,90,1,0.235,0.368,0,0,probe,1
0.72,tcp,dns,RSTR,14,0,254,469,0.79,0.974,0,0,dos,1
0.0,tcp,dns,REJ,24,0,370,268,0.795,0.958,0,0,dos,1
72.94,tcp,dns,SF,355,953,1,8,0.064,0.902,0,1,normal,0
46.02,udp,smtp,REJ,334,1452,2,5,0.0,0.898,0,1,normal,0
0.7,icmp,http,S0,33,0,258,509,0.764,0.948,0,0,dos,1
38.58,icmp,telnet,SF,578,51,4,1,0.027,0.934,0,1,normal,0
61.6,udp,ftp,SF,319,1428,5,6,0.025,1.0,0,1,normal,0
1.75,tcp,dns,REJ,87,0,310,204,0.966,0.961,0,0,dos,1
26.56,tcp,other,SF,554,1125,5,3,0.0,0.809,0,1,normal,0
4.14,tcp,pop3,S0,0,2,440,315,0.928,1.0,0,0,dos,1
1.09,icmp,ftp,REJ,26,3,38,9,0.375,0.269,0,0,probe,1
2.07,tcp,ftp,REJ,67,0,345,327,0.882,0.864,0,0,dos,1
77.17,tcp,ftp,SF,659,909,2,4,0.047,0.914,0,1,normal,0
0.31,tcp,http,S0,50,0,225,334,1.0,0.921,0,0,dos,1
88.53,udp,smtp,RSTR,549,1046,2,5,0.031,0.895,0,1,normal,0
0.21,tcp,ssh,RSTR,0,3,324,399,1.0,0.989,0,0,dos,1
2.22,tcp,dns,REJ,72,0,164,125,1.0,0.911,0,0,dos,1
0.0,udp,pop3,REJ,61,0,203,112,0.776,1.0,0,0,dos,1
95.28,tcp,ssh,SF,607,992,3,8,0.042,1.0,0,1,normal,0
61.58,tcp,smtp,REJ,626,1697,5,4,0.0,0.715,0,1,normal,0
26.33,tcp,smtp,SF,951,1911,5,5,0.0,0.748,0,1,normal,0
5.44,udp,pop3,SF,348,1100,9,4,0.048,0.833,0,1,normal,0
5.6,udp,ftp,SF,826,1012,9,5,0.029,0.957,0,1,normal,0
0.02,tcp,smtp,SF,563,2072,7,9,0.011,1.0,0,1,normal,0
35.6,tcp,other,SF,383,1342,5,7,0.0,0.899,0,1,normal,0
0.96,udp,other,S0,93,4,166,279,0.932,0.958,0,0,dos,1
0.0,tcp,pop3,REJ,0,0,36,15,0.347,0.206,0,0,probe,1
10.22,udp,ftp,SF,16,1836,1,9,0.063,1.0,0,1,normal,0
0.0,tcp,ssh,S0,0,0,246,229,0.786,0.953,0,0,dos,1
4.69,tcp,telnet,SF,881,535,6,7,0.025,1.0,0,1,normal,0
8.0,icmp,pop3,SF,402,916,6,5,0.0,0.806,0,1,normal,0
21.72,tcp,other,SF,506,2167,5,4,0.114,0.83,0,1,normal,0
0.06,udp,other,REJ,34,0,175,416,0.881,0.962,0,0,dos,1
24.33,tcp,http,SF,283,0,10,7,0.0,0.64,1,0,r2l,1
0.0,udp,other,S0,53,0,322,151,0.85,0.933,0,0,dos,1
4.49,tcp,http,SF,24,0,99,10,0.313,0.046,0,0,probe,1
8.04,tcp,other,S0,455,374,8,7,0.158,0.424,3,0,r2l,1
48.02,tcp,other,SF,605,1189,4,7,0.0,1.0,0,1,normal,0
63.16,tcp,ssh,SF,453,1637,9,6,0.0,0.939,0,1,normal,0
63.51,tcp,dns,REJ,567,861,4,5,0.028,1.0,0,1,normal,0
181.04,tcp,ftp,SF,781,788,2,2,0.017,0.635,1,1,u2r,1
106.18,udp,ftp,SF,238,585,7,8,0.057,1.0,0,1,normal,0
130.47,tcp,pop3,SF,1007,1428,2,3,0.0,0.896,0,1,normal,0
2.44,tcp,dns,S0,48,7,173,431,0.937,0.977,0,0,dos,1
107.2,tcp,other,SF,364,1213,3,5,0.0,0.809,0,1,normal,0
0.08,udp,http,REJ,27,5,316,401,0.787,0.932,0,0,dos,1
95.75,tcp,telnet,RSTO,338,1596,3,5,0.0,0.945,0,1,normal,0
33.31,tcp,ssh,SF,0,210,13,4,0.128,0.16,3,0,r2l,1
2.69,udp,smtp,REJ,27,4,51,3,0.576,0.198,0,0,probe,1
70.91,tcp,other,SF,851,1612,3,5,0.027,1.0,0,1,normal,0
3.97,udp,ssh,RSTR,29,0,359,194,0.768,0.973,0,0,dos,1
64.15,tcp,ssh,SF,60,711,6,1,0.0,0.807,0,1,normal,0
92.33,tcp,ssh,SF,578,1612,8,3,0.045,0.882,0,1,normal,0
26.08,tcp,other,SF,750,1756,8,3,0.066,0.907,0,1,normal,0
0.0,tcp,ssh,REJ,21,0,425,274,0.819,0.951,0,0,dos,1
45.38,icmp,dns,REJ,472,1401,6,6,0.0,0.833,0,1,normal,0
123.06,tcp,ssh,SF,685,952,8,2,0.0,1.0,0,1,normal,0
0.0,udp,dns,REJ,83,0,454,201,0.957,0.986,0,0,dos,1
70.93,udp,telnet,SF,594,976,5,2,0.0,0.993,0,1,normal,0
0.0,tcp,ftp,SF,162,696,9,7,0.147,0.874,0,1,normal,0
42.53,tcp,dns,SF,214,289,9,4,0.046,1.0,0,1,normal,0
78.35,tcp,ftp,SF,162,713,9,2,0.0,0.803,0,1,normal,0
0.0,tcp,dns,REJ,83,6,118,316,1.0,0.943,0,0,dos,1
84.41,tcp,ftp,SF,417,1762,1,4,0.06,0.91,0,1,normal,0
0.0,tcp,pop3,SF,393,1518,1,8,0.033,0.88,0,1,normal,0
1.19,tcp,ftp,S0,16,0,76,17,0.674,0.21,0,0,probe,1
145.67,tcp,smtp,SF,346,265,7,5,0.064,0.846,0,1,normal,0
0.0,udp,smtp,S0,37,0,137,179,0.934,0.914,0,0,dos,1
27.87,tcp,smtp,SF,810,1617,9,4,0.058,1.0,0,1,normal,0
0.0,tcp,dns,RSTR,23,10,488,348,0.71,0.908,0,0,dos,1
0.0,icmp,ftp,REJ,58,2,386,248,1.0,1.0,0,0,dos,1
5.57,tcp,dns,S0,47,0,87,9,0.435,0.216,0,0,probe,1
96.3,tcp,http,SF,831,95,3,9,0.088,0.909,0,1,normal,0
25.57,tcp,smtp,SF,41,178,8,2,0.0,0.884,0,1,normal,0
0.0,tcp,http,REJ,65,7,228,130,0.834,1.0,0,0,dos,1
0.0,icmp,telnet,SF,199,0,2,9,0.024,0.888,0,1,normal,0
61.91,tcp,pop3,SF,333,1088,3,3,0.001,0.896,0,1,normal,0
29.62,udp,ssh,SF,496,1911,3,2,0.063,0.901,0,1,normal,0
23.8,tcp,ftp,S0,0,0,13,1,0.0,0.436,2,0,r2l,1
1.91,tcp,ftp,S0,22,3,339,169,0.906,0.99,0,0,dos,1
72.6,tcp,http,SF,500,1918,6,9,0.0,0.936,0,1,normal,0
0.0,tcp,pop3,REJ,149,0,413,459,0.905,0.91,0,0,dos,1
0.0,tcp,dns,RSTR,163,1867,9,4,0.061,0.702,0,1,normal,0
1.69,tcp,http,RSTR,767,1332,3,9,0.01,0.75,0,1,normal,0
64.69,udp,http,SF,531,1757,9,3,0.0,1.0,0,1,normal,0
88.58,tcp,ssh,SF,289,2309,2,4,0.079,0.87,0,1,normal,0
13.23,tcp,smtp,S0,893,1628,9,2,0.069,0.927,0,1,normal,0
0.0,tcp,pop3,REJ,34,1,66,3,0.421,0.186,0,0,probe,1
2.3,tcp,ftp,S0,20,0,319,378,0.979,0.955,0,0,dos,1
96.05,tcp,ftp,REJ,431,128,6,7,0.0,0.889,0,1,normal,0
4.43,tcp,telnet,SF,526,1676,8,3,0.1,0.714,0,1,normal,0
96.52,tcp,telnet,SF,394,1832,4,9,0.049,1.0,0,1,normal,0
10.53,udp,telnet,S0,352,499,12,9,0.065,0.692,2,0,r2l,1
9.14,icmp,pop3,S0,6,1,32,14,0.217,0.341,0,0,probe,1
5.8,tcp,ssh,REJ,12,0,20,10,0.541,0.252,0,0,probe,1
17.32,tcp,telnet,SF,697,1847,6,7,0.047,0.776,0,1,normal,0
9.47,tcp,dns,SF,619,352,8,5,0.07,0.658,0,1,normal,0
21.22,icmp,ftp,SF,60,878,9,1,0.043,0.933,0,1,normal,0
103.93,tcp,telnet,SF,495,973,7,9,0.0,0.891,0,1,normal,0
28.43,tcp,pop3,SF,82,0,1,5,0.0,1.0,0,1,normal,0
86.5,icmp,pop3,SF,625,2305,1,8,0.073,1.0,0,1,normal,0
168.83,tcp,http,SF,693,0,4,4,0.021,1.0,1,1,u2r,1
26.54,tcp,ssh,SF,597,1034,4,8,0.0,0.641,0,1,normal,0
72.93,tcp,http,SF,559,734,8,7,0.0,0.986,0,1,normal,0
1.05,tcp,pop3,RSTR,80,0,311,428,0.843,0.963,0,0,dos,1
32.28,tcp,ssh,SF,683,938,1,2,0.015,0.903,0,1,normal,0
0.38,tcp,http,RSTR,36,0,102,225,0.916,1.0,0,0,dos,1
70.37,tcp,ssh,SF,574,923,8,5,0.049,0.939,0,1,normal,0
1.52,tcp,ftp,SF,22,0,26,2,0.63,0.138,0,0,probe,1
40.52,tcp,pop3,SF,126,0,8,8,0.0,0.945,0,1,normal,0
66.47,icmp,smtp,SF,802,136,4,6,0.114,0.956,0,1,normal,0
0.41,tcp,smtp,S0,110,0,123,105,1.0,1.0,0,0,dos,1
32.78,udp,ftp,SF,0,1060,4,8,0.0,0.921,0,1,normal,0
65.79,udp,ssh,REJ,203,1238,8,1,0.0,1.0,0,1,normal,0
66.15,udp,other,REJ,735,384,9,5,0.121,0.78,0,1,normal,0
42.27,tcp,dns,SF,489,1730,1,1,0.078,0.808,0,1,normal,0
0.0,tcp,telnet,REJ,66,1,341,408,0.886,0.916,0,0,dos,1
100.57,udp,ssh,SF,632,1423,9,1,0.0,0.895,0,1,normal,0
44.75,tcp,ssh,SF,0,0,5,4,0.008,0.844,0,1,normal,0
12.41,tcp,pop3,SF,805,856,2,4,0.036,0.98,0,1,normal,0
2.65,tcp,ssh,S0,78,0,293,433,1.0,0.919,0,0,dos,1
0.0,tcp,ssh,RSTO,489,839,2,2,0.0,0.733,0,1,normal,0
0.0,tcp,smtp,S0,604,913,3,4,0.028,0.758,0,1,normal,0
2.66,udp,telnet,S0,39,2,304,352,0.933,1.0,0,0,dos,1
0.0,tcp,dns,SF,296,1084,2,4,0.0,0.962,0,1,normal,0
0.31,tcp,pop3,S0,64,0,503,211,0.818,0.904,0,0,dos,1
0.0,tcp,pop3,SF,783,1011,4,5,0.022,0.766,0,1,normal,0
104.19,tcp,ssh,SF,227,806,3,4,0.036,0.985,0,1,normal,0
87.69,tcp,telnet,SF,159,2090,3,2,0.0,0.835,0,1,normal,0
1.31,tcp,ssh,REJ,21,0,85,16,0.646,0.308,0,0,probe,1
24.01,tcp,http,SF,593,467,2,8,0.151,0.777,0,1,normal,0
24.5,udp,dns,RSTR,0,563,1,6,0.0,0.996,0,1,normal,0
51.62,tcp,pop3,SF,778,818,1,9,0.0,0.962,0,1,normal,0
41.9,tcp,pop3,SF,528,1450,4,4,0.054,0.925,0,1,normal,0
118.04,tcp,dns,SF,443,1908,8,9,0.0,0.854,0,1,normal,0
68.03,tcp,ftp,S0,166,1106,5,9,0.005,0.944,0,1,normal,0
17.2,udp,smtp,SF,0,857,8,7,0.0,0.843,0,1,normal,0
53.82,tcp,ftp,SF,0,0,8,5,0.02,0.767,0,1,normal,0
25.26,udp,smtp,SF,61,478,9,7,0.059,0.88,0,1,normal,0
24.56,tcp,http,SF,903,1223,7,2,0.074,0.616,0,1,normal,0
20.01,tcp,ftp,SF,546,1301,7,7,0.035,0.885,0,1,normal,0
78.29,tcp,other,SF,1194,1365,7,1,0.115,0.753,0,1,normal,0
76.41,tcp,dns,SF,0,997,9,4,0.041,0.719,0,1,normal,0
17.73,tcp,ssh,SF,721,1224,6,1,0.0,1.0,0,1,normal,0
105.07,udp,pop3,REJ,804,1018,1,6,0.021,0.825,0,1,normal,0
12.56,tcp,other,SF,0,1595,8,6,0.111,0.763,0,1,normal,0
77.28,tcp,dns,REJ,446,2433,5,6,0.04,1.0,0,1,normal,0
3.64,tcp,dns,RSTR,23,6,493,191,0.922,0.96,0,0,dos,1
18.77,tcp,telnet,SF,196,971,6,6,0.008,0.858,0,1,normal,0
0.0,tcp,http,REJ,0,0,134,269,0.776,1.0,0,0,dos,1
59.33,udp,dns,RSTO,420,247,2,6,0.0,0.923,0,1,normal,0
0.36,tcp,pop3,S0,112,9,132,477,0.866,0.919,0,0,dos,1
128.46,udp,ssh,SF,965,1473,3,6,0.0,1.0,0,1,normal,0
72.15,tcp,http,SF,408,1811,4,4,0.0,0.934,0,1,normal,0
87.93,tcp,ssh,SF,510,1063,3,3,0.0,0.852,0,1,normal,0
0.0,tcp,telnet,S0,30,0,73,7,0.672,0.401,0,0,probe,1
84.61,udp,telnet,REJ,881,1313,2,4,0.058,0.82,0,1,normal,0
84.44,tcp,other,SF,879,925,1,2,0.068,1.0,0,1,normal,0
56.58,udp,ftp,SF,920,1119,3,4,0.0,0.835,0,1,normal,0
3.53,tcp,ftp,S0,95,1,260,408,0.87,0.898,0,0,dos,1
25.79,tcp,other,SF,587,0,8,7,0.064,0.919,0,1,normal,0
4.72,udp,dns,SF,271,557,6,9,0.042,0.81,0,1,normal,0
35.97,tcp,other,SF,495,1458,3,9,0.069,0.947,0,1,normal,0
6.31,tcp,pop3,REJ,0,0,93,16,0.342,0.155,0,0,probe,1
49.45,udp,ftp,SF,1233,0,6,3,0.0,0.698,0,1,normal,0
0.0,udp,pop3,SF,748,2044,7,1,0.021,0.691,0,1,normal,0
26.02,udp,smtp,SF,0,306,1,6,0.059,0.688,3,0,r2l,1
54.54,tcp,smtp,RSTR,471,1163,8,3,0.0,0.85,0,1,normal,0
68.79,udp,http,S0,697,1893,9,5,0.013,0.868,0,1,normal,0
42.98,tcp,ftp,SF,986,1107,6,3,0.0,0.894,0,1,normal,0
2.54,tcp,telnet,SF,63,608,1,3,0.042,0.771,0,1,normal,0
37.56,tcp,pop3,SF,542,1144,7,3,0.063,0.701,0,1,normal,0
11.21,tcp,ftp,REJ,724,549,4,1,0.024,0.95,0,1,normal,0
1.65,udp,dns,S0,56,0,255,114,0.856,1.0,0,0,dos,1
2.62,tcp,ftp,REJ,103,0,499,320,0.898,0.966,0,0,dos,1
128.18,tcp,dns,SF,439,627,4,3,0.091,1.0,0,1,normal,0
38.47,tcp,http,SF,0,437,9,1,0.0,0.907,0,1,normal,0
85.87,tcp,other,SF,684,1689,3,3,0.057,0.854,0,1,normal,0
6.72,tcp,smtp,S0,6,4,95,11,0.338,0.001,0,0,probe,1
21.92,tcp,dns,SF,983,656,4,4,0.054,0.919,0,1,normal,0
114.12,udp,smtp,SF,528,717,2,7,0.0,0.867,0,1,normal,0
60.05,tcp,pop3,SF,458,996,2,2,0.002,0.991,0,1,normal,0
104.37,tcp,ssh,S0,465,779,3,5,0.014,0.903,0,1,normal,0
99.98,tcp,pop3,SF,429,1653,1,9,0.068,0.806,0,1,normal,0
2.91,tcp,http,S0,83,6,496,187,0.834,0.875,0,0,dos,1
6.55,tcp,dns,SF,59,0,5,4,0.047,0.867,0,1,normal,0
0.0,tcp,pop3,REJ,23,0,45,18,0.623,0.34,0,0,probe,1
68.63,tcp,dns,SF,696,891,1,9,0.0,0.949,0,1,normal,0
0.32,tcp,smtp,S0,44,0,424,509,0.88,1.0,0,0,dos,1
2.09,tcp,telnet,REJ,53,7,455,409,0.828,0.928,0,0,dos,1
22.89,tcp,ftp,SF,0,516,1,1,0.035,0.914,1,1,u2r,1
172.04,tcp,ftp,SF,805,2466,4,7,0.0,0.867,0,1,normal,0
22.3,tcp,ftp,SF,429,127,5,3,0.066,0.721,0,1,normal,0
0.0,tcp,ssh,REJ,352,827,1,3,0.069,1.0,0,1,normal,0
52.56,tcp,other,SF,393,1533,1,4,0.075,0.997,0,1,normal,0
29.34,tcp,ssh,SF,590,289,6,4,0.04,0.836,0,1,normal,0
64.01,tcp,ssh,SF,1498,329,2,3,0.0,0.878,1,1,u2r,1
0.0,tcp,dns,SF,1015,0,4,4,0.041,0.86,0,1,u2r,1
32.62,icmp,ssh,SF,557,1345,4,2,0.112,0.933,0,1,normal,0
66.97,tcp,pop3,SF,576,894,7,5,0.106,0.696,0,1,normal,0
1.47,icmp,http,S0,90,0,101,173,0.831,0.88,0,0,dos,1
0.0,tcp,other,REJ,26,3,75,6,0.447,0.269,0,0,probe,1
51.42,tcp,pop3,SF,38,1346,6,9,0.043,0.821,0,1,normal,0
33.67,tcp,dns,SF,691,1207,8,1,0.033,0.922,0,1,normal,0
2.84,tcp,smtp,S0,66,2,262,364,0.816,0.908,0,0,dos,1
0.0,tcp,telnet,S0,406,1278,2,5,0.0,0.91,0,1,normal,0
55.66,tcp,telnet,REJ,490,1835,3,8,0.019,0.859,0,1,normal,0
58.44,tcp,other,SF,1157,660,2,3,0.017,0.701,1,1,u2r,1
213.32,tcp,dns,SF,1002,180,4,4,0.016,0.863,1,1,u2r,1
1.38,tcp,dns,S0,30,1,39,18,0.521,0.0,0,0,probe,1
1.44,tcp,other,RSTR,119,2,143,404,0.754,0.91,0,0,dos,1
50.64,tcp,ssh,S0,481,1723,7,9,0.098,0.606,0,1,normal,0
49.59,tcp,ftp,SF,650,1066,3,5,0.0,0.895,0,1,normal,0
20.86,udp,http,SF,848,1934,8,5,0.023,1.0,0,1,normal,0
13.28,tcp,http,SF,701,241,9,7,0.0,0.772,0,1,normal,0
64.18,tcp,other,SF,1235,945,9,6,0.054,0.914,0,1,normal,0
0.0,tcp,smtp,SF,625,0,7,5,0.0,1.0,0,1,normal,0
41.6,udp,telnet,SF,724,1489,4,6,0.047,0.871,0,1,normal,0
0.0,tcp,ftp,REJ,77,0,255,505,0.883,1.0,0,0,dos,1
34.71,tcp,http,SF,435,360,8,3,0.0,0.953,0,1,normal,0
45.87,tcp,ssh,SF,462,690,8,1,0.0,1.0,0,1,normal,0
74.06,tcp,ftp,SF,0,998,2,9,0.03,0.99,0,1,normal,0
56.47,tcp,dns,SF,524,1535,2,4,0.02,0.959,0,1,normal,0
2.86,tcp,dns,REJ,47,0,425,268,0.736,0.951,0,0,dos,1
56.27,udp,telnet,SF,613,1303,7,2,0.0,0.757,0,1,normal,0
76.58,tcp,pop3,SF,210,673,8,4,0.058,0.98,0,1,normal,0
1.23,tcp,pop3,REJ,57,0,358,198,0.968,0.897,0,0,dos,1
48.88,icmp,dns,SF,484,1062,2,2,0.035,1.0,0,1,normal,0
0.0,tcp,smtp,SF,40,1193,7,5,0.06,0.811,0,1,normal,0
43.03,tcp,telnet,S0,715,1519,6,9,0.033,0.847,0,1,normal,0
29.85,tcp,smtp,SF,218,575,2,5,0.023,1.0,0,1,normal,0
73.56,tcp,ssh,SF,181,869,6,7,0.0,0.942,0,1,normal,0
61.35,tcp,smtp,SF,665,645,7,5,0.0,0.9,0,1,normal,0
0.0,tcp,ftp,SF,746,1326,1,2,0.07,0.782,0,1,normal,0
89.11,tcp,other,SF,337,974,1,9,0.072,0.911,0,1,normal,0
48.69,tcp,smtp,SF,259,403,9,8,0.0,0.958,0,1,normal,0
31.13,tcp,telnet,SF,326,2140,9,3,0.0,0.977,0,1,normal,0
3.49,tcp,smtp,S0,18,3,292,279,0.896,1.0,0,0,dos,1
55.52,tcp,ftp,RSTO,469,307,7,5,0.011,0.97,0,1,normal,0
99.48,udp,ssh,SF,407,947,4,6,0.082,1.0,0,1,normal,0
10.09,udp,http,SF,595,621,4,2,0.046,1.0,0,1,normal,0
63.14,tcp,other,S0,773,2062,7,6,0.096,0.967,0,1,normal,0
80.04,icmp,pop3,SF,379,1864,4,4,0.0,0.864,0,1,normal,0
4.07,udp,ssh,REJ,18,3,337,189,0.944,0.942,0,0,dos,1
4.84,tcp,telnet,S0,17,0,61,10,0.471,0.101,0,0,probe,1
79.48,udp,pop3,SF,408,811,4,3,0.089,1.0,0,1,normal,0
35.51,tcp,smtp,SF,195,182,5,6,0.007,0.837,0,1,normal,0
0.0,tcp,other,SF,6,3,21,11,0.637,0.126,0,0,probe,1
40.15,tcp,ftp,SF,623,2158,1,2,0.0,0.945,0,1,normal,0
10.64,tcp,http,SF,740,1918,7,4,0.0,0.948,0,1,normal,0
58.6,udp,telnet,S0,354,919,2,1,0.0,0.849,0,1,normal,0
123.53,tcp,ssh,SF,761,0,7,6,0.0,1.0,0,1,normal,0
0.0,tcp,http,REJ,31,0,164,177,0.956,0.873,0,0,dos,1
48.65,tcp,dns,SF,969,1507,5,4,0.015,1.0,0,1,normal,0
0.0,tcp,ssh,SF,79,354,3,1,0.0,0.593,4,1,r2l,1
85.05,tcp,ftp,RSTR,18,1920,8,1,0.0,0.885,0,1,normal,0
89.86,tcp,smtp,SF,0,538,2,5,0.042,1.0,0,1,normal,0
55.8,tcp,http,SF,643,266,4,3,0.056,0.856,0,1,normal,0
11.89,tcp,dns,SF,348,1220,9,7,0.0,0.75,0,1,normal,0
112.67,tcp,pop3,SF,902,402,8,1,0.0,0.797,0,1,normal,0
46.54,icmp,smtp,SF,505,1009,2,8,0.033,0.962,0,1,normal,0
90.9,tcp,ssh,SF,132,991,5,1,0.0,0.87,0,1,normal,0
2.22,udp,pop3,S0,36,0,468,136,0.89,0.946,0,0,dos,1
7.18,tcp,http,S0,0,684,4,8,0.012,0.787,0,1,normal,0
30.47,tcp,pop3,SF,329,1658,8,1,0.075,0.945,0,1,normal,0
0.0,tcp,telnet,SF,678,1534,9,3,0.051,1.0,0,1,normal,0
104.08,tcp,dns,SF,646,1272,3,2,0.0,0.886,0,1,normal,0
0.04,tcp,ftp,S0,78,0,402,160,0.973,0.945,0,0,dos,1
0.69,tcp,smtp,S0,89,0,141,215,0.732,1.0,0,0,dos,1
0.98,tcp,http,REJ,99,6,165,361,0.809,0.94,0,0,dos,1
55.84,icmp,ssh,SF,411,728,7,8,0.022,1.0,0,1,normal,0
58.61,tcp,smtp,SF,612,981,9,9,0.0,0.944,0,1,normal,0
17.98,tcp,telnet,SF,98,1051,1,7,0.08,0.937,0,1,normal,0
0.27,tcp,dns,SF,295,968,6,8,0.0,0.785,0,1,normal,0
16.67,tcp,ssh,SF,297,1057,4,1,0.0,0.9,0,1,normal,0
30.1,udp,ftp,SF,492,1732,6,3,0.004,1.0,0,1,normal,0
99.37,tcp,http,SF,446,1713,1,8,0.0,0.742,0,1,normal,0
146.86,udp,other,SF,54,1291,5,9,0.0,0.938,0,1,normal,0
51.35,tcp,ftp,SF,749,1676,2,9,0.013,0.843,0,1,normal,0
1.24,tcp,ftp,S0,17,0,333,385,0.832,0.91,0,0,dos,1
0.0,tcp,http,REJ,0,2,98,16,0.695,0.104,0,0,probe,1
126.26,tcp,smtp,SF,570,1117,2,2,0.0,0.945,0,1,normal,0
8.62,tcp,telnet,REJ,11,2,50,13,0.565,0.156,0,0,probe,1
67.14,tcp,other,SF,675,1037,5,5,0.093,0.801,0,1,normal,0
4.04,tcp,ftp,S0,12,2,47,15,0.464,0.113,0,0,probe,1
0.0,tcp,telnet,SF,79,326,4,1,0.198,0.536,1,1,r2l,1
0.0,tcp,http,SF,389,1852,5,7,0.0,0.918,0,1,normal,0
1.48,tcp,smtp,S0,71,4,186,160,0.849,1.0,0,0,dos,1
38.55,icmp,smtp,SF,127,31,11,4,0.0,0.62,1,0,r2l,1
4.88,tcp,ftp,S0,20,3,83,6,0.428,0.257,0,0,probe,1
2.7,tcp,telnet,SF,235,249,10,5,0.037,0.851,1,0,r2l,1
4.69,tcp,dns,SF,557,287,7,5,0.063,1.0,0,1,normal,0
1.62,udp,dns,SF,1147,735,3,3,0.0,0.738,0,1,normal,0
1.29,tcp,dns,S0,51,0,382,207,1.0,0.967,0,0,dos,1
80.79,tcp,ssh,SF,1004,337,1,9,0.0,0.718,0,1,normal,0
108.13,tcp,pop3,SF,329,872,4,5,0.019,0.745,0,1,normal,0
72.3,tcp,ftp,SF,175,1202,9,4,0.07,1.0,0,1,normal,0
60.98,tcp,other,SF,631,1282,6,4,0.002,0.943,0,1,normal,0
98.79,tcp,ssh,SF,660,0,6,3,0.0,0.825,0,1,normal,0
0.34,tcp,ssh,S0,82,7,372,416,1.0,0.973,0,0,dos,1
121.88,tcp,pop3,SF,505,803,3,4,0.016,0.949,0,1,normal,0
0.0,tcp,smtp,S0,71,4,318,320,0.94,0.998,0,0,dos,1
0.85,tcp,ssh,REJ,55,0,482,356,0.84,1.0,0,0,dos,1
23.32,tcp,ftp,SF,658,803,7,3,0.0,1.0,0,1,normal,0
65.83,icmp,telnet,SF,401,1371,8,3,0.08,0.805,0,1,normal,0
98.64,tcp,http,SF,199,598,9,3,0.0,0.868,0,1,normal,0
10.44,tcp,dns,S0,63,208,4,2,0.246,0.8,4,0,r2l,1
0.0,tcp,ssh,S0,29,0,130,245,1.0,0.963,0,0,dos,1
57.54,tcp,dns,SF,46,0,1,6,0.024,0.861,0,1,normal,0
69.7,tcp,telnet,SF,587,997,5,8,0.033,0.846,0,1,normal,0
118.71,icmp,dns,SF,485,0,5,8,0.013,0.758,0,1,normal,0
30.97,tcp,telnet,SF,544,954,9,7,0.019,0.934,0,1,normal,0
5.38,udp,ssh,S0,11,0,71,6,0.512,0.2,0,0,probe,1
0.79,tcp,other,REJ,66,3,164,139,0.8,0.974,0,0,dos,1
55.0,tcp,dns,SF,391,428,4,3,0.045,0.887,0,1,normal,0
2.01,tcp,pop3,S0,51,0,493,438,0.746,0.952,0,0,dos,1
55.58,udp,pop3,SF,0,1118,1,2,0.0,1.0,0,1,normal,0
0.48,tcp,dns,REJ,0,2,228,294,1.0,0.946,0,0,dos,1
99.96,tcp,telnet,S0,500,1055,4,3,0.01,0.767,0,1,normal,0
90.73,tcp,other,SF,760,2059,6,1,0.0,0.794,0,1,normal,0
2.89,udp,http,REJ,15,0,43,10,0.735,0.186,0,0,probe,1
0.0,tcp,http,SF,615,1949,4,4,0.0,0.957,0,1,normal,0
40.14,icmp,other,SF,428,1286,9,5,0.044,0.943,0,1,normal,0
83.79,tcp,http,SF,940,295,1,3,0.067,1.0,1,1,u2r,1
80.94,tcp,ssh,SF,0,1191,4,8,0.018,0.806,0,1,normal,0
16.66,tcp,ftp,RSTR,799,1901,4,8,0.0,0.825,0,1,normal,0
29.38,tcp,dns,SF,762,569,5,1,0.034,1.0,0,1,normal,0
27.67,icmp,pop3,SF,556,1133,5,1,0.0,0.892,0,1,normal,0
30.94,tcp,other,SF,426,1868,5,7,0.084,0.849,0,1,normal,0
73.04,tcp,other,SF,623,1049,8,9,0.001,0.903,0,1,normal,0
4.86,udp,pop3,REJ,27,0,117,500,0.904,0.935,0,0,dos,1
54.11,udp,ftp,SF,280,1712,2,2,0.0,0.827,0,1,normal,0
82.0,tcp,smtp,SF,650,533,1,6,0.0,0.916,0,1,normal,0
0.0,tcp,other,S0,96,6,489,417,0.964,0.942,0,0,dos,1
104.48,tcp,smtp,REJ,735,496,1,6,0.004,1.0,0,1,normal,0
5.34,tcp,http,S0,66,0,218,328,0.845,0.954,0,0,dos,1
41.14,tcp,pop3,S0,105,236,2,9,0.04,0.96,0,1,normal,0
27.59,tcp,ssh,SF,376,381,8,2,0.16,0.741,2,0,r2l,1
44.81,tcp,ftp,SF,416,796,6,2,0.0,1.0,0,1,normal,0
75.89,tcp,dns,SF,798,1221,6,1,0.052,0.775,0,1,normal,0
1.34,tcp,dns,S0,20,0,46,6,0.43,0.258,0,0,probe,1
82.81,udp,other,SF,233,610,4,8,0.026,0.964,0,1,normal,0
74.39,tcp,ftp,SF,531,170,3,5,0.0,1.0,0,1,normal,0
55.54,tcp,ssh,SF,749,831,8,3,0.03,1.0,0,1,normal,0
52.06,tcp,smtp,SF,587,808,2,1,0.0,0.762,0,1,normal,0
0.0,tcp,smtp,SF,551,1616,1,6,0.069,0.902,0,1,normal,0
13.22,tcp,smtp,SF,0,533,4,9,0.053,1.0,0,1,normal,0
0.0,tcp,smtp,SF,35,196,9,1,0.0,0.835,0,1,normal,0
86.94,icmp,ssh,RSTR,528,1594,6,6,0.0,0.872,0,1,normal,0
69.68,icmp,smtp,SF,194,1021,9,2,0.039,1.0,0,1,normal,0
28.84,tcp,http,SF,306,847,5,6,0.0,0.895,0,1,normal,0
83.69,udp,smtp,REJ,365,48,1,7,0.007,1.0,0,1,normal,0
54.92,tcp,pop3,SF,549,1509,5,1,0.008,0.782,0,1,normal,0
47.25,tcp,ftp,SF,391,1991,6,6,0.025,1.0,0,1,normal,0
11.38,udp,dns,SF,568,1248,7,7,0.0,0.759,0,1,normal,0
13.12,tcp,telnet,SF,0,1086,8,7,0.024,0.861,0,1,normal,0
53.55,tcp,pop3,SF,675,989,6,2,0.074,0.975,0,1,normal,0
2.28,tcp,dns,SF,818,0,9,7,0.027,0.853,0,1,normal,0
54.54,tcp,pop3,S0,66,273,4,8,0.091,1.0,0,1,normal,0
7.84,udp,pop3,SF,203,972,6,7,0.0,0.676,0,1,normal,0
97.54,tcp,ftp,REJ,569,786,2,9,0.0,1.0,0,1,normal,0
0.0,udp,other,S0,55,0,456,319,0.783,1.0,0,0,dos,1
74.32,tcp,http,SF,421,1553,9,1,0.0,0.907,0,1,normal,0
11.6,tcp,dns,SF,388,738,7,1,0.028,0.946,0,1,normal,0
12.24,tcp,ssh,SF,464,852,9,2,0.037,0.806,0,1,normal,0
48.66,tcp,ssh,SF,855,211,9,1,0.0,0.599,0,1,normal,0
72.39,tcp,ftp,SF,700,828,9,2,0.061,0.919,0,1,normal,0
108.62,tcp,http,SF,550,382,8,9,0.013,0.895,0,1,normal,0
53.88,tcp,http,SF,135,849,7,2,0.097,0.786,0,1,normal,0
68.58,tcp,other,SF,528,767,1,7,0.099,0.821,0,1,normal,0
2.02,tcp,other,S0,63,0,426,397,1.0,0.846,0,0,dos,1
0.0,tcp,pop3,REJ,5,0,46,4,0.681,0.213,0,0,probe,1
0.0,tcp,ssh,SF,522,1808,4,6,0.0,0.992,0,1,normal,0
102.44,tcp,ftp,SF,261,0,2,8,0.015,0.884,0,1,normal,0
1.42,tcp,pop3,S0,34,0,436,452,0.949,0.959,0,0,dos,1
51.96,udp,ftp,SF,551,1164,1,9,0.112,0.827,0,1,normal,0
4.39,tcp,other,S0,45,4,428,363,0.999,0.976,0,0,dos,1
10.2,udp,ftp,SF,881,2052,5,1,0.0,0.932,0,1,normal,0
9.04,udp,other,S0,37,0,63,13,0.278,0.0,0,0,probe,1
27.79,tcp,ssh,SF,201,394,3,6,0.187,0.519,1,0,r2l,1
55.17,tcp,http,SF,553,1535,2,3,0.006,0.767,0,1,normal,0
36.95,tcp,ssh,SF,526,965,2,7,0.016,0.867,0,1,normal,0
150.75,tcp,ssh,SF,62,444,5,1,0.031,0.843,0,1,normal,0
64.79,tcp,ftp,SF,781,1722,8,7,0.0,0.925,0,1,normal,0
1.82,udp,dns,SF,809,225,5,7,0.019,1.0,0,1,normal,0
0.0,tcp,dns,SF,447,243,1,4,0.047,0.961,1,1,u2r,1
0.0,tcp,http,REJ,316,2390,5,8,0.0,0.867,0,1,normal,0
47.44,tcp,ftp,SF,236,1495,9,1,0.064,0.877,0,1,normal,0
0.0,udp,pop3,REJ,68,0,201,354,0.961,0.981,0,0,dos,1
39.43,udp,smtp,SF,479,2148,2,4,0.023,0.976,0,1,normal,0
0.0,icmp,pop3,SF,723,1043,5,5,0.065,0.848,0,1,normal,0
19.49,udp,pop3,SF,111,284,8,1,0.067,0.722,4,1,r2l,1
29.05,tcp,ssh,SF,504,1860,5,4,0.031,0.883,0,1,normal,0
55.71,tcp,smtp,SF,596,404,4,8,0.071,0.707,0,1,normal,0
67.29,tcp,other,SF,380,0,5,9,0.018,0.969,0,1,normal,0
0.0,tcp,ssh,S0,12,3,95,2,1.0,0.124,0,0,probe,1
0.0,tcp,ftp,SF,472,0,5,9,0.042,0.822,0,1,normal,0
84.63,tcp,ssh,SF,318,740,4,9,0.034,0.839,0,1,normal,0
129.17,tcp,ssh,SF,932,578,7,9,0.0,0.801,0,1,normal,0
47.79,tcp,ftp,SF,164,1571,9,6,0.0,0.848,0,1,normal,0
5.68,udp,ssh,SF,16,0,81,12,0.457,0.244,0,0,probe,1
3.51,tcp,telnet,SF,1159,674,2,7,0.057,0.779,0,1,normal,0
28.48,icmp,ssh,S0,217,262,2,7,0.109,0.796,4,0,r2l,1
20.16,tcp,telnet,SF,608,1255,4,4,0.0,0.832,0,1,normal,0
61.9,udp,http,SF,263,669,8,3,0.0,1.0,0,1,normal,0
0.0,tcp,smtp,S0,0,1,199,398,1.0,1.0,0,0,dos,1
9.65,tcp,dns,SF,887,397,2,9,0.054,1.0,0,1,normal,0
61.61,udp,pop3,S0,213,1773,2,4,0.077,0.851,0,1,normal,0
0.66,tcp,ssh,S0,23,0,103,387,0.955,0.981,0,0,dos,1
96.83,udp,dns,SF,365,2237,7,8,0.0,0.924,0,1,normal,0
36.04,tcp,pop3,RSTR,882,1054,1,7,0.117,0.934,0,1,normal,0
22.16,tcp,other,SF,27,0,6,6,0.039,0.493,3,1,r2l,1
36.61,tcp,pop3,SF,123,1540,1,6,0.018,0.91,0,1,normal,0
128.85,udp,telnet,SF,402,801,5,2,0.0,0.913,0,1,normal,0
47.49,tcp,smtp,SF,230,1151,1,7,0.036,0.939,0,1,normal,0
72.89,udp,pop3,SF,644,0,3,2,0.024,0.773,0,1,normal,0
109.52,tcp,ssh,RSTO,627,0,5,9,0.0,0.858,0,1,normal,0
118.53,tcp,http,SF,377,0,2,5,0.0,0.934,0,1,normal,0
16.91,tcp,ftp,SF,317,804,4,2,0.0,0.926,0,1,normal,0
56.77,tcp,telnet,SF,378,1851,4,8,0.016,0.977,0,1,normal,0
8.15,icmp,telnet,SF,582,325,1,3,0.041,1.0,0,1,normal,0
45.03,tcp,dns,SF,546,610,2,8,0.0,0.823,0,1,normal,0
0.0,tcp,pop3,SF,460,225,8,1,0.016,1.0,0,1,normal,0
2.94,tcp,smtp,RSTR,73,0,323,154,0.847,0.921,0,0,dos,1
15.05,tcp,other,SF,196,847,8,7,0.027,0.855,0,1,normal,0
5.37,tcp,ftp,SF,251,2224,4,8,0.037,0.829,0,1,normal,0
2.1,tcp,ftp,REJ,47,0,158,313,0.767,0.909,0,0,dos,1
30.82,tcp,http,S0,326,1584,4,1,0.001,0.795,0,1,normal,0
1.51,tcp,ftp,SF,986,597,7,9,0.048,0.893,0,1,normal,0
5.52,tcp,smtp,SF,10,0,33,17,0.408,0.354,0,0,probe,1
0.0,tcp,smtp,SF,596,828,5,2,0.019,0.929,0,1,normal,0
77.96,tcp,smtp,SF,243,1819,9,5,0.0,0.904,0,1,normal,0
43.22,tcp,ssh,SF,68,832,8,1,0.0,0.975,0,1,normal,0
50.43,tcp,dns,SF,768,1829,2,3,0.018,0.802,0,1,normal,0
0.0,tcp,http,SF,169,1982,7,8,0.0,0.82,0,1,normal,0
2.94,tcp,smtp,S0,62,0,476,252,0.882,0.942,0,0,dos,1
72.0,tcp,telnet,SF,75,1048,5,7,0.073,1.0,0,1,normal,0
0.0,tcp,other,S0,48,1,369,168,0.844,1.0,0,0,dos,1
0.0,tcp,pop3,S0,45,0,25,7,0.723,0.4,0,0,probe,1
96.99,tcp,dns,S0,98,1379,2,6,0.032,0.993,0,1,normal,0
0.94,tcp,ftp,S0,16,0,263,287,0.796,1.0,0,0,dos,1
2.66,tcp,http,S0,64,2,325,387,0.675,1.0,0,0,dos,1
112.67,tcp,dns,SF,1321,404,4,1,0.07,1.0,1,1,u2r,1
27.44,udp,http,REJ,679,1755,8,3,0.029,0.942,0,1,normal,0
94.62,tcp,other,SF,366,552,5,7,0.043,0.811,0,1,normal,0
40.54,tcp,ftp,SF,668,1483,5,3,0.0,0.864,0,1,normal,0
107.88,tcp,other,SF,647,1437,9,5,0.098,0.911,0,1,normal,0
55.09,tcp,http,SF,484,392,1,4,0.042,0.743,0,1,normal,0
55.98,udp,pop3,SF,534,1510,2,5,0.0,0.928,0,1,normal,0
0.0,tcp,other,SF,144,1003,1,6,0.0,0.87,0,1,normal,0
0.0,tcp,telnet,S0,33,0,40,6,0.445,0.066,0,0,probe,1
65.25,tcp,telnet,SF,0,1532,3,5,0.129,0.994,0,1,normal,0
136.9,tcp,ssh,RSTO,141,0,9,4,0.0,0.764,0,1,normal,0
20.95,tcp,telnet,SF,1089,2288,8,9,0.065,0.844,0,1,normal,0
0.0,tcp,telnet,SF,477,1529,8,9,0.065,1.0,0,1,normal,0
48.53,tcp,http,SF,422,56,6,3,0.0,0.846,0,1,normal,0
46.58,icmp,other,SF,654,576,5,8,0.0,1.0,0,1,normal,0
85.47,tcp,ftp,SF,216,686,5,4,0.023,0.837,0,1,normal,0
24.93,icmp,dns,SF,598,743,8,5,0.001,0.837,0,1,normal,0
85.21,tcp,ftp,SF,252,874,4,7,0.0,0.932,0,1,normal,0
86.37,tcp,dns,SF,1058,0,2,2,0.02,0.994,0,1,normal,0
9.19,udp,ftp,SF,143,554,3,5,0.012,0.835,0,1,normal,0
21.89,tcp,other,SF,330,551,2,2,0.0,1.0,0,1,normal,0
111.07,tcp,smtp,SF,448,1241,1,2,0.043,0.905,0,1,normal,0
23.21,tcp,http,SF,308,595,9,6,0.0,0.965,0,1,normal,0
102.37,tcp,pop3,S0,720,1001,8,4,0.0,0.818,0,1,normal,0
0.0,tcp,telnet,REJ,27,0,418,149,1.0,0.91,0,0,dos,1
73.55,tcp,dns,SF,1052,0,2,2,0.034,0.859,0,1,u2r,1
0.0,tcp,ftp,S0,9,0,97,9,0.393,0.44,0,0,probe,1
59.45,tcp,dns,SF,396,680,8,2,0.01,0.861,0,1,normal,0
27.12,tcp,dns,SF,533,636,1,3,0.0,0.827,0,1,normal,0
34.31,tcp,smtp,SF,1053,1375,8,6,0.0,1.0,0,1,normal,0
1.06,tcp,other,REJ,57,0,223,191,1.0,0.89,0,0,dos,1
2.2,udp,telnet,S0,36,0,422,164,1.0,0.937,0,0,dos,1
0.65,tcp,ftp,S0,53,5,276,470,0.769,1.0,0,0,dos,1
3.2,tcp,dns,S0,46,0,48,15,0.236,0.201,0,0,probe,1
45.72,tcp,http,SF,757,671,3,2,0.066,0.893,0,1,normal,0
4.11,tcp,dns,S0,135,3,509,343,0.937,0.953,0,0,dos,1
1.4,tcp,dns,S0,68,9,322,434,0.973,0.928,0,0,dos,1
19.11,udp,telnet,SF,438,2067,6,9,0.038,0.891,0,1,normal,0
3.85,tcp,smtp,S0,6,0,95,8,0.499,0.339,0,0,probe,1
20.61,tcp,pop3,SF,592,144,8,7,0.017,1.0,0,1,normal,0
80.02,udp,pop3,SF,532,0,1,2,0.1,1.0,1,1,u2r,1
0.0,tcp,smtp,S0,20,1,308,160,1.0,0.948,0,0,dos,1
55.12,tcp,http,S0,475,1253,6,5,0.067,0.768,0,1,normal,0
27.94,tcp,dns,SF,475,717,7,7,0.0,0.946,0,1,normal,0
42.94,tcp,other,SF,784,705,8,8,0.041,0.889,0,1,normal,0
0.39,tcp,http,REJ,78,4,485,488,0.863,0.865,0,0,dos,1
2.27,tcp,other,S0,73,0,366,399,0.846,0.855,0,0,dos,1
46.08,tcp,telnet,SF,400,586,4,8,0.0,0.844,0,1,normal,0
1.0,tcp,pop3,S0,145,0,177,322,0.867,1.0,0,0,dos,1
9.1,tcp,http,SF,459,689,8,3,0.0,0.913,0,1,normal,0
84.91,tcp,dns,SF,456,1906,7,7,0.0,1.0,0,1,normal,0
104.33,tcp,other,SF,577,1243,6,2,0.05,0.954,0,1,normal,0
46.69,tcp,ssh,SF,760,1879,2,5,0.0,0.865,0,1,normal,0
92.34,udp,telnet,SF,313,1319,6,7,0.0,1.0,0,1,normal,0
0.0,udp,http,SF,12,948,2,2,0.008,1.0,0,1,normal,0
11.9,udp,telnet,SF,49,505,3,3,0.041,0.874,0,1,normal,0
71.1,tcp,pop3,SF,0,1341,3,8,0.0,0.965,0,1,normal,0
0.0,tcp,http,S0,46,0,452,489,0.997,0.969,0,0,dos,1
23.31,tcp,dns,SF,953,1736,4,8,0.043,0.934,0,1,normal,0
0.61,udp,ssh,S0,23,0,47,5,0.623,0.168,0,0,probe,1
0.0,tcp,ssh,SF,371,125,7,7,0.043,1.0,0,1,normal,0
128.03,tcp,dns,REJ,247,1097,8,9,0.022,0.907,0,1,normal,0
153.48,tcp,pop3,SF,695,1031,5,4,0.063,0.844,0,1,normal,0
0.0,udp,other,SF,70,1951,2,5,0.086,0.878,0,1,normal,0
115.94,udp,other,SF,1130,828,2,1,0.08,0.91,0,1,normal,0
0.0,udp,smtp,SF,1073,1006,3,4,0.0,0.835,0,1,normal,0
0.0,icmp,ssh,SF,570,645,1,9,0.023,0.813,0,1,normal,0
37.49,tcp,ssh,SF,239,1858,5,8,0.0,0.711,0,1,normal,0
86.37,tcp,dns,RSTO,813,927,8,7,0.017,0.864,0,1,normal,0
72.37,tcp,dns,SF,378,826,8,6,0.0,0.789,0,1,normal,0
0.7,tcp,dns,S0,59,0,492,201,0.941,1.0,0,0,dos,1
70.58,tcp,dns,RSTO,488,464,1,4,0.055,0.833,0,1,normal,0
17.66,tcp,dns,SF,352,183,6,2,0.3,0.512,3,0,r2l,1
0.0,tcp,ftp,S0,20,4,241,295,0.778,1.0,0,0,dos,1
41.89,tcp,pop3,S0,394,486,14,7,0.212,0.664,3,0,r2l,1
4.06,tcp,telnet,S0,49,0,139,179,1.0,0.96,0,0,dos,1
93.31,tcp,http,RSTR,986,127,9,8,0.024,0.851,0,1,normal,0
4.93,tcp,http,SF,527,1220,1,6,0.0,0.803,0,1,normal,0
10.65,tcp,ssh,SF,556,775,8,2,0.013,0.833,0,1,normal,0
2.65,tcp,other,S0,88,0,220,471,0.917,0.911,0,0,dos,1
50.89,tcp,ssh,SF,660,1254,6,1,0.02,1.0,0,1,normal,0
35.33,tcp,smtp,SF,0,701,5,3,0.008,0.962,0,1,normal,0
2.82,tcp,ftp,REJ,18,0,97,12,0.343,0.278,0,0,probe,1
103.1,tcp,ssh,RSTO,605,1162,4,4,0.007,0.994,0,1,normal,0
23.3,udp,ssh,SF,470,1328,3,2,0.0,0.893,0,1,normal,0
0.0,udp,http,S0,54,6,335,299,0.863,0.972,0,0,dos,1
43.69,tcp,pop3,SF,507,775,1,7,0.038,0.877,0,1,normal,0
42.32,tcp,ftp,SF,570,1070,6,5,0.0,0.786,0,1,normal,0
3.16,tcp,pop3,S0,11,0,459,334,0.745,0.861,0,0,dos,1
55.73,tcp,dns,S0,275,1443,2,6,0.0,0.823,0,1,normal,0
36.55,tcp,ftp,SF,212,770,7,3,0.051,0.832,0,1,normal,0
32.19,tcp,ssh,SF,461,1360,4,3,0.024,0.897,0,1,normal,0
26.97,tcp,other,SF,816,1320,1,1,0.027,0.931,0,1,normal,0
53.74,tcp,ftp,SF,171,573,9,7,0.0,0.783,0,1,normal,0
0.0,tcp,http,S0,3,3,29,18,0.774,0.041,0,0,probe,1
2.7,tcp,dns,S0,30,0,36,5,0.564,0.325,0,0,probe,1
92.44,udp,other,SF,698,370,8,7,0.058,0.946,0,1,normal,0
0.0,tcp,ftp,SF,319,689,9,5,0.02,0.769,0,1,normal,0
55.12,tcp,dns,REJ,59,822,6,4,0.0,0.979,0,1,normal,0
0.0,tcp,smtp,S0,68,0,332,460,0.904,0.956,0,0,dos,1
8.9,udp,http,SF,1007,1840,4,7,0.0,0.859,0,1,normal,0
28.27,tcp,smtp,SF,609,558,3,1,0.0,0.899,0,1,normal,0
14.32,tcp,ftp,SF,486,90,4,2,0.043,0.97,0,1,normal,0
80.88,tcp,ftp,SF,18,755,3,1,0.041,0.856,0,1,u2r,1
92.02,tcp,telnet,SF,542,1277,2,9,0.0,0.897,0,1,normal,0
0.92,tcp,ssh,S0,82,10,462,315,0.82,1.0,0,0,dos,1
0.0,tcp,http,SF,1144,1594,5,5,0.0,0.869,0,1,normal,0
1.56,tcp,dns,S0,19,2,88,6,0.0,0.297,0,0,probe,1
48.62,udp,http,SF,272,392,8,3,0.093,0.879,0,1,normal,0
0.0,tcp,telnet,SF,0,1497,5,1,0.0,0.791,0,1,normal,0
0.0,udp,dns,REJ,31,3,20,2,0.3,0.287,0,0,probe,1
0.0,tcp,ftp,REJ,50,0,43,12,0.326,0.026,0,0,probe,1
17.83,tcp,smtp,S0,875,540,7,8,0.0,1.0,0,1,normal,0
77.61,tcp,ftp,SF,805,800,4,3,0.0,0.937,0,1,normal,0
90.61,tcp,ftp,SF,531,1187,4,1,0.045,0.758,0,1,normal,0
20.1,tcp,http,REJ,464,45,7,2,0.125,0.84,0,1,normal,0
8.4,tcp,other,SF,671,568,3,5,0.115,0.774,0,1,normal,0
1.67,tcp,dns,S0,20,7,41,14,0.46,0.182,0,0,probe,1
0.0,tcp,ftp,SF,1147,1190,9,8,0.0,0.96,0,1,normal,0
2.5,tcp,http,S0,15,2,327,206,0.681,0.952,0,0,dos,1
108.94,tcp,pop3,RSTO,957,921,1,3,0.0,0.948,0,1,normal,0
12.93,tcp,dns,REJ,668,612,2,4,0.034,0.823,0,1,normal,0
22.16,udp,dns,SF,425,585,3,6,0.047,0.845,0,1,normal,0
66.68,tcp,ssh,SF,963,1183,7,4,0.012,0.7,0,1,normal,0
50.71,tcp,other,SF,411,1530,1,6,0.0,0.839,0,1,normal,0
18.09,tcp,smtp,SF,0,0,9,7,0.0,0.962,0,1,normal,0
2.81,tcp,telnet,REJ,24,0,91,9,0.867,0.134,0,0,probe,1
3.72,icmp,ftp,S0,64,4,488,426,0.795,0.95,0,0,dos,1
2.1,tcp,http,REJ,0,0,455,315,0.79,0.983,0,0,dos,1
73.02,tcp,other,SF,186,679,9,5,0.022,0.897,0,1,normal,0
0.0,tcp,dns,SF,670,1918,3,8,0.0,0.988,0,1,normal,0
80.41,tcp,pop3,RSTR,810,1951,4,3,0.027,0.808,0,1,normal,0
9.64,udp,other,SF,496,21,3,5,0.081,1.0,0,1,normal,0
94.46,tcp,telnet,SF,629,736,2,3,0.0,0.794,0,1,normal,0
0.56,tcp,telnet,SF,373,1595,6,5,0.029,1.0,0,1,normal,0
59.64,tcp,other,SF,323,227,9,5,0.055,0.875,0,1,normal,0
96.56,udp,ftp,SF,768,0,6,7,0.102,0.972,0,1,normal,0
11.27,tcp,ssh,SF,669,744,9,7,0.064,1.0,0,1,normal,0
14.03,tcp,telnet,RSTO,700,1999,3,6,0.0,0.935,0,1,normal,0
59.29,tcp,pop3,SF,468,587,7,8,0.0,0.916,0,1,normal,0
92.28,tcp,pop3,SF,135,546,6,4,0.041,0.863,0,1,normal,0
4.95,tcp,smtp,SF,277,219,4,6,0.0,0.942,0,1,normal,0
36.95,tcp,other,SF,654,996,6,1,0.0,0.883,0,1,normal,0
112.64,tcp,smtp,SF,437,0,3,1,0.012,0.856,0,1,normal,0
0.38,tcp,other,S0,4,0,488,403,0.842,0.935,0,0,dos,1
18.9,tcp,ftp,SF,472,1280,9,2,0.0,0.793,0,1,normal,0
0.0,udp,pop3,SF,360,984,8,6,0.0,0.954,0,1,normal,0
18.49,tcp,other,SF,240,0,2,4,0.014,0.691,2,1,r2l,1
41.26,tcp,pop3,SF,206,144,8,9,0.017,0.854,0,1,normal,0
0.0,udp,other,S0,10,4,60,16,0.546,0.142,0,0,probe,1
1.55,udp,other,REJ,57,0,458,409,0.917,0.974,0,0,dos,1
88.01,udp,ftp,S0,514,938,2,9,0.0,0.87,0,1,normal,0
14.43,tcp,other,RSTO,477,885,4,1,0.055,0.992,0,1,normal,0
56.37,tcp,telnet,SF,486,271,1,6,0.008,0.842,0,1,normal,0
0.0,udp,smtp,SF,1151,577,3,3,0.133,0.823,1,1,u2r,1
32.91,tcp,telnet,RSTO,416,1383,5,8,0.024,1.0,0,1,normal,0
68.99,tcp,pop3,SF,472,1453,3,6,0.044,0.962,0,1,normal,0
62.39,tcp,ftp,SF,788,968,3,3,0.007,1.0,0,1,normal,0
37.02,tcp,dns,SF,376,472,9,6,0.084,0.889,0,1,normal,0
0.64,tcp,ssh,REJ,61,7,399,216,0.743,1.0,0,0,dos,1
0.0,tcp,http,SF,744,1,2,5,0.01,0.833,0,1,normal,0
0.03,tcp,http,REJ,67,0,235,313,0.961,0.971,0,0,dos,1
2.91,tcp,dns,S0,25,2,503,323,0.943,1.0,0,0,dos,1
55.17,tcp,dns,SF,986,0,4,3,0.091,0.994,0,1,normal,0
0.0,tcp,ssh,SF,487,1541,9,9,0.0,0.89,0,1,normal,0
5.69,tcp,http,RSTR,14,7,229,436,0.919,1.0,0,0,dos,1
1.9,udp,telnet,S0,83,0,219,299,0.91,0.948,0,0,dos,1
3.65,udp,dns,REJ,0,0,335,301,0.899,0.972,0,0,dos,1
120.52,tcp,ftp,SF,166,599,2,3,0.006,0.893,0,1,normal,0
69.4,tcp,pop3,SF,286,1142,1,6,0.004,0.779,0,1,normal,0
106.61,tcp,telnet,SF,105,957,4,2,0.0,0.793,0,1,normal,0
0.0,tcp,ssh,REJ,25,7,349,410,0.75,0.97,0,0,dos,1
66.55,icmp,http,SF,84,822,9,1,0.076,0.839,0,1,normal,0
17.37,udp,http,SF,276,501,3,1,0.003,0.941,0,1,normal,0
47.09,udp,http,SF,329,1555,6,7,0.088,0.936,0,1,normal,0
73.94,tcp,smtp,SF,471,137,7,5,0.0,0.791,0,1,normal,0
0.71,udp,dns,S0,42,0,303,323,0.829,0.993,0,0,dos,1
120.13,tcp,other,SF,324,33,5,8,0.08,0.931,0,1,normal,0
91.85,udp,telnet,SF,342,1295,2,4,0.059,0.576,0,1,normal,0
0.27,udp,ftp,S0,14,0,63,13,0.398,0.0,0,0,probe,1
0.74,udp,other,REJ,114,0,387,235,0.739,0.864,0,0,dos,1
32.12,tcp,other,REJ,540,413,5,8,0.016,0.936,0,1,normal,0
23.59,tcp,http,SF,442,1740,6,2,0.077,0.726,0,1,normal,0
5.33,tcp,ssh,SF,0,458,14,5,0.0,0.642,3,1,r2l,1
3.1,udp,ssh,S0,39,1,119,113,0.892,0.955,0,0,dos,1
66.12,tcp,pop3,SF,759,1238,3,5,0.002,0.888,0,1,normal,0
105.2,tcp,http,SF,1080,577,2,1,0.0,0.684,0,1,normal,0
29.22,tcp,pop3,SF,514,778,2,6,0.036,1.0,0,1,normal,0
93.84,tcp,smtp,SF,372,908,3,7,0.022,0.974,0,1,normal,0
3.14,tcp,ssh,S0,49,6,335,385,0.98,0.97,0,0,dos,1
93.73,tcp,pop3,REJ,613,1421,2,1,0.085,0.853,0,1,normal,0
73.07,tcp,other,S0,575,621,8,7,0.001,0.935,0,1,normal,0
0.0,tcp,ssh,REJ,61,0,127,403,0.895,0.924,0,0,dos,1
0.0,tcp,ftp,SF,4,0,76,8,0.281,0.136,0,0,probe,1
2.02,tcp,ssh,S0,36,0,171,285,0.882,0.956,0,0,dos,1
0.0,tcp,http,SF,486,815,5,6,0.069,0.987,0,1,normal,0
9.86,tcp,dns,SF,0,1860,3,2,0.026,0.751,0,1,normal,0
86.95,tcp,other,SF,751,1661,6,6,0.0,0.847,0,1,normal,0
40.03,udp,smtp,SF,548,1911,2,8,0.057,0.857,0,1,normal,0
30.23,tcp,other,SF,555,1960,8,5,0.0,1.0,0,1,normal,0
34.25,tcp,dns,SF,952,1931,4,1,0.024,0.9,0,1,normal,0
18.93,udp,ssh,SF,112,27,5,6,0.0,0.797,0,1,normal,0
0.0,tcp,ftp,REJ,1,0,29,10,0.365,0.432,0,0,probe,1
11.7,tcp,dns,SF,413,49,1,2,0.0,0.78,1,1,u2r,1
94.26,tcp,pop3,SF,980,1761,2,1,0.119,0.875,0,1,normal,0
93.29,tcp,other,RSTO,520,1341,2,6,0.067,0.836,0,1,normal,0
45.5,tcp,telnet,SF,993,309,5,2,0.025,0.875,0,1,normal,0
57.86,tcp,smtp,RSTR,469,138,9,1,0.0,0.84,0,1,normal,0
0.3,tcp,ssh,SF,634,1828,3,6,0.0,0.922,0,1,normal,0
0.69,udp,dns,SF,5,1069,3,1,0.061,0.844,0,1,normal,0
5.32,icmp,other,REJ,62,1,201,490,0.934,0.984,0,0,dos,1
29.09,tcp,pop3,SF,538,946,6,6,0.073,0.98,0,1,normal,0
9.24,tcp,ssh,S0,0,1,96,1,0.61,0.118,0,0,probe,1
49.42,tcp,http,SF,566,962,5,5,0.017,0.82,0,1,normal,0
0.0,tcp,ssh,SF,553,1248,2,9,0.0,1.0,0,1,normal,0
51.13,tcp,telnet,SF,726,1875,9,4,0.013,0.958,0,1,normal,0
45.37,udp,other,SF,1039,1387,3,8,0.001,0.942,0,1,normal,0
45.33,udp,dns,SF,740,1475,4,6,0.074,0.93,0,1,normal,0
135.04,tcp,http,SF,367,675,2,4,0.057,0.803,1,1,u2r,1
0.0,tcp,ftp,SF,370,1043,6,5,0.094,0.76,0,1,normal,0
132.95,tcp,telnet,SF,277,542,2,1,0.0,0.956,0,1,normal,0
49.37,udp,smtp,SF,334,1406,3,7,0.003,1.0,0,1,normal,0
0.0,udp,ftp,SF,913,969,4,6,0.0,0.88,0,1,normal,0
27.88,tcp,telnet,SF,148,1439,9,8,0.0,0.921,0,1,normal,0
59.1,tcp,ssh,SF,901,1400,5,7,0.0,0.914,0,1,normal,0
2.25,tcp,telnet,S0,0,0,498,197,1.0,0.988,0,0,dos,1
52.33,tcp,ssh,SF,496,1823,5,9,0.0,0.95,0,1,normal,0
113.35,tcp,ssh,SF,88,1603,1,7,0.122,0.97,0,1,normal,0
88.29,udp,other,SF,486,740,5,6,0.0,0.916,0,1,normal,0
4.95,tcp,ftp,RSTR,50,6,313,363,0.96,1.0,0,0,dos,1
60.61,udp,ssh,SF,466,1066,5,1,0.0,0.91,0,1,normal,0
36.86,tcp,smtp,SF,290,403,6,7,0.083,0.781,0,1,normal,0
97.13,tcp,other,SF,146,1760,6,1,0.009,0.946,0,1,normal,0
89.86,tcp,ssh,SF,582,528,9,1,0.0,0.946,0,1,normal,0
82.5,tcp,http,REJ,928,1572,9,4,0.062,0.939,0,1,normal,0
0.0,tcp,other,REJ,67,0,234,152,0.847,0.973,0,0,dos,1
9.48,tcp,http,SF,0,834,1,4,0.047,0.933,0,1,normal,0
2.34,udp,dns,S0,44,3,170,339,0.902,0.89,0,0,dos,1
91.5,tcp,dns,SF,269,1246,5,4,0.0,0.894,0,1,normal,0
0.0,tcp,ftp,S0,48,0,265,106,1.0,0.888,0,0,dos,1
2.71,tcp,http,RSTR,71,0,349,262,0.717,0.976,0,0,dos,1
0.0,udp,ssh,SF,923,1131,3,6,0.0,0.941,0,1,normal,0
4.83,tcp,ftp,SF,469,47,6,4,0.044,0.689,0,1,normal,0
101.78,tcp,smtp,RSTO,709,1511,5,7,0.027,0.801,0,1,normal,0
2.44,udp,ftp,S0,83,0,491,204,0.815,0.921,0,0,dos,1
29.48,tcp,ftp,RSTO,750,797,8,7,0.006,0.79,0,1,normal,0
0.0,tcp,pop3,S0,564,455,9,4,0.034,0.942,0,1,normal,0
28.46,udp,dns,SF,690,893,2,5,0.06,0.882,0,1,normal,0
0.33,tcp,other,S0,0,5,130,289,0.904,1.0,0,0,dos,1
26.32,tcp,telnet,RSTO,114,1088,1,8,0.0,0.816,0,1,normal,0
71.2,tcp,ftp,SF,451,1192,6,2,0.035,0.841,0,1,normal,0
38.06,tcp,other,SF,90,33,4,3,0.047,0.556,0,1,u2r,1
62.99,tcp,dns,SF,683,1240,1,3,0.031,0.803,0,1,normal,0
0.0,tcp,pop3,S0,54,1,362,478,1.0,1.0,0,0,dos,1
49.56,udp,ssh,SF,288,854,5,5,0.02,0.806,0,1,normal,0
67.33,tcp,ssh,SF,271,224,2,4,0.032,0.864,0,1,normal,0
1.37,tcp,pop3,SF,34,0,82,14,0.523,0.296,0,0,probe,1
0.0,tcp,smtp,SF,511,2140,3,9,0.0,0.91,0,1,normal,0
8.52,tcp,ssh,SF,497,1132,9,9,0.024,0.819,0,1,normal,0
77.25,tcp,pop3,SF,542,1355,2,8,0.071,1.0,0,1,normal,0
0.0,tcp,pop3,SF,468,146,8,1,0.0,0.666,0,1,normal,0
23.08,tcp,ftp,SF,730,297,8,5,0.0,0.883,0,1,normal,0
59.68,tcp,http,RSTO,504,1320,3,5,0.043,0.889,0,1,normal,0
40.71,tcp,smtp,SF,23,972,4,6,0.0,0.842,0,1,normal,0
17.63,udp,ftp,SF,527,1003,2,3,0.0,1.0,0,1,normal,0
31.75,tcp,dns,SF,855,1154,3,4,0.007,0.778,0,1,normal,0
42.32,tcp,telnet,SF,763,466,1,5,0.005,0.986,0,1,normal,0
125.1,tcp,ftp,SF,726,1245,3,7,0.0,0.936,0,1,normal,0
68.77,tcp,dns,S0,39,986,8,1,0.031,1.0,0,1,normal,0
0.61,udp,dns,REJ,82,0,370,336,1.0,0.935,0,0,dos,1
32.64,tcp,ftp,SF,410,859,4,6,0.103,0.97,0,1,normal,0
95.15,tcp,smtp,REJ,573,1489,4,5,0.067,0.858,0,1,normal,0
15.44,tcp,dns,SF,0,1273,8,1,0.0,0.944,0,1,normal,0
2.48,udp,ssh,REJ,30,0,462,131,0.9,0.959,0,0,dos,1
56.41,icmp,dns,SF,922,492,5,6,0.0,0.812,0,1,normal,0
31.01,icmp,other,SF,814,547,4,2,0.02,0.893,0,1,normal,0
14.04,udp,ftp,SF,795,912,9,1,0.062,0.763,0,1,normal,0
91.63,udp,ssh,SF,656,1110,2,2,0.023,0.757,0,1,normal,0
0.0,udp,ftp,S0,33,0,465,257,0.958,0.882,0,0,dos,1
78.65,udp,telnet,SF,863,697,2,3,0.139,0.734,0,1,u2r,1
6.37,udp,pop3,RSTR,0,1086,8,7,0.0,0.922,0,1,normal,0
0.0,tcp,telnet,S0,0,2,101,381,1.0,0.89,0,0,dos,1
40.2,udp,dns,SF,331,1330,2,6,0.045,0.888,0,1,normal,0
42.39,tcp,ssh,S0,514,1305,1,3,0.0,0.931,0,1,normal,0
3.7,tcp,ssh,S0,16,2,262,241,0.988,0.95,0,0,dos,1
85.27,tcp,dns,SF,282,1242,9,4,0.017,0.988,0,1,normal,0
172.93,tcp,telnet,SF,85,1139,1,7,0.0,0.924,0,1,normal,0
24.6,tcp,smtp,RSTR,455,601,6,8,0.054,0.833,0,1,normal,0
22.95,tcp,http,SF,952,406,2,1,0.012,0.865,1,1,u2r,1
44.41,tcp,pop3,SF,0,2217,8,3,0.037,1.0,0,1,normal,0
21.67,tcp,other,SF,334,0,9,4,0.052,0.962,0,1,normal,0
72.04,tcp,smtp,SF,747,0,5,7,0.005,0.648,0,1,normal,0
24.63,tcp,ssh,SF,132,1558,1,6,0.081,0.843,0,1,normal,0
137.78,tcp,other,SF,675,1349,2,5,0.0,1.0,0,1,normal,0
2.16,tcp,other,REJ,1,5,341,243,0.936,0.909,0,0,dos,1
0.0,tcp,pop3,S0,23,0,467,166,0.926,0.932,0,0,dos,1
0.0,tcp,http,REJ,8,5,29,11,0.201,0.0,0,0,probe,1
1.22,tcp,http,S0,53,0,251,440,1.0,0.94,0,0,dos,1
62.46,tcp,smtp,SF,1123,406,9,5,0.003,0.848,0,1,normal,0
48.01,tcp,ftp,SF,968,910,5,9,0.052,1.0,0,1,normal,0
10.34,tcp,ftp,RSTR,721,493,5,4,0.097,0.973,0,1,normal,0
10.74,tcp,ftp,SF,956,966,7,7,0.0,0.825,0,1,normal,0
0.03,icmp,pop3,REJ,10,0,81,7,0.634,0.077,0,0,probe,1
62.37,icmp,smtp,REJ,402,264,3,4,0.021,1.0,0,1,normal,0
17.75,udp,ftp,SF,0,155,6,3,0.085,0.606,3,0,r2l,1
22.95,tcp,ftp,REJ,45,0,8,9,0.0,0.927,0,1,normal,0
81.8,udp,ssh,SF,385,351,1,1,0.038,1.0,0,1,normal,0
42.51,tcp,ftp,SF,329,0,5,1,0.081,0.88,0,1,normal,0
30.7,udp,other,SF,297,1362,2,5,0.015,0.979,0,1,normal,0
39.7,udp,telnet,RSTO,804,388,7,2,0.046,0.854,0,1,normal,0
123.74,tcp,ssh,SF,0,769,4,5,0.013,0.832,0,1,normal,0
0.0,tcp,other,SF,26,0,1,5,0.005,0.772,0,1,normal,0
10.26,tcp,ssh,SF,16,0,38,14,0.427,0.0,0,0,probe,1
100.35,tcp,other,SF,207,1467,2,2,0.046,0.895,0,1,normal,0
17.52,tcp,http,SF,652,0,2,1,0.003,0.927,0,1,normal,0
0.0,udp,other,REJ,61,0,384,399,0.82,0.944,0,0,dos,1
72.0,tcp,ssh,SF,494,1010,6,9,0.145,0.904,0,1,normal,0
4.66,tcp,http,SF,18,1,37,10,0.365,0.0,0,0,probe,1
0.0,udp,pop3,S0,15,7,177,196,0.915,0.909,0,0,dos,1
28.44,tcp,smtp,S0,788,1491,5,5,0.0,0.992,0,1,normal,0
75.13,tcp,other,SF,276,357,5,6,0.005,1.0,0,1,normal,0
23.51,tcp,ssh,SF,283,1429,9,4,0.0,0.909,0,1,normal,0
0.0,tcp,ftp,S0,14,2,482,135,0.726,0.874,0,0,dos,1
0.0,udp,ftp,REJ,80,0,170,219,0.881,0.984,0,0,dos,1
0.62,tcp,other,S0,84,10,233,239,0.881,0.945,0,0,dos,1
78.18,tcp,ftp,SF,1256,207,4,7,0.0,0.895,0,1,normal,0
57.53,tcp,smtp,SF,81,1225,6,1,0.063,0.994,0,1,normal,0
73.05,tcp,http,SF,340,514,2,4,0.0,0.916,0,1,normal,0
1.2,udp,smtp,SF,36,295,14,6,0.0,1.0,1,0,r2l,1
53.69,tcp,telnet,SF,459,1813,7,4,0.064,0.776,0,1,normal,0
82.17,tcp,http,RSTO,61,681,3,1,0.029,0.921,0,1,normal,0
29.03,udp,smtp,S0,249,1606,3,7,0.032,0.971,0,1,normal,0
1.91,udp,pop3,S0,74,0,180,392,0.959,0.984,0,0,dos,1
63.21,tcp,smtp,SF,912,361,2,4,0.069,0.859,1,1,u2r,1
0.0,tcp,smtp,SF,121,1107,5,4,0.067,0.909,0,1,normal,0
59.76,tcp,dns,SF,385,1638,3,7,0.0,1.0,0,1,normal,0
0.0,tcp,other,SF,620,935,7,9,0.0,0.976,0,1,normal,0
12.22,udp,other,SF,490,676,3,3,0.0,0.933,0,1,normal,0
10.82,tcp,pop3,SF,344,1462,8,5,0.0,0.832,0,1,normal,0
93.87,tcp,smtp,SF,582,924,5,8,0.0,0.915,0,1,normal,0
0.0,tcp,telnet,SF,430,273,1,2,0.055,0.898,0,1,normal,0
23.41,tcp,pop3,RSTO,0,1043,9,3,0.0,0.779,0,1,normal,0
50.98,tcp,other,SF,0,664,3,2,0.003,0.924,0,1,normal,0
50.89,tcp,ftp,SF,413,2034,8,8,0.033,0.868,0,1,normal,0
1.92,tcp,smtp,RSTR,64,10,140,292,0.972,0.915,0,0,dos,1
77.52,tcp,smtp,SF,926,1440,6,3,0.0,0.785,0,1,normal,0
3.58,udp,other,S0,24,0,308,428,0.604,0.999,0,0,dos,1
0.0,tcp,smtp,SF,57,1371,5,9,0.14,0.798,0,1,normal,0
37.91,tcp,dns,SF,395,1170,6,3,0.047,1.0,0,1,normal,0
74.23,tcp,pop3,SF,497,873,3,3,0.05,0.894,0,1,normal,0
0.0,tcp,other,SF,635,1019,3,3,0.0,0.768,0,1,normal,0
126.9,tcp,http,RSTR,656,1473,1,4,0.022,0.962,0,1,normal,0
58.75,icmp,ftp,SF,507,1118,4,2,0.011,1.0,0,1,normal,0
0.95,tcp,other,S0,58,1,195,158,0.738,0.973,0,0,dos,1
104.52,tcp,telnet,SF,874,1505,3,9,0.0,0.786,0,1,normal,0
67.38,udp,ftp,SF,741,1176,6,6,0.036,0.857,0,1,normal,0
59.03,tcp,ssh,SF,285,354,5,7,0.0,0.798,0,1,normal,0
13.98,icmp,ftp,SF,0,759,4,3,0.027,0.753,0,1,normal,0
1.17,tcp,ftp,S0,42,7,477,446,0.859,0.949,0,0,dos,1
0.13,tcp,telnet,REJ,0,1,443,205,0.966,1.0,0,0,dos,1
18.61,tcp,pop3,SF,834,1241,9,1,0.034,1.0,0,1,normal,0
93.92,tcp,dns,SF,0,1680,7,9,0.103,0.869,0,1,normal,0
47.81,tcp,http,SF,64,2319,2,7,0.003,0.903,0,1,normal,0
45.9,tcp,dns,SF,772,872,3,7,0.09,1.0,0,1,normal,0
0.0,tcp,ssh,S0,35,3,135,407,1.0,0.914,0,0,dos,1
2.63,icmp,http,REJ,35,0,479,310,1.0,0.924,0,0,dos,1
105.05,tcp,ssh,SF,165,1927,1,6,0.082,0.733,0,1,normal,0
82.9,udp,smtp,SF,500,888,4,2,0.0,0.808,0,1,normal,0
57.68,icmp,ssh,SF,283,996,4,4,0.032,0.877,0,1,normal,0
0.0,tcp,http,SF,520,216,1,8,0.019,0.985,0,1,normal,0
93.47,tcp,http,REJ,381,1421,7,4,0.026,0.887,0,1,normal,0
36.57,tcp,ssh,SF,378,1574,7,2,0.053,1.0,0,1,normal,0
2.25,tcp,other,SF,27,0,84,3,0.697,0.134,0,0,probe,1
0.0,tcp,ssh,SF,564,603,6,7,0.001,0.902,0,1,normal,0
85.83,tcp,ftp,SF,0,924,8,2,0.022,0.817,0,1,normal,0
10.23,udp,dns,SF,620,437,5,6,0.021,0.875,0,1,normal,0
40.68,tcp,ssh,SF,854,79,1,6,0.061,1.0,0,1,normal,0
0.0,tcp,smtp,S0,41,3,352,110,0.94,0.951,0,0,dos,1
9.94,tcp,ftp,SF,784,1628,9,8,0.053,0.786,0,1,normal,0
0.0,tcp,http,REJ,103,0,470,497,1.0,1.0,0,0,dos,1
0.67,tcp,other,REJ,89,0,268,455,0.821,0.965,0,0,dos,1
0.0,tcp,dns,RSTO,696,196,5,2,0.06,0.97,0,1,normal,0
26.97,udp,http,SF,362,766,9,5,0.0,0.889,0,1,normal,0
10.68,tcp,pop3,S0,356,433,1,1,0.2,0.756,3,1,r2l,1
3.03,tcp,http,SF,741,2161,2,4,0.029,1.0,0,1,normal,0
69.35,udp,ftp,SF,260,565,1,7,0.0,0.869,0,1,normal,0
6.94,tcp,smtp,S0,21,1,43,11,0.463,0.258,0,0,probe,1
7.94,tcp,other,S0,0,1,69,17,0.263,0.0,0,0,probe,1
58.81,tcp,ssh,SF,741,725,2,8,0.004,1.0,0,1,normal,0
25.48,tcp,telnet,SF,663,2141,8,5,0.114,0.887,0,1,normal,0
55.69,tcp,telnet,SF,331,2354,3,6,0.08,1.0,0,1,normal,0
0.0,tcp,telnet,S0,41,12,303,295,0.798,0.909,0,0,dos,1
94.01,tcp,ssh,SF,0,1400,9,3,0.046,1.0,0,1,normal,0
63.26,tcp,dns,RSTO,603,1807,8,5,0.0,0.926,0,1,normal,0
68.46,tcp,other,SF,570,936,9,3,0.13,1.0,0,1,normal,0
0.0,tcp,other,SF,294,434,2,6,0.185,0.912,3,0,r2l,1
0.79,icmp,other,REJ,21,0,137,476,0.989,1.0,0,0,dos,1
6.07,tcp,telnet,SF,466,1025,7,6,0.012,0.915,0,1,normal,0
32.89,tcp,http,SF,755,1865,3,7,0.0,0.829,0,1,normal,0
4.24,tcp,smtp,REJ,21,0,54,17,0.622,0.317,0,0,probe,1
2.98,tcp,pop3,REJ,0,0,86,15,0.466,0.177,0,0,probe,1
105.77,tcp,pop3,SF,1019,2022,6,2,0.004,0.959,0,1,normal,0
40.97,tcp,other,SF,936,1059,6,9,0.054,0.968,0,1,normal,0
62.98,icmp,other,SF,469,819,5,1,0.0,1.0,0,1,normal,0
73.61,udp,telnet,SF,232,614,7,4,0.0,0.961,0,1,normal,0
40.41,icmp,ssh,SF,388,0,1,8,0.073,0.96,0,1,normal,0
81.31,tcp,dns,S0,714,528,8,9,0.006,1.0,0,1,normal,0
39.8,udp,ssh,SF,407,1696,1,3,0.0,0.982,0,1,normal,0
0.0,tcp,smtp,REJ,46,7,295,104,0.951,0.879,0,0,dos,1
43.42,tcp,http,SF,262,1124,1,6,0.137,0.921,0,1,normal,0
35.01,tcp,dns,SF,210,1268,1,4,0.0,0.853,0,1,normal,0
0.0,tcp,dns,SF,495,518,5,7,0.0,0.98,0,1,normal,0
0.0,udp,dns,RSTO,763,232,7,9,0.0,1.0,0,1,normal,0
25.6,tcp,dns,SF,363,1419,8,3,0.039,0.733,0,1,normal,0
59.35,tcp,pop3,RSTO,312,2244,8,7,0.069,0.858,0,1,normal,0
27.72,icmp,ftp,SF,133,1014,9,4,0.011,0.903,0,1,normal,0
111.97,tcp,ftp,S0,581,708,9,2,0.0,0.839,0,1,normal,0
0.0,udp,other,REJ,29,0,90,9,0.517,0.196,0,0,probe,1
58.38,udp,dns,SF,524,2121,2,7,0.0,0.829,0,1,normal,0
5.45,tcp,ftp,SF,0,0,96,8,0.415,0.303,0,0,probe,1
3.59,tcp,http,S0,28,0,76,1,0.318,0.039,0,0,probe,1
1.91,tcp,pop3,S0,96,0,376,407,0.904,0.981,0,0,dos,1
133.14,udp,ssh,SF,626,1468,6,9,0.01,0.836,0,1,normal,0
59.81,tcp,ftp,SF,794,1083,7,9,0.073,0.866,0,1,normal,0
61.48,tcp,telnet,SF,584,1608,7,9,0.008,0.937,0,1,normal,0
35.97,udp,pop3,SF,421,1068,9,5,0.081,0.915,0,1,normal,0
40.83,tcp,pop3,SF,348,1057,1,8,0.0,1.0,0,1,normal,0
4.03,tcp,other,SF,284,107,13,4,0.067,0.187,1,1,r2l,1
20.81,tcp,smtp,SF,814,772,5,7,0.0,0.859,0,1,normal,0
4.01,tcp,dns,S0,21,0,329,295,1.0,0.9,0,0,dos,1
52.05,tcp,telnet,S0,210,2032,9,8,0.0,0.805,0,1,normal,0
0.0,udp,other,SF,967,833,2,2,0.009,0.83,0,1,normal,0
88.23,tcp,http,SF,457,745,5,5,0.059,1.0,0,1,normal,0
51.53,tcp,other,SF,753,0,6,4,0.039,0.82,0,1,normal,0
31.64,tcp,ssh,SF,300,1737,8,5,0.094,0.844,0,1,normal,0
55.2,tcp,dns,SF,995,1570,6,2,0.03,0.728,0,1,normal,0
68.73,tcp,other,SF,795,1308,2,7,0.0,0.845,0,1,normal,0
46.72,udp,pop3,SF,571,628,7,7,0.064,0.78,0,1,normal,0
73.56,udp,ssh,SF,903,1781,5,6,0.099,0.808,0,1,normal,0
26.82,tcp,other,SF,281,497,6,1,0.112,0.669,3,0,r2l,1
39.38,udp,ssh,SF,416,901,2,3,0.0,0.759,0,1,normal,0
0.0,tcp,telnet,RSTO,674,1708,8,7,0.0,0.965,0,1,normal,0
22.14,tcp,http,SF,478,1290,7,7,0.065,0.932,0,1,normal,0
16.74,tcp,dns,SF,569,1016,6,3,0.061,0.903,0,1,normal,0
50.01,tcp,ftp,SF,712,1031,5,2,0.019,0.807,0,1,normal,0
11.83,tcp,http,SF,1457,2163,8,8,0.071,0.892,0,1,normal,0
16.07,udp,dns,SF,388,553,6,4,0.317,0.585,3,1,r2l,1
131.11,tcp,other,REJ,698,1311,1,9,0.0,0.914,0,1,normal,0
117.75,tcp,http,SF,374,1743,7,3,0.069,0.983,0,1,normal,0
70.37,tcp,ssh,SF,702,911,3,4,0.001,0.903,0,1,normal,0
17.36,tcp,telnet,SF,1050,952,6,1,0.0,1.0,0,1,normal,0
52.21,tcp,ssh,SF,641,386,1,6,0.163,0.946,0,1,normal,0
108.79,udp,http,SF,386,1698,8,2,0.05,0.956,0,1,normal,0
88.77,udp,other,SF,282,856,4,6,0.004,1.0,0,1,normal,0
79.2,tcp,ssh,SF,541,1427,9,1,0.0,0.811,0,1,normal,0
6.24,tcp,other,REJ,61,0,176,489,1.0,0.952,0,0,dos,1
95.68,tcp,http,SF,12,1014,6,7,0.038,0.934,0,1,normal,0
74.86,tcp,other,SF,617,1527,2,8,0.0,0.955,0,1,normal,0
64.07,tcp,http,SF,310,1080,2,4,0.0,0.933,0,1,normal,0
44.71,tcp,ftp,SF,220,598,3,3,0.045,0.819,0,1,normal,0
103.17,tcp,pop3,SF,338,670,7,7,0.0,0.945,0,1,normal,0
35.81,tcp,smtp,SF,806,1211,9,5,0.012,1.0,0,1,normal,0
197.14,tcp,smtp,SF,726,735,1,3,0.105,0.98,0,1,u2r,1
33.18,tcp,smtp,RSTR,725,1536,3,4,0.004,0.919,0,1,normal,0
12.96,tcp,http,SF,416,836,2,4,0.045,0.915,0,1,normal,0
0.84,udp,ssh,RSTR,0,9,453,488,1.0,0.943,0,0,dos,1
0.0,tcp,smtp,REJ,51,4,152,279,0.658,1.0,0,0,dos,1
46.08,tcp,ftp,SF,207,369,1,9,0.0,0.954,0,1,normal,0
34.87,tcp,ftp,SF,111,977,3,2,0.0,0.947,0,1,normal,0
38.08,tcp,pop3,S0,1322,1174,4,9,0.0,0.938,0,1,normal,0
0.0,tcp,smtp,REJ,105,0,343,446,0.811,0.888,0,0,dos,1
81.36,tcp,pop3,SF,324,1504,9,8,0.065,1.0,0,1,normal,0
4.54,udp,ftp,REJ,25,3,35,16,0.242,0.049,0,0,probe,1
51.85,tcp,smtp,SF,277,405,8,8,0.006,0.894,0,1,normal,0
1.33,tcp,ftp,S0,103,4,464,362,0.954,0.939,0,0,dos,1
47.2,tcp,ssh,S0,100,1418,7,2,0.028,0.712,0,1,normal,0
59.2,udp,http,SF,406,1712,1,3,0.0,1.0,0,1,normal,0
95.53,tcp,telnet,SF,0,1304,1,2,0.008,0.991,0,1,normal,0
0.0,icmp,dns,SF,633,2321,6,4,0.032,0.983,0,1,normal,0
17.9,tcp,ssh,SF,894,535,4,2,0.0,1.0,0,1,normal,0
110.88,tcp,telnet,SF,892,1135,4,2,0.0,1.0,0,1,normal,0
57.53,tcp,http,SF,77,985,4,7,0.0,1.0,0,1,normal,0
60.51,tcp,ftp,SF,650,1085,7,5,0.041,0.883,0,1,normal,0
0.64,tcp,ssh,S0,44,0,122,246,0.983,0.837,0,0,dos,1
0.32,tcp,ssh,S0,45,3,33,15,0.819,0.391,0,0,probe,1
6.5,tcp,ftp,SF,561,537,5,5,0.0,0.883,0,1,normal,0
0.0,tcp,pop3,SF,1009,1093,5,6,0.096,0.996,0,1,normal,0
11.72,udp,ssh,SF,277,603,3,3,0.037,0.859,0,1,normal,0
6.87,udp,other,S0,47,0,99,10,0.402,0.032,0,0,probe,1
0.0,tcp,smtp,SF,413,798,3,9,0.047,1.0,0,1,normal,0
12.98,tcp,ssh,S0,574,1871,1,5,0.01,0.985,0,1,normal,0
3.46,tcp,http,REJ,10,2,90,11,0.418,0.178,0,0,probe,1
19.37,tcp,smtp,SF,20,490,12,3,0.0,0.622,4,0,r2l,1
63.31,tcp,pop3,SF,169,1050,9,7,0.0,0.803,0,1,normal,0
137.78,tcp,ftp,S0,346,673,6,6,0.0,0.905,0,1,normal,0
0.0,tcp,other,S0,328,158,2,3,0.076,0.857,0,1,normal,0
0.0,udp,ssh,S0,24,1,210,388,0.952,0.905,0,0,dos,1
21.23,tcp,other,RSTR,230,269,3,1,0.057,0.829,0,1,normal,0
74.49,udp,telnet,SF,264,1168,5,7,0.048,0.926,0,1,normal,0
28.99,tcp,http,SF,259,506,9,1,0.034,1.0,0,1,normal,0
58.1,udp,telnet,SF,675,1757,4,6,0.074,0.918,0,1,normal,0
0.0,tcp,other,SF,1052,0,2,4,0.0,0.792,0,1,normal,0
130.73,tcp,pop3,SF,279,1347,9,3,0.0,1.0,0,1,normal,0
2.64,udp,ftp,REJ,10,3,82,16,0.342,0.0,0,0,probe,1
0.12,tcp,http,RSTR,42,9,283,174,0.676,0.977,0,0,dos,1
0.0,tcp,pop3,SF,186,868,8,4,0.0,0.957,0,1,normal,0
3.05,udp,smtp,S0,0,1,484,486,0.85,0.897,0,0,dos,1
15.74,icmp,other,SF,164,1012,3,2,0.007,1.0,0,1,normal,0
94.56,tcp,ssh,SF,304,807,1,1,0.0,0.746,0,1,normal,0
20.92,tcp,http,SF,508,747,5,6,0.016,0.97,0,1,normal,0
1.28,udp,http,S0,29,0,349,432,1.0,0.899,0,0,dos,1
0.91,icmp,other,S0,22,0,148,264,0.779,0.89,0,0,dos,1
2.23,tcp,ssh,S0,3,0,84,5,0.81,0.0,0,0,probe,1
1.18,udp,pop3,REJ,52,5,144,394,0.839,0.932,0,0,dos,1
41.58,tcp,other,SF,198,359,7,8,0.212,0.247,3,0,r2l,1
29.87,tcp,ssh,SF,1049,203,1,8,0.0,0.854,0,1,normal,0
3.24,tcp,dns,S0,18,0,59,1,0.626,0.339,0,0,probe,1
39.81,tcp,http,SF,747,1296,6,6,0.0,0.849,0,1,normal,0
82.32,tcp,ftp,SF,169,1479,4,5,0.094,0.562,0,1,normal,0
0.0,tcp,smtp,RSTR,632,598,7,9,0.027,0.865,0,1,normal,0
121.04,udp,http,SF,621,469,3,5,0.0,1.0,0,1,normal,0
67.24,tcp,telnet,SF,382,1336,7,7,0.0,0.783,0,1,normal,0
0.0,udp,telnet,SF,448,1480,1,8,0.0,0.716,0,1,normal,0
21.76,tcp,ssh,SF,832,1049,5,3,0.031,1.0,0,1,normal,0
26.58,tcp,ssh,RSTO,181,1710,1,8,0.0,0.806,0,1,normal,0
2.12,udp,ssh,REJ,39,0,74,4,0.543,0.317,0,0,probe,1
0.0,tcp,http,REJ,546,0,6,3,0.042,0.925,0,1,normal,0
0.0,tcp,other,SF,455,2155,1,9,0.071,0.859,0,1,normal,0
63.6,tcp,other,SF,881,52,1,8,0.0,0.866,0,1,normal,0
22.44,tcp,telnet,SF,847,675,7,6,0.04,0.949,0,1,normal,0
76.21,tcp,http,SF,620,1357,5,7,0.0,0.854,0,1,normal,0
4.26,tcp,smtp,S0,76,0,267,135,0.923,0.885,0,0,dos,1
2.88,tcp,pop3,SF,389,1575,5,2,0.026,0.907,0,1,normal,0
1.15,tcp,ssh,REJ,23,0,475,112,0.934,0.966,0,0,dos,1
0.0,tcp,ssh,S0,42,0,157,128,0.838,0.922,0,0,dos,1
63.81,tcp,ftp,SF,490,388,5,7,0.079,0.889,0,1,normal,0
0.0,tcp,ssh,S0,33,4,262,431,0.937,1.0,0,0,dos,1
77.84,tcp,smtp,REJ,717,1257,3,8,0.006,0.788,0,1,normal,0
3.79,tcp,ftp,S0,21,1,97,15,0.516,0.392,0,0,probe,1
2.01,icmp,smtp,S0,27,0,387,119,1.0,0.917,0,0,dos,1
0.0,tcp,ftp,S0,57,0,141,369,0.904,0.908,0,0,dos,1
17.12,tcp,other,SF,372,2433,9,1,0.061,0.952,0,1,normal,0
2.39,udp,dns,REJ,51,0,221,297,0.855,0.888,0,0,dos,1
35.9,tcp,ssh,SF,1188,692,2,4,0.024,0.734,1,1,u2r,1
17.46,udp,other,RSTR,968,912,4,5,0.0,0.898,0,1,normal,0
1.32,tcp,ftp,S0,56,3,141,230,0.837,1.0,0,0,dos,1
0.0,udp,dns,REJ,71,0,502,249,0.748,0.981,0,0,dos,1
0.0,tcp,ssh,SF,491,901,2,9,0.051,1.0,0,1,normal,0
3.54,tcp,smtp,SF,39,0,34,12,0.795,0.32,0,0,probe,1
65.31,udp,smtp,SF,0,633,1,3,0.083,0.906,0,1,normal,0
36.5,tcp,dns,SF,492,1064,1,7,0.0,0.817,0,1,normal,0
0.0,tcp,other,SF,945,459,2,4,0.098,0.886,0,1,normal,0
105.93,tcp,dns,SF,463,389,7,5,0.0,0.8,0,1,normal,0
1.09,udp,telnet,REJ,54,2,110,327,0.923,0.982,0,0,dos,1
30.46,udp,smtp,RSTR,905,640,9,2,0.035,1.0,0,1,normal,0
14.9,icmp,dns,SF,615,998,1,6,0.035,0.965,0,1,normal,0
7.77,udp,ftp,SF,594,1143,3,2,0.038,0.892,0,1,normal,0
24.39,tcp,smtp,SF,287,1335,8,9,0.0,0.884,0,1,normal,0
3.48,tcp,pop3,S0,91,2,284,176,0.865,0.953,0,0,dos,1
0.0,tcp,ftp,REJ,39,2,89,10,0.439,0.348,0,0,probe,1
51.05,tcp,ssh,SF,230,266,6,4,0.095,0.861,0,1,normal,0
75.55,tcp,telnet,SF,249,813,2,4,0.0,0.76,0,1,normal,0
74.72,tcp,telnet,SF,645,1654,7,7,0.0,0.846,0,1,normal,0
17.32,tcp,telnet,SF,594,1880,2,5,0.0,0.758,0,1,normal,0
20.86,udp,ssh,RSTR,332,290,5,3,0.0,1.0,0,1,normal,0
100.7,tcp,ssh,SF,0,1135,4,8,0.023,0.902,0,1,normal,0
43.0,tcp,pop3,S0,759,1377,4,2,0.055,0.934,0,1,normal,0
41.5,tcp,http,REJ,1188,764,4,2,0.0,0.914,0,1,normal,0
47.52,udp,smtp,SF,1085,1027,4,8,0.0,1.0,0,1,normal,0
97.7,icmp,ssh,SF,936,684,5,2,0.051,0.8,0,1,normal,0
0.0,tcp,dns,S0,18,0,212,452,0.908,0.918,0,0,dos,1
0.79,tcp,smtp,REJ,82,0,257,224,0.886,0.923,0,0,dos,1
1.58,tcp,other,SF,710,1191,7,1,0.023,1.0,0,1,normal,0
0.0,udp,smtp,REJ,36,0,428,332,0.912,1.0,0,0,dos,1
0.0,tcp,telnet,RSTR,21,0,134,289,0.875,0.887,0,0,dos,1
36.85,tcp,ssh,REJ,731,890,1,3,0.032,0.806,0,1,normal,0
74.07,tcp,other,SF,412,0,8,8,0.0,0.948,0,1,normal,0
0.0,tcp,http,SF,1085,877,9,9,0.005,0.916,0,1,normal,0
2.68,tcp,other,S0,65,0,348,338,0.961,0.93,0,0,dos,1
0.0,tcp,pop3,SF,508,850,5,3,0.022,0.892,0,1,normal,0
47.73,udp,telnet,SF,681,1706,6,9,0.143,0.959,0,1,normal,0
99.6,tcp,dns,SF,407,1195,3,3,0.006,0.825,0,1,normal,0
73.04,tcp,smtp,SF,408,0,3,6,0.133,0.902,0,1,normal,0
3.44,tcp,http,SF,35,2,34,10,0.669,0.189,0,0,probe,1
38.27,tcp,smtp,SF,535,2483,4,9,0.0,0.962,0,1,normal,0
0.0,tcp,pop3,REJ,19,0,204,312,0.914,0.925,0,0,dos,1
81.64,icmp,ftp,SF,317,391,2,2,0.047,0.74,1,1,u2r,1
0.3,tcp,ssh,S0,42,0,461,175,0.86,0.968,0,0,dos,1
6.48,tcp,other,SF,233,593,5,8,0.045,1.0,0,1,normal,0
0.0,tcp,pop3,S0,55,0,214,288,0.672,1.0,0,0,dos,1
35.77,tcp,dns,SF,461,717,8,7,0.039,0.932,0,1,normal,0
7.84,tcp,smtp,SF,150,1174,2,9,0.039,0.757,0,1,normal,0
1.57,tcp,telnet,REJ,32,0,134,419,1.0,1.0,0,0,dos,1
42.61,tcp,ftp,SF,319,1075,7,4,0.052,0.993,0,1,normal,0
44.8,tcp,smtp,SF,659,1779,4,1,0.127,0.931,0,1,normal,0
66.08,udp,ssh,SF,303,337,7,4,0.0,0.891,0,1,normal,0
0.88,tcp,ssh,RSTR,64,0,349,164,1.0,1.0,0,0,dos,1
0.0,udp,ftp,REJ,77,2,357,474,1.0,1.0,0,0,dos,1
89.68,udp,telnet,SF,515,1492,9,2,0.0,0.819,0,1,normal,0
1.23,tcp,other,S0,19,0,51,5,0.392,0.201,0,0,probe,1
115.58,tcp,smtp,SF,493,2088,5,2,0.073,0.972,0,1,normal,0
35.04,udp,telnet,SF,590,1079,3,9,0.0,1.0,0,1,normal,0
27.98,tcp,telnet,SF,158,1569,4,1,0.073,0.835,0,1,normal,0
5.17,udp,pop3,S0,234,374,13,9,0.184,0.402,4,1,r2l,1
29.14,tcp,other,RSTR,679,1407,4,3,0.0,0.869,0,1,normal,0
114.55,tcp,dns,SF,149,1258,6,4,0.136,0.837,0,1,normal,0
91.52,udp,dns,SF,425,1543,4,9,0.0,0.938,0,1,normal,0
0.91,tcp,ftp,RSTR,58,0,183,507,1.0,0.812,0,0,dos,1
0.0,tcp,dns,SF,514,1822,8,3,0.039,0.697,0,1,normal,0
75.42,tcp,telnet,RSTO,939,79,8,7,0.087,1.0,0,1,normal,0
67.48,tcp,http,SF,2235,234,1,4,0.027,0.871,1,1,u2r,1
35.17,udp,pop3,SF,336,817,8,8,0.0,0.801,0,1,normal,0
15.95,tcp,ssh,SF,9,1638,7,7,0.0,0.842,0,1,normal,0
92.04,tcp,pop3,SF,493,1080,9,4,0.0,0.881,0,1,normal,0
0.0,tcp,telnet,RSTR,21,0,462,314,0.79,0.928,0,0,dos,1
0.45,icmp,ftp,SF,0,2101,1,3,0.078,0.953,0,1,normal,0
0.39,udp,http,SF,1072,737,4,7,0.023,0.957,0,1,normal,0
51.04,udp,telnet,RSTR,662,602,7,5,0.1,0.761,0,1,normal,0
0.0,tcp,dns,S0,30,4,384,498,0.952,0.915,0,0,dos,1
2.66,tcp,http,S0,41,2,473,163,1.0,0.86,0,0,dos,1
21.95,tcp,ssh,SF,95,497,1,6,0.037,0.954,0,1,normal,0
35.15,tcp,pop3,SF,0,793,1,2,0.08,0.89,0,1,normal,0
0.0,tcp,ftp,REJ,31,2,70,19,0.526,0.247,0,0,probe,1
45.12,udp,http,SF,506,1580,4,6,0.085,1.0,0,1,normal,0
66.29,tcp,ssh,SF,803,646,3,1,0.138,0.802,0,1,normal,0
68.37,udp,dns,SF,0,431,6,8,0.011,0.907,0,1,normal,0
120.97,tcp,other,SF,386,1473,1,2,0.026,0.928,0,1,normal,0
23.31,udp,other,SF,516,777,2,7,0.0,0.974,0,1,normal,0
13.27,tcp,http,SF,528,408,3,2,0.0,0.849,0,1,normal,0
2.13,tcp,other,RSTR,605,1727,3,1,0.065,0.832,0,1,normal,0
65.94,icmp,ftp,SF,399,241,1,8,0.0,1.0,0,1,normal,0
0.0,tcp,pop3,REJ,15,1,104,244,0.853,0.925,0,0,dos,1
0.0,tcp,other,SF,527,166,5,5,0.049,0.934,0,1,normal,0
49.67,tcp,other,SF,0,1566,7,7,0.0,0.946,0,1,normal,0
0.66,tcp,ftp,S0,55,4,252,441,1.0,0.919,0,0,dos,1
89.45,tcp,pop3,REJ,534,1372,1,9,0.0,0.743,0,1,normal,0
3.69,tcp,http,RSTR,46,4,247,282,0.908,0.863,0,0,dos,1
25.77,tcp,other,SF,395,756,8,2,0.019,0.842,0,1,normal,0
0.59,tcp,dns,S0,74,0,293,290,0.993,0.916,0,0,dos,1
75.27,udp,pop3,SF,0,1866,2,9,0.035,0.991,0,1,normal,0
0.0,udp,telnet,SF,597,170,9,9,0.017,0.832,0,1,normal,0
22.85,udp,telnet,SF,635,1040,6,2,0.0,1.0,0,1,normal,0
79.13,tcp,dns,S0,837,1179,4,5,0.0,1.0,0,1,normal,0
0.0,tcp,http,RSTR,690,833,5,5,0.0,0.989,0,1,normal,0
0.0,tcp,other,S0,20,5,102,248,0.927,1.0,0,0,dos,1
1.22,tcp,smtp,S0,35,0,327,167,0.937,0.943,0,0,dos,1
29.82,tcp,ssh,SF,176,1998,5,1,0.016,0.889,0,1,normal,0
4.87,icmp,smtp,S0,40,0,54,2,0.295,0.0,0,0,probe,1
3.0,tcp,ssh,REJ,0,0,257,212,0.852,0.948,0,0,dos,1
0.0,tcp,dns,REJ,49,0,101,380,0.882,0.99,0,0,dos,1
35.86,tcp,other,SF,876,1614,5,5,0.023,0.784,0,1,normal,0
107.6,tcp,other,RSTR,185,1153,3,4,0.012,0.938,0,1,normal,0
69.0,tcp,telnet,SF,371,643,3,8,0.01,0.813,0,1,normal,0
41.55,udp,ftp,SF,460,303,2,1,0.08,0.847,0,1,normal,0
0.0,tcp,smtp,S0,15,0,86,11,0.542,0.063,0,0,probe,1
67.94,tcp,other,RSTR,463,2195,9,4,0.016,0.957,0,1,normal,0
0.0,udp,http,SF,480,463,9,3,0.0,0.848,0,1,normal,0
63.33,udp,smtp,SF,254,1440,5,2,0.0,0.87,0,1,normal,0
4.54,tcp,telnet,S0,12,0,41,14,0.504,0.109,0,0,probe,1
23.23,tcp,ftp,SF,792,2319,2,6,0.078,0.789,0,1,normal,0
19.88,tcp,ftp,SF,1150,569,6,8,0.009,0.792,0,1,normal,0
0.0,tcp,ftp,REJ,27,0,143,349,1.0,0.911,0,0,dos,1
36.4,tcp,ftp,SF,422,190,3,4,0.045,0.674,0,1,u2r,1
59.13,tcp,ssh,SF,173,598,1,3,0.045,0.883,0,1,normal,0
4.59,tcp,ssh,RSTR,49,0,483,137,0.856,0.907,0,0,dos,1
2.28,tcp,ssh,REJ,0,0,76,8,0.291,0.353,0,0,probe,1
79.11,tcp,telnet,SF,547,1738,7,2,0.0,1.0,0,1,normal,0
2.39,tcp,pop3,S0,69,0,271,506,0.928,0.971,0,0,dos,1
6.72,udp,ftp,SF,194,1313,9,4,0.116,0.929,0,1,normal,0
41.69,tcp,telnet,SF,779,1233,9,8,0.0,0.826,0,1,normal,0
100.84,tcp,dns,SF,381,1649,6,1,0.088,0.844,0,1,normal,0
60.71,tcp,smtp,SF,655,1770,9,1,0.053,0.773,0,1,normal,0
49.27,udp,pop3,SF,835,995,2,8,0.049,0.846,0,1,normal,0
1.71,udp,telnet,SF,614,1259,4,9,0.059,1.0,0,1,normal,0
0.0,udp,http,SF,241,532,4,8,0.065,0.926,0,1,normal,0
6.86,udp,http,SF,816,0,6,3,0.058,1.0,0,1,normal,0
55.4,tcp,other,SF,573,301,7,7,0.0,0.893,0,1,normal,0
34.18,tcp,pop3,SF,788,1588,8,7,0.069,0.836,0,1,normal,0
0.0,tcp,pop3,SF,84,135,6,6,0.0,1.0,0,1,normal,0
0.0,tcp,ftp,SF,549,886,2,7,0.073,0.759,0,1,normal,0
25.44,tcp,smtp,SF,965,907,6,6,0.0,0.934,0,1,normal,0
5.08,udp,ftp,SF,10,0,26,3,0.45,0.239,0,0,probe,1
66.11,tcp,dns,SF,1185,1233,7,2,0.0,0.992,0,1,normal,0
3.13,tcp,ssh,RSTR,68,3,199,182,1.0,0.878,0,0,dos,1
53.92,tcp,telnet,REJ,930,1437,4,2,0.058,0.904,0,1,normal,0
2.98,udp,http,RSTR,27,0,305,387,1.0,0.903,0,0,dos,1
186.03,udp,other,SF,1508,256,4,4,0.108,0.807,1,1,u2r,1
0.27,tcp,ssh,S0,31,0,403,233,1.0,0.97,0,0,dos,1
85.45,tcp,dns,REJ,208,1851,3,5,0.0,0.963,0,1,normal,0
0.0,tcp,telnet,SF,369,658,1,8,0.0,0.858,0,1,normal,0
8.29,tcp,dns,SF,801,0,4,8,0.0,0.802,0,1,normal,0
0.0,tcp,dns,SF,845,288,6,3,0.0,0.772,0,1,normal,0
0.6,tcp,pop3,S0,15,1,163,503,0.993,1.0,0,0,dos,1
76.24,tcp,dns,SF,1693,1142,2,3,0.021,0.882,0,1,u2r,1
75.4,udp,ssh,SF,1314,1782,3,5,0.074,0.805,0,1,normal,0
104.29,tcp,telnet,SF,681,554,3,6,0.058,0.94,0,1,normal,0
16.19,tcp,ssh,S0,642,1277,4,3,0.045,0.843,0,1,normal,0
36.03,tcp,ftp,SF,281,948,5,7,0.09,0.905,0,1,normal,0
9.12,tcp,smtp,SF,1102,0,2,7,0.099,0.922,0,1,normal,0
51.44,tcp,pop3,SF,271,0,8,9,0.0,1.0,0,1,normal,0
0.09,udp,ftp,REJ,0,0,444,208,0.936,0.959,0,0,dos,1
108.73,tcp,telnet,SF,0,718,3,5,0.02,0.848,0,1,normal,0
44.24,udp,pop3,SF,629,800,7,8,0.0,0.733,0,1,normal,0
25.66,udp,pop3,SF,335,1341,7,7,0.103,1.0,0,1,normal,0
0.85,tcp,other,S0,11,0,476,158,0.95,0.937,0,0,dos,1
53.43,tcp,telnet,S0,0,0,3,1,0.032,0.901,0,1,normal,0
103.17,tcp,pop3,SF,878,1003,3,9,0.0,0.958,0,1,normal,0
60.69,tcp,http,RSTO,644,637,7,5,0.047,0.873,0,1,normal,0
46.6,udp,ssh,SF,862,0,3,2,0.039,0.932,0,1,normal,0
21.44,udp,other,SF,492,1194,7,5,0.051,0.902,0,1,normal,0
75.2,tcp,pop3,SF,416,1181,2,2,0.09,0.979,0,1,normal,0
0.0,icmp,telnet,SF,632,1700,9,9,0.139,0.873,0,1,normal,0
0.06,tcp,ftp,S0,9,0,55,1,0.529,0.092,0,0,probe,1
107.84,tcp,dns,SF,791,844,7,5,0.033,0.894,0,1,normal,0
44.85,tcp,other,SF,105,2007,8,6,0.0,0.654,0,1,normal,0
43.05,tcp,dns,S0,728,430,7,9,0.032,0.909,0,1,normal,0
18.78,icmp,ssh,SF,0,135,7,2,0.25,0.505,1,0,r2l,1
6.36,tcp,telnet,S0,153,395,2,7,0.18,0.592,4,0,r2l,1
0.0,tcp,smtp,S0,62,0,457,143,0.998,0.929,0,0,dos,1
27.91,tcp,telnet,SF,504,944,8,4,0.134,0.891,0,1,normal,0
33.58,tcp,dns,SF,510,755,1,2,0.101,0.784,0,1,normal,0
4.0,udp,smtp,S0,26,1,268,475,0.956,0.982,0,0,dos,1
2.55,tcp,smtp,S0,30,0,292,206,0.87,1.0,0,0,dos,1
80.98,tcp,http,SF,416,0,8,2,0.0,0.965,0,1,normal,0
39.74,udp,other,RSTO,494,824,4,7,0.0,0.705,0,1,normal,0
69.25,icmp,telnet,SF,419,537,6,4,0.0,0.952,0,1,normal,0
0.53,tcp,http,REJ,106,0,319,345,0.905,0.936,0,0,dos,1
112.76,tcp,http,SF,742,955,8,2,0.068,0.741,0,1,normal,0
0.0,tcp,ssh,SF,554,519,2,4,0.008,0.688,0,1,normal,0
16.91,tcp,pop3,SF,349,541,3,5,0.038,1.0,0,1,normal,0
64.56,tcp,ssh,SF,845,561,6,3,0.0,0.864,0,1,normal,0
6.52,udp,ftp,SF,215,612,3,4,0.033,0.864,0,1,normal,0
120.09,udp,telnet,SF,536,268,1,5,0.0,1.0,0,1,normal,0
0.0,tcp,other,REJ,55,0,150,381,0.913,0.98,0,0,dos,1
36.98,tcp,smtp,SF,349,0,5,6,0.0,1.0,0,1,normal,0
88.6,udp,dns,SF,652,1649,5,7,0.0,0.893,0,1,normal,0
66.79,tcp,pop3,SF,856,157,4,7,0.038,0.857,0,1,normal,0
51.27,tcp,other,SF,0,3,9,6,0.0,0.892,0,1,normal,0
23.8,tcp,other,RSTO,537,576,8,2,0.002,0.806,0,1,normal,0
36.09,tcp,dns,S0,513,851,5,4,0.061,1.0,0,1,normal,0
0.0,tcp,smtp,SF,693,458,9,9,0.009,0.733,0,1,normal,0
5.2,tcp,ftp,S0,10,9,102,508,0.931,1.0,0,0,dos,1
94.18,tcp,pop3,SF,866,626,5,4,0.043,0.959,0,1,normal,0
75.52,tcp,pop3,SF,171,1148,9,7,0.059,0.798,0,1,normal,0
93.97,udp,ssh,SF,506,525,2,9,0.017,0.865,0,1,normal,0
3.18,tcp,other,REJ,80,4,132,455,0.818,0.961,0,0,dos,1
0.0,tcp,http,SF,1060,1971,4,1,0.0,0.908,0,1,normal,0
0.42,tcp,ssh,S0,35,5,414,483,1.0,0.954,0,0,dos,1
0.0,udp,telnet,S0,37,2,72,18,0.591,0.351,0,0,probe,1
29.97,tcp,dns,SF,91,139,5,5,0.008,1.0,0,1,normal,0
117.76,tcp,smtp,SF,406,1039,8,9,0.0,0.88,0,1,normal,0
0.0,tcp,telnet,S0,60,3,476,455,0.857,0.975,0,0,dos,1
95.34,tcp,http,SF,586,279,2,8,0.004,0.875,0,1,normal,0
93.16,tcp,ssh,SF,452,869,8,8,0.0,0.931,0,1,normal,0
56.11,tcp,dns,SF,479,0,8,2,0.008,0.935,0,1,normal,0
0.0,tcp,ftp,RSTR,1149,1449,9,9,0.076,0.763,0,1,normal,0
24.93,tcp,dns,SF,773,1182,1,6,0.04,1.0,0,1,normal,0
72.24,tcp,dns,SF,711,313,4,7,0.0,0.979,0,1,normal,0
19.68,tcp,dns,RSTO,1112,832,3,5,0.017,1.0,0,1,normal,0
52.0,tcp,http,S0,661,1242,3,2,0.062,0.918,0,1,normal,0
76.01,tcp,dns,SF,840,813,5,2,0.0,0.867,0,1,normal,0
3.13,udp,telnet,S0,15,0,92,9,0.559,0.363,0,0,probe,1
2.83,tcp,ssh,S0,441,1477,6,6,0.112,0.811,0,1,normal,0
0.0,udp,other,SF,1054,979,9,2,0.0,1.0,0,1,normal,0
0.0,tcp,http,SF,280,579,6,3,0.0,1.0,0,1,normal,0
64.96,udp,pop3,SF,758,2214,9,9,0.0,0.934,0,1,normal,0
52.61,tcp,pop3,S0,564,0,6,4,0.018,1.0,0,1,normal,0
29.84,icmp,other,SF,632,1025,4,2,0.0,0.913,0,1,normal,0
14.0,udp,ssh,RSTO,570,2466,3,3,0.0,0.857,0,1,normal,0
36.24,tcp,telnet,SF,680,854,2,5,0.076,0.839,0,1,normal,0
91.33,tcp,telnet,SF,907,1224,6,8,0.003,0.944,0,1,normal,0
0.0,tcp,smtp,SF,649,1391,5,6,0.001,0.839,0,1,normal,0
0.0,udp,telnet,RSTR,639,1019,2,7,0.0,0.79,0,1,normal,0
24.3,udp,other,S0,742,350,2,5,0.006,0.866,0,1,normal,0
59.51,tcp,other,SF,376,202,8,2,0.0,0.856,0,1,normal,0
0.0,tcp,smtp,SF,124,196,4,5,0.071,0.834,0,1,normal,0
17.78,udp,ftp,SF,625,1269,6,5,0.026,0.926,0,1,normal,0
0.0,tcp,ftp,SF,123,957,8,6,0.062,0.94,0,1,normal,0
71.67,tcp,ssh,SF,430,743,3,8,0.0,1.0,0,1,normal,0
72.31,tcp,ftp,SF,524,307,8,8,0.0,0.893,0,1,normal,0
0.0,tcp,pop3,REJ,7,0,79,4,0.476,0.066,0,0,probe,1
57.21,tcp,smtp,SF,738,0,4,8,0.043,0.835,0,1,normal,0
38.09,tcp,pop3,SF,1149,1187,9,6,0.0,0.879,0,1,normal,0
42.03,tcp,pop3,SF,453,553,2,2,0.007,0.945,0,1,normal,0
23.38,udp,pop3,S0,6,343,5,9,0.013,0.335,4,1,r2l,1
85.02,tcp,http,SF,437,314,2,3,0.0,0.706,0,1,normal,0
27.62,tcp,smtp,SF,382,1506,7,8,0.054,1.0,0,1,normal,0
0.0,tcp,ssh,SF,349,430,3,2,0.012,0.703,0,1,u2r,1
118.56,tcp,pop3,SF,455,1700,9,5,0.011,0.889,0,1,normal,0
31.97,tcp,telnet,SF,278,0,4,9,0.045,0.692,4,0,r2l,1
6.12,tcp,telnet,SF,869,1258,1,6,0.0,1.0,0,1,normal,0
0.0,tcp,dns,SF,975,1684,8,5,0.026,0.865,0,1,normal,0
24.98,udp,ssh,SF,0,1155,4,5,0.0,0.744,0,1,normal,0
88.58,tcp,pop3,SF,654,709,7,5,0.007,0.895,0,1,normal,0
3.93,tcp,ssh,S0,15,2,65,6,0.434,0.141,0,0,probe,1
25.61,icmp,smtp,SF,368,1374,7,8,0.015,0.898,0,1,normal,0
131.02,udp,other,SF,896,479,4,4,0.07,0.669,1,1,u2r,1
73.65,tcp,ftp,SF,454,312,2,6,0.0,0.917,0,1,normal,0
82.65,tcp,pop3,SF,555,1550,8,4,0.0,0.864,0,1,normal,0
20.16,tcp,dns,S0,0,505,6,6,0.217,0.573,2,0,r2l,1
21.15,udp,smtp,SF,681,688,4,4,0.0,0.867,0,1,normal,0
6.38,tcp,dns,S0,32,0,88,17,0.542,0.482,0,0,probe,1
97.56,tcp,smtp,SF,99,291,8,6,0.0,0.895,0,1,normal,0
0.92,tcp,dns,RSTR,0,0,121,112,0.773,0.911,0,0,dos,1
80.59,tcp,telnet,SF,613,1343,6,3,0.0,0.943,0,1,normal,0
9.28,tcp,other,SF,159,1498,4,7,0.0,0.962,0,1,normal,0
0.0,udp,pop3,S0,776,978,9,2,0.0,0.943,0,1,normal,0
95.57,tcp,dns,SF,692,894,6,6,0.0,0.917,0,1,normal,0
0.0,tcp,http,SF,644,1783,1,8,0.056,0.802,0,1,normal,0
5.32,tcp,ftp,SF,317,2179,3,3,0.0,0.914,0,1,normal,0
0.07,icmp,other,REJ,52,3,472,250,1.0,0.932,0,0,dos,1
35.81,tcp,ftp,SF,358,1687,9,8,0.024,0.83,0,1,normal,0
1.14,icmp,other,S0,70,0,243,439,0.953,0.932,0,0,dos,1
243.14,tcp,http,SF,1132,0,2,3,0.019,0.846,0,1,u2r,1
73.57,tcp,pop3,SF,800,938,8,5,0.0,0.852,0,1,normal,0
60.24,udp,other,S0,401,778,4,3,0.0,0.942,0,1,normal,0
39.37,udp,other,SF,497,602,9,3,0.036,0.832,0,1,normal,0
34.0,tcp,http,SF,450,1301,4,1,0.072,0.931,0,1,normal,0
0.0,tcp,other,SF,822,1926,6,4,0.109,0.866,0,1,normal,0
71.22,tcp,dns,SF,312,2626,8,3,0.0,0.925,0,1,normal,0
0.0,tcp,ssh,SF,915,745,1,2,0.021,0.894,0,1,normal,0
65.24,tcp,telnet,SF,738,850,7,1,0.033,0.824,0,1,normal,0
76.51,tcp,ssh,SF,578,2083,2,2,0.0,0.695,0,1,normal,0
96.88,tcp,ftp,RSTR,490,868,5,6,0.051,0.932,0,1,normal,0
91.88,tcp,dns,SF,136,948,7,1,0.0,0.857,0,1,normal,0
106.74,tcp,dns,SF,542,417,8,3,0.083,0.94,0,1,normal,0
0.54,tcp,other,S0,22,5,41,2,0.491,0.262,0,0,probe,1
72.2,udp,telnet,SF,441,506,3,6,0.0,0.961,0,1,normal,0
23.12,tcp,pop3,SF,484,1174,9,4,0.066,0.907,0,1,normal,0
0.0,tcp,dns,SF,409,1419,2,3,0.0,0.836,0,1,normal,0
37.74,tcp,telnet,SF,250,1569,7,3,0.011,0.791,0,1,normal,0
106.3,tcp,telnet,SF,227,1028,5,1,0.014,0.765,0,1,normal,0
0.0,udp,ssh,SF,213,1125,5,4,0.048,0.893,0,1,normal,0
74.3,tcp,ftp,SF,1669,784,2,1,0.091,0.818,0,1,u2r,1
13.63,tcp,http,SF,27,1162,5,7,0.042,0.969,0,1,normal,0
0.0,tcp,telnet,RSTR,71,6,220,382,0.957,0.873,0,0,dos,1
68.67,tcp,smtp,SF,892,261,1,9,0.0,0.866,0,1,normal,0
54.5,udp,pop3,SF,205,981,4,7,0.0,0.897,0,1,normal,0
50.48,udp,http,SF,390,440,7,6,0.057,0.82,0,1,normal,0
37.71,tcp,other,SF,340,833,5,6,0.003,0.974,0,1,normal,0
0.0,tcp,telnet,S0,57,4,475,250,0.773,1.0,0,0,dos,1
9.05,udp,smtp,SF,134,237,7,1,0.194,0.657,1,1,r2l,1
1.08,tcp,other,REJ,61,0,218,244,1.0,0.884,0,0,dos,1
11.95,tcp,ssh,SF,881,1496,2,8,0.0,0.927,0,1,normal,0
0.14,tcp,http,REJ,60,0,111,310,0.943,0.885,0,0,dos,1
0.0,tcp,pop3,SF,772,1413,3,7,0.119,0.746,0,1,normal,0
4.85,tcp,http,REJ,18,0,67,11,0.42,0.241,0,0,probe,1
31.24,tcp,telnet,SF,453,1054,2,1,0.0,1.0,0,1,normal,0
13.86,tcp,smtp,SF,1096,2415,2,4,0.037,1.0,0,1,normal,0
71.65,tcp,ssh,SF,568,2151,1,6,0.096,0.9,0,1,normal,0
55.9,tcp,smtp,SF,264,689,4,7,0.032,1.0,0,1,normal,0
67.19,udp,ftp,SF,41,483,6,1,0.068,0.844,0,1,normal,0
0.0,udp,http,REJ,3,0,69,15,0.64,0.2,0,0,probe,1
0.0,udp,telnet,REJ,48,0,174,182,0.806,1.0,0,0,dos,1
0.0,udp,dns,SF,109,256,1,6,0.299,0.723,1,1,r2l,1
0.0,tcp,dns,SF,125,0,8,7,0.0,0.815,0,1,normal,0
44.92,udp,smtp,SF,243,1605,1,7,0.0,1.0,0,1,normal,0
146.35,tcp,ssh,SF,0,668,3,5,0.0,0.962,0,1,normal,0
39.81,icmp,other,SF,767,1278,1,6,0.1,0.775,0,1,normal,0
44.13,tcp,ftp,SF,46,680,3,6,0.0,0.661,0,1,normal,0
0.0,tcp,ssh,SF,458,1396,2,1,0.012,0.985,0,1,normal,0
9.82,tcp,ftp,SF,680,74,1,9,0.068,0.91,0,1,normal,0
17.16,tcp,other,SF,492,1181,1,8,0.036,0.842,0,1,normal,0
16.3,udp,ssh,SF,244,868,3,1,0.0,0.842,0,1,normal,0
9.13,tcp,telnet,SF,541,706,5,6,0.009,0.75,0,1,normal,0
31.07,tcp,other,SF,163,1512,8,3,0.127,0.697,0,1,normal,0
1.33,tcp,pop3,SF,28,2,57,2,0.388,0.057,0,0,probe,1
124.46,tcp,http,SF,270,771,5,5,0.0,0.991,0,1,normal,0
6.04,tcp,smtp,S0,47,0,206,249,0.867,0.94,0,0,dos,1
111.04,tcp,telnet,SF,554,1239,7,8,0.008,0.654,0,1,normal,0
0.0,udp,http,REJ,0,3,154,123,0.967,0.868,0,0,dos,1
5.56,tcp,http,S0,70,2,146,263,0.923,1.0,0,0,dos,1
2.92,tcp,other,S0,22,3,241,367,0.962,0.923,0,0,dos,1
44.61,udp,http,S0,540,1394,7,3,0.047,0.85,0,1,normal,0
68.18,tcp,pop3,SF,391,1270,1,3,0.03,0.913,0,1,normal,0
0.0,udp,other,SF,289,1512,7,8,0.0,0.871,0,1,normal,0
112.15,udp,other,SF,681,1614,7,4,0.0,0.918,0,1,normal,0
112.3,udp,telnet,SF,422,509,2,5,0.085,0.941,0,1,normal,0
82.45,tcp,dns,SF,201,574,6,8,0.0,0.792,0,1,normal,0
59.03,tcp,dns,SF,190,1227,3,3,0.0,0.95,0,1,normal,0
46.79,tcp,ssh,SF,418,1015,3,8,0.014,0.919,0,1,normal,0
14.52,tcp,telnet,SF,525,1402,7,2,0.0,0.881,0,1,normal,0
72.96,udp,http,SF,445,0,5,1,0.0,0.997,0,1,normal,0
0.0,tcp,ssh,S0,62,0,228,347,0.893,0.99,0,0,dos,1
0.07,udp,other,S0,75,5,433,236,0.876,0.944,0,0,dos,1
37.58,udp,smtp,REJ,285,403,4,4,0.061,0.939,0,1,normal,0
50.77,udp,telnet,SF,203,790,8,5,0.051,0.994,0,1,normal,0
0.0,tcp,http,SF,472,938,7,2,0.067,0.804,0,1,normal,0
6.16,icmp,ssh,SF,957,453,9,9,0.0,0.933,0,1,normal,0
0.0,tcp,pop3,SF,576,956,2,7,0.0,0.841,0,1,normal,0
24.03,udp,dns,SF,593,312,3,2,0.0,0.852,0,1,normal,0
37.4,tcp,other,SF,141,0,6,7,0.113,0.143,2,1,r2l,1
39.97,tcp,ftp,REJ,484,701,6,4,0.0,0.835,0,1,normal,0
2.29,udp,pop3,S0,40,0,367,257,0.82,0.992,0,0,dos,1
86.16,tcp,smtp,SF,231,2779,4,4,0.105,0.889,0,1,normal,0
63.09,udp,ftp,S0,75,0,7,6,0.099,0.947,0,1,normal,0
5.51,udp,pop3,REJ,27,0,374,493,0.827,0.897,0,0,dos,1
75.38,tcp,ssh,SF,1047,2218,9,4,0.0,0.801,0,1,normal,0
0.0,tcp,telnet,RSTR,0,6,433,427,0.798,1.0,0,0,dos,1
24.95,udp,ftp,SF,0,1292,2,4,0.026,0.958,0,1,normal,0
70.16,tcp,pop3,SF,770,1897,8,2,0.0,0.996,0,1,normal,0
81.66,udp,http,SF,932,1107,4,3,0.0,1.0,0,1,normal,0
2.77,tcp,ftp,S0,74,0,456,382,0.959,0.911,0,0,dos,1
0.0,tcp,ssh,SF,627,1043,6,6,0.0,0.731,0,1,normal,0
2.88,tcp,ftp,SF,28,0,76,13,0.687,0.027,0,0,probe,1
5.52,tcp,smtp,S0,54,0,403,230,0.989,0.94,0,0,dos,1
71.03,tcp,smtp,SF,0,309,1,3,0.024,0.817,0,1,normal,0
97.71,tcp,pop3,SF,949,1478,4,4,0.016,0.78,0,1,normal,0
0.93,tcp,telnet,S0,64,1,394,446,0.97,0.912,0,0,dos,1
0.0,tcp,http,REJ,23,0,48,7,0.505,0.31,0,0,probe,1
81.84,tcp,smtp,SF,431,948,6,2,0.0,0.964,0,1,normal,0
71.59,udp,pop3,SF,830,1179,6,4,0.048,0.655,0,1,normal,0
95.41,tcp,dns,SF,427,1263,7,9,0.057,1.0,0,1,normal,0
29.89,tcp,pop3,SF,721,1778,6,2,0.0,0.94,0,1,normal,0
2.03,tcp,http,REJ,96,0,293,335,0.99,1.0,0,0,dos,1
38.4,tcp,dns,SF,952,1488,9,2,0.03,0.929,0,1,normal,0
74.37,udp,pop3,RSTO,378,1729,4,5,0.023,0.997,0,1,normal,0
0.0,tcp,other,SF,759,636,8,8,0.06,0.858,0,1,normal,0
30.75,tcp,telnet,SF,623,355,7,3,0.0,0.86,0,1,normal,0
89.83,tcp,http,SF,231,778,3,1,0.07,1.0,0,1,normal,0
3.53,udp,ftp,REJ,70,3,133,187,0.875,0.978,0,0,dos,1
0.0,udp,ftp,SF,484,1122,2,2,0.095,0.817,0,1,normal,0
79.77,tcp,ftp,SF,752,1363,1,2,0.0,0.805,0,1,normal,0
0.55,tcp,smtp,S0,73,1,398,380,1.0,0.909,0,0,dos,1
51.69,udp,other,SF,257,1485,2,9,0.034,0.875,0,1,normal,0
3.92,udp,ftp,SF,484,2135,5,8,0.039,1.0,0,1,normal,0
34.06,tcp,other,SF,288,952,8,6,0.0,0.915,0,1,normal,0
42.08,tcp,dns,SF,152,290,4,4,0.029,0.554,1,1,u2r,1
0.0,udp,ftp,S0,33,0,443,218,0.755,0.906,0,0,dos,1
101.91,tcp,dns,SF,925,646,9,9,0.0,0.837,0,1,normal,0
54.1,tcp,ssh,SF,608,998,9,9,0.014,0.883,0,1,normal,0
0.0,udp,other,SF,199,2467,8,8,0.037,1.0,0,1,normal,0
125.63,udp,http,SF,571,1808,9,6,0.021,0.94,0,1,normal,0
58.6,tcp,pop3,SF,0,914,4,7,0.0,1.0,0,1,normal,0
0.14,udp,other,S0,22,0,78,16,0.424,0.401,0,0,probe,1
1.27,udp,other,RSTR,95,0,114,398,0.975,0.961,0,0,dos,1
55.19,tcp,other,SF,47,1060,8,3,0.0,0.86,0,1,normal,0
1.64,udp,http,RSTR,22,0,202,261,0.979,0.94,0,0,dos,1
0.0,tcp,dns,SF,268,343,3,2,0.122,0.745,4,0,r2l,1
81.76,tcp,ftp,SF,1013,1563,6,3,0.019,0.767,0,1,normal,0
51.59,tcp,pop3,SF,312,569,6,9,0.0,1.0,0,1,normal,0
0.0,tcp,dns,S0,24,0,21,16,0.191,0.313,0,0,probe,1
126.88,udp,ftp,SF,79,1354,7,3,0.0,0.863,0,1,normal,0
2.2,tcp,pop3,S0,33,0,42,15,0.586,0.279,0,0,probe,1
73.43,udp,ssh,SF,738,1145,8,9,0.046,1.0,0,1,normal,0
103.71,tcp,http,REJ,904,267,3,8,0.0,0.871,0,1,normal,0
0.0,icmp,ssh,S0,6,2,149,364,0.759,0.958,0,0,dos,1
32.17,udp,telnet,RSTR,694,1548,1,6,0.0,0.954,0,1,normal,0
52.1,tcp,ssh,SF,833,1306,9,5,0.022,0.84,0,1,normal,0
0.0,tcp,pop3,SF,856,801,9,5,0.025,0.997,0,1,normal,0
67.83,udp,ftp,RSTR,658,832,8,2,0.048,0.789,0,1,normal,0
97.96,udp,smtp,SF,0,945,9,9,0.018,0.942,0,1,normal,0
73.3,udp,http,SF,446,504,1,5,0.0,1.0,0,1,normal,0
15.57,tcp,ssh,SF,337,1569,3,5,0.003,0.895,0,1,normal,0
5.19,udp,pop3,SF,347,413,5,5,0.111,0.908,0,1,normal,0
68.52,udp,other,SF,493,1072,9,1,0.0,0.801,0,1,normal,0
0.0,tcp,smtp,S0,12,4,50,18,0.201,0.115,0,0,probe,1
67.17,tcp,http,SF,514,781,6,7,0.0,0.83,0,1,normal,0
69.28,tcp,ftp,SF,779,1513,8,7,0.032,0.848,0,1,normal,0
57.02,tcp,smtp,SF,0,1260,7,5,0.0,0.933,0,1,normal,0
63.71,tcp,pop3,SF,545,1630,7,3,0.0,1.0,0,1,normal,0
2.81,tcp,dns,S0,57,0,408,141,0.843,0.987,0,0,dos,1
0.0,tcp,other,SF,404,963,2,8,0.0,0.996,0,1,normal,0
22.04,tcp,other,SF,715,672,1,1,0.005,0.991,0,1,normal,0
22.64,icmp,ftp,SF,141,304,2,5,0.012,0.221,4,0,r2l,1
0.0,tcp,ssh,S0,48,5,242,421,0.871,0.959,0,0,dos,1
1.83,tcp,other,REJ,70,11,102,230,0.948,0.973,0,0,dos,1
0.0,tcp,smtp,S0,76,4,122,506,0.954,0.977,0,0,dos,1
1.04,tcp,dns,S0,0,0,46,16,0.747,0.222,0,0,probe,1
91.32,udp,pop3,SF,469,315,6,7,0.007,0.853,0,1,normal,0
34.42,tcp,smtp,SF,858,2131,7,3,0.069,0.911,0,1,normal,0
66.48,tcp,ssh,SF,618,0,3,5,0.064,0.83,0,1,normal,0
30.16,udp,http,SF,737,1581,2,8,0.045,1.0,0,1,normal,0
73.68,tcp,pop3,SF,389,245,4,2,0.093,0.765,0,1,normal,0
128.63,tcp,dns,SF,1049,0,4,6,0.0,0.823,0,1,normal,0
27.04,tcp,smtp,SF,519,1327,1,9,0.065,0.83,0,1,normal,0
0.0,tcp,http,S0,23,0,468,399,0.8,0.993,0,0,dos,1
0.63,tcp,smtp,S0,22,4,164,393,0.824,1.0,0,0,dos,1
129.72,tcp,ftp,REJ,606,1695,8,6,0.018,0.832,0,1,normal,0
51.31,tcp,pop3,SF,289,1225,6,3,0.042,0.884,0,1,normal,0
48.56,udp,ftp,SF,555,1735,9,2,0.0,0.873,0,1,normal,0
48.82,tcp,smtp,SF,334,2020,3,6,0.068,0.768,0,1,normal,0
0.0,icmp,smtp,REJ,38,1,80,2,0.699,0.216,0,0,probe,1
0.79,tcp,ssh,S0,60,5,210,258,0.835,0.966,0,0,dos,1
0.0,tcp,ftp,S0,29,2,35,3,0.574,0.302,0,0,probe,1
1.77,tcp,dns,S0,108,0,347,225,1.0,0.902,0,0,dos,1
14.53,tcp,ssh,SF,11,38,8,1,0.044,0.882,3,1,r2l,1
49.64,udp,other,SF,364,879,9,7,0.06,0.906,0,1,normal,0
125.37,tcp,ssh,REJ,691,705,8,3,0.0,0.987,0,1,normal,0
96.59,tcp,ssh,SF,206,0,7,3,0.0,0.839,0,1,normal,0
55.53,udp,smtp,SF,183,1750,4,2,0.04,0.917,0,1,normal,0
73.0,udp,pop3,SF,601,948,3,4,0.029,0.866,0,1,normal,0
39.15,tcp,telnet,SF,398,2097,6,1,0.0,0.962,0,1,normal,0
31.95,tcp,smtp,SF,0,472,10,6,0.075,0.628,2,0,r2l,1
65.97,udp,dns,SF,37,209,4,2,0.082,0.946,0,1,normal,0
13.66,tcp,ftp,SF,149,287,2,6,0.0,0.547,3,1,r2l,1
2.01,udp,http,S0,1,2,244,424,0.906,0.938,0,0,dos,1
8.86,tcp,ftp,SF,1097,1231,9,6,0.023,0.683,0,1,normal,0
65.55,tcp,pop3,SF,630,1579,8,6,0.071,0.867,0,1,normal,0
64.11,icmp,telnet,SF,491,495,9,3,0.025,1.0,0,1,normal,0
4.98,udp,telnet,SF,1154,283,7,6,0.0,1.0,0,1,normal,0
31.86,tcp,dns,SF,692,1398,8,2,0.033,0.965,0,1,normal,0
0.45,tcp,smtp,S0,3,0,86,3,0.209,0.364,0,0,probe,1
0.0,udp,smtp,SF,137,815,5,3,0.0,0.822,0,1,normal,0
46.38,tcp,http,SF,684,0,1,4,0.052,0.87,0,1,normal,0
3.22,tcp,http,RSTR,95,0,473,363,0.937,0.974,0,0,dos,1
51.59,icmp,http,SF,716,1426,8,5,0.0,1.0,0,1,normal,0
37.03,tcp,smtp,SF,732,346,4,8,0.03,0.905,0,1,normal,0
59.11,tcp,pop3,SF,488,1779,8,5,0.0,0.838,0,1,normal,0
43.24,tcp,pop3,SF,448,2690,4,9,0.013,0.682,0,1,normal,0
75.34,udp,ssh,SF,576,1014,8,3,0.0,0.836,0,1,normal,0
38.0,udp,ssh,SF,884,1280,7,9,0.0,1.0,0,1,normal,0
0.0,udp,other,SF,175,886,1,6,0.0,0.99,0,1,normal,0
67.5,tcp,ssh,RSTR,702,461,6,1,0.0,0.923,0,1,normal,0
37.39,tcp,ssh,SF,331,1531,8,6,0.062,0.801,0,1,normal,0
5.67,tcp,other,SF,887,1199,7,5,0.0,0.987,0,1,normal,0
42.18,tcp,ssh,SF,512,0,2,4,0.059,0.858,0,1,normal,0
6.72,tcp,ssh,SF,160,2358,1,9,0.062,0.914,0,1,normal,0
6.7,tcp,telnet,RSTO,680,377,2,8,0.09,0.657,0,1,normal,0
17.76,tcp,ssh,SF,462,1247,6,8,0.051,1.0,0,1,normal,0
27.88,tcp,http,SF,326,1775,1,8,0.0,0.675,0,1,normal,0
43.33,tcp,ssh,SF,505,1751,9,5,0.0,0.777,0,1,normal,0
0.0,udp,telnet,S0,29,0,81,8,0.775,0.428,0,0,probe,1
0.0,icmp,telnet,RSTR,728,735,1,5,0.066,0.818,0,1,normal,0
2.43,udp,smtp,SF,19,0,46,18,0.322,0.0,0,0,probe,1
0.0,tcp,pop3,SF,265,1405,9,5,0.058,1.0,0,1,normal,0
38.73,tcp,telnet,S0,376,1354,3,3,0.016,0.806,0,1,normal,0
0.0,tcp,ftp,S0,93,7,452,117,0.821,1.0,0,0,dos,1
4.38,tcp,other,S0,53,0,203,365,0.92,1.0,0,0,dos,1
1.72,tcp,pop3,REJ,27,0,109,429,0.923,0.969,0,0,dos,1
45.3,udp,ftp,SF,470,1047,6,3,0.015,0.86,0,1,normal,0
0.77,tcp,ssh,S0,87,4,122,391,0.924,0.892,0,0,dos,1
0.0,tcp,http,SF,709,1266,5,2,0.019,0.862,0,1,normal,0
21.45,tcp,dns,REJ,428,1151,2,1,0.0,0.788,0,1,normal,0
39.38,udp,smtp,SF,556,105,2,9,0.0,0.894,0,1,normal,0
129.2,tcp,ftp,SF,44,741,4,4,0.044,0.552,1,1,u2r,1
1.58,tcp,other,SF,185,1629,8,3,0.046,0.884,0,1,normal,0
1.91,udp,http,S0,74,2,316,385,0.765,1.0,0,0,dos,1
16.51,tcp,telnet,SF,269,1427,9,6,0.054,1.0,0,1,normal,0
0.0,udp,pop3,REJ,111,0,315,507,1.0,1.0,0,0,dos,1
0.8,tcp,pop3,S0,50,4,460,291,0.991,0.882,0,0,dos,1
0.9,udp,smtp,REJ,42,0,414,110,1.0,1.0,0,0,dos,1
11.71,udp,dns,RSTO,436,1068,8,5,0.074,0.676,0,1,normal,0
64.96,tcp,smtp,SF,240,1441,6,8,0.0,0.902,0,1,normal,0
30.9,tcp,telnet,SF,693,970,6,2,0.098,0.968,0,1,normal,0
31.4,tcp,telnet,SF,341,1157,2,6,0.0,0.957,0,1,normal,0
100.71,tcp,telnet,SF,399,515,4,9,0.09,0.893,0,1,normal,0
60.16,udp,other,SF,799,2151,6,7,0.008,0.889,0,1,normal,0
35.35,tcp,ftp,SF,538,1374,7,1,0.026,0.804,0,1,normal,0
3.8,tcp,ftp,SF,638,1306,1,7,0.052,1.0,0,1,normal,0
47.82,tcp,ssh,SF,317,1296,3,5,0.0,0.947,0,1,normal,0
3.88,tcp,http,S0,0,0,97,6,0.509,0.206,0,0,probe,1
45.65,udp,ssh,S0,1284,794,6,7,0.053,0.741,0,1,normal,0
26.86,tcp,pop3,SF,399,111,12,3,0.026,0.72,3,0,r2l,1
8.98,tcp,pop3,SF,267,388,6,8,0.0,0.444,4,0,r2l,1
77.2,tcp,smtp,SF,182,2075,1,1,0.035,0.718,0,1,normal,0
0.0,tcp,ftp,REJ,9,0,100,250,0.846,0.867,0,0,dos,1
24.57,tcp,telnet,SF,695,1168,1,5,0.056,0.896,0,1,normal,0
72.82,tcp,http,SF,372,802,7,8,0.005,0.987,0,1,normal,0
19.93,tcp,other,SF,499,1440,3,8,0.027,0.884,0,1,normal,0
0.0,udp,ftp,SF,299,1246,2,5,0.007,0.771,0,1,normal,0
113.17,tcp,telnet,SF,412,520,2,9,0.082,0.777,0,1,normal,0
61.96,udp,telnet,SF,688,1153,4,9,0.062,1.0,0,1,normal,0
0.0,tcp,pop3,SF,0,40,3,1,0.029,0.928,0,1,u2r,1
28.57,udp,ssh,S0,1103,1356,9,9,0.006,1.0,0,1,normal,0
1.3,udp,pop3,REJ,0,0,490,237,0.822,0.952,0,0,dos,1
2.88,tcp,other,SF,173,320,2,9,0.086,0.535,2,0,r2l,1
44.02,udp,ftp,SF,61,1881,6,4,0.018,0.822,0,1,normal,0
95.65,tcp,pop3,RSTO,981,447,9,3,0.0,0.829,0,1,normal,0
0.0,tcp,dns,S0,54,0,376,155,0.855,0.887,0,0,dos,1
58.12,tcp,ftp,SF,513,1386,4,8,0.0,0.912,0,1,normal,0
76.42,tcp,telnet,SF,199,792,7,9,0.0,1.0,0,1,normal,0
81.93,tcp,telnet,SF,353,1802,5,7,0.034,1.0,0,1,normal,0
2.21,tcp,pop3,REJ,8,0,77,12,0.142,0.032,0,0,probe,1
43.59,tcp,smtp,SF,46,469,2,1,0.0,0.841,0,1,normal,0
66.29,tcp,ssh,SF,669,424,1,1,0.025,0.861,0,1,normal,0
4.39,tcp,pop3,RSTR,684,138,5,2,0.035,0.852,0,1,normal,0
24.79,tcp,other,S0,644,690,1,5,0.0,0.911,0,1,normal,0
19.66,udp,ssh,REJ,737,1665,8,9,0.0,0.954,0,1,normal,0
2.95,tcp,ftp,RSTR,62,0,432,327,0.895,0.946,0,0,dos,1
5.73,udp,pop3,REJ,66,0,130,482,0.983,0.954,0,0,dos,1
34.97,udp,http,SF,930,1525,7,7,0.035,0.775,0,1,normal,0
21.44,tcp,ssh,SF,317,617,6,9,0.057,0.934,0,1,normal,0
69.46,tcp,ftp,S0,367,730,2,2,0.0,0.95,0,1,normal,0
41.18,tcp,ssh,SF,41,0,7,2,0.071,0.798,0,1,normal,0
25.04,tcp,dns,SF,225,1262,8,8,0.05,0.901,0,1,normal,0
65.14,tcp,telnet,SF,409,0,9,6,0.0,0.875,0,1,normal,0
71.09,tcp,other,SF,465,745,6,5,0.0,1.0,0,1,normal,0
18.84,tcp,smtp,SF,379,467,4,3,0.028,0.708,0,1,normal,0
0.0,tcp,telnet,SF,554,1372,9,3,0.0,0.954,0,1,normal,0
91.69,tcp,pop3,REJ,426,631,7,1,0.0,1.0,0,1,normal,0
25.51,udp,smtp,SF,84,1015,5,8,0.02,0.954,0,1,normal,0
5.25,udp,http,S0,55,0,73,18,0.877,0.066,0,0,probe,1
0.0,tcp,ftp,RSTR,81,2,355,458,1.0,0.963,0,0,dos,1
6.48,udp,telnet,S0,28,0,80,19,0.423,0.156,0,0,probe,1
2.65,tcp,dns,S0,14,0,28,1,0.399,0.343,0,0,probe,1
11.63,tcp,pop3,RSTO,51,941,1,6,0.0,1.0,0,1,normal,0
0.07,tcp,pop3,S0,39,1,59,18,0.388,0.239,0,0,probe,1
35.26,udp,smtp,SF,754,1762,9,9,0.018,0.971,0,1,normal,0
48.94,udp,ftp,SF,376,896,7,4,0.0,0.959,0,1,normal,0
0.0,tcp,dns,SF,939,1375,9,3,0.018,0.988,0,1,normal,0
134.32,tcp,other,SF,555,1119,9,2,0.008,0.786,0,1,normal,0
112.93,tcp,smtp,SF,73,1294,9,2,0.0,0.907,0,1,normal,0
4.77,tcp,ssh,REJ,826,1048,9,2,0.0,0.963,0,1,normal,0
3.04,tcp,dns,REJ,25,4,504,471,0.928,0.942,0,0,dos,1
2.85,tcp,telnet,RSTR,94,9,482,309,0.945,1.0,0,0,dos,1
53.49,tcp,pop3,SF,417,904,1,9,0.0,0.894,0,1,normal,0
76.96,tcp,pop3,S0,578,1293,1,4,0.008,0.91,0,1,normal,0
2.41,tcp,dns,S0,24,4,224,264,0.841,0.95,0,0,dos,1
0.0,tcp,ssh,SF,279,392,4,2,0.0,0.861,0,1,normal,0
68.14,tcp,telnet,SF,424,0,4,8,0.074,0.968,0,1,normal,0
27.59,tcp,dns,SF,572,318,4,5,0.0,0.832,0,1,normal,0
55.54,tcp,pop3,SF,0,595,4,3,0.046,0.86,0,1,normal,0
24.16,tcp,ssh,REJ,671,1918,2,6,0.0,0.994,0,1,normal,0
2.12,tcp,pop3,RSTR,72,4,310,423,0.774,0.907,0,0,dos,1
4.05,tcp,http,S0,20,0,287,483,1.0,0.936,0,0,dos,1
18.78,tcp,dns,SF,1,562,6,4,0.0,0.914,0,1,normal,0
54.25,tcp,ssh,RSTO,728,1718,4,2,0.0,0.835,0,1,normal,0
0.0,tcp,pop3,S0,35,0,164,505,0.844,0.907,0,0,dos,1
0.0,tcp,dns,SF,362,952,6,6,0.012,0.824,0,1,normal,0
70.64,tcp,pop3,REJ,1083,1065,4,3,0.106,0.901,0,1,normal,0
24.2,tcp,http,SF,350,1323,6,6,0.016,0.927,0,1,normal,0
6.24,tcp,dns,SF,500,0,7,9,0.0,0.888,0,1,normal,0
0.0,udp,smtp,SF,245,1137,3,9,0.012,0.989,0,1,normal,0
71.8,tcp,telnet,SF,212,2162,7,1,0.0,0.98,0,1,normal,0
89.88,tcp,dns,SF,290,1232,3,1,0.065,0.886,0,1,normal,0
65.67,tcp,ftp,SF,417,0,9,1,0.09,0.764,0,1,normal,0
66.25,tcp,telnet,SF,86,814,9,8,0.0,1.0,0,1,normal,0
95.57,tcp,http,SF,321,2082,3,3,0.0,0.814,0,1,normal,0
22.74,tcp,ssh,SF,0,306,4,7,0.059,0.578,3,0,r2l,1
75.34,udp,smtp,SF,288,378,1,1,0.0,0.981,0,1,normal,0
41.7,tcp,pop3,SF,394,1227,4,6,0.026,0.839,0,1,normal,0
11.56,tcp,smtp,S0,176,946,7,2,0.0,0.927,0,1,normal,0
7.4,icmp,ssh,S0,16,5,88,2,0.287,0.268,0,0,probe,1
0.0,tcp,smtp,SF,544,871,3,4,0.0,0.783,0,1,normal,0
10.0,udp,smtp,REJ,0,0,44,14,0.648,0.433,0,0,probe,1
32.03,tcp,telnet,SF,462,1006,6,8,0.0,0.807,0,1,normal,0
58.2,tcp,other,SF,531,1654,8,7,0.021,0.879,0,1,normal,0
112.66,tcp,other,SF,310,520,4,2,0.005,0.913,0,1,normal,0
72.89,tcp,smtp,SF,566,1530,1,5,0.068,0.844,0,1,normal,0
0.23,tcp,ftp,RSTR,85,0,323,138,0.994,0.944,0,0,dos,1
0.89,tcp,http,RSTR,53,0,110,117,0.789,0.961,0,0,dos,1
9.65,tcp,ssh,SF,661,791,4,8,0.019,0.932,0,1,normal,0
41.73,tcp,http,S0,0,407,10,5,0.148,0.743,1,0,r2l,1
88.03,udp,ftp,SF,913,225,1,4,0.0,0.83,0,1,normal,0
38.44,tcp,other,SF,590,597,1,7,0.014,0.947,0,1,normal,0
68.07,udp,smtp,SF,777,1672,6,6,0.0,0.785,0,1,normal,0
125.5,tcp,http,SF,563,949,3,8,0.072,0.997,0,1,normal,0
5.19,tcp,ssh,RSTR,83,0,436,282,0.887,0.945,0,0,dos,1
2.3,udp,ftp,SF,329,41,8,2,0.014,0.989,0,1,normal,0
21.57,udp,http,SF,55,1613,9,1,0.099,0.858,0,1,normal,0
6.08,tcp,http,SF,402,0,4,1,0.065,0.828,0,1,normal,0
124.55,tcp,dns,SF,0,1651,8,1,0.068,0.834,0,1,normal,0
29.08,tcp,other,SF,508,1182,1,7,0.0,1.0,0,1,normal,0
0.0,tcp,ssh,SF,454,1069,1,6,0.0,0.846,0,1,normal,0
0.0,tcp,telnet,SF,533,1316,7,7,0.003,0.892,0,1,normal,0
72.94,tcp,ssh,SF,320,97,7,9,0.0,0.922,0,1,normal,0
150.51,tcp,telnet,REJ,705,1806,5,6,0.046,0.948,0,1,normal,0
52.37,tcp,pop3,REJ,107,119,8,6,0.054,1.0,0,1,normal,0
60.36,tcp,telnet,SF,507,1043,6,2,0.0,0.827,0,1,normal,0
0.0,icmp,other,REJ,14,0,253,315,0.839,0.94,0,0,dos,1
19.1,tcp,other,SF,179,696,3,3,0.0,0.648,2,1,r2l,1
81.92,udp,telnet,SF,309,1016,6,8,0.051,0.956,0,1,normal,0
43.68,udp,ftp,S0,277,0,3,9,0.18,0.659,2,0,r2l,1
31.62,tcp,http,SF,373,1473,6,4,0.0,0.93,0,1,normal,0
57.36,udp,dns,RSTR,437,670,8,7,0.0,0.787,0,1,normal,0
0.0,tcp,ssh,S0,83,0,292,231,0.789,0.996,0,0,dos,1
6.41,tcp,ftp,S0,49,0,113,338,0.847,0.993,0,0,dos,1
3.58,tcp,dns,S0,28,2,287,275,0.814,0.898,0,0,dos,1
25.27,udp,smtp,SF,682,1719,5,6,0.0,0.832,0,1,normal,0
48.55,tcp,http,SF,495,836,8,3,0.083,0.994,0,1,normal,0
45.34,udp,smtp,SF,716,880,9,7,0.0,0.831,0,1,normal,0
164.81,tcp,http,SF,0,411,5,1,0.002,0.94,0,1,normal,0
86.88,tcp,dns,SF,0,636,2,1,0.0,0.786,0,1,normal,0
52.13,tcp,smtp,SF,284,269,8,4,0.003,1.0,0,1,normal,0
61.14,tcp,dns,SF,378,1499,1,8,0.0,0.938,0,1,normal,0
17.39,udp,http,SF,213,1047,1,2,0.0,1.0,0,1,normal,0
2.43,tcp,dns,SF,593,1171,2,7,0.0,0.874,0,1,normal,0
135.22,tcp,http,SF,436,1259,8,9,0.0,0.668,0,1,normal,0
92.63,tcp,pop3,REJ,513,942,8,4,0.031,0.906,0,1,normal,0
74.04,tcp,ftp,SF,455,1238,4,6,0.005,0.856,0,1,normal,0
20.9,tcp,ftp,SF,170,1494,5,6,0.0,1.0,0,1,normal,0
119.79,udp,other,SF,724,861,9,2,0.009,0.861,0,1,normal,0
34.86,tcp,other,SF,320,546,2,3,0.07,0.924,0,1,normal,0
0.0,tcp,telnet,S0,39,8,483,247,0.92,0.906,0,0,dos,1
97.81,tcp,other,SF,275,656,5,2,0.009,0.636,0,1,normal,0
73.77,tcp,http,SF,312,1335,7,6,0.0,0.876,0,1,normal,0
33.14,tcp,ftp,SF,788,625,6,6,0.021,1.0,0,1,normal,0
22.82,tcp,dns,S0,192,534,11,4,0.218,0.545,2,0,r2l,1
0.88,icmp,dns,S0,68,4,138,159,0.952,0.927,0,0,dos,1
44.75,tcp,dns,SF,730,366,6,5,0.086,0.961,0,1,normal,0
59.26,tcp,telnet,SF,580,2213,9,3,0.01,0.919,0,1,normal,0
9.51,tcp,ssh,SF,235,1482,2,3,0.012,0.875,0,1,normal,0
0.0,udp,other,REJ,3,0,76,19,0.293,0.315,0,0,probe,1
27.38,tcp,telnet,SF,563,960,7,7,0.12,0.753,0,1,normal,0
26.36,tcp,ssh,SF,421,1169,1,6,0.041,0.985,0,1,normal,0
181.39,tcp,ftp,SF,501,0,3,3,0.0,0.72,1,1,u2r,1
0.0,udp,http,S0,63,2,477,107,0.858,0.929,0,0,dos,1
29.14,udp,ssh,S0,337,1557,5,4,0.0,1.0,0,1,normal,0
3.35,tcp,ssh,SF,572,872,5,7,0.055,1.0,0,1,normal,0
12.75,tcp,telnet,RSTR,708,754,3,5,0.049,0.763,0,1,normal,0
87.01,tcp,smtp,SF,489,1264,4,6,0.088,0.933,0,1,normal,0
18.03,tcp,dns,S0,572,214,2,9,0.27,0.961,0,1,normal,0
3.2,tcp,dns,S0,33,0,94,13,0.456,0.088,0,0,probe,1
0.0,tcp,ftp,REJ,0,0,47,11,1.0,0.194,0,0,probe,1
78.12,tcp,other,SF,809,1559,6,8,0.057,0.782,0,1,normal,0
133.73,tcp,http,SF,485,1320,6,8,0.078,0.743,0,1,normal,0
37.31,tcp,http,SF,579,241,9,6,0.036,0.743,0,1,normal,0
45.05,tcp,other,SF,425,862,8,2,0.06,0.963,0,1,normal,0
0.43,tcp,ftp,S0,31,0,215,437,0.734,0.949,0,0,dos,1
59.92,icmp,pop3,RSTR,542,674,5,8,0.016,0.706,0,1,normal,0
0.0,tcp,telnet,SF,907,1635,4,5,0.0,0.856,0,1,normal,0
101.8,tcp,other,SF,549,1390,9,9,0.0,0.932,0,1,normal,0
97.5,udp,smtp,SF,384,1050,7,4,0.045,0.894,0,1,normal,0
2.44,tcp,pop3,SF,0,681,8,1,0.012,0.853,0,1,normal,0
1.42,tcp,smtp,RSTR,74,0,436,454,0.896,0.962,0,0,dos,1
1.83,tcp,dns,REJ,64,1,223,327,0.733,0.919,0,0,dos,1
46.87,icmp,smtp,SF,916,924,3,8,0.006,0.878,0,1,normal,0
0.75,icmp,dns,S0,70,0,119,231,0.838,0.937,0,0,dos,1
62.09,tcp,pop3,SF,0,1042,5,2,0.012,0.882,0,1,normal,0
0.0,tcp,ssh,RSTR,73,0,288,438,1.0,0.973,0,0,dos,1
63.68,tcp,http,SF,181,56,6,8,0.024,1.0,0,1,normal,0
0.0,tcp,pop3,SF,0,681,5,2,0.062,0.644,0,1,normal,0
5.68,tcp,http,S0,28,0,26,10,0.242,0.175,0,0,probe,1
115.92,tcp,http,SF,529,2255,3,8,0.05,0.874,0,1,normal,0
72.5,tcp,http,SF,931,1659,9,6,0.0,1.0,0,1,normal,0
122.26,tcp,dns,SF,709,629,7,5,0.076,0.912,0,1,normal,0
35.87,tcp,smtp,SF,150,1477,2,3,0.0,0.977,0,1,normal,0
9.75,udp,ftp,SF,796,504,4,3,0.084,0.827,0,1,normal,0
55.26,tcp,ssh,RSTO,479,1552,2,1,0.1,0.926,0,1,normal,0
1.88,tcp,telnet,S0,18,5,74,10,0.522,0.207,0,0,probe,1
85.59,tcp,smtp,SF,280,1575,2,7,0.08,1.0,0,1,normal,0
24.56,udp,smtp,SF,464,927,1,7,0.011,0.785,0,1,normal,0
64.45,icmp,other,SF,72,600,3,9,0.025,0.931,0,1,normal,0
3.32,tcp,other,S0,95,0,417,321,0.973,0.994,0,0,dos,1
22.29,tcp,dns,RSTO,773,727,2,5,0.0,0.924,0,1,normal,0
153.38,tcp,other,REJ,751,1115,1,6,0.0,0.928,0,1,normal,0
38.1,tcp,ftp,SF,264,589,1,4,0.007,1.0,0,1,normal,0
0.79,tcp,dns,SF,102,952,8,6,0.001,1.0,0,1,normal,0
0.99,tcp,ftp,S0,32,1,281,293,0.854,0.942,0,0,dos,1
71.95,tcp,telnet,SF,270,1243,6,4,0.0,0.885,0,1,normal,0
0.0,icmp,dns,S0,87,0,308,354,1.0,0.941,0,0,dos,1
95.14,tcp,ssh,SF,454,282,2,1,0.121,0.984,0,1,normal,0
51.94,tcp,telnet,SF,0,1014,2,2,0.075,1.0,0,1,normal,0
105.79,udp,pop3,SF,507,1206,6,6,0.048,0.872,0,1,normal,0
66.24,tcp,telnet,RSTO,1016,1445,2,6,0.0,0.849,0,1,normal,0
11.35,tcp,telnet,SF,1029,1025,4,8,0.061,0.859,0,1,normal,0
103.28,tcp,pop3,SF,782,720,7,6,0.044,0.801,0,1,normal,0
75.46,udp,other,SF,519,1029,1,3,0.0,0.748,0,1,normal,0
0.0,tcp,other,SF,717,1303,5,5,0.007,0.942,0,1,normal,0
0.0,tcp,ftp,SF,429,1253,9,4,0.032,0.979,0,1,normal,0
4.85,udp,other,SF,3,679,4,7,0.053,0.797,0,1,normal,0
59.68,tcp,ftp,SF,299,701,2,4,0.014,0.805,0,1,normal,0
29.38,icmp,dns,SF,211,1662,3,5,0.086,0.84,0,1,normal,0
42.18,tcp,other,REJ,37,744,9,6,0.027,0.954,0,1,normal,0
42.8,tcp,pop3,SF,281,117,2,7,0.014,0.693,0,1,normal,0
70.4,udp,ftp,SF,9,885,3,8,0.024,0.903,0,1,normal,0
14.62,tcp,telnet,RSTR,836,865,1,5,0.043,0.651,0,1,normal,0
31.79,tcp,dns,SF,125,362,6,1,0.027,0.781,0,1,normal,0
27.03,tcp,telnet,SF,432,1397,2,3,0.004,1.0,0,1,normal,0
64.63,tcp,ssh,SF,544,2388,2,6,0.01,0.936,0,1,normal,0
0.0,tcp,other,SF,284,159,2,4,0.064,1.0,0,1,normal,0
54.09,tcp,dns,SF,434,1467,9,8,0.002,0.897,0,1,normal,0
2.72,tcp,other,REJ,31,0,58,1,0.459,0.195,0,0,probe,1
53.95,tcp,smtp,SF,277,2312,8,6,0.0,0.909,0,1,normal,0
2.25,tcp,other,S0,52,0,286,412,0.787,0.998,0,0,dos,1
4.09,udp,other,SF,588,1121,7,4,0.013,0.994,0,1,normal,0
0.0,tcp,other,SF,0,185,3,7,0.017,0.897,0,1,normal,0
95.75,tcp,pop3,SF,0,1200,7,7,0.047,0.937,0,1,normal,0
88.55,tcp,smtp,SF,568,1242,2,5,0.0,1.0,0,1,normal,0
6.44,tcp,pop3,S0,34,0,37,9,0.347,0.338,0,0,probe,1
37.15,udp,ssh,SF,235,2119,3,9,0.0,0.934,0,1,normal,0
24.36,tcp,ssh,S0,57,12,4,4,0.053,0.802,3,1,r2l,1
0.0,udp,http,SF,350,375,2,6,0.024,0.884,0,1,normal,0
1.9,tcp,ssh,REJ,17,0,188,305,0.816,0.861,0,0,dos,1
0.84,tcp,telnet,SF,48,1,93,6,0.814,0.164,0,0,probe,1
77.84,tcp,telnet,SF,342,1523,7,2,0.009,0.76,0,1,normal,0
23.26,tcp,dns,SF,266,856,2,2,0.0,0.804,0,1,normal,0
11.69,tcp,ftp,SF,886,856,9,7,0.048,0.984,0,1,normal,0
32.44,tcp,ssh,SF,919,625,7,1,0.066,0.867,0,1,normal,0
2.12,udp,telnet,SF,5,3,89,1,0.335,0.388,0,0,probe,1
23.51,tcp,http,SF,631,1360,6,1,0.068,1.0,0,1,normal,0
0.0,tcp,pop3,SF,576,1487,3,5,0.109,0.69,0,1,normal,0
58.67,tcp,other,SF,640,527,4,9,0.016,0.721,0,1,normal,0
51.38,icmp,dns,SF,529,2010,3,2,0.063,0.946,0,1,normal,0
36.33,tcp,ftp,S0,244,120,11,2,0.091,0.677,3,0,r2l,1
39.18,udp,ssh,SF,571,1714,2,6,0.023,1.0,0,1,normal,0
3.28,tcp,ssh,RSTR,33,1,264,357,1.0,0.946,0,0,dos,1
5.48,udp,pop3,REJ,0,0,57,19,0.079,0.0,0,0,probe,1
70.57,tcp,smtp,REJ,498,1438,8,8,0.047,0.835,0,1,normal,0
16.12,udp,telnet,SF,646,1277,2,3,0.097,0.798,0,1,normal,0
41.71,tcp,pop3,SF,740,847,9,3,0.092,0.789,0,1,normal,0
17.44,tcp,http,SF,948,862,3,5,0.057,0.867,0,1,normal,0
101.0,tcp,smtp,SF,625,1104,3,7,0.004,0.87,0,1,normal,0
0.0,tcp,dns,REJ,81,8,421,152,0.95,0.994,0,0,dos,1
0.0,tcp,http,REJ,601,868,8,9,0.009,0.945,0,1,normal,0
0.0,tcp,ssh,S0,23,1,84,14,0.531,0.228,0,0,probe,1
2.78,tcp,http,S0,36,13,142,272,1.0,0.989,0,0,dos,1
0.0,tcp,http,REJ,69,6,334,252,0.793,1.0,0,0,dos,1
50.76,udp,pop3,REJ,351,2280,6,6,0.043,0.871,0,1,normal,0
67.84,tcp,ftp,SF,645,630,5,5,0.0,0.929,0,1,normal,0
4.14,tcp,other,SF,616,1412,6,3,0.051,0.917,0,1,normal,0
43.69,tcp,telnet,S0,250,1651,5,1,0.065,1.0,0,1,normal,0
111.39,tcp,telnet,SF,613,1131,9,9,0.0,0.78,0,1,normal,0
15.5,tcp,ssh,SF,787,1827,3,6,0.051,1.0,0,1,normal,0
62.24,tcp,pop3,SF,84,415,9,3,0.0,0.925,0,1,normal,0
41.41,tcp,pop3,SF,0,1062,1,6,0.021,0.863,0,1,normal,0
78.29,tcp,ssh,REJ,171,1072,2,9,0.0,0.861,0,1,normal,0
78.15,tcp,dns,SF,490,0,7,6,0.0,0.857,0,1,normal,0
93.88,tcp,telnet,SF,804,80,9,6,0.016,0.937,0,1,normal,0
0.13,udp,telnet,REJ,42,0,381,360,0.895,0.978,0,0,dos,1
99.2,udp,telnet,SF,349,1118,1,2,0.0,1.0,0,1,normal,0
3.15,udp,ssh,S0,59,0,104,154,1.0,1.0,0,0,dos,1
5.42,tcp,smtp,REJ,3,1,480,445,0.845,1.0,0,0,dos,1
66.81,tcp,other,SF,467,991,4,8,0.015,0.989,0,1,normal,0
125.41,tcp,ftp,REJ,723,741,3,1,0.049,0.92,0,1,normal,0
55.63,tcp,smtp,SF,209,1407,1,2,0.064,0.889,0,1,normal,0
77.39,tcp,pop3,SF,877,0,8,6,0.025,0.884,0,1,normal,0
28.45,tcp,dns,SF,814,1605,1,6,0.02,0.826,0,1,normal,0
4.46,tcp,dns,SF,349,882,6,4,0.01,0.823,0,1,normal,0
2.58,tcp,telnet,RSTR,35,0,504,467,1.0,0.985,0,0,dos,1
1.9,tcp,telnet,S0,41,3,48,9,0.523,0.201,0,0,probe,1
0.0,tcp,other,REJ,42,8,294,328,0.778,0.928,0,0,dos,1
0.99,udp,telnet,SF,727,1646,5,4,0.121,1.0,0,1,normal,0
5.86,tcp,other,SF,569,2408,5,4,0.098,1.0,0,1,normal,0
21.78,icmp,telnet,SF,70,318,2,2,0.088,0.534,4,0,r2l,1
32.1,tcp,ftp,SF,216,223,1,6,0.0,0.773,0,1,normal,0
0.0,tcp,smtp,SF,427,1042,6,3,0.0,0.907,0,1,normal,0
63.03,tcp,telnet,SF,146,1842,9,2,0.0,0.926,0,1,normal,0
0.0,udp,smtp,SF,543,1367,1,4,0.025,1.0,0,1,normal,0
63.65,tcp,smtp,SF,0,787,8,2,0.054,0.909,0,1,normal,0
38.07,tcp,other,S0,524,1432,6,5,0.063,0.906,0,1,normal,0
52.56,tcp,ftp,SF,770,794,4,8,0.092,0.929,0,1,normal,0
111.45,udp,other,SF,276,508,2,2,0.0,0.945,0,1,normal,0
6.39,tcp,telnet,SF,633,2243,4,3,0.0,0.924,0,1,normal,0
39.64,udp,http,SF,1234,1064,9,7,0.076,0.968,0,1,normal,0
14.29,tcp,ftp,SF,443,779,4,8,0.066,1.0,0,1,normal,0
0.0,tcp,dns,RSTR,52,2,226,261,1.0,0.939,0,0,dos,1
53.81,udp,ssh,SF,728,539,2,5,0.0,0.951,0,1,normal,0
110.72,tcp,ftp,SF,381,1871,9,2,0.063,0.929,0,1,normal,0
0.21,tcp,http,S0,120,0,421,198,1.0,0.904,0,0,dos,1
100.89,icmp,other,SF,185,705,5,7,0.066,0.902,0,1,normal,0
3.59,udp,http,S0,41,3,379,477,0.975,1.0,0,0,dos,1
0.0,tcp,smtp,SF,0,1383,6,5,0.025,0.855,0,1,normal,0
72.66,tcp,http,SF,552,1109,5,6,0.017,0.924,0,1,normal,0
16.82,udp,other,REJ,276,823,7,2,0.086,0.744,0,1,normal,0
102.03,tcp,ssh,SF,209,1109,9,8,0.0,0.918,0,1,normal,0
0.0,tcp,ssh,SF,2349,420,2,2,0.125,0.555,1,1,u2r,1
0.41,tcp,telnet,RSTR,0,0,332,491,0.904,0.898,0,0,dos,1
2.82,tcp,smtp,SF,18,1,54,16,0.26,0.433,0,0,probe,1
3.67,tcp,ssh,S0,29,0,24,11,0.85,0.215,0,0,probe,1
63.72,udp,smtp,REJ,401,461,8,2,0.036,0.907,0,1,normal,0
1.96,tcp,smtp,REJ,30,0,404,491,0.71,1.0,0,0,dos,1
6.18,tcp,smtp,SF,282,2334,9,4,0.06,0.835,0,1,normal,0
1.75,tcp,ftp,S0,72,0,510,357,1.0,0.923,0,0,dos,1
44.99,icmp,ftp,SF,427,995,5,1,0.019,1.0,0,1,normal,0
45.17,udp,telnet,SF,369,2121,7,8,0.036,0.787,0,1,normal,0
1.07,tcp,other,S0,100,0,141,107,0.895,1.0,0,0,dos,1
0.0,tcp,telnet,S0,49,0,313,412,0.814,0.938,0,0,dos,1
76.12,tcp,dns,RSTO,189,825,7,9,0.0,1.0,0,1,normal,0
64.9,tcp,ftp,SF,602,1165,3,5,0.026,0.808,0,1,normal,0
7.88,tcp,telnet,SF,132,999,8,8,0.0,0.898,0,1,normal,0
5.27,tcp,pop3,SF,260,344,3,4,0.244,0.737,4,1,r2l,1
29.61,tcp,ftp,SF,241,624,1,3,0.069,0.993,0,1,normal,0
37.02,tcp,telnet,SF,425,531,6,7,0.097,0.885,0,1,normal,0
88.77,tcp,other,RSTO,0,1625,3,9,0.0,0.966,0,1,normal,0
62.84,tcp,smtp,SF,1124,497,2,5,0.096,0.918,0,1,normal,0
56.76,tcp,ssh,SF,198,1107,4,8,0.06,0.768,0,1,normal,0
10.74,udp,other,SF,176,722,2,6,0.032,1.0,0,1,normal,0
2.48,tcp,dns,REJ,16,8,220,318,0.726,0.985,0,0,dos,1
0.0,tcp,other,SF,24,0,46,6,0.49,0.169,0,0,probe,1
7.71,tcp,http,SF,24,0,42,1,0.705,0.22,0,0,probe,1
88.48,tcp,telnet,SF,684,388,8,4,0.042,0.872,0,1,normal,0
62.96,udp,http,SF,584,1850,6,8,0.086,1.0,0,1,normal,0
0.07,udp,dns,S0,63,0,175,353,0.982,1.0,0,0,dos,1
1.38,tcp,http,S0,57,5,125,266,0.894,0.996,0,0,dos,1
32.76,tcp,telnet,RSTR,640,959,3,4,0.027,0.917,0,1,normal,0
31.17,udp,telnet,SF,736,1221,8,8,0.1,0.798,0,1,normal,0
3.52,tcp,ftp,S0,38,0,211,160,1.0,0.931,0,0,dos,1
13.61,tcp,pop3,SF,396,2538,1,7,0.039,0.96,0,1,normal,0
2.57,udp,ssh,S0,66,1,368,171,0.942,0.954,0,0,dos,1
92.02,tcp,ssh,SF,297,298,1,6,0.0,0.803,0,1,normal,0
55.89,tcp,smtp,SF,437,458,4,6,0.0,0.811,0,1,normal,0
0.0,tcp,dns,SF,814,1564,7,3,0.051,0.92,0,1,normal,0
56.15,udp,ssh,RSTO,427,935,2,5,0.11,0.817,0,1,normal,0
2.81,udp,dns,S0,57,1,180,399,1.0,0.924,0,0,dos,1
26.89,tcp,ftp,SF,952,1669,5,2,0.0,0.831,0,1,normal,0
91.66,tcp,dns,SF,529,622,7,9,0.062,0.859,0,1,normal,0
0.0,tcp,ssh,RSTR,46,0,406,484,0.8,0.885,0,0,dos,1
2.7,tcp,ssh,S0,80,2,168,494,0.866,0.897,0,0,dos,1
0.0,icmp,other,S0,26,0,414,290,0.903,0.887,0,0,dos,1
87.19,tcp,dns,SF,245,841,4,1,0.0,1.0,0,1,normal,0
0.62,tcp,dns,S0,72,10,275,190,0.857,0.921,0,0,dos,1
49.25,tcp,pop3,RSTO,266,552,6,8,0.102,0.965,0,1,normal,0
0.0,tcp,ssh,SF,691,1759,7,2,0.042,0.823,0,1,normal,0
87.82,tcp,ftp,SF,202,1484,1,4,0.04,0.936,0,1,normal,0
72.62,tcp,dns,SF,152,892,8,8,0.02,0.874,0,1,normal,0
0.14,tcp,telnet,S0,35,0,209,395,0.806,0.937,0,0,dos,1
17.08,tcp,telnet,SF,20,694,6,5,0.095,1.0,0,1,normal,0
42.91,udp,smtp,SF,139,2105,5,8,0.038,0.752,0,1,normal,0
2.48,tcp,ssh,RSTR,79,0,313,507,1.0,0.917,0,0,dos,1
140.36,udp,ssh,SF,141,1012,1,8,0.02,1.0,0,1,normal,0
66.56,tcp,ssh,SF,472,1194,1,9,0.0,0.856,0,1,normal,0
26.31,tcp,dns,SF,246,0,7,7,0.154,0.877,3,1,r2l,1
0.0,tcp,telnet,S0,52,0,490,502,0.934,0.995,0,0,dos,1
72.23,udp,smtp,SF,1271,1074,4,2,0.0,0.711,0,1,u2r,1
8.57,tcp,ssh,S0,150,321,9,1,0.0,1.0,1,0,r2l,1
0.0,tcp,ftp,S0,0,1,34,7,0.663,0.132,0,0,probe,1
0.0,tcp,ssh,S0,24,2,464,174,0.889,1.0,0,0,dos,1
35.78,tcp,smtp,SF,656,482,6,4,0.117,0.82,0,1,normal,0
72.05,tcp,telnet,RSTO,417,1599,5,6,0.023,0.988,0,1,normal,0
47.86,tcp,smtp,SF,467,2094,5,7,0.023,0.964,0,1,normal,0
0.4,tcp,http,RSTR,32,0,321,443,0.74,0.997,0,0,dos,1
38.75,tcp,smtp,SF,822,668,7,4,0.037,0.99,0,1,normal,0
0.0,tcp,dns,S0,41,7,187,464,0.9,0.965,0,0,dos,1
69.62,tcp,pop3,SF,165,706,4,3,0.033,0.918,0,1,normal,0
103.61,tcp,telnet,RSTO,501,1878,2,6,0.0,0.858,0,1,normal,0
55.88,tcp,smtp,SF,334,1990,2,2,0.018,0.893,0,1,normal,0
111.72,tcp,other,SF,591,706,7,1,0.029,1.0,0,1,normal,0
50.07,tcp,smtp,SF,844,1265,7,8,0.002,0.95,0,1,normal,0
26.98,tcp,other,SF,504,1744,8,8,0.0,1.0,0,1,normal,0
0.0,tcp,http,S0,60,0,235,408,0.952,0.914,0,0,dos,1
24.37,tcp,smtp,SF,592,854,5,2,0.02,1.0,0,1,normal,0
66.12,tcp,telnet,SF,346,1979,1,5,0.054,0.994,0,1,normal,0
52.25,icmp,other,SF,1170,1993,4,1,0.004,0.935,0,1,normal,0
26.33,tcp,ftp,S0,1004,711,4,6,0.0,0.939,0,1,normal,0
76.59,tcp,ftp,SF,459,669,9,6,0.018,0.892,0,1,normal,0
3.27,tcp,telnet,S0,48,0,329,350,0.908,0.91,0,0,dos,1
1.58,tcp,dns,S0,51,6,294,152,0.95,0.88,0,0,dos,1
88.16,tcp,ftp,SF,408,821,5,2,0.034,0.75,0,1,normal,0
31.47,tcp,smtp,SF,825,1323,5,6,0.067,1.0,0,1,normal,0
4.26,tcp,ftp,SF,250,1438,4,9,0.007,1.0,0,1,normal,0
35.26,udp,other,SF,894,944,2,3,0.034,0.867,0,1,normal,0
2.15,tcp,pop3,REJ,13,0,69,12,0.426,0.072,0,0,probe,1
0.0,tcp,http,SF,623,672,2,2,0.025,0.985,0,1,normal,0
0.0,icmp,ssh,SF,10,0,48,7,0.388,0.09,0,0,probe,1
75.39,udp,ssh,SF,136,691,7,8,0.044,0.932,0,1,normal,0
0.0,tcp,pop3,SF,0,325,4,8,0.049,0.93,0,1,normal,0
64.83,tcp,telnet,SF,378,684,6,7,0.0,0.939,0,1,normal,0
77.86,tcp,telnet,SF,592,812,5,4,0.068,0.946,0,1,normal,0
108.54,tcp,pop3,SF,350,748,2,3,0.059,0.883,0,1,u2r,1
39.6,tcp,telnet,SF,227,841,2,1,0.048,0.996,0,1,normal,0
0.69,tcp,pop3,REJ,47,3,393,190,0.699,0.91,0,0,dos,1
1.96,tcp,http,S0,112,0,243,350,0.825,0.906,0,0,dos,1
54.77,udp,smtp,SF,242,882,1,9,0.094,0.74,0,1,normal,0
18.87,udp,pop3,RSTR,518,948,4,7,0.012,0.853,0,1,normal,0
42.65,tcp,ssh,SF,0,0,5,9,0.0,0.85,0,1,normal,0
47.54,tcp,pop3,SF,684,2027,8,8,0.053,1.0,0,1,normal,0
0.0,tcp,ftp,S0,33,1,193,193,0.939,0.952,0,0,dos,1
68.02,tcp,other,SF,890,987,6,2,0.026,0.874,0,1,normal,0
6.46,tcp,dns,S0,19,0,24,18,0.538,0.167,0,0,probe,1
70.86,tcp,ssh,SF,653,1553,2,7,0.075,0.827,0,1,normal,0
0.0,tcp,dns,SF,434,1371,1,2,0.084,0.989,0,1,normal,0
3.87,udp,pop3,S0,42,8,292,413,0.909,0.903,0,0,dos,1
52.66,tcp,smtp,S0,1385,0,7,2,0.0,0.739,0,1,normal,0
2.88,tcp,ssh,SF,3,1,97,8,0.409,0.159,0,0,probe,1
42.53,tcp,http,SF,259,343,2,6,0.0,0.926,0,1,normal,0
19.33,tcp,dns,SF,159,598,11,9,0.171,0.327,4,0,r2l,1
0.0,icmp,dns,REJ,74,13,398,420,0.931,0.924,0,0,dos,1
0.0,tcp,telnet,S0,102,0,253,461,0.987,0.945,0,0,dos,1
59.06,udp,smtp,SF,905,1318,4,8,0.01,0.9,0,1,normal,0
1.76,tcp,smtp,S0,69,0,287,366,0.861,0.891,0,0,dos,1
69.51,tcp,dns,SF,902,293,8,9,0.0,0.776,0,1,normal,0
0.0,tcp,ftp,S0,64,0,221,209,0.82,0.935,0,0,dos,1
7.25,tcp,telnet,SF,854,849,7,5,0.0,0.831,0,1,normal,0
173.22,tcp,telnet,SF,545,489,9,2,0.01,0.982,0,1,normal,0
76.75,tcp,dns,RSTR,601,1735,8,6,0.087,0.895,0,1,normal,0
97.66,tcp,http,SF,432,89,8,1,0.0,0.88,0,1,normal,0
43.79,tcp,smtp,SF,124,1310,9,3,0.086,0.924,0,1,normal,0
0.0,tcp,pop3,S0,79,0,215,492,0.797,0.883,0,0,dos,1
122.68,icmp,dns,SF,317,279,8,6,0.0,1.0,0,1,normal,0
1.59,tcp,other,S0,58,0,360,229,0.794,0.926,0,0,dos,1
77.99,udp,other,SF,509,923,1,3,0.046,0.919,0,1,normal,0
0.32,tcp,http,S0,48,11,392,129,1.0,0.99,0,0,dos,1
1.27,tcp,ssh,RSTR,38,10,494,314,1.0,0.932,0,0,dos,1
63.9,tcp,other,SF,468,1502,9,5,0.006,1.0,0,1,normal,0
2.1,tcp,ftp,RSTR,47,5,372,394,0.578,0.909,0,0,dos,1
4.12,tcp,ssh,SF,43,1,62,9,0.743,0.217,0,0,probe,1
0.01,tcp,telnet,REJ,78,0,202,418,0.905,0.974,0,0,dos,1
77.07,udp,http,SF,811,541,1,6,0.057,0.953,0,1,normal,0
81.22,tcp,telnet,SF,311,1404,6,9,0.02,0.846,0,1,normal,0
0.0,tcp,ssh,S0,68,5,205,477,0.855,0.956,0,0,dos,1
54.97,tcp,pop3,SF,780,935,9,8,0.04,0.915,0,1,normal,0
0.0,udp,other,S0,32,0,348,100,1.0,0.964,0,0,dos,1
123.06,tcp,ssh,SF,987,556,3,6,0.007,0.883,0,1,normal,0
1.43,tcp,pop3,S0,93,0,313,463,0.924,1.0,0,0,dos,1
37.35,tcp,other,SF,585,1991,3,1,0.068,0.861,0,1,normal,0
93.76,icmp,other,SF,828,0,8,1,0.0,0.963,0,1,normal,0
83.36,tcp,http,SF,1109,347,1,4,0.145,0.754,0,1,u2r,1
1.76,tcp,other,RSTR,44,11,243,108,1.0,0.966,0,0,dos,1
0.0,udp,http,S0,31,0,63,11,0.596,0.0,0,0,probe,1
9.43,tcp,other,S0,274,203,12,2,0.16,0.626,4,1,r2l,1
83.57,udp,pop3,RSTR,969,1545,1,1,0.013,0.696,0,1,normal,0
57.43,icmp,telnet,SF,524,609,4,6,0.0,0.868,0,1,normal,0
14.73,tcp,smtp,SF,818,493,8,3,0.012,0.758,0,1,normal,0
28.84,tcp,telnet,S0,572,1521,9,9,0.0,0.853,0,1,normal,0
64.0,tcp,smtp,S0,493,1378,6,9,0.0,0.96,0,1,normal,0
1.66,tcp,dns,REJ,4,0,35,13,0.622,0.26,0,0,probe,1
0.0,tcp,pop3,SF,849,1264,7,7,0.027,0.932,0,1,normal,0
0.0,tcp,telnet,SF,1124,503,1,6,0.019,0.885,0,1,normal,0
69.2,tcp,smtp,SF,188,735,5,6,0.0,0.985,0,1,normal,0
65.4,tcp,ftp,SF,578,433,6,8,0.13,0.865,0,1,normal,0
45.04,tcp,ftp,SF,289,1521,9,3,0.0,0.947,0,1,normal,0
79.69,udp,ftp,SF,219,1764,2,8,0.042,1.0,0,1,normal,0
39.82,tcp,smtp,SF,540,930,3,2,0.004,0.882,0,1,normal,0
90.98,tcp,other,SF,604,633,6,3,0.0,0.937,0,1,normal,0
2.84,udp,ftp,SF,8,0,53,13,0.692,0.259,0,0,probe,1
0.0,tcp,telnet,SF,1222,1561,5,2,0.039,0.916,0,1,normal,0
68.79,tcp,pop3,SF,607,1467,7,2,0.043,0.848,0,1,normal,0
52.24,tcp,dns,RSTO,221,980,9,9,0.065,0.84,0,1,normal,0
81.27,tcp,dns,SF,773,1254,6,5,0.003,0.894,0,1,normal,0
100.03,tcp,pop3,SF,562,1736,7,3,0.005,0.997,0,1,normal,0
34.81,tcp,ssh,SF,197,328,2,3,0.031,0.585,3,0,r2l,1
0.0,tcp,dns,SF,601,446,4,9,0.044,0.674,0,1,normal,0
11.19,tcp,dns,SF,554,272,4,1,0.123,0.986,0,1,normal,0
11.79,tcp,ssh,SF,417,859,4,4,0.031,0.934,0,1,normal,0
0.0,tcp,ftp,S0,18,9,468,268,0.873,1.0,0,0,dos,1
95.84,tcp,dns,SF,509,1098,4,9,0.069,0.899,0,1,normal,0
165.01,tcp,ssh,SF,771,1848,3,9,0.004,0.897,0,1,normal,0
5.96,tcp,smtp,SF,37,0,36,8,0.446,0.036,0,0,probe,1
90.54,tcp,other,SF,722,469,5,3,0.0,1.0,0,1,normal,0
82.42,tcp,dns,SF,860,0,7,2,0.02,0.974,0,1,normal,0
39.69,tcp,other,SF,672,0,1,5,0.028,1.0,0,1,normal,0
55.88,tcp,other,SF,1049,425,7,8,0.062,0.86,0,1,normal,0
11.57,tcp,other,SF,219,123,5,9,0.165,0.927,2,0,r2l,1
48.0,tcp,pop3,SF,746,944,8,5,0.0,0.917,0,1,normal,0
31.95,icmp,dns,SF,410,1512,8,3,0.13,0.822,0,1,normal,0
61.2,udp,http,SF,264,497,3,5,0.023,0.779,0,1,normal,0
115.03,tcp,dns,SF,231,875,5,2,0.0,0.959,0,1,normal,0
0.0,tcp,http,REJ,50,5,244,271,0.741,0.973,0,0,dos,1
107.5,tcp,other,RSTO,889,869,7,5,0.081,0.952,0,1,normal,0
5.28,tcp,other,S0,0,0,419,381,0.79,1.0,0,0,dos,1
61.58,icmp,pop3,RSTR,498,433,9,6,0.064,1.0,0,1,normal,0
61.68,tcp,dns,REJ,709,267,4,9,0.092,0.875,0,1,normal,0
51.03,tcp,pop3,S0,423,177,3,8,0.011,0.822,0,1,normal,0
4.19,tcp,other,REJ,52,0,343,154,0.97,0.967,0,0,dos,1
26.32,tcp,telnet,SF,622,0,2,7,0.036,0.807,0,1,normal,0
51.95,tcp,ssh,RSTO,635,509,3,6,0.0,0.799,0,1,normal,0
0.78,tcp,telnet,S0,17,0,447,208,0.881,0.974,0,0,dos,1
59.95,tcp,other,SF,441,1410,5,3,0.0,0.912,0,1,normal,0
71.96,tcp,pop3,SF,717,169,2,9,0.044,0.853,0,1,normal,0
46.31,tcp,other,SF,152,109,2,3,0.04,0.757,0,1,normal,0
2.36,udp,dns,S0,45,1,227,109,0.834,0.981,0,0,dos,1
80.19,tcp,pop3,SF,71,897,4,6,0.0,0.834,0,1,normal,0
46.87,tcp,ftp,SF,324,895,6,9,0.0,0.829,0,1,normal,0
59.56,tcp,pop3,SF,485,1874,4,8,0.015,0.884,0,1,normal,0
65.03,tcp,telnet,SF,881,0,2,1,0.04,0.941,0,1,normal,0
90.37,udp,dns,SF,559,606,9,5,0.0,0.98,0,1,normal,0
20.3,tcp,telnet,S0,150,473,1,6,0.084,0.854,0,1,normal,0
73.36,tcp,ssh,SF,699,0,1,6,0.0,0.987,0,1,normal,0
78.59,tcp,other,SF,645,935,1,8,0.017,0.823,0,1,normal,0
1.12,tcp,telnet,S0,50,0,419,126,0.774,0.975,0,0,dos,1
0.0,udp,telnet,SF,1091,436,3,1,0.0,0.921,0,1,normal,0
32.25,tcp,http,SF,610,1143,7,5,0.015,1.0,0,1,normal,0
4.08,icmp,pop3,S0,30,0,48,6,0.298,0.136,0,0,probe,1
2.08,tcp,dns,REJ,16,3,68,10,0.577,0.195,0,0,probe,1
126.9,tcp,telnet,SF,436,555,2,2,0.0,1.0,0,1,normal,0
175.4,tcp,other,SF,85,1371,7,3,0.0,0.872,0,1,normal,0
133.31,tcp,ssh,SF,314,1288,7,1,0.0,0.877,0,1,normal,0
135.82,tcp,other,SF,693,1515,5,1,0.006,0.827,0,1,normal,0
30.23,tcp,http,SF,0,1760,7,3,0.0,0.852,0,1,normal,0
56.51,tcp,telnet,REJ,359,1449,1,9,0.024,0.938,0,1,normal,0
85.96,udp,ftp,SF,145,1025,7,6,0.065,0.956,0,1,normal,0
86.36,tcp,ftp,SF,292,724,6,4,0.0,0.97,0,1,normal,0
63.48,tcp,ftp,SF,243,769,2,8,0.0,0.771,0,1,normal,0
87.76,tcp,telnet,SF,0,1045,2,3,0.009,0.955,0,1,normal,0
22.52,tcp,smtp,SF,730,1647,8,9,0.0,0.667,0,1,normal,0
0.0,tcp,other,S0,0,0,470,132,0.901,0.987,0,0,dos,1
4.14,tcp,ftp,S0,23,0,267,275,1.0,0.994,0,0,dos,1
46.54,udp,http,SF,296,1553,4,1,0.129,0.98,0,1,normal,0
29.52,tcp,other,RSTO,169,1640,9,9,0.0,0.809,0,1,normal,0
35.27,tcp,telnet,SF,388,0,7,8,0.045,0.993,0,1,normal,0
39.08,tcp,telnet,SF,505,1194,9,8,0.013,0.821,0,1,normal,0
4.49,tcp,ssh,RSTR,72,1,372,287,0.98,0.957,0,0,dos,1
44.68,tcp,telnet,SF,749,345,4,8,0.045,1.0,0,1,normal,0
86.1,tcp,http,SF,0,920,5,6,0.006,0.892,0,1,normal,0
11.21,tcp,http,SF,901,0,7,8,0.019,1.0,0,1,normal,0
49.62,tcp,pop3,S0,385,656,8,4,0.0,0.788,0,1,normal,0
10.04,udp,telnet,SF,127,355,9,5,0.058,0.921,0,1,normal,0
68.22,tcp,ssh,REJ,632,562,4,6,0.026,1.0,0,1,normal,0
13.92,tcp,smtp,SF,0,429,1,1,0.296,0.733,2,1,r2l,1
88.83,tcp,other,SF,0,699,9,4,0.0,0.794,0,1,normal,0
92.65,tcp,ftp,SF,0,1117,2,2,0.009,0.84,0,1,normal,0
63.41,tcp,smtp,SF,0,867,2,9,0.008,0.949,0,1,normal,0
10.42,tcp,http,SF,128,1369,4,7,0.068,0.899,0,1,normal,0
0.0,tcp,smtp,SF,682,25,6,7,0.042,0.918,0,1,normal,0
53.94,tcp,dns,SF,635,1427,2,6,0.053,0.807,0,1,normal,0
2.0,tcp,http,S0,79,2,125,407,0.806,0.946,0,0,dos,1
84.18,tcp,other,S0,614,178,4,1,0.066,0.806,0,1,normal,0
54.79,tcp,ssh,RSTR,606,870,6,9,0.051,0.892,0,1,normal,0
186.93,tcp,ssh,SF,439,1992,4,5,0.068,0.902,0,1,normal,0
48.94,tcp,ssh,SF,795,2286,5,6,0.008,0.877,0,1,normal,0
39.05,tcp,ftp,SF,139,1502,9,8,0.027,0.804,0,1,normal,0
4.06,udp,other,SF,27,0,46,17,0.301,0.175,0,0,probe,1
0.0,tcp,dns,SF,549,1015,6,2,0.045,1.0,0,1,normal,0
89.17,tcp,ftp,S0,0,1838,2,6,0.038,0.804,0,1,normal,0
0.0,tcp,http,SF,256,1114,2,8,0.073,0.811,0,1,normal,0
79.78,tcp,telnet,SF,10,1659,6,7,0.005,0.796,0,1,normal,0
73.32,tcp,dns,SF,523,1123,8,9,0.05,0.917,0,1,normal,0
0.0,tcp,smtp,SF,0,779,2,2,0.0,0.803,0,1,normal,0
61.15,udp,ftp,SF,352,677,9,3,0.04,0.713,0,1,normal,0
46.42,tcp,http,SF,631,1076,1,4,0.041,1.0,0,1,normal,0
2.04,tcp,pop3,S0,33,0,205,287,0.94,0.978,0,0,dos,1
1.33,tcp,http,S0,43,7,504,433,1.0,0.932,0,0,dos,1
0.0,udp,http,S0,52,0,167,470,0.906,0.994,0,0,dos,1
0.0,tcp,smtp,SF,1139,656,4,1,0.0,0.78,1,1,u2r,1
0.0,tcp,telnet,S0,45,5,288,222,0.88,0.917,0,0,dos,1
0.0,tcp,smtp,S0,89,10,379,314,1.0,0.964,0,0,dos,1
0.0,icmp,http,S0,37,0,211,488,0.945,0.933,0,0,dos,1
4.68,tcp,http,RSTR,30,1,161,320,0.975,0.965,0,0,dos,1
0.65,tcp,smtp,RSTR,33,0,496,234,0.965,0.935,0,0,dos,1
0.0,tcp,ftp,S0,10,0,75,13,0.792,0.0,0,0,probe,1
16.47,tcp,dns,SF,629,364,1,1,0.014,0.923,0,1,normal,0
20.52,tcp,ssh,SF,712,1109,4,6,0.038,0.828,0,1,normal,0
70.5,tcp,dns,SF,827,914,9,8,0.085,0.942,0,1,normal,0
0.0,tcp,other,S0,76,0,378,186,0.84,0.915,0,0,dos,1
26.53,tcp,ssh,SF,190,1339,6,1,0.02,1.0,0,1,normal,0
0.0,tcp,ftp,RSTR,24,0,194,377,0.868,1.0,0,0,dos,1
0.18,tcp,ssh,S0,35,5,169,200,0.943,0.995,0,0,dos,1
0.0,icmp,pop3,SF,135,0,6,5,0.162,0.502,1,0,r2l,1
70.03,tcp,pop3,SF,675,809,2,3,0.0,0.869,0,1,normal,0
1.19,tcp,ftp,REJ,34,0,329,325,0.951,1.0,0,0,dos,1
0.86,tcp,ftp,S0,29,0,399,263,0.998,0.994,0,0,dos,1
0.26,tcp,http,SF,25,0,93,6,0.683,0.09,0,0,probe,1
0.0,icmp,other,S0,0,0,66,4,0.405,0.072,0,0,probe,1
11.42,tcp,pop3,SF,609,655,4,6,0.068,0.8,0,1,normal,0
0.0,udp,dns,SF,936,1081,1,9,0.088,0.687,0,1,normal,0
97.78,tcp,dns,SF,403,957,7,6,0.0,0.899,0,1,normal,0
60.13,tcp,telnet,S0,89,315,8,2,0.0,0.294,2,0,r2l,1
15.04,tcp,smtp,SF,477,306,1,1,0.0,0.824,0,1,normal,0
2.63,tcp,smtp,REJ,56,0,474,218,0.919,1.0,0,0,dos,1
1.94,tcp,smtp,S0,76,0,467,155,0.992,1.0,0,0,dos,1
0.0,tcp,dns,SF,549,1020,6,6,0.051,0.693,0,1,normal,0
36.35,tcp,dns,SF,550,1888,1,5,0.0,0.808,0,1,normal,0
82.22,tcp,smtp,SF,789,774,1,6,0.0,0.964,0,1,normal,0
0.96,tcp,pop3,REJ,62,0,477,313,1.0,0.928,0,0,dos,1
81.41,tcp,pop3,SF,436,1021,5,4,0.0,0.827,0,1,normal,0
55.23,tcp,dns,SF,102,1805,2,4,0.013,1.0,0,1,normal,0
0.69,udp,ftp,S0,0,6,119,229,0.824,1.0,0,0,dos,1
41.83,udp,ssh,SF,250,1215,3,4,0.016,0.894,0,1,normal,0
0.0,tcp,http,S0,58,0,458,424,0.706,0.953,0,0,dos,1
0.0,tcp,ssh,SF,301,729,4,2,0.02,0.836,0,1,normal,0
29.12,tcp,other,RSTO,943,838,2,3,0.025,0.793,0,1,normal,0
33.06,tcp,http,SF,487,1602,3,1,0.042,0.779,0,1,normal,0
43.42,tcp,smtp,SF,656,1489,1,8,0.0,0.895,0,1,normal,0
35.74,tcp,other,REJ,555,0,1,4,0.0,0.92,0,1,normal,0
1.07,tcp,pop3,S0,59,9,305,172,0.859,0.995,0,0,dos,1
0.0,tcp,ftp,SF,0,2070,7,4,0.0,0.859,0,1,normal,0
0.0,udp,http,REJ,288,1225,2,2,0.069,0.995,0,1,normal,0
96.66,udp,dns,SF,561,917,3,3,0.006,1.0,0,1,normal,0
23.4,tcp,smtp,SF,634,968,9,2,0.007,1.0,0,1,normal,0
0.41,tcp,other,S0,25,1,41,18,0.513,0.175,0,0,probe,1
108.28,tcp,other,RSTR,139,1204,8,9,0.024,0.773,0,1,normal,0
49.34,udp,pop3,SF,1107,808,4,2,0.045,0.886,1,1,u2r,1
25.84,udp,smtp,SF,952,344,2,2,0.0,0.872,0,1,normal,0
67.04,tcp,pop3,SF,867,0,2,1,0.065,1.0,0,1,normal,0
0.0,udp,pop3,RSTO,1084,1791,1,5,0.0,0.849,0,1,normal,0
0.0,tcp,telnet,SF,486,2137,2,8,0.072,0.972,0,1,normal,0
4.61,tcp,ssh,S0,15,3,457,361,0.551,0.887,0,0,dos,1
72.45,tcp,smtp,SF,330,1001,4,1,0.017,0.837,0,1,normal,0
4.05,udp,ftp,SF,565,142,8,9,0.12,0.867,0,1,normal,0
24.07,icmp,http,REJ,429,2000,5,7,0.003,0.828,0,1,normal,0
100.44,udp,ftp,SF,567,911,1,9,0.064,0.873,0,1,normal,0
2.83,tcp,telnet,SF,18,2,24,2,0.489,0.205,0,0,probe,1
27.51,udp,other,SF,182,298,1,2,0.105,0.569,3,0,r2l,1
57.52,tcp,ftp,SF,54,662,1,5,0.033,0.943,0,1,normal,0
0.0,udp,other,S0,36,2,500,125,0.914,0.965,0,0,dos,1
0.38,udp,ssh,S0,77,9,179,304,0.824,0.956,0,0,dos,1
4.2,udp,ssh,SF,374,1207,2,1,0.0,0.816,0,1,normal,0
2.81,tcp,dns,RSTR,53,0,377,107,0.726,0.946,0,0,dos,1
130.15,tcp,http,SF,319,926,5,9,0.074,0.939,0,1,normal,0
0.7,udp,other,S0,117,0,120,281,0.887,1.0,0,0,dos,1
27.38,tcp,other,SF,234,467,8,5,0.088,0.403,4,1,r2l,1
15.73,tcp,ftp,SF,620,713,7,1,0.006,0.809,0,1,normal,0
0.91,udp,ftp,S0,45,0,366,127,0.763,0.896,0,0,dos,1
7.83,tcp,pop3,REJ,17,0,27,15,0.632,0.23,0,0,probe,1
0.0,tcp,pop3,RSTR,432,745,4,2,0.0,0.866,0,1,normal,0
48.73,tcp,ftp,REJ,609,193,8,3,0.041,0.913,0,1,normal,0
3.33,tcp,pop3,S0,37,0,63,15,0.389,0.092,0,0,probe,1
13.54,tcp,dns,SF,383,206,7,1,0.144,0.664,3,1,r2l,1
0.0,icmp,ftp,SF,265,1023,8,6,0.0,0.879,0,1,normal,0
14.84,tcp,other,SF,361,1662,1,9,0.045,0.898,0,1,normal,0
57.66,icmp,http,SF,439,1959,7,9,0.088,0.967,0,1,normal,0
0.0,tcp,pop3,SF,944,320,5,5,0.148,0.765,0,1,normal,0
98.48,tcp,http,SF,289,1338,2,4,0.074,0.857,0,1,normal,0
127.94,icmp,other,S0,250,614,7,5,0.066,0.892,0,1,normal,0
17.09,udp,other,SF,239,1554,4,4,0.002,0.876,0,1,normal,0
84.3,tcp,ftp,SF,401,2009,4,6,0.0,1.0,0,1,normal,0
0.0,tcp,other,SF,220,1411,7,3,0.028,0.868,0,1,normal,0
52.14,tcp,http,SF,313,580,2,7,0.047,0.752,0,1,normal,0
0.0,tcp,ftp,S0,50,0,128,352,0.863,0.985,0,0,dos,1
0.0,tcp,smtp,SF,235,1767,5,8,0.0,1.0,0,1,normal,0
55.59,tcp,http,RSTR,650,216,7,6,0.063,0.856,0,1,normal,0
19.32,tcp,pop3,SF,52,1461,5,5,0.007,0.974,0,1,normal,0
10.53,udp,http,SF,245,1423,6,8,0.0,0.825,0,1,normal,0
0.0,tcp,smtp,SF,299,876,6,9,0.017,1.0,0,1,normal,0
76.42,tcp,pop3,SF,286,1241,3,6,0.028,0.805,0,1,normal,0
0.0,tcp,pop3,SF,0,501,3,2,0.0,0.919,0,1,normal,0
17.98,icmp,ftp,SF,0,2340,3,8,0.047,1.0,0,1,normal,0
130.01,tcp,telnet,S0,130,1778,5,2,0.0,1.0,0,1,normal,0
21.95,tcp,pop3,SF,664,613,4,2,0.027,0.84,0,1,normal,0
4.66,tcp,smtp,REJ,14,0,26,10,0.728,0.062,0,0,probe,1
0.0,tcp,ftp,S0,43,5,373,233,0.877,0.969,0,0,dos,1
106.62,tcp,http,SF,656,855,4,6,0.071,0.903,0,1,normal,0
11.14,udp,ftp,SF,720,910,3,6,0.015,0.835,0,1,normal,0
25.22,tcp,dns,SF,0,1291,2,6,0.018,0.82,0,1,normal,0
58.87,tcp,telnet,SF,1066,1546,6,9,0.01,0.88,0,1,normal,0
43.43,tcp,smtp,SF,0,304,3,4,0.014,0.961,0,1,normal,0
18.85,icmp,pop3,SF,677,1966,5,9,0.035,0.975,0,1,normal,0
0.0,tcp,http,RSTO,240,582,5,8,0.063,0.858,0,1,normal,0
82.18,tcp,smtp,SF,464,1164,7,1,0.0,0.989,0,1,normal,0
0.0,tcp,dns,SF,566,461,9,2,0.124,0.892,0,1,normal,0
1.16,tcp,ftp,S0,29,0,414,470,0.913,0.858,0,0,dos,1
0.0,tcp,ssh,S0,80,8,240,344,0.994,0.927,0,0,dos,1
88.96,tcp,dns,SF,375,727,4,6,0.017,0.853,0,1,normal,0
0.0,tcp,telnet,SF,495,437,4,1,0.0,1.0,0,1,normal,0
71.71,tcp,dns,SF,305,361,8,4,0.095,0.928,0,1,normal,0
5.95,tcp,ftp,REJ,41,5,264,424,1.0,0.95,0,0,dos,1
71.88,tcp,dns,SF,232,737,5,4,0.038,0.84,0,1,normal,0
54.11,tcp,smtp,SF,903,475,5,9,0.0,0.876,0,1,normal,0
123.16,icmp,dns,SF,769,1709,3,3,0.102,0.805,0,1,normal,0
0.65,udp,telnet,REJ,28,6,53,2,0.513,0.317,0,0,probe,1
0.0,tcp,http,SF,461,368,1,8,0.0,0.768,0,1,normal,0
17.44,tcp,http,S0,240,1237,3,1,0.067,0.797,0,1,normal,0
79.86,tcp,ftp,SF,234,805,9,7,0.083,0.917,0,1,normal,0
118.61,tcp,pop3,SF,302,1284,4,2,0.0,0.76,0,1,normal,0
79.24,tcp,smtp,SF,1097,1459,7,3,0.0,0.817,0,1,normal,0
21.92,tcp,dns,SF,866,690,4,3,0.0,0.808,0,1,normal,0
20.98,tcp,dns,SF,364,1025,9,1,0.0,0.883,0,1,normal,0
34.98,tcp,ssh,SF,641,1376,2,3,0.028,0.869,0,1,normal,0
0.0,tcp,telnet,SF,147,1384,8,2,0.0,0.986,0,1,normal,0
0.87,tcp,other,S0,75,0,110,399,0.892,0.96,0,0,dos,1
83.32,tcp,dns,SF,561,1383,5,7,0.0,0.963,0,1,normal,0
18.59,tcp,other,RSTR,673,1307,5,7,0.115,0.986,0,1,normal,0
74.25,udp,ftp,SF,359,896,1,9,0.0,0.798,0,1,normal,0
45.96,tcp,dns,RSTO,225,867,5,5,0.083,0.885,0,1,normal,0
0.0,udp,telnet,SF,651,134,3,1,0.11,0.898,0,1,normal,0
5.93,tcp,http,SF,317,471,5,5,0.293,0.73,4,0,r2l,1
20.74,tcp,smtp,SF,653,394,8,8,0.115,0.964,0,1,normal,0
0.0,tcp,ssh,REJ,101,0,326,243,0.979,0.956,0,0,dos,1
0.0,tcp,pop3,REJ,0,0,358,268,0.934,0.891,0,0,dos,1
10.0,tcp,ftp,SF,4,1000,6,2,0.0,1.0,0,1,normal,0
77.23,tcp,smtp,SF,906,0,2,9,0.076,0.846,0,1,normal,0
108.4,udp,ftp,SF,522,824,6,9,0.0,0.952,0,1,normal,0
3.76,tcp,telnet,SF,682,1919,7,8,0.069,0.801,0,1,normal,0
89.49,udp,pop3,RSTO,0,1093,6,5,0.055,0.895,0,1,normal,0
99.35,tcp,ssh,SF,753,1016,5,2,0.005,0.908,0,1,normal,0
58.38,tcp,telnet,SF,964,208,9,6,0.065,0.88,0,1,normal,0
108.65,tcp,pop3,SF,746,480,6,4,0.043,0.932,0,1,normal,0
1.84,tcp,pop3,S0,28,0,309,309,0.875,1.0,0,0,dos,1
128.67,tcp,other,SF,254,1660,3,1,0.013,0.872,0,1,normal,0
0.0,tcp,pop3,S0,44,0,204,313,0.802,0.923,0,0,dos,1
97.89,tcp,telnet,SF,505,1259,2,2,0.0,0.83,0,1,normal,0
63.93,tcp,other,SF,451,79,6,5,0.085,0.772,0,1,normal,0
0.0,tcp,dns,SF,1027,375,3,6,0.005,0.769,0,1,normal,0
57.78,icmp,http,SF,842,603,3,9,0.0,1.0,0,1,normal,0
0.0,udp,ftp,SF,111,1353,3,3,0.0,0.736,0,1,normal,0
8.11,tcp,pop3,SF,5,0,97,8,0.417,0.25,0,0,probe,1
23.44,tcp,dns,RSTR,438,402,4,1,0.0,0.944,0,1,normal,0
0.8,tcp,ftp,SF,400,1174,4,4,0.016,0.991,0,1,normal,0
43.77,tcp,http,SF,833,1306,7,6,0.048,0.914,0,1,normal,0
40.23,udp,telnet,SF,446,1719,6,4,0.0,1.0,0,1,normal,0
102.38,tcp,pop3,RSTR,765,490,4,9,0.0,0.753,0,1,normal,0
0.0,udp,dns,S0,771,1504,7,6,0.0,1.0,0,1,normal,0
44.11,tcp,telnet,RSTO,623,512,2,4,0.041,0.885,0,1,normal,0
44.56,icmp,telnet,SF,725,130,2,6,0.02,1.0,0,1,normal,0
3.92,tcp,ssh,SF,551,1071,2,4,0.121,1.0,0,1,normal,0
0.0,tcp,dns,SF,1592,741,2,3,0.11,0.726,1,1,u2r,1
0.0,udp,other,SF,166,1326,4,6,0.0,0.766,0,1,normal,0
89.69,icmp,other,SF,452,854,2,9,0.015,0.948,0,1,normal,0
30.39,udp,ssh,SF,311,739,6,4,0.135,0.536,4,0,r2l,1
7.88,tcp,pop3,SF,0,705,6,3,0.0,0.882,0,1,normal,0
19.22,tcp,ftp,SF,424,508,8,9,0.009,0.88,0,1,normal,0
1.46,tcp,dns,S0,0,0,314,405,0.967,0.892,0,0,dos,1
0.12,tcp,ssh,REJ,44,0,85,6,0.609,0.223,0,0,probe,1
0.0,udp,pop3,S0,4,6,163,103,0.723,0.911,0,0,dos,1
14.61,tcp,telnet,RSTR,656,1148,4,7,0.03,0.974,0,1,normal,0
1.48,udp,dns,S0,260,329,1,2,0.271,0.422,1,1,r2l,1
119.75,tcp,smtp,SF,412,1175,9,6,0.02,0.89,0,1,normal,0
96.2,tcp,ssh,SF,1618,213,3,2,0.022,1.0,1,1,u2r,1
0.0,tcp,ftp,REJ,107,10,291,318,0.993,0.851,0,0,dos,1
5.07,tcp,ssh,S0,11,0,66,7,0.182,0.256,0,0,probe,1
97.41,udp,ftp,SF,699,176,4,7,0.0,0.982,0,1,normal,0
78.85,tcp,telnet,S0,628,851,8,3,0.0,0.854,0,1,normal,0
128.77,tcp,other,REJ,66,979,8,7,0.015,0.838,0,1,normal,0
88.99,tcp,pop3,SF,293,0,2,2,0.0,1.0,0,1,normal,0
21.85,tcp,pop3,S0,275,1101,9,9,0.062,0.745,0,1,normal,0
3.84,tcp,smtp,S0,12,0,65,7,0.253,0.0,0,0,probe,1
52.65,tcp,other,S0,473,414,9,4,0.0,0.91,0,1,normal,0
24.7,udp,smtp,SF,1196,86,6,4,0.02,0.947,0,1,normal,0
68.26,tcp,ssh,SF,391,1256,4,2,0.0,0.923,0,1,normal,0
1.8,tcp,ftp,SF,355,1097,6,9,0.0,0.808,0,1,normal,0
0.76,tcp,ssh,SF,804,1184,7,1,0.0,0.838,0,1,normal,0
88.42,udp,smtp,SF,627,217,4,5,0.0,0.977,0,1,normal,0
1.86,tcp,smtp,S0,72,0,480,154,0.931,0.948,0,0,dos,1
0.0,tcp,pop3,S0,66,4,485,267,1.0,0.929,0,0,dos,1
148.83,tcp,ssh,SF,248,1498,1,7,0.005,0.887,0,1,normal,0
46.02,tcp,dns,SF,293,1772,1,6,0.054,0.805,0,1,normal,0
117.02,tcp,http,SF,389,3174,1,8,0.064,0.728,0,1,normal,0
0.0,tcp,pop3,REJ,76,0,414,252,0.89,0.873,0,0,dos,1
6.08,tcp,ftp,REJ,19,0,83,17,0.075,0.19,0,0,probe,1
59.62,udp,other,RSTR,444,1446,5,1,0.008,0.915,0,1,normal,0
0.0,tcp,telnet,S0,46,0,438,196,0.879,0.957,0,0,dos,1
102.26,tcp,other,SF,997,718,6,6,0.0,0.998,0,1,normal,0
44.4,icmp,ssh,SF,0,1653,8,4,0.036,0.99,0,1,normal,0
0.0,icmp,http,S0,48,0,176,368,0.931,0.941,0,0,dos,1
0.0,tcp,dns,SF,87,341,3,5,0.0,0.928,0,1,normal,0
39.93,tcp,smtp,REJ,355,1120,8,3,0.0,0.902,0,1,normal,0
54.41,tcp,smtp,SF,523,231,7,8,0.016,0.891,0,1,normal,0
17.44,tcp,pop3,SF,417,1721,9,8,0.0,0.933,0,1,normal,0
73.09,tcp,http,SF,190,1221,9,7,0.045,0.871,0,1,normal,0
43.46,tcp,telnet,SF,582,2134,2,7,0.0,0.987,0,1,normal,0
0.0,tcp,telnet,SF,214,1108,5,3,0.0,0.987,0,1,normal,0
0.0,tcp,smtp,SF,498,1454,5,6,0.048,0.848,0,1,normal,0
0.0,tcp,smtp,REJ,17,2,467,174,1.0,0.971,0,0,dos,1
52.63,udp,pop3,SF,575,1241,5,9,0.0,0.844,0,1,normal,0
1.02,tcp,pop3,S0,13,0,89,6,0.412,0.115,0,0,probe,1
81.0,tcp,ftp,SF,281,1862,6,1,0.0,0.955,0,1,normal,0
76.11,tcp,telnet,SF,756,682,3,4,0.0,0.928,0,1,normal,0
13.07,tcp,other,SF,223,1227,2,3,0.114,0.927,0,1,normal,0
0.0,tcp,ftp,S0,48,12,368,439,0.884,0.93,0,0,dos,1
0.0,tcp,ssh,SF,450,185,3,1,0.0,0.714,0,1,normal,0
8.73,tcp,other,SF,41,1,71,3,0.56,0.253,0,0,probe,1
0.0,tcp,other,SF,1078,1020,4,1,0.088,1.0,0,1,normal,0
61.4,tcp,ftp,SF,529,1334,2,5,0.0,0.897,0,1,normal,0
76.89,udp,smtp,SF,893,1850,9,1,0.037,0.843,0,1,normal,0
91.67,udp,other,SF,666,855,3,1,0.0,0.927,0,1,normal,0
28.45,tcp,dns,S0,520,2500,2,1,0.0,1.0,0,1,normal,0
20.4,udp,dns,SF,782,965,5,7,0.086,0.881,0,1,normal,0
33.5,tcp,telnet,SF,567,343,6,6,0.009,0.793,0,1,normal,0
21.75,tcp,smtp,SF,305,1580,2,3,0.025,0.709,0,1,normal,0
54.61,tcp,telnet,SF,572,648,2,5,0.013,0.895,0,1,normal,0
59.48,tcp,ftp,SF,467,585,8,9,0.0,0.837,0,1,normal,0
3.18,tcp,telnet,SF,117,610,1,6,0.019,0.699,0,1,normal,0
13.61,tcp,smtp,SF,633,875,8,4,0.005,0.817,0,1,normal,0
93.98,tcp,ssh,SF,0,988,6,2,0.053,0.863,0,1,normal,0
43.91,tcp,ftp,SF,0,914,7,1,0.0,0.932,0,1,normal,0
82.11,tcp,smtp,RSTO,344,1520,9,6,0.0,0.851,0,1,normal,0
0.88,udp,telnet,S0,2,0,93,17,0.815,0.373,0,0,probe,1
82.67,tcp,http,SF,355,262,4,3,0.067,0.812,0,1,normal,0
33.86,tcp,ssh,SF,349,2051,4,3,0.063,0.959,0,1,normal,0
1.01,tcp,ssh,REJ,0,0,276,321,0.8,0.913,0,0,dos,1
53.68,tcp,ftp,SF,332,1582,3,6,0.06,0.89,0,1,normal,0
43.82,udp,pop3,RSTR,833,2135,3,3,0.002,0.902,0,1,normal,0
15.88,tcp,other,S0,103,307,12,5,0.245,0.451,3,1,r2l,1
0.0,tcp,telnet,SF,28,7,65,1,0.917,0.18,0,0,probe,1
0.34,tcp,ssh,REJ,99,0,499,285,0.743,0.896,0,0,dos,1
19.06,udp,ssh,SF,221,453,8,7,0.0,0.633,0,1,normal,0
79.98,udp,pop3,SF,416,243,7,1,0.004,0.898,0,1,normal,0
119.07,udp,pop3,SF,1265,52,3,1,0.0,1.0,1,1,u2r,1
6.35,udp,other,REJ,28,1,82,4,0.234,0.241,0,0,probe,1
37.49,tcp,other,SF,871,1690,5,5,0.0,0.741,0,1,normal,0
23.88,tcp,pop3,SF,635,990,5,9,0.0,0.99,0,1,normal,0
66.46,udp,ssh,SF,352,1794,5,3,0.001,1.0,0,1,normal,0
23.16,udp,pop3,SF,152,367,1,7,0.0,0.85,0,1,normal,0
3.18,tcp,smtp,SF,798,540,7,2,0.083,0.924,0,1,normal,0
93.84,tcp,ftp,SF,416,606,7,4,0.019,0.9,0,1,normal,0
76.59,tcp,ftp,SF,610,0,5,3,0.069,1.0,0,1,normal,0
108.6,tcp,ssh,SF,283,795,9,2,0.0,1.0,0,1,normal,0
52.53,tcp,dns,SF,640,637,2,8,0.057,0.944,0,1,normal,0
31.17,tcp,ssh,SF,157,1443,1,4,0.0,0.843,0,1,normal,0
69.75,tcp,telnet,SF,433,1172,7,5,0.002,0.923,0,1,normal,0
27.92,tcp,dns,SF,99,1451,1,1,0.0,0.912,0,1,normal,0
20.7,tcp,telnet,SF,635,480,5,3,0.064,0.625,4,1,r2l,1
0.0,tcp,telnet,RSTR,1100,783,8,1,0.0,0.795,0,1,normal,0
121.06,tcp,http,SF,603,1071,2,6,0.048,1.0,0,1,normal,0
79.58,tcp,smtp,SF,372,2303,7,7,0.0,0.895,0,1,normal,0
70.71,tcp,ftp,SF,206,756,4,4,0.011,0.847,0,1,normal,0
7.39,udp,pop3,SF,0,657,7,5,0.0,0.945,0,1,normal,0
85.23,udp,other,RSTR,558,1072,5,2,0.03,0.904,0,1,normal,0
0.18,tcp,telnet,SF,701,1765,6,3,0.0,0.84,0,1,normal,0
89.33,icmp,smtp,SF,290,955,9,1,0.0,0.852,0,1,normal,0
14.93,tcp,pop3,SF,385,0,6,5,0.0,0.852,0,1,normal,0
0.0,tcp,telnet,SF,710,1434,3,8,0.043,0.931,0,1,normal,0
8.68,tcp,http,SF,393,1370,3,3,0.05,0.931,0,1,normal,0
43.0,udp,other,SF,755,2254,4,3,0.0,0.832,0,1,normal,0
13.27,tcp,smtp,SF,411,1531,5,9,0.004,0.9,0,1,normal,0
34.03,tcp,http,REJ,439,1812,9,4,0.016,0.908,0,1,normal,0
32.25,tcp,ftp,RSTR,625,2202,3,9,0.029,1.0,0,1,normal,0
106.08,tcp,ssh,SF,933,1856,8,8,0.0,0.678,0,1,normal,0
43.56,tcp,telnet,SF,788,1517,3,7,0.039,0.772,0,1,normal,0
161.09,tcp,pop3,SF,536,147,1,2,0.035,0.886,1,1,u2r,1
137.2,icmp,smtp,SF,502,574,3,2,0.129,0.831,0,1,u2r,1
28.67,tcp,ftp,SF,87,533,4,1,0.0,0.628,2,0,r2l,1
37.35,tcp,ftp,SF,830,0,5,4,0.048,0.886,0,1,normal,0
42.8,tcp,telnet,SF,735,1672,3,5,0.089,0.807,0,1,normal,0
0.0,tcp,smtp,REJ,339,378,3,5,0.047,0.878,0,1,normal,0
38.41,tcp,dns,RSTO,558,1371,1,1,0.031,1.0,0,1,normal,0
20.35,tcp,ftp,SF,428,1362,7,1,0.053,0.81,0,1,normal,0
52.83,tcp,ssh,RSTO,434,1894,5,4,0.0,0.763,0,1,normal,0
39.55,tcp,http,SF,122,2071,9,9,0.0,1.0,0,1,normal,0
34.33,udp,ftp,SF,507,580,4,3,0.0,1.0,0,1,normal,0
82.04,udp,pop3,SF,780,1218,8,8,0.095,0.752,0,1,normal,0
0.0,tcp,pop3,S0,64,0,318,382,0.904,0.964,0,0,dos,1
56.42,tcp,http,SF,862,1503,4,5,0.004,0.588,0,1,normal,0
1.92,tcp,other,REJ,55,0,214,409,0.871,0.917,0,0,dos,1
4.3,tcp,smtp,SF,580,1587,9,7,0.0,0.768,0,1,normal,0
88.97,tcp,dns,SF,0,1275,8,6,0.078,0.897,0,1,normal,0
103.85,udp,pop3,SF,298,0,6,5,0.0,0.906,0,1,normal,0
111.83,tcp,pop3,SF,643,509,1,7,0.044,0.907,0,1,normal,0
44.83,icmp,http,SF,1035,788,5,2,0.128,0.929,0,1,normal,0
93.61,tcp,pop3,SF,178,1410,2,2,0.031,0.905,0,1,normal,0
21.43,icmp,ftp,SF,445,687,6,3,0.044,0.888,0,1,normal,0
21.46,tcp,http,SF,569,1822,5,2,0.044,0.898,0,1,normal,0
0.0,tcp,other,SF,52,217,2,1,0.0,0.938,0,1,normal,0
4.27,tcp,dns,S0,9,0,47,2,0.368,0.349,0,0,probe,1
48.46,udp,ssh,SF,866,985,9,5,0.0,0.95,0,1,normal,0
0.0,icmp,http,SF,0,76,9,5,0.0,1.0,0,1,normal,0
101.18,udp,telnet,SF,0,1234,5,5,0.0,0.843,0,1,normal,0
0.0,udp,pop3,SF,1193,660,8,5,0.0,0.847,0,1,normal,0
63.23,tcp,dns,SF,1025,1546,5,7,0.088,0.838,0,1,normal,0
25.73,tcp,other,SF,87,410,3,9,0.052,0.93,0,1,normal,0
0.0,udp,dns,S0,0,2,244,453,0.927,0.923,0,0,dos,1
100.99,tcp,http,SF,527,1383,6,4,0.022,0.911,0,1,normal,0
33.47,tcp,dns,SF,605,1622,1,5,0.018,0.967,0,1,normal,0
1.56,tcp,http,SF,769,2144,1,2,0.021,0.887,0,1,normal,0
1.13,tcp,dns,REJ,11,0,21,13,0.482,0.216,0,0,probe,1
0.0,udp,telnet,S0,7,0,497,460,1.0,0.936,0,0,dos,1
0.0,tcp,dns,S0,22,0,51,19,0.472,0.294,0,0,probe,1
131.33,tcp,pop3,SF,708,853,6,4,0.093,0.986,0,1,normal,0
58.88,udp,pop3,SF,814,1180,9,3,0.06,0.761,0,1,normal,0
27.97,tcp,dns,SF,317,1349,6,2,0.01,0.861,0,1,normal,0
7.75,tcp,dns,S0,32,0,67,5,0.564,0.082,0,0,probe,1
6.54,tcp,telnet,SF,713,1101,7,6,0.0,0.931,0,1,normal,0
56.93,udp,smtp,SF,365,1352,7,5,0.085,0.65,0,1,normal,0
43.47,icmp,telnet,S0,797,1864,9,6,0.036,0.787,0,1,normal,0
2.55,tcp,pop3,SF,359,1451,9,5,0.023,0.87,0,1,normal,0
9.33,tcp,pop3,SF,787,1718,9,4,0.0,0.848,0,1,normal,0
22.31,tcp,http,RSTO,538,1465,5,3,0.068,0.859,0,1,normal,0
15.97,tcp,ssh,SF,1100,1895,8,9,0.0,0.884,0,1,normal,0
0.0,icmp,pop3,S0,37,2,500,453,0.801,0.917,0,0,dos,1
75.17,tcp,telnet,REJ,926,2066,6,8,0.0,1.0,0,1,normal,0
1.81,tcp,ftp,S0,24,0,150,272,0.832,0.886,0,0,dos,1
41.42,tcp,smtp,SF,623,1717,7,7,0.057,0.982,0,1,normal,0
2.6,tcp,smtp,S0,58,0,149,445,0.778,1.0,0,0,dos,1
40.72,tcp,http,SF,656,683,2,5,0.064,0.92,0,1,normal,0
1.94,tcp,ftp,S0,26,0,21,15,0.773,0.026,0,0,probe,1
40.31,tcp,pop3,SF,865,1625,1,8,0.0,0.882,0,1,normal,0
67.3,udp,pop3,SF,131,828,2,2,0.026,0.822,0,1,normal,0
56.5,tcp,dns,SF,803,1632,5,4,0.038,1.0,0,1,normal,0
92.92,icmp,http,SF,514,487,6,9,0.009,0.954,0,1,normal,0
28.37,tcp,ftp,SF,236,535,1,9,0.104,0.945,0,1,normal,0
0.0,tcp,ftp,S0,40,0,507,162,0.905,0.944,0,0,dos,1
0.0,tcp,smtp,SF,19,0,29,13,0.744,0.0,0,0,probe,1
92.4,tcp,ssh,SF,63,1052,1,2,0.12,0.996,0,1,normal,0
19.39,tcp,ssh,SF,500,841,5,5,0.002,0.821,0,1,normal,0
61.87,tcp,pop3,SF,289,1679,6,2,0.007,1.0,0,1,normal,0
0.0,tcp,ssh,S0,85,8,229,113,0.865,1.0,0,0,dos,1
5.67,tcp,ftp,S0,19,0,377,425,0.716,1.0,0,0,dos,1
19.23,tcp,dns,SF,392,861,8,1,0.078,0.874,0,1,normal,0
6.6,tcp,pop3,SF,195,110,4,4,0.046,0.741,4,0,r2l,1
55.42,udp,http,SF,814,0,5,8,0.0,0.728,0,1,normal,0
4.18,tcp,smtp,S0,79,8,274,468,0.742,0.871,0,0,dos,1
7.14,udp,smtp,SF,206,554,4,8,0.0,0.236,4,1,r2l,1
0.59,tcp,ftp,S0,47,6,410,371,0.81,0.922,0,0,dos,1
102.06,udp,ssh,SF,117,1916,4,7,0.16,0.741,0,1,normal,0
67.89,udp,ssh,SF,314,0,4,8,0.087,0.941,0,1,normal,0
30.26,udp,dns,SF,327,1205,9,1,0.0,0.986,0,1,normal,0
2.83,tcp,ftp,S0,30,0,171,284,0.93,0.965,0,0,dos,1
61.29,tcp,other,SF,690,939,6,2,0.034,0.945,0,1,normal,0
36.23,tcp,pop3,REJ,314,946,9,2,0.027,0.935,0,1,normal,0
0.61,tcp,other,S0,30,0,56,8,0.477,0.302,0,0,probe,1
70.65,udp,telnet,SF,347,181,4,2,0.002,0.929,0,1,normal,0
25.03,udp,dns,SF,201,543,8,4,0.0,0.762,0,1,normal,0
60.72,tcp,ssh,SF,608,1805,3,9,0.0,0.748,0,1,normal,0
0.0,udp,ssh,SF,315,1019,2,5,0.0,0.824,0,1,normal,0
54.48,tcp,ssh,SF,753,1526,2,8,0.0,1.0,0,1,normal,0
37.73,tcp,telnet,SF,566,1216,2,4,0.043,0.879,0,1,normal,0
38.28,udp,ssh,SF,344,0,8,6,0.0,0.963,0,1,normal,0
15.23,icmp,pop3,SF,231,1286,5,7,0.056,0.949,0,1,normal,0
15.84,udp,telnet,SF,877,939,8,7,0.0,1.0,0,1,normal,0
51.34,udp,smtp,SF,376,1689,2,9,0.0,0.884,0,1,normal,0
10.67,tcp,ftp,SF,33,1882,5,2,0.0,0.936,0,1,normal,0
33.95,tcp,http,SF,616,1307,6,7,0.054,0.811,0,1,normal,0
61.85,udp,dns,SF,1162,891,6,7,0.0,0.956,0,1,normal,0
1.27,tcp,http,S0,58,9,486,256,0.855,0.891,0,0,dos,1
19.43,udp,other,SF,424,1258,9,5,0.019,0.856,0,1,normal,0
74.29,tcp,smtp,SF,360,1082,5,1,0.038,0.814,0,1,normal,0
0.0,tcp,other,REJ,5,0,73,10,0.228,0.456,0,0,probe,1
18.67,udp,telnet,SF,53,1550,2,9,0.0,0.78,0,1,normal,0
27.52,tcp,dns,SF,477,752,6,8,0.0,0.827,0,1,normal,0
51.96,tcp,http,SF,855,155,7,1,0.119,0.889,0,1,normal,0
57.88,tcp,dns,SF,386,1356,5,1,0.013,1.0,0,1,normal,0
6.09,tcp,dns,REJ,516,869,8,3,0.0,1.0,0,1,normal,0
2.2,udp,other,RSTR,63,7,396,362,1.0,1.0,0,0,dos,1
2.08,tcp,other,REJ,35,4,383,510,0.857,0.947,0,0,dos,1
24.0,tcp,pop3,SF,112,767,2,1,0.096,1.0,0,1,normal,0
27.22,tcp,ssh,REJ,451,1254,7,1,0.039,0.764,0,1,normal,0
93.7,tcp,ftp,SF,379,1324,8,6,0.0,1.0,0,1,normal,0
61.25,tcp,http,SF,656,1357,6,1,0.065,0.721,0,1,normal,0
75.09,tcp,ssh,SF,118,553,3,6,0.062,0.841,0,1,normal,0
93.62,tcp,telnet,SF,396,1578,1,4,0.0,0.955,0,1,normal,0
2.46,tcp,ssh,S0,0,0,75,7,0.611,0.299,0,0,probe,1
0.0,tcp,smtp,SF,562,1244,9,2,0.0,0.907,0,1,normal,0
0.0,tcp,dns,SF,136,1316,8,2,0.044,0.933,0,1,normal,0
34.64,tcp,ssh,RSTR,1138,1837,9,8,0.0,0.884,0,1,normal,0
0.0,tcp,http,SF,786,0,1,1,0.136,0.875,0,1,normal,0
2.36,udp,dns,REJ,28,0,57,6,0.5,0.049,0,0,probe,1
83.28,tcp,dns,SF,667,931,1,4,0.03,0.924,0,1,normal,0
0.79,tcp,http,RSTR,37,0,421,192,1.0,1.0,0,0,dos,1
0.94,tcp,smtp,S0,49,0,191,487,0.802,0.913,0,0,dos,1
0.0,tcp,smtp,S0,24,1,95,4,0.411,0.472,0,0,probe,1
37.07,tcp,telnet,S0,555,856,1,1,0.0,0.677,0,1,normal,0
9.12,tcp,ssh,REJ,352,364,7,4,0.0,0.928,0,1,normal,0
2.66,tcp,smtp,S0,20,0,357,420,0.908,0.949,0,0,dos,1
2.5,tcp,ssh,REJ,76,0,420,185,1.0,0.97,0,0,dos,1
46.15,tcp,smtp,SF,730,470,6,5,0.053,0.994,0,1,normal,0
1.54,tcp,ftp,S0,61,0,485,413,0.907,0.996,0,0,dos,1
61.5,tcp,pop3,SF,671,1569,3,1,0.011,0.964,0,1,normal,0
0.0,tcp,ftp,SF,864,928,2,8,0.0,0.951,0,1,normal,0
2.38,tcp,dns,S0,56,0,443,497,0.897,0.997,0,0,dos,1
19.63,tcp,ftp,SF,751,797,8,2,0.073,0.852,0,1,normal,0
102.69,tcp,http,SF,490,709,4,9,0.009,1.0,0,1,normal,0
13.83,tcp,pop3,S0,162,536,14,3,0.019,0.664,4,0,r2l,1
2.04,tcp,http,RSTR,104,0,157,451,1.0,1.0,0,0,dos,1
0.0,tcp,pop3,SF,44,0,65,17,0.707,0.51,0,0,probe,1
0.0,tcp,smtp,SF,676,0,4,2,0.052,0.818,0,1,normal,0
193.98,tcp,http,SF,801,1096,3,4,0.084,0.851,0,1,u2r,1
14.39,udp,ssh,SF,0,924,3,1,0.0,0.952,0,1,normal,0
62.91,tcp,smtp,SF,813,985,5,2,0.015,0.765,0,1,normal,0
27.5,tcp,smtp,SF,405,1107,9,4,0.063,0.662,0,1,normal,0
0.0,udp,ftp,REJ,7,0,460,164,0.915,0.992,0,0,dos,1
1.99,udp,telnet,S0,12,0,53,1,0.79,0.014,0,0,probe,1
0.0,tcp,other,RSTR,61,4,508,210,0.985,0.927,0,0,dos,1
7.49,tcp,dns,SF,423,166,7,9,0.0,0.822,0,1,normal,0
58.94,tcp,http,S0,730,223,3,8,0.0,0.851,0,1,normal,0
78.69,udp,ssh,SF,0,0,8,4,0.0,0.988,0,1,normal,0
0.91,udp,smtp,SF,655,819,2,1,0.0,0.829,0,1,normal,0
65.88,tcp,ftp,RSTO,288,930,5,6,0.0,0.869,0,1,normal,0
59.39,tcp,ftp,SF,811,0,3,8,0.026,0.833,0,1,normal,0
4.93,tcp,ftp,S0,75,4,333,366,0.888,0.951,0,0,dos,1
0.0,tcp,dns,RSTR,44,0,275,112,0.814,0.919,0,0,dos,1
3.02,tcp,ssh,S0,54,0,254,462,0.858,0.996,0,0,dos,1
40.26,tcp,pop3,SF,1102,1411,3,3,0.1,0.909,0,1,normal,0
37.3,tcp,pop3,SF,924,579,9,3,0.0,0.807,0,1,normal,0
51.25,tcp,ftp,SF,257,1283,8,7,0.059,0.843,0,1,normal,0
47.32,tcp,http,SF,306,1827,8,7,0.0,0.837,0,1,normal,0
64.52,tcp,http,SF,986,984,2,6,0.071,0.939,0,1,normal,0
51.53,udp,ftp,SF,216,1217,8,6,0.006,0.853,0,1,normal,0
14.64,tcp,smtp,SF,343,1259,8,5,0.059,0.886,0,1,normal,0
27.13,tcp,pop3,SF,0,322,8,5,0.015,0.797,0,1,normal,0
68.5,tcp,pop3,S0,763,1578,7,8,0.048,0.956,0,1,normal,0
123.26,tcp,other,SF,1003,971,7,4,0.08,0.975,0,1,normal,0
25.9,tcp,telnet,SF,519,1879,6,7,0.061,0.808,0,1,normal,0
84.31,tcp,http,SF,846,2029,4,5,0.084,1.0,0,1,normal,0
74.8,tcp,telnet,SF,142,638,4,6,0.0,0.782,0,1,normal,0
51.36,tcp,ftp,SF,6,2644,1,3,0.049,0.9,0,1,normal,0
65.62,icmp,pop3,SF,298,822,9,9,0.051,0.848,0,1,normal,0
31.6,tcp,ssh,SF,255,752,3,4,0.049,0.671,0,1,normal,0
3.92,udp,ftp,REJ,37,0,75,10,0.841,0.0,0,0,probe,1
0.0,tcp,smtp,SF,659,1366,6,4,0.034,1.0,0,1,normal,0
94.67,tcp,telnet,SF,742,936,5,8,0.0,0.737,0,1,normal,0
6.27,tcp,other,SF,345,1170,9,3,0.068,0.867,0,1,normal,0
65.78,tcp,telnet,SF,517,1017,3,7,0.062,0.757,0,1,normal,0
0.0,icmp,smtp,SF,263,790,5,7,0.0,0.803,0,1,normal,0
0.0,tcp,dns,S0,0,0,444,131,0.81,0.93,0,0,dos,1
9.07,udp,smtp,SF,608,1173,6,6,0.0,1.0,0,1,normal,0
82.35,udp,telnet,SF,483,1633,6,5,0.057,0.812,0,1,normal,0
38.29,udp,http,SF,444,1079,8,1,0.0,0.75,0,1,normal,0
80.1,tcp,smtp,SF,804,1068,6,4,0.0,0.669,0,1,normal,0
39.17,udp,other,SF,407,1664,5,1,0.037,0.829,0,1,normal,0
111.97,tcp,other,SF,178,560,3,3,0.0,1.0,0,1,normal,0
67.47,tcp,dns,SF,1148,754,4,8,0.124,0.914,0,1,normal,0
25.87,tcp,ssh,SF,0,176,14,5,0.049,0.072,4,0,r2l,1
0.0,tcp,pop3,RSTR,87,9,441,332,0.866,0.972,0,0,dos,1
63.54,tcp,ssh,SF,1017,534,3,1,0.009,0.758,1,1,u2r,1
40.85,udp,ssh,S0,489,707,4,4,0.041,1.0,0,1,normal,0
1.27,tcp,dns,REJ,35,0,312,344,0.748,0.931,0,0,dos,1
106.12,tcp,telnet,SF,672,859,6,7,0.022,0.995,0,1,normal,0
57.01,tcp,http,SF,166,941,4,4,0.0,0.838,0,1,normal,0
108.97,tcp,dns,SF,630,345,2,4,0.141,0.86,1,1,u2r,1
80.79,icmp,ftp,S0,0,856,7,6,0.0,0.75,0,1,normal,0
0.0,icmp,http,S0,21,3,25,10,0.487,0.127,0,0,probe,1
1.1,tcp,smtp,S0,16,2,500,472,1.0,0.836,0,0,dos,1
81.37,udp,smtp,SF,65,110,6,5,0.088,0.831,0,1,normal,0
0.0,tcp,telnet,RSTR,547,1083,1,9,0.083,0.908,0,1,normal,0
79.86,tcp,pop3,SF,583,290,7,7,0.064,0.871,0,1,normal,0
0.0,tcp,telnet,SF,12,1,31,19,0.82,0.357,0,0,probe,1
0.0,udp,dns,REJ,67,0,292,417,0.972,0.99,0,0,dos,1
88.18,udp,http,SF,258,1185,9,3,0.123,0.854,0,1,normal,0
0.0,tcp,pop3,SF,581,676,4,1,0.043,0.892,0,1,normal,0
43.52,tcp,pop3,SF,566,1168,5,5,0.002,0.799,0,1,normal,0
96.25,tcp,dns,REJ,742,1058,7,6,0.0,0.901,0,1,normal,0
85.11,tcp,other,SF,615,0,6,9,0.03,0.958,0,1,normal,0
0.87,udp,telnet,S0,48,0,326,446,1.0,0.923,0,0,dos,1
66.2,tcp,other,SF,676,1245,7,9,0.0,0.85,0,1,normal,0
1.53,tcp,pop3,S0,62,4,375,461,0.816,0.961,0,0,dos,1
64.55,tcp,smtp,SF,888,759,7,3,0.0,0.918,0,1,normal,0
52.44,icmp,ftp,SF,868,983,9,9,0.021,0.921,0,1,normal,0
38.48,udp,dns,SF,191,1116,3,6,0.057,0.796,0,1,normal,0
3.8,udp,pop3,REJ,11,0,51,8,0.839,0.109,0,0,probe,1
64.93,tcp,pop3,SF,173,764,6,3,0.177,0.839,0,1,normal,0
109.71,tcp,ssh,SF,587,263,6,2,0.003,1.0,0,1,normal,0
124.14,tcp,smtp,SF,447,463,4,8,0.0,0.764,0,1,normal,0
1.66,icmp,ftp,REJ,93,0,217,469,0.845,0.961,0,0,dos,1
68.69,tcp,http,SF,447,1079,5,5,0.0,0.882,0,1,normal,0
56.38,udp,http,SF,694,1336,9,8,0.058,0.919,0,1,normal,0
0.0,tcp,other,RSTR,61,8,125,474,1.0,0.931,0,0,dos,1
0.19,udp,smtp,REJ,36,6,264,426,0.899,0.922,0,0,dos,1
53.52,tcp,http,SF,364,960,5,5,0.07,0.949,0,1,normal,0
82.86,tcp,ftp,SF,589,1071,1,5,0.104,0.908,0,1,normal,0
51.75,tcp,dns,SF,335,555,3,4,0.133,0.946,0,1,normal,0
86.07,tcp,http,SF,227,1385,1,3,0.103,0.84,0,1,normal,0
5.38,tcp,ssh,SF,661,1405,3,3,0.07,0.958,0,1,normal,0
0.0,tcp,ssh,SF,400,1023,8,2,0.0,0.815,0,1,normal,0
93.53,udp,smtp,SF,124,963,1,9,0.056,1.0,0,1,normal,0
30.17,tcp,telnet,SF,894,839,9,5,0.005,0.878,0,1,normal,0
57.88,tcp,ssh,SF,0,941,3,9,0.037,0.867,0,1,normal,0
63.9,udp,ssh,SF,0,1718,9,2,0.0,0.692,0,1,normal,0
22.8,tcp,ssh,SF,228,1084,9,7,0.061,1.0,0,1,normal,0
96.27,tcp,pop3,SF,526,791,8,9,0.041,0.839,0,1,normal,0
22.44,tcp,pop3,SF,197,406,14,2,0.095,0.516,2,0,r2l,1
47.27,tcp,ftp,SF,795,428,2,9,0.04,0.782,0,1,normal,0
24.98,tcp,dns,SF,668,514,6,2,0.0,0.985,0,1,normal,0
51.72,tcp,ftp,SF,437,380,8,3,0.038,0.85,0,1,normal,0
95.81,udp,ssh,SF,549,1216,7,3,0.072,0.932,0,1,normal,0
84.59,tcp,telnet,SF,370,1318,9,7,0.0,0.871,0,1,normal,0
23.18,tcp,http,SF,206,172,9,1,0.0,0.988,0,1,normal,0
2.03,tcp,ssh,S0,3,8,505,467,0.874,0.975,0,0,dos,1
46.37,tcp,ssh,SF,238,434,7,4,0.012,0.851,0,1,normal,0
26.1,tcp,dns,SF,781,1330,2,7,0.0,0.897,0,1,normal,0
107.9,tcp,telnet,SF,725,2147,7,5,0.0,0.744,0,1,normal,0
153.39,tcp,smtp,SF,499,389,6,7,0.027,0.988,0,1,normal,0
42.76,tcp,telnet,SF,369,370,8,8,0.179,0.656,3,0,r2l,1
92.37,tcp,ftp,SF,766,624,1,8,0.105,1.0,0,1,normal,0
0.82,tcp,pop3,S0,64,7,239,193,1.0,0.916,0,0,dos,1
0.05,tcp,ssh,S0,0,0,451,236,1.0,0.942,0,0,dos,1
52.41,tcp,telnet,SF,610,1906,8,2,0.051,1.0,0,1,normal,0
0.0,icmp,ftp,SF,512,1671,7,7,0.119,0.901,0,1,normal,0
57.2,tcp,pop3,SF,576,891,5,2,0.051,0.796,0,1,normal,0
0.0,tcp,telnet,S0,40,0,247,320,0.916,0.872,0,0,dos,1
21.65,tcp,other,SF,712,695,4,1,0.0,0.856,0,1,normal,0
77.13,udp,other,SF,542,533,7,2,0.0,0.802,0,1,normal,0
1.59,tcp,ssh,RSTR,9,0,331,220,0.93,0.899,0,0,dos,1
0.9,udp,dns,S0,73,0,473,236,0.907,1.0,0,0,dos,1
150.87,tcp,ssh,RSTR,0,1690,9,9,0.0,0.811,0,1,normal,0
138.93,tcp,other,REJ,646,184,3,4,0.08,0.905,0,1,normal,0
2.9,tcp,pop3,REJ,38,1,151,223,0.828,0.935,0,0,dos,1
105.54,tcp,http,SF,534,947,4,3,0.019,1.0,0,1,normal,0
0.0,tcp,pop3,S0,87,0,209,368,0.813,0.993,0,0,dos,1
6.32,tcp,telnet,SF,471,2445,2,5,0.077,0.791,0,1,normal,0
119.35,tcp,ftp,SF,681,732,2,5,0.014,0.914,0,1,normal,0
0.0,icmp,http,S0,65,0,198,333,0.831,0.875,0,0,dos,1
96.34,tcp,ftp,SF,171,505,1,9,0.0,0.805,0,1,normal,0
30.68,tcp,dns,SF,503,1182,8,1,0.03,0.921,0,1,normal,0
52.15,tcp,smtp,RSTO,528,291,1,2,0.023,1.0,0,1,normal,0
59.48,tcp,ftp,SF,0,0,3,7,0.075,0.98,0,1,normal,0
0.0,tcp,dns,S0,75,0,149,500,0.893,0.958,0,0,dos,1
125.95,tcp,telnet,SF,427,401,7,6,0.0,0.889,0,1,normal,0
88.14,tcp,telnet,SF,545,1012,8,9,0.0,0.898,0,1,normal,0
40.24,tcp,ssh,SF,404,0,6,3,0.0,0.937,0,1,normal,0
29.98,tcp,other,SF,229,366,13,6,0.306,0.439,1,1,r2l,1
73.83,tcp,smtp,SF,970,1221,2,6,0.155,1.0,0,1,normal,0
34.25,tcp,ftp,SF,467,438,14,2,0.11,0.372,4,0,r2l,1
0.65,udp,smtp,REJ,4,1,30,4,1.0,0.0,0,0,probe,1
76.28,tcp,ftp,SF,285,532,6,1,0.0,0.999,0,1,normal,0
3.67,udp,ftp,REJ,48,4,389,485,0.936,0.992,0,0,dos,1
24.94,tcp,ssh,SF,524,1279,8,4,0.0,0.992,0,1,normal,0
100.53,icmp,dns,SF,898,993,8,1,0.0,0.808,0,1,normal,0
0.0,tcp,dns,SF,354,1055,1,4,0.0,1.0,0,1,normal,0
1.64,tcp,smtp,RSTR,55,2,157,102,0.976,0.999,0,0,dos,1
1.5,udp,pop3,S0,1,0,284,477,0.888,0.984,0,0,dos,1
0.0,tcp,telnet,S0,25,3,121,509,0.964,0.904,0,0,dos,1
101.18,tcp,telnet,SF,0,389,1,4,0.039,0.61,1,1,u2r,1
40.24,udp,ftp,SF,282,1536,9,4,0.081,1.0,0,1,normal,0
0.0,tcp,other,S0,51,0,358,408,0.876,1.0,0,0,dos,1
0.2,tcp,http,S0,82,0,123,274,0.681,0.897,0,0,dos,1
62.59,udp,pop3,SF,204,390,5,5,0.0,0.635,0,1,normal,0
33.79,tcp,pop3,SF,49,818,5,7,0.056,0.772,0,1,normal,0
69.99,tcp,telnet,SF,344,566,6,6,0.002,0.963,0,1,normal,0
0.46,udp,dns,RSTR,88,0,305,451,0.626,0.929,0,0,dos,1
8.62,tcp,telnet,SF,311,690,2,4,0.021,0.904,0,1,normal,0
0.0,udp,smtp,S0,71,6,347,405,0.953,0.931,0,0,dos,1
40.03,tcp,smtp,SF,993,1341,7,7,0.013,0.903,0,1,normal,0
28.55,udp,smtp,SF,405,1527,2,8,0.052,0.892,0,1,normal,0
0.0,tcp,pop3,REJ,171,1365,5,5,0.04,0.922,0,1,normal,0
72.99,tcp,ssh,RSTO,292,1446,9,2,0.131,0.777,0,1,normal,0
2.01,tcp,http,S0,13,0,41,4,0.47,0.46,0,0,probe,1
0.0,tcp,ftp,SF,113,1425,7,9,0.0,0.829,0,1,normal,0
1.26,tcp,telnet,REJ,32,2,37,6,0.432,0.033,0,0,probe,1
26.76,tcp,http,RSTO,771,1528,8,8,0.0,0.862,0,1,normal,0
21.99,udp,smtp,SF,1513,477,4,2,0.104,0.934,0,1,u2r,1
5.56,tcp,ssh,SF,415,1284,9,1,0.039,0.882,0,1,normal,0
67.66,tcp,ftp,SF,723,2722,4,1,0.0,0.759,0,1,normal,0
77.58,udp,smtp,REJ,381,1244,3,8,0.064,0.86,0,1,normal,0
0.73,tcp,http,SF,666,1247,2,1,0.008,0.882,0,1,normal,0
63.81,tcp,pop3,SF,458,1075,8,3,0.0,0.942,0,1,normal,0
2.33,tcp,telnet,S0,93,0,223,109,0.902,0.941,0,0,dos,1
39.5,tcp,http,SF,619,1096,5,2,0.067,0.875,0,1,normal,0
81.82,tcp,ftp,SF,471,1302,1,4,0.0,0.937,0,1,normal,0
137.82,udp,smtp,RSTR,358,1747,7,3,0.0,0.887,0,1,normal,0
0.61,tcp,other,SF,504,637,5,8,0.0,0.739,0,1,normal,0
65.18,tcp,ftp,SF,373,591,5,1,0.041,0.865,0,1,normal,0
43.86,tcp,ftp,SF,431,0,5,5,0.023,0.881,0,1,normal,0
0.46,udp,ssh,REJ,24,0,117,401,0.77,0.934,0,0,dos,1
0.0,tcp,smtp,SF,818,526,2,2,0.13,0.625,0,1,u2r,1
64.65,icmp,ssh,SF,0,862,7,1,0.124,0.99,0,1,normal,0
33.25,udp,other,SF,233,1776,2,9,0.0,0.783,0,1,normal,0
2.23,tcp,smtp,SF,978,940,2,4,0.02,0.857,0,1,normal,0
0.0,udp,dns,SF,512,641,7,8,0.0,0.889,0,1,normal,0
28.41,tcp,ssh,SF,170,920,4,1,0.018,0.838,0,1,normal,0
0.0,tcp,ssh,SF,23,0,58,13,0.344,0.408,0,0,probe,1
46.8,tcp,ssh,SF,525,440,5,1,0.034,1.0,0,1,normal,0
67.6,tcp,http,SF,0,696,5,4,0.01,0.878,0,1,normal,0
1.06,tcp,other,S0,44,0,448,207,1.0,1.0,0,0,dos,1
16.05,udp,http,SF,576,600,5,7,0.052,0.777,0,1,normal,0
0.0,tcp,other,S0,38,0,325,151,0.891,0.932,0,0,dos,1
61.14,tcp,ftp,SF,343,833,7,2,0.052,0.888,0,1,normal,0
97.32,tcp,pop3,SF,331,926,3,7,0.07,0.998,0,1,normal,0
7.24,tcp,http,S0,28,0,31,1,0.429,0.289,0,0,probe,1
3.93,tcp,ssh,REJ,10,0,267,433,0.933,0.907,0,0,dos,1
0.91,tcp,pop3,S0,16,3,236,268,0.931,0.953,0,0,dos,1
34.1,tcp,telnet,SF,497,1491,6,9,0.0,0.836,0,1,normal,0
0.13,udp,other,RSTR,17,0,402,185,0.865,0.922,0,0,dos,1
17.01,tcp,smtp,SF,507,1077,9,7,0.0,0.928,0,1,normal,0
30.16,tcp,dns,S0,793,1129,9,2,0.064,0.625,0,1,normal,0
69.53,tcp,http,SF,953,1350,2,4,0.06,0.836,0,1,normal,0
80.21,udp,ftp,SF,491,1638,4,8,0.022,0.857,0,1,normal,0
11.26,tcp,pop3,SF,551,1306,9,9,0.0,0.882,0,1,normal,0
96.18,tcp,other,SF,528,932,6,5,0.072,0.871,0,1,normal,0
0.0,udp,ssh,S0,28,2,272,394,0.778,1.0,0,0,dos,1
1.83,udp,telnet,S0,0,0,265,105,0.683,0.937,0,0,dos,1
3.44,tcp,ssh,REJ,27,0,93,4,0.683,0.12,0,0,probe,1
88.46,tcp,dns,SF,746,1279,7,8,0.082,0.825,0,1,normal,0
0.31,tcp,telnet,REJ,8,0,43,12,0.635,0.286,0,0,probe,1
58.66,tcp,ssh,SF,51,1339,4,5,0.018,1.0,0,1,normal,0
107.98,tcp,dns,REJ,839,1036,4,9,0.0,0.947,0,1,normal,0
1.77,tcp,ssh,REJ,55,0,417,105,0.986,0.892,0,0,dos,1
59.72,tcp,http,RSTR,468,1818,7,6,0.167,0.892,0,1,normal,0
38.62,tcp,ftp,SF,687,1569,5,4,0.0,0.865,0,1,normal,0
29.2,tcp,pop3,SF,141,1456,3,7,0.071,1.0,0,1,normal,0
114.94,icmp,ftp,SF,493,189,6,7,0.063,0.915,0,1,normal,0
0.0,tcp,pop3,REJ,72,0,483,303,0.884,0.985,0,0,dos,1
35.41,tcp,ftp,SF,31,976,1,8,0.0,0.733,0,1,normal,0
0.0,tcp,http,SF,319,1006,2,2,0.121,1.0,0,1,normal,0
35.35,udp,telnet,SF,614,202,1,5,0.0,0.842,0,1,normal,0
14.26,tcp,ssh,RSTO,360,1585,2,2,0.0,0.788,0,1,normal,0
1.79,tcp,smtp,REJ,54,0,345,224,0.957,0.893,0,0,dos,1
0.24,tcp,other,REJ,35,0,47,2,0.535,0.033,0,0,probe,1
0.23,tcp,other,S0,67,4,260,253,0.854,0.87,0,0,dos,1
1.99,tcp,http,S0,72,0,359,197,0.93,0.945,0,0,dos,1
71.71,tcp,ftp,SF,82,892,3,3,0.0,0.867,0,1,normal,0
1.43,udp,dns,S0,39,0,105,271,0.974,0.885,0,0,dos,1
104.71,tcp,telnet,SF,711,0,2,2,0.0,1.0,0,1,normal,0
78.94,tcp,pop3,SF,551,1092,8,4,0.049,0.689,0,1,normal,0
45.44,udp,ftp,SF,665,1507,2,3,0.069,1.0,0,1,normal,0
0.0,tcp,ssh,SF,366,1104,7,8,0.012,1.0,0,1,normal,0
1.65,udp,pop3,REJ,46,2,39,16,0.875,0.0,0,0,probe,1
58.69,tcp,smtp,SF,790,541,7,9,0.0,0.834,0,1,normal,0
11.58,tcp,pop3,SF,42,267,7,7,0.201,0.934,1,0,r2l,1
75.32,tcp,ssh,SF,833,1071,7,5,0.15,0.866,0,1,normal,0
0.0,tcp,dns,S0,245,1182,3,6,0.021,0.888,0,1,normal,0
1.87,udp,dns,S0,59,0,198,318,0.965,0.948,0,0,dos,1
47.75,udp,pop3,S0,598,1505,9,1,0.002,0.718,0,1,normal,0
0.0,tcp,pop3,SF,330,480,6,4,0.044,0.933,0,1,normal,0
172.34,tcp,pop3,SF,652,1544,9,9,0.0,0.63,0,1,normal,0
10.63,tcp,other,S0,405,351,14,5,0.135,0.329,3,0,r2l,1
0.84,tcp,ftp,S0,100,0,453,192,0.964,0.964,0,0,dos,1
8.3,tcp,ftp,SF,399,2275,1,1,0.0,0.875,0,1,normal,0
87.04,tcp,ssh,SF,721,1734,2,4,0.021,0.656,0,1,normal,0
112.83,tcp,smtp,SF,489,1497,5,6,0.0,0.895,0,1,normal,0
53.53,udp,smtp,RSTO,374,1127,5,5,0.0,0.892,0,1,normal,0
16.24,udp,pop3,SF,46,1144,4,5,0.0,1.0,0,1,normal,0
0.0,tcp,ssh,SF,556,716,4,7,0.066,0.934,0,1,normal,0
0.0,udp,ssh,RSTR,557,1742,2,2,0.029,0.788,0,1,normal,0
19.91,udp,other,SF,238,1214,8,9,0.038,0.752,0,1,normal,0
0.0,tcp,smtp,REJ,851,750,1,5,0.101,0.925,0,1,normal,0
27.94,udp,ftp,SF,516,1004,6,8,0.0,0.811,0,1,normal,0
59.19,tcp,other,SF,565,1035,7,3,0.031,0.885,0,1,normal,0
2.49,tcp,pop3,S0,56,0,307,467,0.785,0.859,0,0,dos,1
68.08,tcp,other,SF,683,1382,4,3,0.0,0.979,0,1,normal,0
1.41,tcp,telnet,S0,11,0,86,1,0.526,0.083,0,0,probe,1
69.5,tcp,pop3,SF,519,1925,7,9,0.039,1.0,0,1,normal,0
56.56,udp,http,SF,531,0,8,6,0.046,1.0,0,1,normal,0
85.55,tcp,ftp,SF,609,831,5,4,0.1,0.88,0,1,normal,0
35.35,tcp,dns,SF,1027,1043,2,6,0.062,0.871,0,1,normal,0
22.87,tcp,ssh,SF,697,971,1,9,0.0,0.913,0,1,normal,0
1.58,tcp,ssh,S0,65,0,335,232,0.741,0.956,0,0,dos,1
4.49,udp,other,S0,18,0,21,13,0.684,0.41,0,0,probe,1
84.69,tcp,http,S0,924,437,8,2,0.074,0.816,0,1,normal,0
67.0,tcp,pop3,SF,866,1886,9,4,0.0,1.0,0,1,normal,0
0.47,udp,smtp,S0,22,0,272,423,0.871,0.971,0,0,dos,1
19.21,tcp,telnet,SF,0,442,9,3,0.071,0.844,0,1,normal,0
0.0,tcp,ftp,SF,400,1006,9,2,0.119,0.885,0,1,normal,0
0.0,tcp,ssh,S0,62,0,203,117,0.866,0.888,0,0,dos,1
0.0,tcp,http,SF,497,298,4,6,0.056,0.891,0,1,normal,0
23.6,tcp,http,SF,0,340,4,9,0.048,0.885,0,1,normal,0
64.46,tcp,ftp,SF,77,0,7,3,0.039,0.889,0,1,normal,0
50.56,tcp,smtp,SF,604,1957,7,9,0.0,0.817,0,1,normal,0
0.0,tcp,other,SF,450,969,7,5,0.029,1.0,0,1,normal,0
1.24,tcp,http,S0,30,0,167,132,0.881,0.835,0,0,dos,1
20.92,tcp,http,SF,670,866,7,9,0.0,0.905,0,1,normal,0
0.0,tcp,other,REJ,46,0,319,203,0.75,1.0,0,0,dos,1
0.0,tcp,dns,S0,49,3,160,368,0.849,0.933,0,0,dos,1
0.0,tcp,ftp,REJ,34,0,256,404,1.0,0.937,0,0,dos,1
64.05,tcp,other,SF,814,1285,4,8,0.006,0.667,0,1,normal,0
95.86,tcp,dns,RSTO,340,967,6,4,0.062,0.713,0,1,normal,0
78.05,tcp,telnet,SF,290,1044,1,3,0.0,1.0,0,1,normal,0
41.71,udp,telnet,SF,1076,1869,4,6,0.013,0.847,0,1,normal,0
2.8,icmp,http,REJ,20,0,92,1,0.424,0.128,0,0,probe,1
0.0,tcp,dns,SF,263,1319,2,6,0.055,0.895,0,1,normal,0
0.0,tcp,dns,S0,54,0,187,146,0.989,1.0,0,0,dos,1
60.89,tcp,smtp,SF,249,1280,4,3,0.08,0.831,0,1,normal,0
63.2,tcp,dns,SF,575,817,9,2,0.103,0.758,0,1,normal,0
28.26,tcp,dns,SF,184,559,9,4,0.075,1.0,0,1,normal,0
1.65,tcp,ssh,REJ,37,0,180,464,0.862,1.0,0,0,dos,1
40.15,tcp,http,SF,931,1059,6,7,0.045,0.886,0,1,normal,0
77.5,udp,http,SF,995,1042,7,8,0.138,0.712,0,1,normal,0
0.0,tcp,pop3,S0,74,3,307,500,0.79,0.913,0,0,dos,1
0.0,tcp,dns,SF,604,1940,8,1,0.067,0.873,0,1,normal,0
62.51,udp,http,SF,258,1459,6,9,0.0,0.759,0,1,normal,0
69.63,tcp,http,SF,563,1329,6,9,0.014,0.97,0,1,normal,0
53.46,tcp,ssh,SF,705,833,9,8,0.0,1.0,0,1,normal,0
12.21,tcp,smtp,SF,844,1011,1,3,0.0,0.82,0,1,normal,0
7.26,tcp,pop3,SF,271,906,1,5,0.037,0.852,0,1,normal,0
22.13,tcp,ftp,SF,917,2304,2,9,0.0,0.841,0,1,normal,0
80.9,tcp,other,SF,330,353,5,6,0.004,0.929,0,1,normal,0
59.6,udp,dns,SF,200,1134,7,7,0.063,0.75,0,1,normal,0
40.25,tcp,smtp,SF,186,1335,3,4,0.0,1.0,0,1,normal,0
65.4,icmp,other,SF,0,1358,8,8,0.006,0.916,0,1,normal,0
87.77,tcp,telnet,SF,621,1712,8,9,0.011,1.0,0,1,normal,0
62.71,tcp,dns,SF,579,1330,1,1,0.0,0.943,0,1,normal,0
46.02,tcp,pop3,SF,1119,924,1,4,0.005,0.896,0,1,normal,0
20.14,tcp,dns,SF,328,1053,9,8,0.011,0.767,0,1,normal,0
4.88,tcp,dns,S0,22,0,28,2,0.496,0.073,0,0,probe,1
0.0,tcp,smtp,S0,41,1,479,439,0.911,1.0,0,0,dos,1
22.62,tcp,other,SF,1042,1860,6,9,0.056,0.876,0,1,normal,0
86.25,tcp,pop3,SF,753,640,3,8,0.07,0.93,0,1,normal,0
0.0,udp,ssh,SF,764,675,3,6,0.024,0.893,0,1,normal,0
0.0,tcp,other,S0,43,4,264,425,0.88,0.932,0,0,dos,1
82.18,tcp,smtp,SF,983,723,2,2,0.007,0.842,0,1,normal,0
18.37,tcp,smtp,SF,717,1884,6,7,0.006,1.0,0,1,normal,0
77.45,tcp,smtp,SF,222,1374,3,2,0.0,0.813,0,1,normal,0
41.09,tcp,ssh,SF,593,993,2,1,0.046,0.914,0,1,normal,0
25.86,tcp,http,SF,408,1009,6,4,0.036,0.842,0,1,normal,0
0.0,tcp,http,S0,10,0,112,223,0.947,1.0,0,0,dos,1
0.0,udp,dns,REJ,46,0,30,5,0.182,0.187,0,0,probe,1
70.95,tcp,other,SF,786,805,9,4,0.0,0.906,0,1,normal,0
37.97,tcp,http,SF,530,1798,7,4,0.088,0.997,0,1,normal,0
47.15,udp,other,SF,637,1288,1,2,0.0,0.74,0,1,normal,0
102.5,tcp,pop3,SF,51,820,3,8,0.079,0.842,0,1,normal,0
106.22,tcp,ssh,SF,499,0,4,8,0.041,0.883,0,1,normal,0
64.79,tcp,smtp,SF,585,1681,4,6,0.0,0.802,0,1,normal,0
0.93,tcp,telnet,S0,94,10,456,504,0.749,0.929,0,0,dos,1
28.7,tcp,other,SF,132,0,10,1,0.129,0.566,1,0,r2l,1
20.06,tcp,pop3,SF,1103,1569,9,4,0.084,0.857,0,1,normal,0
33.04,tcp,ftp,SF,469,544,1,7,0.064,1.0,0,1,normal,0
0.0,udp,dns,SF,757,394,2,1,0.008,0.752,0,1,normal,0
11.82,udp,http,SF,321,1709,4,3,0.052,0.933,0,1,normal,0
0.0,icmp,ssh,SF,741,1411,1,9,0.075,0.865,0,1,normal,0
7.8,tcp,other,SF,87,1521,8,7,0.061,0.626,0,1,normal,0
97.97,udp,ftp,SF,369,1047,5,1,0.055,0.98,0,1,normal,0
2.71,tcp,dns,RSTR,30,0,383,226,0.801,1.0,0,0,dos,1
64.68,udp,pop3,SF,180,1963,9,7,0.0,0.846,0,1,normal,0
129.34,tcp,dns,S0,318,1277,9,2,0.05,0.914,0,1,normal,0
84.82,tcp,pop3,S0,111,857,6,3,0.015,0.79,0,1,normal,0
20.5,tcp,telnet,SF,58,304,5,5,0.058,0.47,1,1,r2l,1
0.0,udp,ssh,REJ,862,1240,6,4,0.0,0.992,0,1,normal,0
96.34,tcp,other,SF,132,1983,4,5,0.054,0.992,0,1,normal,0
83.4,tcp,pop3,S0,370,1488,3,5,0.052,0.862,0,1,normal,0
108.77,tcp,dns,SF,369,491,7,9,0.0,0.936,0,1,normal,0
78.58,tcp,ftp,SF,2086,103,1,2,0.111,0.743,1,1,u2r,1
0.0,icmp,ssh,SF,842,663,4,5,0.098,1.0,0,1,normal,0
1.06,tcp,http,SF,42,0,81,19,0.594,0.281,0,0,probe,1
120.9,tcp,telnet,SF,438,1617,4,4,0.073,0.927,0,1,normal,0
68.9,tcp,http,SF,43,1089,3,9,0.089,1.0,0,1,normal,0
99.81,icmp,http,S0,919,1194,4,3,0.0,0.849,0,1,normal,0
46.11,tcp,ssh,SF,285,599,6,4,0.053,1.0,0,1,normal,0
166.44,tcp,ftp,SF,623,2017,9,8,0.026,0.917,0,1,normal,0
10.82,tcp,smtp,SF,839,1500,9,8,0.0,0.785,0,1,normal,0
14.31,tcp,telnet,S0,490,1187,6,1,0.071,0.928,0,1,normal,0
3.8,tcp,telnet,S0,51,0,357,492,1.0,0.95,0,0,dos,1
51.65,tcp,other,SF,265,258,7,2,0.135,0.478,4,0,r2l,1
0.0,tcp,pop3,SF,785,1377,3,4,0.068,0.835,0,1,normal,0
96.3,tcp,pop3,SF,485,1139,9,5,0.061,1.0,0,1,normal,0
0.0,tcp,pop3,RSTR,53,0,325,115,0.796,0.992,0,0,dos,1
39.6,tcp,pop3,SF,76,1102,3,4,0.01,0.904,0,1,normal,0
0.49,tcp,telnet,RSTR,16,5,469,495,0.741,1.0,0,0,dos,1
49.89,tcp,ftp,SF,646,1918,7,2,0.0,0.746,0,1,normal,0
2.11,tcp,ssh,S0,82,8,239,175,0.967,0.95,0,0,dos,1
130.04,icmp,ssh,SF,516,1976,1,2,0.021,0.691,0,1,normal,0
0.49,tcp,pop3,SF,344,1183,2,5,0.028,1.0,0,1,normal,0
66.84,tcp,dns,RSTO,492,49,6,9,0.098,0.969,0,1,normal,0
60.52,tcp,ftp,SF,1035,865,2,7,0.0,0.743,0,1,normal,0
1.92,udp,pop3,S0,76,0,221,359,0.914,0.977,0,0,dos,1
28.18,tcp,other,SF,176,665,1,1,0.001,0.522,0,1,u2r,1
71.82,tcp,other,S0,631,1127,8,5,0.0,0.723,0,1,normal,0
32.5,icmp,smtp,SF,259,1629,7,2,0.005,0.931,0,1,normal,0
82.6,tcp,ssh,SF,1137,746,7,9,0.012,0.704,0,1,normal,0
17.75,udp,http,SF,525,1826,9,8,0.035,0.833,0,1,normal,0
0.0,tcp,ssh,SF,341,1738,2,6,0.0,0.879,0,1,normal,0
0.18,udp,smtp,RSTR,36,0,417,243,0.996,1.0,0,0,dos,1
1.59,tcp,telnet,S0,94,4,320,502,0.99,0.962,0,0,dos,1
92.23,icmp,telnet,S0,326,1146,1,8,0.081,1.0,0,1,normal,0
0.0,tcp,http,SF,338,953,6,2,0.015,0.796,0,1,normal,0
90.51,tcp,ftp,SF,452,0,5,2,0.082,0.909,0,1,normal,0
52.6,icmp,ftp,SF,663,674,3,6,0.03,0.993,0,1,normal,0
3.91,tcp,smtp,REJ,496,1232,1,7,0.017,0.851,0,1,normal,0
65.11,tcp,pop3,SF,584,577,9,7,0.016,0.925,0,1,normal,0
61.95,tcp,ftp,S0,64,1061,6,2,0.051,0.79,0,1,normal,0
56.77,udp,ftp,SF,544,623,3,2,0.067,0.852,0,1,normal,0
0.0,tcp,smtp,RSTR,0,0,115,246,0.929,0.965,0,0,dos,1
0.0,tcp,pop3,SF,461,1018,6,3,0.061,0.878,0,1,normal,0
49.75,tcp,ssh,REJ,526,1757,7,4,0.005,1.0,0,1,normal,0
22.98,tcp,dns,SF,1154,1361,9,4,0.055,1.0,0,1,normal,0
4.12,tcp,pop3,S0,67,0,121,411,0.95,1.0,0,0,dos,1
77.19,tcp,ssh,SF,604,1578,6,5,0.011,0.932,0,1,normal,0
58.48,tcp,telnet,SF,72,290,7,5,0.0,0.965,0,1,normal,0
56.35,tcp,ssh,SF,624,314,9,4,0.01,0.908,0,1,normal,0
50.96,udp,telnet,SF,484,59,6,9,0.039,0.97,0,1,normal,0
14.65,tcp,smtp,REJ,594,871,8,8,0.0,0.949,0,1,normal,0
0.0,tcp,ssh,S0,33,0,321,141,0.875,1.0,0,0,dos,1
0.0,tcp,other,SF,954,310,2,4,0.018,0.998,0,1,normal,0
0.0,tcp,http,SF,0,2677,9,4,0.148,0.869,0,1,normal,0
0.0,tcp,ssh,SF,427,839,5,7,0.058,0.997,0,1,normal,0
1.78,tcp,ftp,S0,107,0,361,360,0.879,0.976,0,0,dos,1
0.06,tcp,pop3,S0,30,0,401,191,0.972,0.979,0,0,dos,1
1.98,tcp,http,RSTR,102,5,321,189,0.942,0.943,0,0,dos,1
57.83,icmp,smtp,SF,239,552,9,6,0.019,0.693,0,1,normal,0
0.98,tcp,ftp,S0,66,2,400,480,0.812,0.923,0,0,dos,1
28.67,tcp,ftp,SF,1016,750,4,1,0.011,0.806,0,1,normal,0
64.58,tcp,ssh,SF,567,1437,2,9,0.042,0.913,0,1,normal,0
68.83,tcp,smtp,SF,360,1921,5,5,0.0,0.87,0,1,normal,0
1.33,tcp,smtp,S0,38,0,198,361,0.991,0.914,0,0,dos,1
84.43,icmp,dns,SF,0,1356,8,2,0.053,0.716,0,1,normal,0
0.0,tcp,dns,RSTO,486,1288,4,7,0.014,0.992,0,1,normal,0
7.72,tcp,smtp,SF,153,812,2,5,0.006,0.744,0,1,normal,0
64.0,tcp,smtp,SF,673,1450,3,8,0.0,0.891,0,1,normal,0
114.38,tcp,ftp,SF,390,938,4,5,0.0,0.797,0,1,normal,0
36.44,tcp,pop3,SF,303,1741,6,7,0.044,0.807,0,1,normal,0
0.0,tcp,telnet,S0,62,0,115,266,0.817,0.868,0,0,dos,1
18.66,tcp,dns,SF,531,1667,6,6,0.034,0.882,0,1,normal,0
36.06,tcp,other,SF,425,1455,5,7,0.022,0.997,0,1,normal,0
80.6,icmp,ftp,SF,837,1322,6,4,0.101,0.911,0,1,normal,0
22.95,tcp,ftp,SF,950,1269,6,4,0.009,0.9,0,1,normal,0
0.0,tcp,other,SF,1687,479,3,1,0.048,0.936,1,1,u2r,1
40.12,tcp,dns,SF,875,1121,4,8,0.004,1.0,0,1,normal,0
76.79,tcp,pop3,SF,711,1129,3,4,0.053,0.74,0,1,normal,0
80.72,tcp,telnet,SF,231,432,7,1,0.0,0.899,0,1,normal,0
28.23,tcp,ssh,SF,22,393,2,7,0.071,0.86,1,1,r2l,1
33.38,tcp,telnet,SF,912,1733,9,9,0.084,0.977,0,1,normal,0
0.97,tcp,ssh,S0,69,3,113,295,0.901,0.853,0,0,dos,1
18.31,udp,ssh,SF,551,324,2,9,0.015,0.947,0,1,normal,0
51.42,udp,ftp,SF,296,585,4,6,0.019,0.892,0,1,normal,0
28.24,tcp,smtp,SF,365,1562,2,3,0.0,0.699,0,1,normal,0
0.0,tcp,other,REJ,1278,1325,1,3,0.0,0.883,0,1,normal,0
0.0,tcp,smtp,SF,1037,946,5,2,0.0,0.806,0,1,normal,0
49.27,tcp,telnet,REJ,531,895,6,3,0.0,0.811,0,1,normal,0
0.0,tcp,ftp,S0,80,0,429,319,0.866,0.996,0,0,dos,1
0.0,tcp,ftp,REJ,39,0,166,418,0.836,1.0,0,0,dos,1
0.0,tcp,ssh,S0,100,1,346,493,0.912,0.955,0,0,dos,1
119.36,tcp,dns,REJ,339,1613,3,2,0.044,0.913,0,1,normal,0
0.83,tcp,pop3,REJ,12,2,225,455,0.83,0.885,0,0,dos,1
342.32,tcp,telnet,SF,1800,0,1,3,0.0,0.916,1,1,u2r,1
57.6,tcp,pop3,SF,222,828,7,9,0.0,0.94,0,1,normal,0
54.01,tcp,pop3,SF,381,1072,3,1,0.064,1.0,0,1,normal,0
2.52,tcp,smtp,S0,55,5,153,227,1.0,1.0,0,0,dos,1
93.26,tcp,smtp,SF,179,879,2,9,0.0,0.897,0,1,normal,0
1.35,tcp,ssh,S0,650,234,5,6,0.0,0.773,0,1,normal,0
0.0,tcp,ssh,S0,43,0,391,355,0.836,0.997,0,0,dos,1
68.01,tcp,http,SF,540,847,1,8,0.0,0.933,0,1,normal,0
64.37,tcp,pop3,REJ,678,1649,5,3,0.02,0.985,0,1,normal,0
93.99,tcp,ftp,RSTR,578,766,9,9,0.049,1.0,0,1,normal,0
70.5,tcp,pop3,SF,327,711,8,5,0.0,0.89,0,1,normal,0
0.0,tcp,ssh,S0,97,1,422,252,0.936,0.985,0,0,dos,1
44.06,tcp,ssh,SF,499,1127,5,4,0.068,0.936,0,1,normal,0
14.32,tcp,dns,S0,385,0,2,3,0.0,0.917,0,1,normal,0
0.48,udp,ssh,REJ,7,0,321,150,1.0,0.978,0,0,dos,1
77.86,tcp,telnet,SF,506,25,5,8,0.012,0.819,0,1,normal,0
0.0,udp,ssh,REJ,3,0,439,507,0.846,0.933,0,0,dos,1
39.08,tcp,smtp,SF,288,1653,3,9,0.0,0.849,0,1,normal,0
26.5,tcp,ftp,S0,222,1173,4,7,0.065,0.915,0,1,normal,0
25.96,tcp,other,SF,753,1305,5,8,0.0,1.0,0,1,normal,0
0.0,tcp,pop3,SF,830,1531,9,4,0.047,0.802,0,1,normal,0
2.01,tcp,telnet,S0,30,6,316,454,0.852,0.912,0,0,dos,1
2.26,udp,ssh,REJ,0,0,227,487,0.924,1.0,0,0,dos,1
0.0,tcp,other,SF,75,175,5,6,0.015,0.604,3,1,r2l,1
4.6,tcp,ssh,SF,777,844,4,2,0.029,0.953,0,1,normal,0
0.0,tcp,other,S0,29,0,286,480,1.0,1.0,0,0,dos,1
49.28,tcp,http,RSTR,614,919,8,1,0.003,0.858,0,1,normal,0
0.29,tcp,smtp,REJ,38,3,26,18,0.69,0.264,0,0,probe,1
50.47,tcp,ssh,SF,1010,1104,7,3,0.0,0.887,0,1,normal,0
1.39,tcp,other,REJ,23,0,96,19,0.208,0.103,0,0,probe,1
58.11,tcp,other,REJ,147,1843,6,7,0.0,0.836,0,1,normal,0
96.96,udp,other,RSTO,582,370,5,3,0.0,1.0,0,1,normal,0
1.0,udp,ftp,S0,59,0,246,136,0.795,0.932,0,0,dos,1
6.66,tcp,ssh,SF,420,620,4,3,0.0,0.875,0,1,normal,0
5.29,tcp,telnet,REJ,488,953,9,7,0.033,0.959,0,1,normal,0
38.14,tcp,telnet,SF,216,22,1,1,0.185,0.875,1,0,r2l,1
62.15,tcp,http,SF,658,1569,1,3,0.048,0.757,0,1,normal,0
94.03,tcp,ftp,SF,622,430,9,9,0.055,0.954,0,1,normal,0
37.57,tcp,dns,SF,391,1004,7,6,0.007,0.925,0,1,normal,0
61.1,tcp,ftp,S0,497,1585,4,4,0.0,0.75,0,1,normal,0
106.58,tcp,other,RSTR,0,393,2,7,0.0,0.873,0,1,normal,0
0.0,tcp,ftp,S0,57,4,52,11,0.811,0.334,0,0,probe,1
70.22,tcp,ftp,SF,1012,745,4,4,0.078,0.75,1,1,u2r,1
67.71,tcp,ssh,SF,352,229,4,8,0.053,0.882,0,1,normal,0
38.53,udp,smtp,SF,792,599,4,4,0.0,0.856,0,1,normal,0
29.06,tcp,ftp,SF,387,1092,5,3,0.053,1.0,0,1,normal,0
0.55,tcp,ftp,REJ,45,2,186,426,0.807,0.984,0,0,dos,1
19.75,udp,ssh,SF,946,1125,3,6,0.0,0.859,0,1,normal,0
47.69,tcp,pop3,SF,685,55,8,4,0.0,0.88,0,1,normal,0
7.95,tcp,ssh,SF,89,321,9,1,0.113,0.619,2,0,r2l,1
3.45,tcp,telnet,S0,0,0,148,314,1.0,0.882,0,0,dos,1
0.0,tcp,ftp,REJ,1191,1560,2,9,0.084,0.839,0,1,normal,0
63.69,tcp,ftp,SF,348,443,4,2,0.066,0.773,0,1,normal,0
0.0,tcp,dns,SF,634,935,4,2,0.047,0.998,0,1,normal,0
126.24,tcp,ftp,SF,834,1330,8,6,0.0,0.975,0,1,normal,0
0.0,tcp,dns,SF,414,76,4,9,0.0,0.868,0,1,normal,0
48.12,udp,pop3,RSTR,904,588,9,8,0.0,0.909,0,1,normal,0
120.97,tcp,pop3,SF,885,542,8,2,0.027,0.79,0,1,normal,0
71.12,icmp,ssh,RSTR,652,828,7,7,0.094,1.0,0,1,normal,0
37.1,tcp,telnet,SF,465,622,6,9,0.056,1.0,0,1,normal,0
59.93,tcp,ssh,SF,448,977,8,8,0.008,1.0,0,1,normal,0
1.54,tcp,smtp,REJ,45,2,76,12,0.399,0.341,0,0,probe,1
37.6,icmp,ssh,SF,276,333,4,6,0.011,1.0,0,1,normal,0
0.0,tcp,telnet,S0,24,0,41,7,0.51,0.323,0,0,probe,1
54.38,tcp,telnet,SF,456,202,8,1,0.0,0.827,0,1,normal,0
58.76,tcp,ssh,SF,848,1481,6,7,0.028,1.0,0,1,normal,0
0.96,tcp,http,RSTR,41,10,473,243,0.764,0.955,0,0,dos,1
23.42,tcp,telnet,SF,650,798,7,3,0.019,0.933,0,1,normal,0
111.83,tcp,ftp,RSTR,0,935,3,9,0.028,0.997,0,1,normal,0
93.97,tcp,smtp,SF,654,2006,1,9,0.046,0.967,0,1,normal,0
0.0,tcp,pop3,S0,217,1204,5,7,0.022,0.822,0,1,normal,0
18.47,tcp,dns,RSTR,270,1766,7,7,0.023,0.809,0,1,normal,0
0.0,tcp,pop3,SF,309,628,2,8,0.059,0.874,0,1,normal,0
77.99,tcp,other,S0,861,407,4,2,0.011,0.847,0,1,normal,0
7.57,icmp,dns,SF,715,0,1,1,0.001,0.831,0,1,normal,0
0.0,tcp,telnet,SF,264,1479,2,1,0.022,0.949,0,1,normal,0
63.52,tcp,smtp,SF,862,1029,5,9,0.0,0.86,0,1,normal,0
133.42,tcp,pop3,SF,447,1458,2,5,0.081,0.774,0,1,normal,0
0.0,tcp,pop3,SF,196,24,3,4,0.038,0.833,0,1,normal,0
55.62,tcp,ssh,SF,318,396,4,2,0.0,0.974,0,1,normal,0
99.17,udp,telnet,SF,192,1048,9,2,0.0,0.802,0,1,normal,0
69.0,icmp,ftp,SF,702,568,6,1,0.02,0.9,0,1,normal,0
35.38,tcp,pop3,SF,413,0,3,2,0.09,1.0,0,1,normal,0
28.09,tcp,telnet,REJ,271,154,9,2,0.0,0.993,0,1,normal,0
48.03,tcp,dns,SF,614,1183,3,6,0.0,0.733,0,1,normal,0
75.85,tcp,smtp,SF,1422,454,1,3,0.02,0.822,1,1,u2r,1
4.5,udp,telnet,REJ,0,0,48,9,0.305,0.23,0,0,probe,1
0.0,udp,http,SF,123,850,9,6,0.0,0.931,0,1,normal,0
35.53,tcp,dns,SF,514,1091,7,3,0.052,0.905,0,1,normal,0
52.9,tcp,http,SF,561,690,1,9,0.085,0.68,0,1,normal,0
1.46,tcp,dns,REJ,39,6,108,287,0.803,0.926,0,0,dos,1
2.81,tcp,ftp,RSTR,13,0,385,365,0.996,0.959,0,0,dos,1
26.53,tcp,telnet,SF,115,647,1,5,0.024,0.995,0,1,normal,0
36.73,tcp,pop3,SF,29,1762,4,6,0.0,0.89,0,1,normal,0
35.6,tcp,smtp,SF,640,1736,3,3,0.0,1.0,0,1,normal,0
0.0,udp,smtp,S0,0,0,132,227,0.934,1.0,0,0,dos,1
0.0,tcp,pop3,REJ,11,0,91,12,0.163,0.0,0,0,probe,1
81.05,tcp,telnet,SF,991,955,6,8,0.081,0.828,0,1,normal,0
48.91,tcp,smtp,SF,0,468,2,6,0.035,0.758,0,1,normal,0
0.0,tcp,smtp,SF,632,1489,9,3,0.094,0.822,0,1,normal,0
66.89,udp,ssh,SF,427,270,6,1,0.134,0.78,0,1,normal,0
3.03,tcp,ftp,S0,28,0,96,11,0.45,0.258,0,0,probe,1
57.71,tcp,ssh,SF,117,244,8,4,0.022,0.921,0,1,normal,0
0.0,tcp,telnet,RSTO,496,1276,6,8,0.157,0.977,0,1,normal,0
59.31,udp,pop3,SF,961,791,8,6,0.101,1.0,0,1,normal,0
55.0,udp,smtp,SF,406,1586,1,9,0.01,0.766,0,1,normal,0
0.1,tcp,smtp,S0,70,0,246,501,1.0,0.906,0,0,dos,1
101.95,tcp,ftp,SF,40,756,6,9,0.0,0.783,0,1,normal,0
0.71,tcp,telnet,REJ,76,0,401,272,0.902,0.921,0,0,dos,1
65.72,tcp,ftp,SF,1331,939,1,1,0.067,0.812,0,1,normal,0
57.69,tcp,telnet,SF,699,1457,6,4,0.078,0.801,0,1,normal,0
33.88,tcp,http,REJ,945,1279,8,4,0.061,0.745,0,1,normal,0
31.03,tcp,smtp,SF,403,1328,6,5,0.0,1.0,0,1,normal,0
102.64,tcp,pop3,SF,374,1221,6,1,0.049,0.634,0,1,normal,0
33.43,tcp,pop3,S0,235,1913,4,7,0.084,1.0,0,1,normal,0
29.51,tcp,pop3,SF,526,127,5,7,0.023,0.904,0,1,normal,0
0.0,udp,dns,SF,355,332,2,8,0.0,0.949,0,1,normal,0
93.36,tcp,smtp,SF,214,712,6,6,0.029,1.0,0,1,normal,0
10.28,tcp,ssh,SF,413,1613,3,8,0.038,0.676,0,1,normal,0
1.21,tcp,telnet,S0,50,6,436,117,0.792,0.874,0,0,dos,1
3.64,tcp,http,REJ,3,4,64,7,0.502,0.245,0,0,probe,1
140.48,tcp,other,SF,319,1187,8,4,0.042,0.922,0,1,normal,0
0.0,udp,other,S0,36,0,269,210,0.861,0.935,0,0,dos,1
1.07,tcp,smtp,REJ,22,0,156,457,1.0,0.976,0,0,dos,1
107.52,tcp,pop3,SF,195,547,3,4,0.0,0.694,1,1,u2r,1
63.35,tcp,ftp,SF,0,1014,1,3,0.0,0.904,0,1,normal,0
99.06,tcp,pop3,SF,469,135,5,4,0.0,0.883,0,1,normal,0
90.7,udp,http,SF,415,99,6,7,0.081,0.9,0,1,normal,0
0.53,tcp,pop3,S0,49,9,164,158,0.904,0.916,0,0,dos,1
0.0,tcp,pop3,REJ,85,5,440,462,0.913,0.914,0,0,dos,1
80.48,tcp,pop3,RSTO,608,1041,1,7,0.049,0.941,0,1,normal,0
69.78,tcp,other,RSTR,830,2034,6,4,0.0,0.884,0,1,normal,0
0.0,udp,pop3,S0,65,0,486,129,0.934,0.969,0,0,dos,1
0.0,icmp,other,REJ,58,0,452,454,0.806,0.949,0,0,dos,1
42.03,tcp,telnet,SF,530,1661,5,9,0.009,1.0,0,1,normal,0
28.73,tcp,pop3,SF,1133,1261,9,2,0.054,0.968,0,1,normal,0
80.57,tcp,smtp,S0,0,613,7,7,0.069,0.875,0,1,normal,0
96.06,udp,ftp,RSTO,721,908,8,2,0.031,1.0,0,1,normal,0
78.3,tcp,ftp,SF,229,1067,1,6,0.167,0.84,0,1,normal,0
0.75,icmp,smtp,RSTR,23,8,119,406,0.905,0.969,0,0,dos,1
9.72,tcp,ftp,SF,0,34,11,1,0.018,0.796,3,1,r2l,1
0.0,tcp,telnet,SF,156,705,7,8,0.057,0.867,0,1,normal,0
36.71,tcp,http,SF,756,330,9,6,0.049,1.0,0,1,normal,0
55.04,tcp,smtp,SF,50,1126,1,4,0.0,0.949,0,1,normal,0
8.34,tcp,pop3,SF,0,794,3,2,0.027,0.864,0,1,normal,0
72.29,udp,dns,SF,304,1224,4,5,0.051,0.935,0,1,normal,0
61.97,icmp,smtp,SF,753,775,2,6,0.113,0.927,0,1,normal,0
60.12,udp,ssh,SF,214,1437,1,3,0.0,0.913,0,1,normal,0
29.76,tcp,smtp,SF,687,109,3,3,0.118,1.0,0,1,normal,0
80.08,tcp,ftp,SF,384,0,9,5,0.021,0.948,0,1,normal,0
0.0,tcp,dns,S0,44,3,357,131,0.952,0.893,0,0,dos,1
66.64,tcp,http,SF,264,788,6,6,0.0,0.933,0,1,normal,0
33.94,tcp,smtp,SF,682,1439,4,1,0.056,0.758,0,1,normal,0
3.82,tcp,http,REJ,16,0,47,16,0.936,0.353,0,0,probe,1
17.03,tcp,telnet,SF,406,1358,5,4,0.005,0.812,0,1,normal,0
21.43,tcp,dns,SF,465,1070,3,3,0.127,0.864,0,1,normal,0
126.8,udp,ssh,SF,420,1741,9,5,0.019,0.896,0,1,normal,0
56.57,udp,smtp,SF,524,1224,4,5,0.142,0.922,0,1,normal,0
110.28,tcp,pop3,SF,267,946,3,3,0.033,0.875,0,1,normal,0
37.89,tcp,http,SF,384,1528,6,7,0.0,0.974,0,1,normal,0
48.12,tcp,dns,SF,646,1663,2,5,0.041,0.92,0,1,normal,0
77.86,tcp,pop3,SF,514,1076,7,6,0.047,0.959,0,1,normal,0
28.58,udp,ssh,SF,798,755,4,8,0.036,0.768,0,1,normal,0
93.85,udp,ftp,RSTR,224,835,1,1,0.043,0.939,0,1,normal,0
94.08,tcp,http,RSTO,359,403,9,4,0.0,0.829,0,1,normal,0
64.96,tcp,http,SF,216,1329,2,7,0.0,0.884,0,1,normal,0
0.16,tcp,ssh,RSTR,26,0,148,220,0.957,0.993,0,0,dos,1
105.94,udp,dns,RSTO,620,956,7,5,0.099,1.0,0,1,normal,0
104.99,tcp,ftp,SF,571,1335,4,4,0.057,0.976,0,1,normal,0
0.0,tcp,dns,RSTO,46,1285,7,3,0.0,1.0,0,1,normal,0
0.0,icmp,telnet,SF,681,441,7,5,0.065,0.818,0,1,normal,0
0.0,tcp,other,REJ,0,0,72,5,0.459,0.195,0,0,probe,1
26.84,tcp,smtp,SF,404,1490,7,4,0.004,0.856,0,1,normal,0
34.03,tcp,ssh,SF,234,953,3,2,0.046,0.869,0,1,normal,0
1.42,udp,http,SF,0,0,31,17,0.391,0.359,0,0,probe,1
0.0,udp,ssh,RSTR,48,3,473,336,0.995,0.947,0,0,dos,1
63.05,tcp,pop3,S0,79,388,6,7,0.0,0.805,0,1,normal,0
56.72,udp,telnet,SF,504,1261,7,1,0.041,0.798,0,1,normal,0
60.49,udp,pop3,REJ,999,1073,3,7,0.021,0.789,0,1,normal,0
47.39,tcp,ftp,REJ,782,1571,7,4,0.029,0.88,0,1,normal,0
0.0,tcp,ssh,SF,206,712,7,1,0.0,0.981,0,1,normal,0
42.03,tcp,ssh,SF,387,2159,5,5,0.03,0.941,0,1,normal,0
1.34,udp,http,S0,50,4,317,369,0.945,0.959,0,0,dos,1
88.81,tcp,pop3,SF,969,1491,9,6,0.052,0.792,0,1,normal,0
79.43,tcp,pop3,SF,399,876,1,6,0.001,0.738,0,1,normal,0
161.53,udp,telnet,SF,518,1714,4,6,0.133,0.815,0,1,normal,0
97.49,tcp,dns,SF,479,301,2,9,0.036,1.0,0,1,normal,0
78.55,udp,ftp,SF,114,1017,1,6,0.0,0.983,0,1,normal,0
0.52,tcp,ssh,RSTR,52,1,185,264,0.761,0.785,0,0,dos,1
0.0,tcp,telnet,SF,338,1612,7,1,0.0,0.831,0,1,normal,0
101.51,tcp,pop3,SF,1206,748,5,7,0.035,0.938,0,1,normal,0
105.65,tcp,ssh,SF,192,2122,1,4,0.017,0.823,0,1,normal,0
11.43,tcp,pop3,SF,433,752,7,2,0.0,0.984,0,1,normal,0
0.0,udp,dns,SF,625,1130,5,3,0.077,1.0,0,1,normal,0
0.0,tcp,telnet,REJ,20,1,87,2,0.374,0.0,0,0,probe,1
58.37,tcp,http,SF,240,1462,4,4,0.0,1.0,0,1,normal,0
45.57,udp,telnet,REJ,8,1195,4,6,0.07,0.922,0,1,normal,0
55.55,udp,ftp,SF,483,763,3,1,0.066,0.953,0,1,u2r,1
71.85,tcp,pop3,SF,418,1260,9,8,0.0,0.99,0,1,normal,0
0.0,tcp,http,REJ,15,1,94,17,0.253,0.251,0,0,probe,1
40.7,tcp,ssh,SF,353,1631,2,6,0.005,0.859,0,1,normal,0
37.17,tcp,smtp,SF,162,0,3,4,0.036,0.733,0,1,normal,0
3.13,udp,ftp,S0,43,3,39,13,0.691,0.126,0,0,probe,1
40.53,udp,http,SF,600,1292,2,7,0.056,0.922,0,1,normal,0
32.15,udp,dns,SF,266,723,5,1,0.073,0.801,0,1,normal,0
67.95,tcp,pop3,SF,0,1079,5,1,0.031,0.775,0,1,normal,0
108.24,udp,ssh,SF,590,860,5,3,0.005,0.853,0,1,normal,0
85.73,tcp,ftp,SF,354,1333,9,7,0.0,0.958,0,1,normal,0
42.85,udp,other,SF,638,1607,5,8,0.026,0.82,0,1,normal,0
0.0,udp,ssh,REJ,37,0,305,207,0.819,0.931,0,0,dos,1
79.09,tcp,other,SF,578,1428,5,5,0.0,0.892,0,1,normal,0
30.33,icmp,other,SF,533,949,3,4,0.014,0.837,0,1,normal,0
64.24,tcp,http,SF,138,2076,8,6,0.051,1.0,0,1,normal,0
44.99,udp,dns,SF,704,732,3,7,0.004,0.965,0,1,normal,0
0.0,tcp,dns,SF,0,1205,4,7,0.001,1.0,0,1,normal,0
19.54,tcp,http,REJ,64,632,6,3,0.0,0.791,0,1,normal,0
56.74,tcp,telnet,SF,263,1377,8,6,0.0,0.908,0,1,normal,0
43.1,tcp,smtp,SF,152,1979,7,4,0.0,1.0,0,1,normal,0
68.02,tcp,other,SF,439,960,7,6,0.022,0.759,0,1,normal,0
65.25,udp,telnet,SF,400,675,6,9,0.0,0.908,0,1,normal,0
13.52,tcp,http,SF,0,1216,7,2,0.08,0.856,0,1,normal,0
27.37,tcp,ftp,SF,1533,583,3,4,0.008,0.854,0,1,u2r,1
6.74,tcp,dns,S0,26,0,35,8,0.62,0.372,0,0,probe,1
48.66,tcp,ftp,SF,22,32,3,4,0.085,0.944,0,1,normal,0
33.47,tcp,other,SF,2,0,12,8,0.123,0.563,1,1,r2l,1
0.0,tcp,ssh,S0,0,0,277,358,0.968,0.982,0,0,dos,1
46.53,tcp,dns,RSTR,300,2336,5,7,0.062,0.962,0,1,normal,0
0.0,udp,smtp,S0,26,1,403,352,0.926,1.0,0,0,dos,1
0.0,udp,ssh,SF,35,1555,1,1,0.0,0.916,0,1,normal,0
34.03,tcp,dns,SF,712,1878,1,5,0.0,0.92,0,1,normal,0
47.87,tcp,ssh,RSTR,751,1470,9,3,0.0,0.804,0,1,normal,0
99.12,tcp,dns,SF,486,1598,5,1,0.0,0.886,0,1,normal,0
90.14,udp,smtp,S0,668,1032,3,3,0.0,0.782,0,1,normal,0
0.32,tcp,ftp,S0,405,639,8,8,0.129,0.595,4,0,r2l,1
68.16,tcp,ssh,SF,0,1690,1,1,0.03,0.93,0,1,normal,0
24.3,tcp,other,SF,168,415,6,3,0.025,0.974,0,1,normal,0
104.21,tcp,http,SF,753,1359,9,4,0.062,0.783,0,1,normal,0
65.69,tcp,smtp,SF,477,2501,8,8,0.023,0.983,0,1,normal,0
0.85,icmp,pop3,S0,48,0,255,286,0.816,0.885,0,0,dos,1
3.81,tcp,ftp,S0,42,1,106,140,0.87,0.962,0,0,dos,1
49.86,udp,telnet,SF,531,1517,4,1,0.0,0.912,0,1,normal,0
46.18,tcp,other,SF,306,918,3,8,0.034,1.0,0,1,normal,0
99.2,udp,dns,SF,451,2122,6,2,0.0,0.915,0,1,normal,0
40.85,tcp,pop3,SF,208,1474,7,2,0.022,0.766,0,1,normal,0
0.0,tcp,smtp,REJ,51,0,460,502,1.0,0.955,0,0,dos,1
1.41,tcp,telnet,S0,93,2,248,170,0.951,0.88,0,0,dos,1
2.1,tcp,telnet,SF,175,2115,9,1,0.008,0.919,0,1,normal,0
0.0,tcp,other,SF,679,592,8,1,0.06,0.838,0,1,normal,0
60.27,tcp,ssh,SF,560,157,3,5,0.0,0.854,0,1,normal,0
168.41,tcp,dns,SF,792,1470,2,4,0.149,0.836,0,1,normal,0
21.05,udp,ssh,RSTO,544,989,6,7,0.0,0.978,0,1,normal,0
85.92,tcp,other,SF,441,1233,1,6,0.0,0.958,0,1,normal,0
86.8,tcp,smtp,SF,391,1760,8,5,0.091,0.983,0,1,normal,0
0.71,tcp,other,REJ,29,0,51,6,0.543,0.0,0,0,probe,1
92.1,tcp,http,SF,460,1433,7,8,0.034,0.894,0,1,normal,0
39.73,tcp,smtp,SF,425,1392,9,8,0.043,0.804,0,1,normal,0
38.07,tcp,other,SF,987,2185,7,9,0.059,0.851,0,1,normal,0
15.54,tcp,smtp,SF,31,1302,8,4,0.013,0.781,0,1,normal,0
79.63,tcp,ftp,SF,349,242,3,8,0.065,0.961,0,1,normal,0
67.46,tcp,dns,SF,639,1076,5,4,0.007,0.912,0,1,normal,0
0.0,tcp,smtp,S0,56,0,480,331,1.0,0.979,0,0,dos,1
6.49,tcp,dns,S0,661,330,4,3,0.0,0.975,0,1,normal,0
35.84,tcp,pop3,SF,203,743,8,1,0.0,1.0,0,1,normal,0
4.77,tcp,ssh,RSTR,0,0,110,357,0.855,0.907,0,0,dos,1
0.0,tcp,other,SF,32,287,9,6,0.041,0.829,0,1,normal,0
53.39,tcp,ftp,S0,972,2067,7,3,0.028,0.977,0,1,normal,0
84.12,udp,dns,SF,627,1082,7,1,0.0,0.745,0,1,normal,0
77.69,tcp,ftp,SF,0,631,8,4,0.023,0.991,0,1,normal,0
0.0,udp,ssh,S0,60,0,174,156,0.955,0.953,0,0,dos,1
4.63,udp,dns,REJ,24,3,80,7,0.816,0.337,0,0,probe,1
63.23,udp,other,SF,88,640,2,5,0.092,0.95,0,1,normal,0
81.61,tcp,telnet,SF,80,1784,8,2,0.095,1.0,0,1,normal,0
49.59,tcp,other,SF,1065,1163,9,1,0.077,1.0,0,1,normal,0
3.16,tcp,dns,S0,70,0,192,146,1.0,1.0,0,0,dos,1
52.28,tcp,ftp,SF,950,1484,9,3,0.056,0.975,0,1,normal,0
3.91,tcp,ssh,S0,87,0,494,503,0.942,0.927,0,0,dos,1
59.86,udp,ssh,RSTR,772,630,6,9,0.063,1.0,0,1,normal,0
43.32,icmp,telnet,SF,798,188,2,2,0.062,0.713,0,1,normal,0
63.64,udp,telnet,SF,486,875,9,2,0.0,0.95,0,1,normal,0
34.81,icmp,other,SF,630,991,6,6,0.043,0.991,0,1,normal,0
1.73,tcp,http,S0,61,3,285,329,0.816,0.862,0,0,dos,1
20.02,udp,smtp,RSTO,1093,548,7,8,0.021,0.793,0,1,normal,0
35.87,udp,ftp,SF,735,1774,9,4,0.0,0.867,0,1,normal,0
0.0,tcp,other,S0,0,757,8,2,0.0,0.704,0,1,normal,0
59.91,tcp,dns,S0,1060,977,1,1,0.0,0.884,0,1,normal,0
85.1,tcp,ftp,SF,607,1949,3,1,0.095,0.828,0,1,normal,0
39.36,tcp,ssh,SF,0,1150,1,6,0.006,0.878,0,1,normal,0
8.09,tcp,other,SF,511,1942,8,1,0.031,0.86,0,1,normal,0
66.71,tcp,pop3,SF,478,156,3,2,0.0,0.983,0,1,normal,0
0.51,tcp,dns,S0,30,0,444,389,1.0,0.91,0,0,dos,1
52.99,icmp,smtp,SF,327,1171,6,1,0.0,0.891,0,1,normal,0
2.64,tcp,pop3,S0,92,0,407,354,0.9,0.896,0,0,dos,1
3.14,tcp,pop3,S0,70,1,273,472,1.0,0.983,0,0,dos,1
88.03,tcp,other,SF,401,1380,2,8,0.081,1.0,0,1,normal,0
105.51,udp,ssh,SF,240,1867,9,5,0.0,0.783,0,1,normal,0
3.21,udp,smtp,REJ,14,1,33,9,0.464,0.0,0,0,probe,1
24.35,tcp,ssh,SF,737,616,7,7,0.051,1.0,0,1,normal,0
71.42,tcp,dns,SF,660,850,4,3,0.0,0.808,0,1,normal,0
53.71,tcp,telnet,SF,428,1108,2,2,0.0,0.993,0,1,normal,0
1.07,tcp,ftp,SF,648,2109,3,3,0.0,0.888,0,1,normal,0
12.63,udp,other,RSTO,789,1180,4,4,0.017,0.985,0,1,normal,0
4.81,tcp,ftp,S0,28,0,69,16,0.352,0.243,0,0,probe,1
77.39,tcp,telnet,SF,787,1420,9,8,0.067,0.94,0,1,normal,0
4.36,tcp,http,RSTR,1,9,416,392,0.899,0.933,0,0,dos,1
68.68,udp,smtp,SF,606,1571,2,3,0.023,0.963,0,1,normal,0
31.14,tcp,pop3,SF,575,1276,2,1,0.0,0.783,0,1,normal,0
91.34,tcp,http,SF,227,622,8,3,0.0,0.733,0,1,normal,0
49.54,tcp,ftp,SF,504,963,4,3,0.068,0.724,0,1,normal,0
60.68,icmp,ssh,SF,0,1191,1,9,0.066,1.0,0,1,normal,0
1.32,tcp,telnet,SF,337,689,4,5,0.02,0.799,0,1,normal,0
90.11,tcp,smtp,SF,718,1381,9,4,0.015,0.743,0,1,normal,0
55.07,tcp,pop3,SF,164,1413,3,1,0.0,0.945,0,1,normal,0
85.33,udp,ftp,SF,235,685,3,6,0.035,0.89,0,1,normal,0
44.57,tcp,ssh,SF,81,1802,7,4,0.029,1.0,0,1,normal,0
94.42,tcp,telnet,SF,580,2285,3,4,0.012,0.895,0,1,normal,0
5.46,udp,pop3,RSTR,230,914,2,1,0.028,1.0,0,1,normal,0
78.18,tcp,smtp,SF,143,1160,3,5,0.051,0.855,0,1,normal,0
22.5,tcp,other,SF,216,1247,2,2,0.071,0.843,0,1,normal,0
42.89,udp,telnet,SF,820,567,7,6,0.023,0.924,0,1,normal,0
26.83,tcp,smtp,SF,449,1713,9,5,0.0,0.961,0,1,normal,0
52.86,tcp,telnet,SF,389,60,5,5,0.006,0.749,0,1,normal,0
10.27,tcp,pop3,SF,611,1501,3,6,0.0,1.0,0,1,normal,0
94.44,icmp,dns,SF,133,258,6,2,0.0,0.909,0,1,normal,0
81.43,tcp,dns,SF,309,567,8,4,0.073,0.864,0,1,normal,0
0.46,tcp,other,S0,25,0,247,424,0.784,0.935,0,0,dos,1
0.0,tcp,ssh,REJ,18,5,440,263,0.952,0.946,0,0,dos,1
16.42,udp,dns,SF,1058,375,3,1,0.054,0.929,0,1,normal,0
25.07,udp,http,SF,407,1202,9,2,0.0,0.89,0,1,normal,0
40.05,tcp,dns,SF,163,1646,4,5,0.0,0.83,0,1,normal,0
0.0,tcp,telnet,SF,218,852,4,2,0.071,0.639,1,1,u2r,1
32.31,tcp,telnet,S0,473,141,8,7,0.028,0.925,0,1,normal,0
109.39,tcp,ftp,SF,853,1035,3,5,0.0,0.992,0,1,normal,0
0.0,tcp,pop3,SF,964,743,4,5,0.011,1.0,0,1,normal,0
50.78,udp,pop3,SF,245,1175,1,9,0.0,0.841,0,1,normal,0
28.72,tcp,ssh,SF,0,0,7,9,0.107,0.864,0,1,normal,0
7.49,tcp,telnet,SF,373,1444,7,5,0.0,0.958,0,1,normal,0
90.44,tcp,pop3,SF,794,175,6,2,0.061,0.787,0,1,normal,0
52.69,tcp,ssh,SF,758,1175,3,7,0.001,0.708,0,1,normal,0
0.0,tcp,pop3,REJ,0,0,65,8,0.596,0.35,0,0,probe,1
0.0,udp,smtp,RSTR,55,1,453,290,0.977,0.943,0,0,dos,1
65.53,udp,pop3,SF,493,414,1,2,0.025,0.624,0,1,normal,0
10.81,tcp,smtp,SF,819,632,1,2,0.0,0.991,0,1,normal,0
6.0,tcp,dns,SF,444,2135,4,7,0.078,0.558,0,1,normal,0
1.92,tcp,dns,S0,57,0,136,231,0.84,0.997,0,0,dos,1
0.0,udp,other,REJ,44,0,393,374,0.813,1.0,0,0,dos,1
61.0,udp,ssh,SF,220,983,4,2,0.053,0.922,0,1,normal,0
0.0,tcp,ssh,RSTR,90,6,347,126,0.995,0.934,0,0,dos,1
61.7,udp,other,S0,359,566,3,7,0.0,0.838,0,1,normal,0
18.95,udp,telnet,SF,647,2180,2,5,0.005,0.773,0,1,normal,0
56.96,tcp,pop3,RSTR,185,610,1,8,0.0,0.772,0,1,normal,0
45.1,tcp,http,SF,114,815,3,2,0.0,0.927,0,1,normal,0
57.91,udp,dns,SF,741,205,4,6,0.056,0.925,0,1,normal,0
12.73,tcp,ftp,SF,286,1204,2,4,0.039,0.85,0,1,normal,0
1.12,tcp,telnet,REJ,22,0,96,11,0.59,0.19,0,0,probe,1
0.0,tcp,pop3,SF,0,1752,8,9,0.012,0.848,0,1,normal,0
0.17,tcp,smtp,S0,77,0,217,327,0.874,0.855,0,0,dos,1
0.0,icmp,other,S0,46,3,343,362,0.853,0.958,0,0,dos,1
4.77,tcp,pop3,SF,736,2111,1,2,0.083,0.837,0,1,normal,0
0.0,icmp,telnet,S0,3,0,24,4,0.689,0.385,0,0,probe,1
0.77,tcp,ftp,SF,318,2520,8,6,0.033,0.971,0,1,normal,0
101.22,tcp,ftp,SF,240,607,8,4,0.022,0.794,0,1,normal,0
1.1,tcp,dns,SF,310,693,9,6,0.065,0.998,0,1,normal,0
77.67,tcp,pop3,SF,912,1725,8,2,0.0,0.859,0,1,normal,0
0.47,tcp,dns,REJ,47,0,456,169,0.95,0.997,0,0,dos,1
102.75,tcp,other,SF,462,1466,2,8,0.016,0.878,0,1,normal,0
0.0,tcp,http,SF,120,1016,8,6,0.032,0.851,0,1,normal,0
77.24,udp,http,SF,678,200,6,7,0.124,0.816,0,1,normal,0
35.19,tcp,ftp,SF,701,1001,2,8,0.0,0.975,0,1,normal,0
0.0,tcp,ssh,S0,53,0,200,302,1.0,0.885,0,0,dos,1
76.58,tcp,telnet,SF,616,1261,5,3,0.0,1.0,0,1,normal,0
1.57,icmp,other,S0,30,4,152,457,0.827,0.906,0,0,dos,1
53.88,tcp,ssh,SF,103,1252,3,1,0.0,0.879,0,1,normal,0
0.0,tcp,pop3,S0,33,8,346,262,0.971,0.981,0,0,dos,1
57.91,tcp,smtp,SF,772,642,4,4,0.0,1.0,0,1,normal,0
51.06,tcp,http,SF,679,1255,4,6,0.0,0.824,0,1,normal,0
19.5,tcp,telnet,SF,112,146,7,8,0.0,0.903,0,1,normal,0
41.87,tcp,ftp,SF,694,116,7,2,0.01,0.819,0,1,normal,0
0.0,tcp,other,RSTR,68,8,448,327,0.947,0.963,0,0,dos,1
36.36,tcp,http,SF,205,1565,5,2,0.042,0.939,0,1,normal,0
41.19,tcp,http,SF,330,606,3,5,0.012,0.769,0,1,normal,0
5.26,udp,other,S0,7,0,195,401,0.944,0.97,0,0,dos,1
0.0,tcp,telnet,SF,557,699,4,7,0.005,0.791,0,1,normal,0
135.02,tcp,ftp,RSTR,85,1735,6,1,0.118,0.979,0,1,normal,0
19.61,icmp,telnet,SF,354,309,1,5,0.258,0.74,4,0,r2l,1
0.0,icmp,dns,RSTR,481,1562,4,7,0.0,0.925,0,1,normal,0
0.0,udp,other,S0,23,0,489,317,0.769,0.929,0,0,dos,1
35.75,udp,smtp,SF,719,1840,5,8,0.012,0.869,0,1,normal,0
0.22,tcp,other,S0,0,2,117,350,1.0,0.923,0,0,dos,1
61.05,tcp,pop3,SF,257,956,6,2,0.0,0.878,0,1,normal,0
79.95,tcp,dns,SF,676,1121,6,8,0.0,0.992,0,1,normal,0
146.18,tcp,pop3,SF,500,329,3,2,0.0,0.873,0,1,normal,0
0.0,udp,telnet,S0,26,0,504,323,0.914,0.948,0,0,dos,1
6.48,tcp,pop3,SF,0,1526,6,8,0.0,0.805,0,1,normal,0
10.99,tcp,other,SF,120,152,6,2,0.03,0.415,2,1,r2l,1
28.98,tcp,http,SF,600,945,5,1,0.049,0.956,0,1,normal,0
67.63,tcp,smtp,RSTO,425,692,7,1,0.015,0.883,0,1,normal,0
0.0,udp,dns,S0,56,0,174,258,0.876,0.946,0,0,dos,1
56.92,tcp,smtp,SF,627,1024,3,7,0.131,0.919,0,1,normal,0
138.67,tcp,ssh,SF,348,1143,4,1,0.027,1.0,0,1,normal,0
0.62,tcp,telnet,RSTR,30,0,430,433,0.833,0.988,0,0,dos,1
27.38,tcp,ftp,SF,188,512,6,8,0.037,0.925,0,1,normal,0
81.43,tcp,smtp,SF,549,1121,4,6,0.0,0.898,0,1,normal,0
95.64,tcp,ftp,SF,816,1683,4,9,0.074,0.865,0,1,normal,0
31.3,tcp,ssh,SF,116,1049,7,8,0.038,0.964,0,1,normal,0
96.0,tcp,ssh,SF,755,388,7,9,0.004,1.0,0,1,normal,0
58.97,tcp,other,RSTR,273,709,1,1,0.109,0.928,0,1,normal,0
90.78,tcp,smtp,SF,530,144,4,7,0.08,0.976,0,1,normal,0
26.49,tcp,telnet,SF,825,781,4,6,0.014,0.731,0,1,normal,0
0.0,tcp,other,SF,385,797,2,9,0.077,0.916,0,1,normal,0
71.99,tcp,ssh,SF,919,2616,1,8,0.0,0.968,0,1,normal,0
61.02,tcp,other,SF,870,752,3,3,0.056,0.787,0,1,normal,0
92.42,tcp,ftp,SF,536,1916,9,1,0.019,0.925,0,1,normal,0
0.0,tcp,telnet,SF,703,1032,5,1,0.0,0.714,0,1,normal,0
0.0,icmp,ssh,REJ,125,0,432,277,0.774,0.967,0,0,dos,1
24.52,tcp,ssh,SF,895,1374,2,1,0.038,0.897,0,1,normal,0
0.0,tcp,telnet,SF,906,991,3,6,0.009,1.0,0,1,normal,0
138.19,tcp,http,SF,767,599,4,4,0.031,0.965,0,1,normal,0
78.05,tcp,http,S0,904,539,3,3,0.0,0.979,0,1,normal,0
0.85,tcp,dns,REJ,69,0,304,272,1.0,1.0,0,0,dos,1
0.73,udp,telnet,SF,9,0,92,5,0.565,0.079,0,0,probe,1
0.86,tcp,ftp,S0,8,0,51,6,0.259,0.173,0,0,probe,1
22.05,tcp,telnet,SF,514,1272,5,8,0.0,0.978,0,1,normal,0
124.24,tcp,smtp,RSTR,881,255,5,3,0.096,0.98,0,1,normal,0
118.65,tcp,ssh,SF,280,33,6,5,0.0,0.988,0,1,normal,0
68.17,udp,ssh,SF,366,1960,9,9,0.0,0.731,0,1,normal,0
52.85,tcp,other,SF,845,1327,4,4,0.029,1.0,0,1,normal,0
23.47,tcp,ssh,SF,619,1848,1,3,0.022,0.896,0,1,normal,0
32.3,tcp,ssh,SF,349,815,3,2,0.023,0.929,0,1,normal,0
0.74,tcp,smtp,S0,14,0,40,14,0.773,0.153,0,0,probe,1
53.37,tcp,smtp,RSTR,707,762,4,9,0.0,0.99,0,1,normal,0
39.85,tcp,http,SF,631,0,3,1,0.026,0.904,0,1,normal,0
2.42,tcp,ssh,S0,25,0,272,153,0.976,0.956,0,0,dos,1
1.06,udp,telnet,S0,16,0,206,390,0.895,0.868,0,0,dos,1
47.02,tcp,dns,SF,514,1009,9,4,0.012,0.846,0,1,normal,0
96.92,tcp,telnet,SF,235,1960,4,1,0.117,0.752,0,1,normal,0
44.49,tcp,ssh,SF,98,662,9,7,0.041,0.773,0,1,normal,0
13.85,tcp,ssh,SF,695,1646,1,1,0.0,0.93,0,1,normal,0
35.05,tcp,smtp,SF,734,1896,6,8,0.0,0.908,0,1,normal,0
106.87,tcp,pop3,SF,765,2042,3,8,0.032,0.887,0,1,normal,0
51.34,tcp,pop3,SF,453,1250,1,1,0.001,0.871,0,1,normal,0
101.52,tcp,pop3,SF,0,1459,8,4,0.0,0.905,0,1,normal,0
73.33,tcp,other,SF,690,1851,1,8,0.052,0.909,0,1,normal,0
0.0,udp,ssh,S0,54,1,282,500,0.889,0.972,0,0,dos,1
113.19,tcp,pop3,SF,564,1024,7,5,0.001,0.885,0,1,normal,0
105.15,tcp,other,SF,778,647,2,8,0.0,0.877,0,1,normal,0
80.89,tcp,pop3,SF,351,978,3,4,0.0,0.933,0,1,normal,0
0.0,udp,pop3,RSTR,42,0,312,306,0.992,0.926,0,0,dos,1
92.92,udp,smtp,RSTO,670,979,8,1,0.052,0.878,0,1,normal,0
0.76,tcp,pop3,S0,11,2,300,297,0.874,0.998,0,0,dos,1
15.21,tcp,smtp,SF,677,1690,9,8,0.002,0.905,0,1,normal,0
9.84,udp,pop3,SF,200,1520,3,7,0.0,0.994,0,1,normal,0
55.89,tcp,other,SF,66,1673,3,6,0.128,0.865,0,1,normal,0
82.52,tcp,smtp,SF,579,1605,6,5,0.123,0.824,0,1,normal,0
1.76,tcp,ssh,RSTR,53,6,247,413,0.92,0.938,0,0,dos,1
59.06,tcp,pop3,SF,661,863,1,4,0.004,0.892,0,1,normal,0
30.57,tcp,telnet,SF,728,1507,6,9,0.069,1.0,0,1,normal,0
49.89,udp,http,SF,240,991,1,3,0.084,0.988,0,1,normal,0
49.81,tcp,pop3,SF,370,193,3,3,0.0,0.835,0,1,normal,0
23.36,udp,other,RSTR,83,733,2,8,0.0,0.853,0,1,normal,0
39.51,tcp,pop3,SF,79,760,5,8,0.013,0.78,0,1,normal,0
3.04,tcp,dns,S0,29,0,38,1,0.429,0.047,0,0,probe,1
0.0,tcp,pop3,S0,31,0,306,263,0.963,0.926,0,0,dos,1
3.17,tcp,other,S0,60,3,394,111,0.899,0.961,0,0,dos,1
93.35,tcp,dns,SF,1186,2029,1,6,0.026,0.896,0,1,normal,0
85.34,tcp,ssh,SF,652,899,1,7,0.028,0.924,0,1,normal,0
54.17,tcp,pop3,RSTO,439,965,4,6,0.071,0.909,0,1,normal,0
98.16,tcp,other,SF,1013,1959,9,8,0.055,0.976,0,1,normal,0
171.9,tcp,smtp,SF,379,1511,2,6,0.0,0.808,0,1,normal,0
69.93,icmp,ftp,SF,1052,1015,2,7,0.0,0.959,0,1,normal,0
94.29,tcp,ssh,SF,327,1198,2,6,0.0,1.0,0,1,normal,0
0.0,tcp,pop3,SF,754,1489,3,4,0.074,1.0,0,1,normal,0
2.43,tcp,http,REJ,45,0,387,271,1.0,0.96,0,0,dos,1
119.39,tcp,pop3,RSTR,537,1382,9,1,0.074,0.763,0,1,normal,0
52.74,udp,pop3,SF,928,1585,6,2,0.064,0.804,0,1,normal,0
117.22,tcp,ftp,SF,363,674,2,1,0.0,0.818,0,1,normal,0
104.35,tcp,smtp,SF,251,911,8,4,0.0,0.817,0,1,normal,0
6.63,icmp,ssh,S0,5,0,68,6,0.153,0.173,0,0,probe,1
62.96,tcp,pop3,SF,341,991,5,7,0.103,0.857,0,1,normal,0
1.77,tcp,telnet,REJ,34,0,91,7,0.931,0.338,0,0,probe,1
1.3,udp,other,REJ,28,0,453,437,0.847,0.944,0,0,dos,1
21.32,tcp,pop3,SF,659,998,7,8,0.0,1.0,0,1,normal,0
0.0,udp,http,SF,301,1424,9,8,0.0,0.864,0,1,normal,0
65.76,tcp,telnet,SF,253,0,3,8,0.0,0.987,0,1,normal,0
79.37,tcp,ftp,SF,267,1401,4,4,0.07,1.0,0,1,normal,0
18.62,tcp,http,SF,553,370,9,8,0.132,0.871,0,1,normal,0
42.65,udp,pop3,SF,534,469,2,1,0.029,0.846,0,1,u2r,1
120.63,tcp,smtp,RSTO,328,817,6,2,0.039,0.847,0,1,normal,0
1.72,tcp,pop3,S0,64,3,192,386,0.851,0.9,0,0,dos,1
37.39,udp,dns,SF,250,1265,9,3,0.0,0.936,0,1,normal,0
6.2,tcp,other,SF,59,525,3,2,0.044,0.437,1,0,r2l,1
60.15,tcp,smtp,REJ,687,10,9,2,0.032,0.905,0,1,normal,0
29.07,icmp,telnet,SF,566,708,6,7,0.046,0.936,0,1,normal,0
30.31,tcp,smtp,SF,655,1015,9,9,0.0,0.601,0,1,normal,0
55.2,tcp,ftp,SF,517,1241,3,8,0.0,0.898,0,1,normal,0
3.01,tcp,pop3,S0,26,0,469,314,0.827,0.968,0,0,dos,1
112.98,tcp,ssh,SF,534,402,7,6,0.053,0.882,0,1,normal,0
0.0,tcp,pop3,S0,963,1537,1,8,0.051,0.799,0,1,normal,0
44.65,tcp,http,SF,434,1540,2,5,0.0,0.941,0,1,normal,0
77.1,tcp,ftp,SF,165,1172,7,4,0.0,0.995,0,1,normal,0
11.29,tcp,http,SF,16,2350,8,8,0.036,0.798,0,1,normal,0
104.04,tcp,ftp,SF,182,820,8,6,0.0,0.888,0,1,normal,0
38.69,udp,ftp,SF,1243,1477,8,3,0.049,1.0,0,1,normal,0
72.4,tcp,telnet,RSTO,715,220,1,7,0.072,0.938,0,1,normal,0
71.53,tcp,pop3,SF,841,1453,1,1,0.069,0.947,0,1,normal,0
4.05,tcp,http,S0,39,0,36,10,0.221,0.175,0,0,probe,1
17.77,tcp,ftp,SF,607,1013,2,8,0.0,1.0,0,1,normal,0
61.31,udp,dns,SF,638,1446,5,2,0.0,0.917,0,1,normal,0
70.24,udp,smtp,SF,394,0,2,7,0.026,0.731,0,1,normal,0
40.14,tcp,ftp,SF,601,1626,1,2,0.108,0.679,0,1,normal,0
22.11,udp,other,SF,308,869,4,7,0.0,1.0,0,1,normal,0
70.1,tcp,dns,SF,226,1830,4,6,0.052,1.0,0,1,normal,0
64.96,tcp,other,RSTR,112,68,1,4,0.0,0.86,0,1,normal,0
67.51,tcp,other,S0,651,872,3,9,0.0,0.812,0,1,normal,0
39.24,icmp,ssh,SF,0,1557,1,5,0.0,0.953,0,1,normal,0
11.9,tcp,ssh,SF,74,322,14,5,0.156,0.37,2,0,r2l,1
118.67,tcp,ssh,SF,583,299,4,4,0.0,0.992,0,1,normal,0
36.58,tcp,pop3,SF,576,1437,4,3,0.0,0.942,0,1,normal,0
39.52,tcp,pop3,S0,0,0,3,4,0.04,0.899,0,1,normal,0
0.0,tcp,ssh,S0,537,2143,6,6,0.021,0.886,0,1,normal,0
1.51,tcp,ssh,REJ,46,0,124,360,1.0,0.909,0,0,dos,1
96.93,tcp,ssh,SF,272,144,7,4,0.049,0.833,0,1,normal,0
116.38,tcp,ftp,SF,250,498,8,4,0.057,1.0,0,1,normal,0
21.07,tcp,ftp,SF,519,1219,2,9,0.009,0.847,0,1,normal,0
75.78,udp,pop3,S0,823,1040,6,5,0.054,0.695,0,1,normal,0
1.19,udp,ftp,SF,38,0,96,7,0.635,0.0,0,0,probe,1
83.89,tcp,smtp,SF,91,377,8,7,0.0,0.876,0,1,normal,0
2.96,icmp,pop3,REJ,60,10,168,479,0.915,0.924,0,0,dos,1
0.0,udp,pop3,S0,388,1526,7,5,0.026,0.948,0,1,normal,0
0.0,tcp,dns,S0,23,0,84,16,0.465,0.381,0,0,probe,1
10.68,tcp,smtp,SF,107,972,7,3,0.026,0.964,0,1,normal,0
87.5,tcp,dns,SF,366,468,1,2,0.0,1.0,0,1,normal,0
1.42,tcp,pop3,REJ,44,4,231,306,0.928,0.978,0,0,dos,1
33.25,tcp,ftp,SF,304,63,5,7,0.032,0.795,0,1,normal,0
82.59,tcp,other,SF,95,1782,2,9,0.0,0.646,0,1,normal,0
200.36,icmp,smtp,SF,409,210,4,3,0.0,0.999,1,1,u2r,1
72.66,udp,other,REJ,1211,763,1,5,0.07,0.982,0,1,normal,0
33.18,tcp,other,REJ,0,262,7,5,0.032,0.876,0,1,normal,0
79.84,tcp,other,SF,754,989,4,3,0.0,1.0,0,1,normal,0
0.68,tcp,ssh,S0,55,1,252,157,1.0,0.954,0,0,dos,1
0.0,udp,pop3,S0,103,0,449,298,0.764,0.973,0,0,dos,1
25.67,tcp,http,SF,990,1680,7,7,0.068,0.852,0,1,normal,0
33.95,udp,smtp,SF,883,772,5,1,0.066,1.0,0,1,normal,0
4.69,udp,dns,SF,403,2826,7,7,0.0,0.865,0,1,normal,0
75.65,udp,pop3,SF,704,1718,6,4,0.009,0.864,0,1,normal,0
1.74,udp,other,S0,69,8,245,367,0.816,0.97,0,0,dos,1
148.1,tcp,other,SF,248,723,3,2,0.012,0.976,0,1,normal,0
10.81,icmp,other,SF,1068,155,9,7,0.018,0.815,0,1,normal,0
26.12,tcp,dns,RSTO,622,1516,4,8,0.105,0.905,0,1,normal,0
41.26,icmp,pop3,RSTR,863,463,4,2,0.0,1.0,0,1,normal,0
0.02,tcp,smtp,S0,67,1,344,189,0.848,1.0,0,0,dos,1
17.31,tcp,other,SF,486,804,6,5,0.076,1.0,0,1,normal,0
0.0,tcp,other,SF,534,1514,4,6,0.085,0.931,0,1,normal,0
0.8,tcp,dns,S0,24,0,329,476,0.848,0.916,0,0,dos,1
4.09,tcp,smtp,REJ,7,0,81,16,0.936,0.09,0,0,probe,1
17.04,tcp,other,RSTO,445,956,6,6,0.026,0.713,0,1,normal,0
0.0,tcp,other,REJ,31,0,75,1,0.649,0.0,0,0,probe,1
8.46,tcp,pop3,SF,1059,732,1,7,0.0,0.845,0,1,normal,0
3.84,tcp,telnet,S0,56,0,126,265,0.85,0.881,0,0,dos,1
59.7,tcp,other,SF,576,1730,8,1,0.0,0.812,0,1,normal,0
135.77,tcp,smtp,SF,991,710,7,1,0.0,0.736,0,1,normal,0
50.18,tcp,ssh,SF,650,1439,3,3,0.102,0.851,0,1,normal,0
71.52,udp,http,SF,704,795,1,4,0.0,1.0,0,1,normal,0
41.82,tcp,ssh,SF,610,1319,5,7,0.0,0.84,0,1,normal,0
42.95,tcp,pop3,S0,0,591,3,9,0.0,0.87,0,1,normal,0
79.01,tcp,ssh,REJ,299,1311,8,8,0.017,0.782,0,1,normal,0
75.51,udp,ssh,SF,307,1013,6,6,0.011,0.941,0,1,normal,0
59.67,tcp,ssh,SF,241,1025,7,4,0.052,0.877,0,1,normal,0
112.29,udp,http,SF,1076,1237,8,5,0.086,0.668,0,1,normal,0
2.08,tcp,smtp,SF,0,1,33,4,0.446,0.197,0,0,probe,1
26.04,tcp,http,S0,143,617,2,7,0.286,0.747,1,1,r2l,1
119.23,tcp,telnet,SF,768,695,3,8,0.035,0.849,0,1,normal,0
54.81,udp,pop3,SF,577,503,4,8,0.091,0.849,0,1,normal,0
0.72,udp,ssh,SF,424,813,2,3,0.0,0.998,0,1,normal,0
25.28,tcp,smtp,SF,369,1672,7,9,0.0,0.816,0,1,normal,0
0.0,tcp,pop3,REJ,14,0,148,334,0.904,0.96,0,0,dos,1
72.84,tcp,pop3,SF,713,1017,7,7,0.023,0.737,0,1,normal,0
0.0,icmp,ftp,SF,354,536,3,3,0.034,0.943,0,1,normal,0
36.96,tcp,ftp,SF,0,0,7,6,0.055,1.0,0,1,normal,0
63.84,tcp,telnet,SF,142,1452,8,6,0.0,0.9,0,1,normal,0
0.0,tcp,http,S0,68,0,346,273,0.861,1.0,0,0,dos,1
0.0,tcp,smtp,S0,365,1414,3,4,0.0,0.881,0,1,normal,0
49.78,tcp,other,SF,552,789,5,3,0.0,0.908,0,1,normal,0
5.57,tcp,ftp,SF,492,1279,9,3,0.109,0.835,0,1,normal,0
5.64,tcp,pop3,S0,0,0,87,18,0.451,0.268,0,0,probe,1
5.14,udp,other,SF,761,1045,4,9,0.05,0.777,0,1,normal,0
1.18,tcp,other,REJ,34,1,483,146,1.0,0.933,0,0,dos,1
4.59,tcp,smtp,SF,28,3,78,1,0.613,0.175,0,0,probe,1
76.98,tcp,ssh,SF,0,1510,6,1,0.0,0.842,0,1,normal,0
0.24,tcp,ssh,SF,0,0,75,3,0.53,0.085,0,0,probe,1
123.35,udp,other,SF,851,0,8,7,0.099,0.748,0,1,normal,0
5.14,tcp,telnet,SF,658,1979,9,6,0.055,0.714,0,1,normal,0
94.33,tcp,ftp,SF,190,1647,3,2,0.0,0.93,0,1,normal,0
74.4,icmp,telnet,SF,1101,1157,2,9,0.0,0.779,0,1,normal,0
88.79,tcp,telnet,SF,372,1574,9,6,0.0,0.765,0,1,normal,0
85.51,udp,dns,SF,482,435,2,9,0.003,0.823,0,1,normal,0
119.99,tcp,dns,SF,626,652,4,7,0.0,0.701,0,1,normal,0
106.75,udp,ftp,SF,325,228,1,7,0.103,0.73,0,1,normal,0
112.43,tcp,ftp,SF,0,270,8,1,0.031,0.785,0,1,normal,0
61.0,udp,ssh,SF,393,379,4,2,0.116,0.932,0,1,normal,0
112.63,udp,ssh,SF,486,1839,5,4,0.0,0.842,0,1,normal,0
55.91,tcp,ftp,SF,671,258,1,4,0.085,0.599,1,1,u2r,1
1.25,tcp,ssh,S0,22,0,42,1,0.729,0.057,0,0,probe,1
30.38,udp,telnet,SF,825,1515,9,1,0.0,0.714,0,1,normal,0
99.8,tcp,ftp,RSTO,69,1381,9,6,0.021,0.87,0,1,normal,0
97.03,tcp,http,SF,343,1812,8,2,0.048,0.946,0,1,normal,0
3.26,tcp,ftp,REJ,0,0,297,201,0.9,0.954,0,0,dos,1
8.13,tcp,dns,RSTR,229,1303,8,2,0.036,0.888,0,1,normal,0
0.5,tcp,ssh,REJ,48,0,412,366,0.769,0.984,0,0,dos,1
45.87,tcp,pop3,SF,446,1301,1,5,0.072,0.908,0,1,normal,0
74.32,tcp,ssh,SF,616,73,2,7,0.039,0.996,0,1,normal,0
0.7,tcp,ftp,S0,15,4,275,405,1.0,1.0,0,0,dos,1
39.04,tcp,ftp,SF,979,303,2,7,0.0,0.9,0,1,normal,0
1.26,udp,ftp,S0,69,1,198,279,0.82,0.938,0,0,dos,1
32.98,tcp,telnet,SF,620,1489,7,7,0.009,0.82,0,1,normal,0
0.0,tcp,pop3,SF,13,1479,5,9,0.0,0.949,0,1,normal,0
39.86,tcp,http,SF,563,1738,1,5,0.0,0.889,0,1,normal,0
56.16,tcp,dns,SF,236,1090,5,5,0.009,1.0,0,1,normal,0
60.47,tcp,other,RSTR,916,422,2,6,0.007,0.814,0,1,normal,0
48.61,tcp,pop3,RSTR,86,1819,8,4,0.094,0.939,0,1,normal,0
36.55,tcp,other,SF,688,901,1,2,0.039,0.911,0,1,normal,0
10.42,udp,ftp,SF,528,1422,2,5,0.029,1.0,0,1,normal,0
82.94,tcp,ftp,SF,0,1048,9,3,0.055,0.987,0,1,normal,0
54.19,udp,smtp,SF,750,987,1,3,0.072,0.864,0,1,normal,0
60.79,tcp,ftp,SF,454,972,7,2,0.026,0.722,0,1,normal,0
56.31,tcp,dns,SF,622,969,8,1,0.0,0.882,0,1,normal,0
0.92,tcp,http,S0,87,0,298,340,0.907,0.929,0,0,dos,1
79.84,tcp,telnet,SF,631,567,2,1,0.094,0.95,0,1,normal,0
10.35,udp,other,S0,479,1102,4,5,0.0,1.0,0,1,normal,0
0.0,tcp,ftp,SF,3,5,89,9,0.165,0.204,0,0,probe,1
159.07,tcp,dns,SF,129,778,7,1,0.0,0.951,0,1,normal,0
7.44,tcp,pop3,SF,231,1930,2,2,0.0,0.99,0,1,normal,0
0.0,tcp,ssh,SF,907,996,8,4,0.0,0.948,0,1,normal,0
87.76,tcp,smtp,SF,642,1612,9,7,0.0,0.968,0,1,normal,0
48.69,udp,smtp,SF,0,1713,1,9,0.076,0.819,0,1,normal,0
0.0,tcp,ssh,S0,38,0,84,18,0.306,0.392,0,0,probe,1
17.49,tcp,dns,SF,258,513,2,2,0.225,1.0,2,0,r2l,1
34.81,tcp,ftp,SF,551,2069,7,7,0.0,1.0,0,1,normal,0
60.38,tcp,http,SF,1053,1398,8,4,0.0,0.726,0,1,normal,0
1.65,tcp,other,S0,50,0,508,256,0.843,1.0,0,0,dos,1
108.37,udp,other,SF,675,1066,7,8,0.01,0.819,0,1,normal,0
84.97,udp,http,SF,0,2429,3,5,0.042,0.747,0,1,normal,0
76.01,tcp,telnet,SF,411,1314,8,1,0.082,0.894,0,1,normal,0
66.26,tcp,ssh,REJ,256,933,5,8,0.042,0.955,0,1,normal,0
17.13,tcp,http,SF,979,1285,9,3,0.065,0.893,0,1,normal,0
62.1,tcp,ssh,SF,356,2044,3,6,0.067,1.0,0,1,normal,0
17.61,tcp,dns,SF,0,1660,7,7,0.0,1.0,0,1,normal,0
153.51,tcp,telnet,SF,814,920,4,4,0.075,0.979,0,1,normal,0
9.58,tcp,smtp,REJ,3,3,37,10,0.41,0.166,0,0,probe,1
4.47,tcp,telnet,SF,647,371,3,8,0.046,0.844,0,1,normal,0
93.16,tcp,ssh,SF,586,1016,3,2,0.0,0.928,0,1,normal,0
57.72,tcp,telnet,SF,431,468,4,8,0.066,1.0,0,1,normal,0
79.92,tcp,telnet,SF,371,1383,5,1,0.024,0.897,0,1,normal,0
11.71,tcp,pop3,S0,307,217,12,3,0.054,0.395,4,1,r2l,1
1.39,tcp,telnet,S0,0,0,47,13,0.471,0.531,0,0,probe,1
29.57,udp,pop3,REJ,0,1100,1,5,0.0,0.928,0,1,normal,0
0.0,icmp,ssh,S0,526,1578,5,2,0.027,0.958,0,1,normal,0
51.85,udp,smtp,S0,231,1928,4,8,0.0,0.933,0,1,normal,0
64.91,tcp,dns,SF,69,1882,1,5,0.059,0.84,0,1,normal,0
0.0,tcp,http,SF,490,0,9,1,0.0,1.0,0,1,normal,0
32.76,tcp,dns,SF,533,1301,8,7,0.104,0.818,0,1,normal,0
50.93,udp,http,SF,0,740,3,4,0.0,0.921,0,1,normal,0
69.7,udp,smtp,SF,259,432,9,8,0.055,0.908,0,1,normal,0
81.86,tcp,smtp,SF,616,1638,5,3,0.0,0.972,0,1,normal,0
38.29,tcp,other,SF,847,1450,1,9,0.048,0.96,0,1,normal,0
73.53,tcp,pop3,SF,498,757,2,5,0.006,0.899,0,1,normal,0
72.74,tcp,other,SF,535,0,9,4,0.0,1.0,0,1,normal,0
64.87,icmp,telnet,SF,361,848,5,5,0.014,1.0,0,1,normal,0
53.66,tcp,dns,SF,141,687,7,8,0.1,0.984,0,1,normal,0
15.1,udp,telnet,SF,720,687,1,8,0.113,0.854,0,1,normal,0
16.05,udp,http,SF,512,399,4,1,0.038,0.851,0,1,normal,0
3.15,tcp,dns,REJ,34,0,148,379,0.916,0.993,0,0,dos,1
0.0,udp,http,S0,37,0,24,17,0.438,0.082,0,0,probe,1
63.37,udp,pop3,SF,1016,459,1,2,0.0,0.798,0,1,normal,0
42.4,tcp,dns,SF,294,1040,2,2,0.033,0.914,0,1,normal,0
3.62,tcp,dns,RSTR,49,0,380,228,1.0,0.961,0,0,dos,1
0.0,tcp,pop3,SF,526,649,8,1,0.082,0.762,0,1,normal,0
14.42,tcp,dns,SF,317,177,9,1,0.0,0.902,0,1,normal,0
19.29,tcp,ssh,RSTR,43,656,5,1,0.075,0.956,0,1,normal,0
80.0,tcp,dns,SF,562,0,6,5,0.092,0.86,0,1,normal,0
47.47,tcp,smtp,SF,143,1651,7,6,0.081,0.769,0,1,normal,0
0.0,tcp,http,SF,587,1640,1,7,0.0,0.894,0,1,normal,0
96.82,tcp,ssh,SF,179,1658,6,8,0.0,0.997,0,1,normal,0
76.29,tcp,other,REJ,385,408,7,9,0.0,0.999,0,1,normal,0
27.92,tcp,smtp,SF,125,1773,7,5,0.035,0.765,0,1,normal,0
0.0,tcp,telnet,SF,325,1041,2,2,0.02,0.911,0,1,normal,0
4.76,udp,dns,SF,368,999,9,1,0.036,0.777,0,1,normal,0
102.4,tcp,smtp,SF,284,1816,3,4,0.08,0.92,0,1,normal,0
0.0,udp,telnet,SF,623,1151,5,7,0.051,0.814,0,1,normal,0
1.13,tcp,other,SF,0,1277,6,6,0.061,0.891,0,1,normal,0
2.56,tcp,pop3,RSTR,13,0,261,467,0.933,0.955,0,0,dos,1
35.89,tcp,telnet,SF,34,1301,7,4,0.021,0.96,0,1,normal,0
47.05,tcp,other,SF,0,1096,4,5,0.031,0.881,0,1,normal,0
122.03,tcp,other,SF,728,1088,4,4,0.0,1.0,0,1,normal,0
1.3,tcp,pop3,S0,72,6,115,404,1.0,0.946,0,0,dos,1
2.68,tcp,dns,RSTR,94,4,296,266,0.97,0.979,0,0,dos,1
0.0,tcp,other,S0,50,0,401,108,1.0,0.911,0,0,dos,1
53.31,udp,pop3,SF,86,798,4,9,0.027,0.859,0,1,normal,0
53.07,tcp,dns,SF,524,177,4,5,0.094,0.946,0,1,normal,0
0.0,tcp,pop3,SF,470,871,6,6,0.0,0.85,0,1,normal,0
105.27,tcp,pop3,SF,872,403,2,8,0.015,0.959,0,1,normal,0
54.69,tcp,pop3,SF,174,737,7,1,0.092,0.854,0,1,normal,0
93.75,udp,telnet,S0,406,647,3,7,0.047,0.869,0,1,normal,0
25.27,udp,pop3,RSTO,419,1610,1,9,0.006,0.785,0,1,normal,0
2.68,tcp,ftp,S0,32,0,54,18,0.533,0.0,0,0,probe,1
97.34,tcp,pop3,SF,844,1264,2,4,0.042,0.889,0,1,normal,0
81.69,tcp,ftp,SF,162,312,9,2,0.056,0.964,0,1,normal,0
58.85,tcp,dns,SF,244,261,4,4,0.0,0.775,0,1,normal,0
2.87,tcp,other,REJ,69,0,412,245,0.869,0.992,0,0,dos,1
4.95,tcp,ftp,REJ,17,0,67,7,0.382,0.0,0,0,probe,1
0.0,tcp,ftp,SF,327,1469,1,6,0.091,0.842,0,1,normal,0
27.41,tcp,other,SF,253,46,13,7,0.127,0.746,2,1,r2l,1
2.73,tcp,ssh,REJ,81,0,380,105,0.849,0.879,0,0,dos,1
3.54,tcp,telnet,S0,82,2,220,502,1.0,0.964,0,0,dos,1
0.0,tcp,dns,RSTR,60,5,439,433,0.671,0.879,0,0,dos,1
44.88,udp,dns,SF,640,454,2,1,0.101,0.825,0,1,normal,0
3.15,tcp,other,S0,42,0,471,131,0.695,1.0,0,0,dos,1
81.12,tcp,dns,RSTO,1102,1715,1,7,0.032,0.935,0,1,normal,0
0.34,udp,telnet,REJ,0,8,471,322,0.901,0.948,0,0,dos,1
75.63,tcp,telnet,SF,785,924,2,8,0.072,0.873,0,1,normal,0
0.0,udp,dns,REJ,47,0,366,445,0.888,0.862,0,0,dos,1
37.44,tcp,telnet,SF,208,766,14,1,0.235,0.84,3,1,r2l,1
42.3,tcp,ssh,SF,338,921,3,5,0.053,0.825,0,1,normal,0
2.85,tcp,dns,SF,850,460,3,4,0.054,0.785,0,1,u2r,1
67.91,tcp,ftp,S0,508,1574,8,9,0.0,0.906,0,1,normal,0
73.72,tcp,telnet,SF,1148,1102,4,5,0.004,0.833,0,1,normal,0
0.0,tcp,telnet,SF,581,1774,8,5,0.0,1.0,0,1,normal,0
3.16,tcp,ssh,RSTR,59,0,353,132,0.883,0.88,0,0,dos,1
64.27,udp,pop3,SF,307,659,6,2,0.0,0.942,0,1,normal,0
79.58,tcp,other,S0,643,1126,7,3,0.0,0.88,0,1,normal,0
111.49,tcp,other,SF,316,468,6,4,0.061,0.902,0,1,normal,0
90.46,udp,ssh,SF,405,1377,1,5,0.024,0.861,0,1,normal,0
63.78,tcp,dns,SF,566,1905,7,9,0.067,1.0,0,1,normal,0
0.0,tcp,http,REJ,88,0,241,174,0.835,0.853,0,0,dos,1
53.94,udp,ftp,SF,948,1849,9,8,0.06,1.0,0,1,normal,0
1.41,tcp,pop3,REJ,80,0,109,182,0.711,0.996,0,0,dos,1
0.0,tcp,ssh,SF,375,771,2,3,0.0,0.961,0,1,normal,0
26.89,tcp,ftp,SF,1195,581,2,4,0.112,0.82,1,1,u2r,1
114.56,udp,dns,SF,601,1465,3,5,0.047,0.884,0,1,normal,0
47.54,tcp,http,SF,213,581,8,7,0.016,0.782,0,1,normal,0
10.73,tcp,telnet,SF,825,1622,2,6,0.0,0.932,0,1,normal,0
5.09,tcp,ftp,SF,504,1076,6,8,0.036,0.834,0,1,normal,0
0.0,udp,ssh,SF,0,312,6,4,0.042,1.0,0,1,normal,0
0.46,tcp,telnet,RSTR,61,8,352,155,0.94,1.0,0,0,dos,1
31.04,tcp,ssh,SF,744,532,1,4,0.007,0.894,0,1,normal,0
88.81,udp,dns,SF,393,688,6,5,0.101,0.824,0,1,normal,0
46.7,tcp,http,SF,529,1725,3,6,0.018,0.94,0,1,normal,0
71.12,tcp,ssh,SF,1062,0,1,1,0.055,0.718,1,1,u2r,1
53.15,tcp,other,SF,525,1754,7,5,0.049,0.972,0,1,normal,0
130.39,tcp,pop3,SF,400,815,1,3,0.0,0.788,0,1,normal,0
29.88,tcp,dns,SF,269,104,4,5,0.0,0.882,0,1,normal,0
172.28,tcp,pop3,SF,767,1046,5,9,0.0,0.857,0,1,normal,0
34.98,tcp,ssh,SF,359,602,7,6,0.018,1.0,0,1,normal,0
23.46,udp,http,SF,705,517,4,7,0.0,0.855,0,1,normal,0
37.58,udp,http,SF,1068,1141,8,4,0.009,0.839,0,1,normal,0
111.6,tcp,ssh,SF,364,1257,1,7,0.0,0.815,0,1,normal,0
44.19,tcp,smtp,SF,149,0,7,7,0.0,0.842,0,1,normal,0
46.8,tcp,ssh,SF,1140,771,4,7,0.0,0.841,0,1,normal,0
2.58,udp,http,S0,6,1,98,12,0.578,0.186,0,0,probe,1
105.17,udp,telnet,SF,577,1575,7,5,0.0,0.904,0,1,normal,0
54.27,tcp,ftp,RSTR,3,330,6,1,0.0,0.843,0,1,normal,0
46.65,udp,dns,SF,704,189,7,9,0.0,0.944,0,1,normal,0
45.97,tcp,other,SF,900,1042,9,7,0.02,0.789,0,1,normal,0
2.85,tcp,dns,RSTR,37,0,372,131,1.0,0.885,0,0,dos,1
126.98,tcp,dns,SF,402,1254,5,2,0.0,0.945,0,1,normal,0
13.03,tcp,dns,REJ,334,467,8,1,0.024,1.0,0,1,normal,0
62.68,tcp,other,SF,463,928,8,4,0.02,0.882,0,1,normal,0
0.0,tcp,smtp,S0,0,1084,8,2,0.0,1.0,0,1,normal,0
6.0,tcp,dns,REJ,25,2,80,15,0.552,0.0,0,0,probe,1
43.3,tcp,pop3,SF,682,946,5,8,0.087,0.929,0,1,normal,0
40.68,udp,dns,SF,897,1349,5,8,0.0,0.875,0,1,normal,0
0.86,tcp,telnet,S0,69,0,244,501,0.996,1.0,0,0,dos,1
1.16,tcp,telnet,REJ,34,0,352,345,0.844,0.882,0,0,dos,1
18.96,tcp,telnet,SF,591,1347,3,9,0.088,0.968,0,1,normal,0
35.72,tcp,telnet,SF,251,680,2,7,0.0,0.892,0,1,normal,0
26.59,udp,smtp,REJ,143,134,4,7,0.0,1.0,0,1,normal,0
0.0,tcp,ftp,S0,57,0,331,162,0.967,1.0,0,0,dos,1
108.59,tcp,pop3,SF,338,440,4,2,0.0,1.0,0,1,normal,0
62.11,udp,telnet,SF,67,1246,3,3,0.0,0.936,0,1,normal,0
1.73,tcp,telnet,REJ,66,2,481,166,0.881,0.934,0,0,dos,1
73.09,udp,smtp,REJ,305,1128,7,4,0.073,0.937,0,1,normal,0
40.14,tcp,dns,SF,680,1223,7,9,0.0,0.856,0,1,normal,0
24.15,tcp,dns,REJ,529,721,3,7,0.063,0.875,0,1,normal,0
4.19,tcp,http,S0,33,0,289,122,0.88,1.0,0,0,dos,1
85.18,udp,ftp,SF,495,1553,1,6,0.035,0.828,0,1,normal,0
10.54,udp,ftp,SF,613,629,8,5,0.0,0.857,0,1,normal,0
42.31,tcp,smtp,SF,0,950,5,1,0.007,0.855,0,1,normal,0
2.09,tcp,dns,REJ,41,6,434,309,0.962,0.975,0,0,dos,1
2.69,tcp,dns,S0,19,0,345,418,0.854,0.862,0,0,dos,1
27.55,tcp,pop3,SF,591,180,8,5,0.0,1.0,0,1,normal,0
72.94,tcp,ftp,SF,343,353,3,6,0.052,0.88,0,1,normal,0
2.15,udp,telnet,SF,16,0,28,12,0.559,0.293,0,0,probe,1
1.21,tcp,http,RSTR,52,6,437,375,0.857,0.957,0,0,dos,1
31.28,tcp,dns,SF,0,406,3,3,0.0,0.966,0,1,normal,0
67.6,tcp,other,SF,175,72,6,3,0.094,0.863,0,1,normal,0
6.81,tcp,smtp,S0,9,0,45,3,0.915,0.375,0,0,probe,1
5.91,tcp,ftp,SF,0,2,64,14,0.893,0.0,0,0,probe,1
76.41,udp,dns,SF,205,946,1,4,0.0,0.856,0,1,normal,0
20.69,tcp,pop3,SF,381,456,4,3,0.0,0.837,0,1,normal,0
48.23,udp,pop3,SF,509,1093,5,2,0.068,0.965,0,1,normal,0
0.0,tcp,smtp,S0,100,0,173,282,0.879,1.0,0,0,dos,1
111.11,tcp,dns,SF,197,0,4,6,0.0,0.886,0,1,normal,0
63.15,tcp,telnet,SF,144,1974,1,7,0.0,0.788,0,1,normal,0
46.68,tcp,ftp,SF,975,1450,3,2,0.017,0.82,0,1,normal,0
0.58,icmp,smtp,S0,8,0,97,4,0.864,0.201,0,0,probe,1
0.0,tcp,ssh,SF,63,5,61,7,0.467,0.178,0,0,probe,1
55.65,tcp,ssh,SF,171,187,10,9,0.0,0.679,3,0,r2l,1
17.87,tcp,dns,SF,0,2080,9,9,0.119,1.0,0,1,normal,0
0.0,tcp,other,S0,54,6,321,101,0.935,0.972,0,0,dos,1
0.0,tcp,smtp,S0,69,4,138,364,0.881,0.912,0,0,dos,1
147.13,tcp,other,SF,138,1760,8,9,0.015,0.882,0,1,normal,0
91.91,tcp,smtp,SF,1092,1777,1,1,0.124,0.794,0,1,normal,0
0.0,tcp,dns,SF,1115,0,4,3,0.119,0.663,1,1,u2r,1
91.77,tcp,dns,SF,84,883,2,8,0.007,0.755,0,1,normal,0
0.81,tcp,telnet,SF,130,941,8,5,0.0,0.9,0,1,normal,0
28.89,tcp,smtp,SF,0,514,8,4,0.001,0.906,0,1,normal,0
81.51,tcp,ssh,SF,601,832,8,2,0.0,0.81,0,1,normal,0
116.77,tcp,http,S0,767,1275,7,9,0.053,0.81,0,1,normal,0
2.82,udp,ssh,S0,54,1,503,194,0.894,1.0,0,0,dos,1
72.64,tcp,other,SF,468,866,8,8,0.0,0.887,0,1,normal,0
2.49,tcp,telnet,S0,14,1,429,203,0.945,0.963,0,0,dos,1
135.71,tcp,telnet,SF,696,639,6,1,0.097,0.861,0,1,normal,0
30.09,tcp,pop3,SF,328,636,5,2,0.017,1.0,0,1,normal,0
0.0,tcp,ssh,REJ,77,5,330,283,0.967,0.936,0,0,dos,1
1.93,icmp,smtp,SF,823,2342,1,5,0.0,0.884,0,1,normal,0
37.61,tcp,telnet,SF,539,1932,6,3,0.0,0.914,0,1,normal,0
3.37,tcp,other,REJ,36,0,313,273,0.863,0.907,0,0,dos,1
60.56,tcp,other,SF,258,1491,8,4,0.031,1.0,0,1,normal,0
94.96,tcp,http,SF,304,1492,3,1,0.028,0.954,0,1,normal,0
27.34,tcp,pop3,SF,247,746,3,9,0.02,1.0,0,1,normal,0
3.42,tcp,other,REJ,17,0,94,15,0.344,0.26,0,0,probe,1
52.01,tcp,dns,SF,812,1099,2,3,0.0,0.875,0,1,normal,0
45.64,tcp,ftp,SF,335,1102,2,1,0.051,0.808,0,1,normal,0
3.14,tcp,ssh,SF,358,181,4,6,0.063,0.577,2,0,r2l,1
89.6,tcp,ssh,SF,217,0,2,6,0.0,0.845,0,1,normal,0
34.2,tcp,http,SF,416,1261,7,7,0.0,1.0,0,1,normal,0
21.46,tcp,ssh,SF,743,1059,8,2,0.0,0.991,0,1,normal,0
35.23,tcp,smtp,SF,475,1133,5,7,0.0,0.795,0,1,normal,0
70.22,tcp,dns,SF,178,1782,2,3,0.059,0.887,0,1,normal,0
57.96,tcp,other,S0,657,608,5,2,0.0,0.89,0,1,normal,0
26.4,tcp,smtp,SF,286,17,3,3,0.0,0.96,0,1,normal,0
71.93,tcp,ssh,SF,696,1658,5,7,0.0,0.869,0,1,normal,0
139.23,tcp,smtp,SF,505,0,3,6,0.0,0.971,0,1,normal,0
47.84,tcp,dns,SF,107,1512,1,9,0.0,0.879,0,1,normal,0
126.79,udp,ssh,SF,1153,1919,4,7,0.035,0.937,0,1,normal,0
4.17,tcp,http,SF,98,744,8,2,0.033,0.762,0,1,normal,0
2.64,icmp,telnet,S0,55,1,479,246,0.823,0.913,0,0,dos,1
24.12,tcp,ssh,SF,468,838,2,1,0.0,0.862,0,1,normal,0
86.47,icmp,dns,SF,631,760,2,8,0.068,1.0,0,1,normal,0
7.6,tcp,dns,SF,644,1215,6,2,0.0,0.967,0,1,normal,0
4.42,tcp,other,REJ,57,0,367,107,0.849,0.968,0,0,dos,1
52.7,tcp,smtp,SF,677,503,7,5,0.0,1.0,0,1,normal,0
1.02,tcp,dns,S0,40,0,178,261,0.81,0.983,0,0,dos,1
73.58,tcp,other,SF,562,200,2,6,0.035,0.993,0,1,normal,0
21.28,udp,telnet,SF,463,1528,8,2,0.0,0.906,0,1,normal,0
6.28,tcp,ssh,REJ,38,2,318,247,0.931,0.937,0,0,dos,1
42.6,tcp,http,SF,0,947,2,3,0.062,0.617,0,1,normal,0
122.08,tcp,dns,REJ,771,1294,4,7,0.0,0.843,0,1,normal,0
23.25,tcp,ssh,SF,259,332,4,5,0.285,0.59,2,0,r2l,1
0.0,udp,other,SF,901,617,3,6,0.0,0.906,0,1,normal,0
101.02,tcp,dns,SF,737,434,9,1,0.035,0.949,0,1,normal,0
86.43,udp,http,RSTR,460,1574,2,4,0.031,1.0,0,1,normal,0
63.82,tcp,dns,SF,729,393,2,1,0.017,0.847,0,1,normal,0
0.44,tcp,other,S0,54,0,103,498,0.721,0.916,0,0,dos,1
42.09,tcp,telnet,SF,503,757,7,6,0.0,0.794,0,1,normal,0
0.0,icmp,pop3,S0,8,0,57,12,0.427,0.0,0,0,probe,1
60.6,tcp,ssh,REJ,670,594,8,5,0.0,0.976,0,1,normal,0
44.97,tcp,ssh,SF,128,0,1,3,0.265,0.522,1,1,r2l,1
3.08,tcp,telnet,RSTR,78,0,119,435,0.834,1.0,0,0,dos,1
0.0,tcp,pop3,S0,26,1,73,14,0.147,0.066,0,0,probe,1
46.47,tcp,dns,SF,0,277,6,3,0.0,0.862,0,1,normal,0
137.04,tcp,other,SF,482,1293,3,2,0.0,1.0,0,1,normal,0
19.23,tcp,telnet,SF,699,580,8,8,0.063,0.858,0,1,normal,0
51.32,udp,ftp,SF,143,1283,7,7,0.054,0.925,0,1,normal,0
81.27,tcp,ssh,SF,483,1723,5,7,0.0,0.91,0,1,normal,0
0.0,tcp,ftp,REJ,12,0,296,273,1.0,0.924,0,0,dos,1
20.58,tcp,telnet,SF,702,199,3,7,0.0,1.0,0,1,normal,0
0.0,tcp,pop3,REJ,30,0,180,177,0.999,0.966,0,0,dos,1
136.23,tcp,telnet,SF,226,1494,5,3,0.0,1.0,0,1,normal,0
3.97,tcp,dns,SF,38,0,90,7,0.339,0.058,0,0,probe,1
35.21,tcp,other,REJ,669,535,3,4,0.031,1.0,0,1,normal,0
78.38,tcp,telnet,SF,396,797,5,4,0.029,0.915,0,1,normal,0
0.91,tcp,http,S0,99,1,463,161,0.883,0.977,0,0,dos,1
0.0,tcp,smtp,S0,32,9,109,365,0.967,0.961,0,0,dos,1
1.45,tcp,other,S0,26,0,153,337,1.0,1.0,0,0,dos,1
14.52,tcp,dns,S0,76,204,12,4,0.0,0.481,4,1,r2l,1
36.28,tcp,pop3,SF,705,1839,7,2,0.13,0.97,0,1,normal,0
0.0,tcp,http,S0,18,4,494,194,1.0,1.0,0,0,dos,1
35.82,tcp,other,SF,413,1700,1,7,0.034,0.898,0,1,normal,0
65.59,udp,smtp,SF,695,1260,9,6,0.028,0.8,0,1,normal,0
118.45,udp,dns,SF,0,1384,9,3,0.051,0.897,0,1,normal,0
110.19,tcp,http,SF,430,543,9,6,0.032,1.0,0,1,normal,0
0.0,tcp,ssh,S0,375,1487,3,8,0.0,0.859,0,1,normal,0
0.23,tcp,pop3,S0,51,5,341,117,0.826,0.95,0,0,dos,1
0.0,tcp,pop3,SF,234,1268,3,1,0.045,0.878,0,1,normal,0
5.31,tcp,telnet,S0,7,0,85,2,0.566,0.429,0,0,probe,1
39.23,tcp,ftp,SF,152,835,9,1,0.0,1.0,0,1,normal,0
55.65,tcp,ssh,SF,892,907,4,5,0.003,0.955,0,1,normal,0
51.47,icmp,smtp,SF,425,424,3,6,0.0,0.603,0,1,normal,0
51.17,icmp,ssh,SF,143,999,3,7,0.039,0.87,0,1,normal,0
72.99,tcp,smtp,SF,518,1084,7,5,0.0,1.0,0,1,normal,0
73.24,udp,ssh,SF,44,948,2,7,0.0,1.0,0,1,normal,0
14.38,tcp,ftp,SF,459,1864,3,2,0.039,0.888,0,1,normal,0
78.74,udp,telnet,SF,188,1013,8,4,0.033,0.77,0,1,normal,0
2.44,tcp,smtp,S0,103,1,320,293,0.998,1.0,0,0,dos,1
55.24,tcp,telnet,REJ,313,1154,8,5,0.018,0.921,0,1,normal,0
1.27,tcp,pop3,S0,56,3,257,172,0.716,0.898,0,0,dos,1
1.53,tcp,other,S0,48,0,428,403,0.898,0.898,0,0,dos,1
78.52,udp,ssh,SF,0,566,1,6,0.027,0.838,0,1,normal,0
0.0,tcp,ssh,SF,719,1476,1,2,0.065,0.798,0,1,normal,0
27.03,tcp,dns,SF,68,1003,6,7,0.01,0.826,0,1,normal,0
12.58,tcp,dns,REJ,632,1218,5,3,0.0,0.763,0,1,normal,0
0.0,udp,http,SF,590,36,5,6,0.008,0.894,0,1,normal,0
5.11,udp,dns,REJ,28,1,94,7,0.832,0.297,0,0,probe,1
23.03,tcp,other,SF,479,1338,6,2,0.0,0.821,0,1,normal,0
42.51,tcp,other,SF,441,591,8,4,0.075,1.0,0,1,normal,0
31.26,icmp,ssh,SF,145,1530,8,1,0.019,0.837,0,1,normal,0
61.32,udp,telnet,SF,168,403,5,6,0.065,0.86,0,1,normal,0
103.41,tcp,ssh,SF,872,1074,8,5,0.067,0.954,0,1,normal,0
0.0,tcp,ssh,S0,319,652,6,8,0.061,0.913,0,1,normal,0
176.41,tcp,ssh,SF,232,279,4,3,0.01,0.676,0,1,u2r,1
47.04,tcp,dns,SF,0,1168,4,1,0.035,0.712,0,1,normal,0
46.27,udp,other,SF,171,1393,9,1,0.0,0.943,0,1,normal,0
69.45,tcp,telnet,SF,908,1416,3,5,0.0,0.908,0,1,normal,0
46.62,tcp,dns,RSTO,714,424,5,3,0.0,1.0,0,1,normal,0
2.03,tcp,ftp,SF,21,0,68,3,0.285,0.241,0,0,probe,1
6.45,udp,telnet,REJ,9,0,87,9,0.672,0.185,0,0,probe,1
3.82,tcp,smtp,SF,0,0,87,7,0.761,0.015,0,0,probe,1
50.5,tcp,pop3,SF,280,0,3,2,0.0,0.971,0,1,normal,0
0.0,tcp,dns,SF,693,963,9,2,0.024,0.74,0,1,normal,0
2.08,tcp,dns,S0,0,0,162,380,0.73,0.894,0,0,dos,1
96.46,icmp,other,SF,791,1882,9,3,0.032,0.861,0,1,normal,0
74.71,tcp,pop3,SF,313,1507,8,8,0.0,0.924,0,1,normal,0
40.74,tcp,http,SF,0,1103,9,6,0.049,0.924,0,1,normal,0
0.0,udp,pop3,SF,0,1412,2,6,0.062,0.686,0,1,normal,0
2.58,tcp,telnet,REJ,52,0,467,370,0.79,0.878,0,0,dos,1
91.73,tcp,telnet,RSTO,726,1739,9,1,0.07,0.911,0,1,normal,0
70.79,tcp,dns,SF,170,239,1,8,0.123,1.0,1,1,r2l,1
17.0,tcp,dns,SF,0,911,4,1,0.064,0.852,0,1,normal,0
57.96,tcp,dns,SF,232,1041,2,5,0.093,0.91,0,1,normal,0
68.87,tcp,pop3,SF,621,1203,5,3,0.0,0.802,0,1,normal,0
104.79,tcp,smtp,SF,692,1536,8,4,0.001,0.989,0,1,normal,0
15.24,tcp,ssh,SF,206,1701,4,4,0.0,0.949,0,1,normal,0
12.08,tcp,ftp,SF,762,994,6,4,0.009,0.933,0,1,normal,0
0.0,tcp,ftp,SF,394,550,3,8,0.043,0.865,0,1,normal,0
0.0,icmp,ssh,S0,107,0,186,186,1.0,0.887,0,0,dos,1
94.52,tcp,telnet,SF,344,551,7,1,0.122,0.941,0,1,normal,0
65.7,tcp,pop3,SF,552,729,7,3,0.027,1.0,0,1,normal,0
12.99,tcp,pop3,SF,61,539,4,7,0.0,0.823,0,1,normal,0
0.15,tcp,smtp,S0,15,0,181,208,0.958,0.928,0,0,dos,1
146.01,udp,telnet,SF,131,549,7,7,0.012,0.904,0,1,normal,0
26.83,tcp,ssh,RSTO,347,935,6,1,0.014,0.955,0,1,normal,0
52.58,tcp,telnet,SF,495,1611,1,3,0.031,0.744,0,1,normal,0
0.0,tcp,ftp,SF,423,1948,6,1,0.049,0.982,0,1,normal,0
42.55,tcp,http,SF,996,1127,7,7,0.013,0.856,0,1,normal,0
73.3,icmp,ssh,SF,725,1006,1,9,0.068,0.781,0,1,normal,0
7.91,tcp,telnet,S0,183,562,5,8,0.13,0.407,3,1,r2l,1
45.27,tcp,ftp,SF,951,540,6,4,0.088,0.851,0,1,normal,0
18.3,tcp,ssh,SF,325,486,3,8,0.049,0.904,0,1,normal,0
68.67,tcp,smtp,REJ,609,2205,9,3,0.0,1.0,0,1,normal,0
4.6,tcp,ftp,SF,274,1026,5,1,0.0,0.813,0,1,normal,0
11.43,tcp,other,SF,91,82,4,6,0.014,1.0,0,1,normal,0
103.92,tcp,http,SF,792,562,1,7,0.109,0.998,0,1,normal,0
61.61,tcp,ftp,SF,937,197,5,6,0.0,0.782,0,1,normal,0
126.9,tcp,pop3,SF,350,487,7,4,0.083,0.802,0,1,normal,0
122.61,udp,pop3,SF,185,807,1,7,0.083,0.832,0,1,normal,0
2.17,tcp,smtp,S0,11,4,31,2,0.392,0.515,0,0,probe,1
95.03,tcp,smtp,SF,256,626,5,1,0.0,0.846,0,1,normal,0
38.39,icmp,other,SF,147,1129,9,2,0.09,0.873,0,1,normal,0
11.08,tcp,telnet,S0,200,159,11,1,0.019,0.333,4,0,r2l,1
2.41,tcp,other,S0,16,0,390,431,0.956,0.963,0,0,dos,1
65.28,tcp,telnet,SF,786,1215,1,1,0.0,0.916,0,1,normal,0
3.54,icmp,dns,REJ,0,3,292,475,0.763,0.928,0,0,dos,1
74.3,tcp,ssh,SF,633,2287,9,7,0.089,0.728,0,1,normal,0
70.11,tcp,ftp,SF,0,345,8,8,0.0,0.874,0,1,normal,0
0.0,tcp,smtp,S0,43,0,493,471,0.722,1.0,0,0,dos,1
1.14,tcp,smtp,S0,79,6,305,239,0.956,0.909,0,0,dos,1
88.96,tcp,ssh,SF,272,873,4,7,0.074,1.0,0,1,normal,0
19.62,tcp,ssh,SF,429,696,5,5,0.0,1.0,0,1,normal,0
54.17,tcp,ftp,REJ,378,830,6,8,0.031,0.788,0,1,normal,0
81.21,tcp,ssh,SF,653,54,4,9,0.033,0.735,0,1,normal,0
48.24,tcp,telnet,SF,119,421,11,9,0.104,0.357,1,1,r2l,1
22.15,tcp,dns,SF,351,2167,9,3,0.006,0.895,0,1,normal,0
0.0,tcp,smtp,SF,545,774,5,2,0.01,0.93,0,1,normal,0
11.52,tcp,telnet,SF,931,255,8,4,0.0,0.8,0,1,normal,0
85.83,tcp,other,SF,524,2136,3,3,0.0,0.745,0,1,normal,0
42.3,tcp,http,SF,566,824,8,8,0.023,0.886,0,1,normal,0
19.95,tcp,http,SF,128,660,2,1,0.121,0.849,2,1,r2l,1
32.41,tcp,pop3,RSTO,512,425,2,1,0.0,1.0,0,1,normal,0
24.1,tcp,ftp,SF,669,1375,5,9,0.029,0.963,0,1,normal,0
82.55,tcp,telnet,SF,239,918,4,5,0.044,0.961,0,1,normal,0
67.63,tcp,http,REJ,363,1810,3,8,0.076,0.848,0,1,normal,0
85.8,tcp,pop3,SF,134,2333,9,4,0.021,0.974,0,1,normal,0
47.45,udp,dns,SF,599,77,9,8,0.038,0.895,0,1,normal,0
47.73,tcp,smtp,SF,429,2440,2,9,0.0,0.912,0,1,normal,0
27.7,tcp,other,S0,490,505,5,6,0.038,1.0,0,1,normal,0
0.0,tcp,telnet,S0,88,7,163,438,1.0,1.0,0,0,dos,1
55.32,udp,telnet,SF,55,1207,3,5,0.0,0.959,0,1,normal,0
0.0,tcp,dns,SF,9,0,3,4,0.123,0.973,0,1,normal,0
64.5,tcp,smtp,SF,117,833,5,4,0.008,0.898,0,1,normal,0
55.79,tcp,pop3,SF,899,567,2,5,0.0,0.855,0,1,normal,0
10.32,tcp,pop3,S0,44,0,26,9,0.612,0.214,0,0,probe,1
21.27,tcp,ftp,SF,383,1043,1,4,0.02,0.958,0,1,normal,0
99.67,tcp,smtp,SF,628,1593,5,7,0.003,0.93,0,1,normal,0
133.87,tcp,dns,SF,552,2117,3,3,0.026,0.977,0,1,normal,0
0.93,tcp,pop3,REJ,14,0,84,19,0.416,0.0,0,0,probe,1
82.67,tcp,pop3,SF,336,1161,2,1,0.004,0.831,0,1,normal,0
75.59,tcp,other,SF,1113,210,7,6,0.055,0.774,0,1,normal,0
0.0,tcp,smtp,REJ,724,1692,5,7,0.08,1.0,0,1,normal,0
76.14,tcp,other,SF,497,1861,4,8,0.0,0.925,0,1,normal,0
2.74,udp,telnet,RSTR,39,0,429,121,1.0,0.987,0,0,dos,1
113.97,tcp,dns,SF,0,1476,8,8,0.012,0.914,0,1,normal,0
52.18,tcp,other,SF,581,1182,1,8,0.088,0.951,0,1,normal,0
98.35,tcp,other,SF,176,1917,1,7,0.0,0.812,0,1,normal,0
0.0,tcp,http,REJ,44,8,209,366,1.0,0.965,0,0,dos,1
92.09,icmp,pop3,SF,495,1380,1,5,0.044,0.837,0,1,normal,0
0.0,tcp,smtp,S0,426,1634,1,5,0.0,0.837,0,1,normal,0
34.15,udp,telnet,SF,22,310,14,1,0.054,0.767,2,1,r2l,1
47.47,udp,dns,SF,704,451,6,8,0.0,0.8,0,1,normal,0
0.0,tcp,http,REJ,43,0,105,500,1.0,0.942,0,0,dos,1
3.61,udp,ssh,REJ,70,5,130,131,1.0,0.96,0,0,dos,1
0.0,tcp,smtp,SF,284,800,2,8,0.062,0.887,0,1,normal,0
64.85,udp,smtp,SF,0,1656,4,7,0.054,0.914,0,1,normal,0
133.62,tcp,other,SF,647,740,5,2,0.015,0.963,0,1,normal,0
1.42,tcp,ftp,REJ,38,0,364,177,0.887,0.912,0,0,dos,1
0.0,udp,ssh,S0,25,3,162,295,0.881,0.916,0,0,dos,1
7.61,udp,pop3,SF,336,248,14,8,0.0,0.288,4,0,r2l,1
74.61,tcp,ftp,SF,219,659,6,7,0.002,0.837,0,1,normal,0
51.6,tcp,telnet,SF,696,0,7,8,0.008,0.861,0,1,normal,0
76.18,icmp,smtp,SF,480,1147,3,5,0.0,0.976,0,1,normal,0
52.3,tcp,dns,SF,371,1563,7,4,0.096,0.843,0,1,normal,0
7.34,tcp,ssh,SF,488,1607,6,3,0.0,0.904,0,1,normal,0
0.0,icmp,http,S0,47,0,220,344,1.0,0.96,0,0,dos,1
28.05,tcp,smtp,SF,28,1052,9,5,0.121,0.806,0,1,normal,0
28.92,tcp,pop3,SF,756,1447,3,4,0.0,0.985,0,1,normal,0
36.82,tcp,pop3,REJ,406,1288,3,7,0.055,0.934,0,1,normal,0
25.99,tcp,http,SF,512,665,6,6,0.071,0.945,0,1,normal,0
5.65,tcp,ftp,REJ,15,0,59,3,0.43,0.0,0,0,probe,1
129.08,tcp,ssh,SF,348,817,7,1,0.059,1.0,0,1,normal,0
100.58,tcp,other,SF,446,1618,9,6,0.0,0.755,0,1,normal,0
58.11,tcp,http,SF,1185,882,6,7,0.0,0.885,0,1,normal,0
53.03,udp,http,S0,724,572,8,7,0.033,1.0,0,1,normal,0
46.3,tcp,dns,SF,113,703,4,1,0.085,0.814,0,1,normal,0
1.45,tcp,telnet,SF,31,0,61,10,0.838,0.171,0,0,probe,1
1.76,tcp,other,REJ,31,0,20,12,0.729,0.096,0,0,probe,1
5.05,tcp,ftp,SF,334,927,1,2,0.0,0.782,0,1,normal,0
126.04,icmp,telnet,SF,575,499,6,5,0.083,0.951,0,1,normal,0
107.39,tcp,other,SF,854,1798,3,2,0.0,1.0,0,1,normal,0
0.0,udp,ssh,SF,681,1637,5,3,0.0,0.854,0,1,normal,0
107.47,tcp,ssh,REJ,0,767,8,7,0.0,0.824,0,1,normal,0
1.81,tcp,other,REJ,49,0,228,281,0.946,0.938,0,0,dos,1
27.29,tcp,ftp,SF,340,884,8,1,0.0,0.936,0,1,normal,0
2.26,tcp,telnet,REJ,38,0,348,457,0.879,0.945,0,0,dos,1
41.53,udp,smtp,SF,34,238,1,9,0.074,0.886,0,1,normal,0
106.01,tcp,ssh,S0,473,1557,1,8,0.011,0.822,0,1,normal,0
0.0,tcp,telnet,SF,226,765,4,4,0.036,1.0,0,1,normal,0
26.58,tcp,ftp,SF,601,948,4,5,0.001,0.974,0,1,normal,0
17.69,tcp,smtp,SF,747,699,5,8,0.02,0.855,0,1,normal,0
0.0,tcp,ftp,REJ,36,4,494,467,0.991,0.971,0,0,dos,1
0.0,tcp,http,SF,347,474,7,4,0.0,0.736,0,1,normal,0
13.04,tcp,dns,SF,490,1923,9,6,0.042,0.947,0,1,normal,0
22.71,udp,pop3,SF,165,1330,8,5,0.0,1.0,0,1,normal,0
1.95,udp,smtp,SF,614,901,2,1,0.029,0.978,0,1,normal,0
74.33,tcp,http,SF,371,219,1,8,0.0,0.851,0,1,normal,0
39.96,tcp,telnet,SF,996,1223,7,2,0.067,0.722,0,1,normal,0
0.0,icmp,smtp,SF,147,1511,7,3,0.063,0.975,0,1,normal,0
13.91,tcp,smtp,SF,382,2117,6,8,0.0,1.0,0,1,normal,0
0.0,tcp,smtp,S0,64,6,282,154,0.777,0.946,0,0,dos,1
0.0,tcp,http,S0,60,0,509,382,1.0,1.0,0,0,dos,1
72.22,tcp,http,SF,664,1029,3,5,0.0,0.928,0,1,normal,0
47.36,tcp,other,SF,383,2104,1,5,0.04,0.753,0,1,normal,0
143.12,tcp,ssh,SF,240,401,1,3,0.053,0.789,0,1,normal,0
57.36,tcp,ftp,REJ,185,884,8,1,0.0,0.966,0,1,normal,0
65.67,tcp,smtp,SF,520,2192,6,4,0.125,0.93,0,1,normal,0
136.78,tcp,ftp,SF,86,908,1,3,0.0,0.903,0,1,normal,0
0.0,tcp,ftp,SF,711,825,7,5,0.0,0.91,0,1,normal,0
96.79,udp,telnet,SF,203,471,6,3,0.03,0.764,0,1,normal,0
0.0,tcp,other,SF,610,871,8,3,0.004,0.725,0,1,normal,0
1.58,tcp,http,REJ,55,0,445,145,0.78,0.882,0,0,dos,1
109.18,tcp,dns,SF,366,903,7,5,0.0,0.914,0,1,normal,0
18.77,udp,dns,SF,777,906,1,5,0.047,0.769,0,1,normal,0
117.7,tcp,dns,SF,639,1009,4,8,0.0,0.901,0,1,normal,0
0.0,icmp,ssh,S0,53,0,269,208,0.897,0.852,0,0,dos,1
3.82,tcp,other,S0,93,0,197,101,0.827,0.951,0,0,dos,1
75.73,tcp,dns,SF,0,421,1,7,0.014,0.936,0,1,normal,0
100.84,tcp,telnet,SF,689,263,1,4,0.043,1.0,0,1,normal,0
44.92,tcp,other,REJ,245,2220,1,6,0.002,0.767,0,1,normal,0
59.76,tcp,dns,REJ,311,1338,6,6,0.092,0.656,0,1,normal,0
144.94,icmp,smtp,SF,1016,1463,7,3,0.032,0.885,0,1,normal,0
42.1,udp,telnet,S0,0,1263,1,5,0.0,0.728,0,1,normal,0
13.39,udp,pop3,SF,191,662,9,6,0.064,0.773,0,1,normal,0
1.1,udp,dns,REJ,29,0,80,18,0.58,0.482,0,0,probe,1
76.42,tcp,dns,SF,252,1591,4,3,0.0,0.965,0,1,normal,0
0.0,tcp,smtp,SF,676,542,5,1,0.049,0.78,0,1,normal,0
114.91,tcp,ftp,SF,376,1611,3,5,0.0,0.913,0,1,normal,0
78.68,tcp,telnet,SF,749,0,7,2,0.0,0.973,0,1,normal,0
9.85,tcp,ftp,SF,817,1040,1,7,0.035,0.939,0,1,normal,0
3.38,udp,telnet,REJ,20,0,75,16,0.253,0.094,0,0,probe,1
0.56,tcp,ftp,REJ,106,0,294,194,0.785,0.918,0,0,dos,1
59.54,udp,other,SF,406,1458,4,2,0.0,0.857,0,1,normal,0
3.42,icmp,other,S0,32,0,498,301,1.0,0.863,0,0,dos,1
0.0,udp,smtp,SF,159,1084,2,9,0.0,0.738,0,1,normal,0
61.78,udp,other,S0,0,1391,5,7,0.0,1.0,0,1,normal,0
105.57,tcp,ssh,SF,642,1140,1,4,0.071,0.908,0,1,normal,0
90.78,tcp,http,SF,140,709,3,5,0.014,0.807,0,1,normal,0
92.14,tcp,http,SF,347,1398,2,5,0.0,1.0,0,1,normal,0
46.51,tcp,ftp,SF,605,552,3,2,0.0,1.0,0,1,normal,0
39.41,tcp,smtp,SF,673,509,7,2,0.058,0.923,0,1,normal,0
4.87,tcp,dns,REJ,43,0,63,17,0.555,0.0,0,0,probe,1
35.84,tcp,http,REJ,563,2074,3,8,0.059,0.957,0,1,normal,0
0.21,tcp,telnet,S0,85,0,306,180,0.615,1.0,0,0,dos,1
53.32,udp,http,SF,899,1104,8,8,0.0,0.964,0,1,normal,0
4.37,tcp,other,RSTR,25,0,165,311,0.78,0.924,0,0,dos,1
4.5,tcp,other,SF,281,575,8,8,0.102,0.796,0,1,normal,0
48.4,tcp,ssh,SF,500,0,4,3,0.0,0.608,0,1,normal,0
69.09,tcp,pop3,SF,132,879,1,9,0.084,0.991,0,1,normal,0
1.85,tcp,smtp,S0,21,0,41,7,0.587,0.331,0,0,probe,1
0.0,tcp,smtp,SF,725,1411,4,2,0.0,0.869,0,1,normal,0
30.11,udp,ftp,SF,429,1619,4,8,0.049,0.768,0,1,normal,0
2.25,tcp,smtp,REJ,74,0,208,432,0.869,1.0,0,0,dos,1
100.65,tcp,telnet,SF,236,1750,9,3,0.0,1.0,0,1,normal,0
3.22,tcp,smtp,S0,0,7,496,437,0.919,0.982,0,0,dos,1
46.05,tcp,dns,RSTO,378,1423,7,7,0.09,0.778,0,1,normal,0
0.0,tcp,dns,SF,850,509,6,2,0.0,1.0,0,1,normal,0
38.48,tcp,telnet,SF,515,1663,7,4,0.05,1.0,0,1,normal,0
1.97,tcp,smtp,SF,282,1390,5,4,0.053,0.842,0,1,normal,0
0.0,udp,other,RSTO,57,768,9,7,0.082,0.881,0,1,normal,0
80.98,tcp,ssh,REJ,829,871,3,7,0.061,0.859,0,1,normal,0
10.54,udp,telnet,RSTO,1045,1183,4,5,0.012,1.0,0,1,normal,0
0.0,tcp,pop3,S0,69,6,482,198,0.885,0.897,0,0,dos,1
2.21,icmp,dns,REJ,45,0,22,15,0.644,0.054,0,0,probe,1
73.39,tcp,ftp,SF,811,944,3,3,0.017,0.892,0,1,normal,0
126.62,tcp,telnet,RSTO,796,1721,9,7,0.055,1.0,0,1,normal,0
18.13,tcp,telnet,SF,989,1249,2,5,0.096,0.997,0,1,normal,0
2.82,tcp,pop3,S0,55,4,379,504,0.727,0.976,0,0,dos,1
4.98,tcp,pop3,REJ,68,4,453,174,1.0,0.975,0,0,dos,1
114.94,udp,other,RSTO,0,632,8,9,0.0,0.829,0,1,normal,0
36.26,tcp,ssh,SF,504,1115,3,3,0.0,0.91,0,1,normal,0
0.0,tcp,smtp,S0,26,3,83,11,0.723,0.214,0,0,probe,1
0.0,tcp,smtp,RSTR,20,7,502,360,0.815,0.888,0,0,dos,1
62.76,tcp,ssh,SF,410,548,4,5,0.007,1.0,0,1,normal,0
2.45,tcp,ftp,REJ,52,3,332,313,0.894,0.989,0,0,dos,1
0.0,tcp,http,SF,156,1922,3,3,0.0,1.0,0,1,normal,0
96.49,tcp,smtp,SF,756,392,9,9,0.048,0.918,0,1,normal,0
0.01,tcp,ssh,S0,3,0,410,264,0.982,0.979,0,0,dos,1
69.68,tcp,pop3,SF,724,457,2,2,0.104,0.851,0,1,normal,0
17.99,tcp,ssh,SF,855,409,1,3,0.047,0.938,0,1,normal,0
0.0,tcp,smtp,SF,51,1,40,12,0.635,0.22,0,0,probe,1
6.37,tcp,smtp,S0,0,0,254,422,1.0,0.983,0,0,dos,1
77.22,tcp,http,SF,480,179,5,6,0.031,0.925,0,1,normal,0
3.03,tcp,ssh,RSTR,380,1564,5,1,0.065,0.874,0,1,normal,0
0.0,tcp,pop3,RSTR,85,3,358,151,0.861,0.994,0,0,dos,1
21.37,tcp,ssh,SF,1244,0,4,5,0.0,0.864,0,1,normal,0
27.08,icmp,other,SF,102,596,11,8,0.0,0.732,3,0,r2l,1
66.27,udp,http,SF,440,625,7,2,0.061,0.827,0,1,normal,0
57.92,tcp,telnet,SF,305,229,8,4,0.035,0.964,0,1,normal,0
106.79,icmp,ftp,SF,318,882,2,1,0.033,1.0,0,1,normal,0
3.03,tcp,other,REJ,18,2,249,507,0.891,0.886,0,0,dos,1
8.09,udp,ftp,SF,405,308,3,3,0.0,0.882,0,1,u2r,1
69.64,tcp,dns,SF,934,1300,2,3,0.049,0.839,0,1,normal,0
0.0,udp,pop3,SF,744,960,3,7,0.0,0.951,0,1,normal,0
0.0,udp,smtp,REJ,41,0,364,224,0.851,1.0,0,0,dos,1
0.0,tcp,dns,SF,446,664,9,9,0.0,0.751,0,1,normal,0
3.37,tcp,smtp,SF,607,1339,1,9,0.002,0.838,0,1,normal,0
6.45,tcp,other,S0,56,0,47,11,0.678,0.048,0,0,probe,1
0.69,tcp,pop3,S0,90,0,262,159,0.656,1.0,0,0,dos,1
5.47,udp,pop3,SF,14,0,90,6,0.177,0.069,0,0,probe,1
94.68,udp,dns,S0,282,940,1,4,0.039,1.0,0,1,normal,0
47.99,tcp,http,RSTR,247,928,5,2,0.014,0.879,0,1,normal,0
3.17,tcp,smtp,S0,13,0,58,13,0.38,0.0,0,0,probe,1
81.09,tcp,telnet,SF,846,1724,5,5,0.0,0.914,0,1,normal,0
0.0,tcp,http,SF,190,192,4,8,0.0,1.0,0,1,normal,0
6.4,tcp,dns,SF,28,1,71,19,0.236,0.231,0,0,probe,1
79.91,udp,ftp,SF,246,949,9,4,0.0,0.991,0,1,normal,0
3.96,tcp,ftp,S0,10,0,72,4,0.697,0.42,0,0,probe,1
62.07,icmp,http,SF,366,108,9,8,0.05,0.982,0,1,normal,0
27.69,tcp,telnet,S0,137,262,1,1,0.247,0.583,1,1,r2l,1
36.02,tcp,ssh,SF,573,506,7,8,0.049,0.789,0,1,normal,0
94.81,tcp,telnet,REJ,206,0,5,8,0.054,0.782,0,1,normal,0
0.0,tcp,smtp,S0,12,6,45,4,0.72,0.133,0,0,probe,1
74.25,udp,other,SF,461,1626,5,8,0.058,0.939,0,1,normal,0
2.79,tcp,ssh,S0,61,0,163,474,0.729,1.0,0,0,dos,1
90.0,tcp,dns,SF,489,1109,8,8,0.054,0.817,0,1,normal,0
1.01,udp,ssh,S0,41,3,143,260,0.729,1.0,0,0,dos,1
0.0,tcp,http,REJ,23,1,97,9,0.443,0.483,0,0,probe,1
45.34,udp,dns,SF,573,1679,2,9,0.0,1.0,0,1,normal,0
63.07,tcp,telnet,SF,917,1429,1,1,0.0,1.0,0,1,normal,0
67.25,tcp,other,SF,905,1531,4,7,0.034,1.0,0,1,normal,0
16.55,tcp,dns,S0,135,185,9,5,0.249,0.543,4,1,r2l,1
0.0,tcp,http,SF,272,358,5,8,0.157,0.926,3,0,r2l,1
42.33,tcp,other,SF,134,251,7,5,0.0,0.785,3,0,r2l,1
111.39,tcp,smtp,SF,1001,732,8,3,0.0,0.991,0,1,normal,0
153.68,tcp,dns,RSTO,548,1340,3,8,0.081,0.811,0,1,normal,0
0.0,tcp,smtp,RSTR,11,5,115,310,0.847,0.953,0,0,dos,1
0.0,udp,ssh,S0,32,2,405,246,0.948,0.867,0,0,dos,1
120.83,udp,dns,SF,473,894,3,6,0.0,1.0,0,1,normal,0
15.6,udp,ssh,SF,0,837,8,1,0.02,1.0,0,1,normal,0
95.67,icmp,ssh,SF,225,1428,1,4,0.0,0.813,0,1,normal,0
69.13,tcp,ftp,SF,567,1340,8,8,0.032,0.955,0,1,normal,0
70.72,tcp,pop3,SF,522,1037,7,6,0.0,0.882,0,1,normal,0
27.86,tcp,ftp,SF,528,1500,7,6,0.0,0.967,0,1,normal,0
74.24,udp,dns,SF,356,836,9,6,0.022,0.917,0,1,normal,0
2.35,tcp,smtp,S0,14,0,66,18,0.735,0.229,0,0,probe,1
1.56,udp,http,S0,115,0,272,438,0.933,0.997,0,0,dos,1
0.0,tcp,pop3,S0,29,0,58,18,0.194,0.132,0,0,probe,1
50.68,udp,dns,SF,316,920,1,1,0.041,1.0,0,1,normal,0
104.13,tcp,http,SF,395,239,9,1,0.09,0.983,0,1,normal,0
14.13,tcp,pop3,SF,879,1051,5,1,0.078,0.866,0,1,normal,0
69.35,tcp,pop3,S0,234,89,9,7,0.016,0.813,0,1,normal,0
54.04,icmp,dns,SF,828,1586,8,2,0.0,0.982,0,1,normal,0
0.0,udp,dns,REJ,74,2,313,395,1.0,0.984,0,0,dos,1
3.19,tcp,ftp,S0,27,0,115,230,0.933,0.996,0,0,dos,1
1.96,tcp,pop3,REJ,80,0,166,182,0.734,1.0,0,0,dos,1
81.37,udp,dns,SF,615,870,9,9,0.051,0.81,0,1,normal,0
84.77,tcp,http,SF,571,1149,1,5,0.002,0.887,0,1,normal,0
0.0,tcp,ssh,SF,508,1369,4,1,0.087,0.898,0,1,normal,0
93.66,tcp,telnet,SF,766,1269,3,7,0.004,0.827,0,1,normal,0
2.51,tcp,other,S0,58,0,292,250,0.799,1.0,0,0,dos,1
0.0,tcp,http,SF,775,385,7,7,0.009,1.0,0,1,normal,0
2.16,tcp,http,REJ,34,0,293,329,0.999,1.0,0,0,dos,1
98.92,udp,telnet,SF,267,499,2,4,0.0,1.0,0,1,normal,0
3.01,udp,ftp,SF,1315,435,2,4,0.032,0.738,0,1,u2r,1
16.03,tcp,other,SF,629,216,4,4,0.0,0.69,0,1,u2r,1
89.57,tcp,ftp,SF,253,1463,8,2,0.036,1.0,0,1,normal,0
0.0,udp,telnet,S0,72,5,336,288,0.912,0.949,0,0,dos,1
118.67,icmp,http,S0,287,869,6,3,0.069,1.0,0,1,normal,0
1.19,tcp,ftp,S0,62,0,445,165,0.899,0.917,0,0,dos,1
1.86,tcp,smtp,REJ,8,4,191,383,0.811,1.0,0,0,dos,1
1.06,tcp,other,S0,61,0,271,294,0.722,0.909,0,0,dos,1
1.3,tcp,telnet,REJ,0,2,505,387,0.994,1.0,0,0,dos,1
46.77,tcp,other,SF,769,948,9,5,0.026,0.824,0,1,normal,0
0.0,tcp,ssh,S0,0,17,145,471,0.86,0.951,0,0,dos,1
109.58,tcp,pop3,SF,440,372,3,7,0.0,0.938,0,1,normal,0
48.91,tcp,pop3,SF,776,1099,5,8,0.042,0.806,0,1,normal,0
65.64,udp,http,SF,645,1217,9,8,0.056,0.975,0,1,normal,0
0.0,tcp,ssh,S0,42,0,190,274,0.813,0.83,0,0,dos,1
25.61,tcp,smtp,SF,422,1539,8,4,0.093,0.88,0,1,normal,0
15.89,tcp,ssh,RSTO,669,0,4,4,0.038,0.953,0,1,normal,0
5.81,tcp,other,REJ,9,0,60,19,0.387,0.239,0,0,probe,1
13.83,tcp,http,SF,398,599,5,6,0.0,0.79,0,1,normal,0
93.25,tcp,ssh,SF,714,262,5,4,0.0,0.795,0,1,normal,0
73.77,tcp,ftp,SF,338,1275,6,4,0.068,0.916,0,1,normal,0
6.09,tcp,ssh,SF,344,1492,2,2,0.0,0.92,0,1,normal,0
0.0,icmp,smtp,S0,43,7,273,112,0.986,0.914,0,0,dos,1
35.41,tcp,ssh,SF,829,1625,7,6,0.041,1.0,0,1,normal,0
59.98,tcp,ftp,SF,755,1608,9,5,0.01,0.935,0,1,normal,0
3.65,udp,telnet,S0,86,0,329,282,0.915,0.997,0,0,dos,1
2.29,tcp,http,S0,40,0,220,487,0.828,0.955,0,0,dos,1
6.01,tcp,ssh,S0,95,15,370,333,1.0,0.952,0,0,dos,1
36.97,tcp,other,SF,156,149,4,7,0.015,0.967,0,1,normal,0
1.97,tcp,ftp,REJ,64,1,261,363,1.0,0.981,0,0,dos,1
11.57,udp,http,SF,495,2531,6,9,0.037,0.952,0,1,normal,0
29.73,tcp,smtp,SF,116,301,8,5,0.0,0.916,0,1,normal,0
106.86,tcp,dns,RSTO,324,1376,8,7,0.064,0.781,0,1,normal,0
1.98,icmp,smtp,S0,45,0,450,189,0.857,0.997,0,0,dos,1
31.61,tcp,ftp,SF,166,532,8,4,0.015,0.916,0,1,normal,0
0.0,tcp,pop3,REJ,35,3,189,303,0.975,0.911,0,0,dos,1
8.19,tcp,ssh,RSTR,652,1954,9,5,0.064,0.935,0,1,normal,0
0.0,tcp,pop3,SF,519,994,6,7,0.0,0.71,0,1,normal,0
46.91,tcp,http,SF,66,206,6,5,0.103,0.892,0,1,normal,0
48.32,udp,dns,SF,745,2056,7,8,0.047,0.741,0,1,normal,0
40.35,tcp,pop3,SF,500,513,3,5,0.009,0.878,0,1,normal,0
3.09,icmp,ssh,S0,1,3,282,287,0.812,0.907,0,0,dos,1
0.0,tcp,smtp,S0,33,2,114,324,1.0,0.962,0,0,dos,1
0.0,tcp,ssh,S0,555,156,5,8,0.012,0.896,0,1,normal,0
54.25,tcp,dns,SF,291,1077,9,9,0.0,0.954,0,1,normal,0
0.73,udp,ssh,SF,270,731,3,7,0.0,0.949,0,1,normal,0
19.0,tcp,ssh,SF,754,1110,7,5,0.02,0.908,0,1,normal,0
29.96,tcp,smtp,RSTR,153,1195,1,3,0.057,0.903,0,1,normal,0
86.12,tcp,smtp,SF,703,377,3,4,0.055,0.733,0,1,normal,0
0.0,udp,dns,REJ,56,0,483,130,0.795,0.966,0,0,dos,1
28.79,udp,ssh,SF,45,1405,7,8,0.044,0.869,0,1,normal,0
28.96,tcp,telnet,SF,486,0,4,6,0.122,1.0,0,1,normal,0
18.75,tcp,http,SF,219,824,4,3,0.0,0.928,0,1,normal,0
36.48,udp,other,SF,25,1540,4,4,0.0,0.826,0,1,normal,0
69.31,tcp,dns,SF,619,0,2,6,0.0,0.803,0,1,normal,0
57.2,tcp,smtp,SF,169,1034,3,1,0.014,0.697,0,1,normal,0
0.0,tcp,smtp,RSTR,9,2,245,458,0.784,0.849,0,0,dos,1
0.0,tcp,ftp,SF,894,592,9,7,0.038,0.847,0,1,normal,0
0.0,icmp,dns,SF,578,385,4,6,0.0,0.859,0,1,normal,0
35.55,tcp,smtp,SF,454,701,3,2,0.0,0.9,0,1,normal,0
0.0,tcp,other,SF,402,850,9,8,0.045,0.974,0,1,normal,0
69.5,tcp,ftp,SF,915,238,9,8,0.0,0.885,0,1,normal,0
98.92,tcp,dns,SF,476,926,3,2,0.042,1.0,0,1,normal,0
18.52,udp,telnet,SF,288,1505,4,5,0.046,0.796,0,1,normal,0
34.58,udp,ftp,SF,609,1111,6,4,0.049,0.751,0,1,normal,0
7.14,udp,ssh,S0,26,1,92,3,0.574,0.0,0,0,probe,1
4.38,tcp,dns,REJ,14,0,36,6,0.663,0.176,0,0,probe,1
142.31,udp,telnet,S0,418,1083,4,7,0.051,0.666,0,1,normal,0
20.47,tcp,pop3,SF,488,204,6,3,0.0,0.878,0,1,normal,0
2.44,tcp,ssh,REJ,33,0,356,236,0.795,0.963,0,0,dos,1
18.35,tcp,telnet,SF,1195,591,3,4,0.118,0.662,1,1,u2r,1
0.0,tcp,ssh,S0,57,0,472,411,0.869,0.859,0,0,dos,1
25.56,tcp,pop3,SF,492,917,3,3,0.0,0.915,0,1,normal,0
44.95,tcp,smtp,SF,144,1308,3,8,0.0,0.908,0,1,normal,0
48.36,tcp,smtp,S0,175,1152,6,4,0.013,1.0,0,1,normal,0
1.45,tcp,http,S0,15,4,343,332,1.0,0.888,0,0,dos,1
41.24,tcp,ftp,REJ,590,1520,8,2,0.0,0.774,0,1,normal,0
70.44,udp,ftp,SF,791,1297,6,5,0.009,0.906,0,1,normal,0
40.2,tcp,ssh,SF,373,171,9,2,0.06,0.83,0,1,normal,0
71.66,tcp,pop3,SF,702,376,2,6,0.0,1.0,0,1,normal,0
44.55,tcp,ftp,SF,0,1557,9,2,0.033,1.0,0,1,normal,0
120.48,tcp,other,SF,214,411,3,7,0.091,0.77,0,1,normal,0
0.0,tcp,ssh,SF,712,1720,3,9,0.083,0.839,0,1,normal,0
0.0,tcp,ftp,REJ,0,0,404,100,0.929,1.0,0,0,dos,1
64.93,tcp,ssh,SF,894,693,8,5,0.002,1.0,0,1,normal,0
100.3,tcp,other,SF,213,815,2,1,0.0,0.722,0,1,normal,0
3.07,tcp,telnet,S0,0,6,118,506,0.934,1.0,0,0,dos,1
7.08,tcp,pop3,S0,42,0,510,369,0.919,0.832,0,0,dos,1
94.38,udp,ssh,SF,235,745,4,7,0.057,0.929,0,1,normal,0
28.65,tcp,dns,SF,574,1069,7,4,0.0,0.881,0,1,normal,0
15.13,tcp,telnet,REJ,0,2013,1,9,0.159,0.836,0,1,normal,0
63.52,tcp,ssh,S0,314,1673,4,1,0.0,0.887,0,1,normal,0
89.12,icmp,ssh,SF,371,535,3,3,0.064,0.803,0,1,normal,0
21.52,udp,pop3,SF,1066,1978,5,3,0.036,0.917,0,1,normal,0
14.77,tcp,ssh,SF,238,1162,9,5,0.065,1.0,0,1,normal,0
41.34,tcp,smtp,SF,522,180,5,7,0.108,0.763,0,1,normal,0
0.0,udp,telnet,RSTO,994,989,6,7,0.0,0.94,0,1,normal,0
88.96,tcp,other,SF,432,1591,9,9,0.0,0.943,0,1,normal,0
2.4,tcp,smtp,S0,0,3,191,424,0.905,1.0,0,0,dos,1
34.64,tcp,ssh,SF,368,163,4,1,0.023,0.94,0,1,normal,0
56.81,tcp,ftp,SF,903,1260,3,6,0.082,0.917,0,1,normal,0
28.23,tcp,pop3,SF,329,1473,3,5,0.0,0.773,0,1,normal,0
2.93,tcp,telnet,S0,29,0,274,364,0.986,0.942,0,0,dos,1
13.93,tcp,dns,SF,119,404,9,3,0.195,0.133,3,1,r2l,1
38.38,tcp,http,SF,506,1301,4,1,0.01,1.0,0,1,normal,0
37.72,tcp,dns,SF,527,462,4,9,0.0,1.0,0,1,normal,0
22.16,udp,dns,SF,1243,1459,4,9,0.023,0.778,0,1,normal,0
35.02,tcp,pop3,SF,192,487,9,2,0.038,0.781,0,1,normal,0
1.74,udp,smtp,S0,22,3,352,326,1.0,1.0,0,0,dos,1
34.47,udp,ftp,SF,534,2231,3,2,0.0,0.832,0,1,normal,0
24.54,tcp,dns,S0,324,99,13,9,0.052,0.365,2,0,r2l,1
113.48,tcp,ftp,RSTO,1062,1575,3,6,0.028,0.881,0,1,normal,0
18.71,tcp,telnet,SF,778,98,7,7,0.0,0.861,0,1,normal,0
0.0,udp,smtp,RSTR,53,0,174,328,0.978,0.855,0,0,dos,1
36.89,tcp,ssh,SF,566,1314,9,4,0.018,0.829,0,1,normal,0
0.0,tcp,smtp,REJ,26,0,346,285,0.883,0.893,0,0,dos,1
154.05,tcp,pop3,SF,501,2148,8,5,0.0,0.823,0,1,normal,0
2.95,tcp,dns,S0,35,5,247,305,0.847,1.0,0,0,dos,1
61.37,tcp,dns,SF,416,650,8,7,0.0,0.864,0,1,normal,0
57.13,tcp,pop3,SF,238,1015,1,7,0.052,0.801,0,1,normal,0
1.1,tcp,ftp,S0,61,2,241,301,0.948,0.951,0,0,dos,1
86.82,tcp,ssh,SF,237,1841,1,1,0.0,1.0,0,1,normal,0
55.93,tcp,pop3,SF,534,1331,2,2,0.0,1.0,0,1,normal,0
0.87,udp,ftp,RSTR,36,1,180,364,0.912,0.926,0,0,dos,1
69.61,tcp,other,SF,715,829,8,3,0.057,0.966,0,1,normal,0
3.5,tcp,http,REJ,26,0,96,3,0.474,0.232,0,0,probe,1
112.34,tcp,dns,SF,483,861,4,9,0.063,0.765,0,1,normal,0
0.0,tcp,pop3,SF,892,1935,8,2,0.0,0.851,0,1,normal,0
63.17,tcp,http,SF,633,1197,7,6,0.038,0.786,0,1,normal,0
0.0,tcp,dns,SF,462,1520,9,8,0.0,1.0,0,1,normal,0
30.39,tcp,ftp,SF,222,142,1,6,0.0,0.248,2,0,r2l,1
51.01,icmp,smtp,REJ,11,1057,3,5,0.045,0.713,0,1,normal,0
95.34,tcp,other,SF,263,1122,2,7,0.0,0.897,0,1,normal,0
82.82,tcp,smtp,SF,373,1532,6,1,0.06,0.889,0,1,normal,0
85.73,udp,http,SF,599,0,4,9,0.049,0.708,0,1,normal,0
75.44,tcp,smtp,SF,690,949,3,4,0.094,0.84,0,1,normal,0
0.71,tcp,ssh,RSTR,56,1,371,359,1.0,1.0,0,0,dos,1
0.0,tcp,pop3,RSTR,2,10,360,185,0.846,0.92,0,0,dos,1
2.16,tcp,http,S0,23,1,150,132,0.965,0.916,0,0,dos,1
80.19,tcp,dns,RSTR,745,1044,5,9,0.0,0.976,0,1,normal,0
58.72,tcp,ssh,SF,179,926,1,5,0.043,0.856,0,1,normal,0
14.45,tcp,other,SF,459,1003,3,4,0.0,1.0,0,1,normal,0
2.24,tcp,ssh,REJ,80,0,117,345,0.943,0.992,0,0,dos,1
69.03,tcp,pop3,SF,647,1410,2,4,0.016,0.731,0,1,normal,0
44.04,tcp,other,SF,534,1904,6,3,0.044,0.864,0,1,normal,0
53.65,tcp,ftp,SF,894,658,7,8,0.0,0.94,0,1,normal,0
0.0,udp,smtp,RSTR,27,0,369,261,0.867,0.991,0,0,dos,1
0.0,udp,telnet,S0,55,0,500,316,0.877,0.866,0,0,dos,1
2.24,tcp,telnet,S0,41,4,400,302,0.881,0.933,0,0,dos,1
40.58,tcp,ftp,SF,859,1067,8,1,0.0,0.915,0,1,normal,0
56.17,udp,pop3,SF,1400,858,4,1,0.11,0.451,0,1,u2r,1
28.1,tcp,smtp,SF,531,1318,5,4,0.078,0.872,0,1,normal,0
118.02,tcp,ssh,SF,752,0,5,9,0.0,0.887,0,1,normal,0
41.13,tcp,other,SF,381,1230,2,6,0.033,0.96,0,1,normal,0
4.02,tcp,other,SF,387,598,1,7,0.058,0.985,0,1,normal,0
0.0,tcp,dns,RSTO,383,0,1,3,0.0,0.923,0,1,normal,0
4.54,tcp,other,SF,460,1280,2,3,0.005,0.818,0,1,normal,0
0.0,tcp,telnet,SF,0,271,9,4,0.026,0.907,0,1,normal,0
100.89,tcp,pop3,S0,222,1544,1,8,0.0,0.919,0,1,normal,0
0.0,udp,smtp,RSTR,0,0,205,247,0.921,0.959,0,0,dos,1
3.57,udp,http,SF,526,1863,9,4,0.024,0.794,0,1,normal,0
40.24,tcp,telnet,SF,725,461,2,7,0.079,0.889,0,1,normal,0
13.79,tcp,pop3,SF,586,1918,7,7,0.037,0.826,0,1,normal,0
1.54,tcp,ssh,REJ,71,0,160,466,0.917,0.919,0,0,dos,1
68.16,tcp,ftp,SF,934,991,3,9,0.123,0.742,0,1,normal,0
48.77,tcp,other,SF,912,0,3,8,0.014,0.742,0,1,normal,0
36.5,udp,dns,SF,572,1658,8,1,0.083,1.0,0,1,normal,0
81.64,tcp,telnet,SF,421,724,7,7,0.062,0.977,0,1,normal,0
78.39,tcp,other,SF,807,0,6,6,0.042,0.919,0,1,normal,0
102.56,udp,telnet,S0,342,919,3,5,0.019,0.892,0,1,normal,0
1.22,tcp,telnet,SF,692,0,9,3,0.131,0.792,0,1,normal,0
98.98,tcp,http,SF,617,824,1,7,0.0,0.898,0,1,normal,0
27.82,tcp,other,SF,306,1376,9,1,0.017,0.814,0,1,normal,0
60.13,tcp,ftp,SF,633,600,2,4,0.0,0.919,0,1,normal,0
55.86,tcp,pop3,SF,0,515,2,7,0.0,1.0,0,1,normal,0
71.52,tcp,pop3,SF,220,1342,6,7,0.0,0.968,0,1,normal,0
38.35,tcp,ssh,S0,450,1426,3,7,0.07,0.915,0,1,normal,0
51.06,tcp,other,SF,340,0,7,9,0.006,0.722,0,1,normal,0
90.24,tcp,pop3,SF,779,1015,8,7,0.045,0.75,0,1,normal,0
47.59,tcp,ftp,SF,494,564,7,4,0.09,0.842,0,1,normal,0
104.62,udp,smtp,SF,678,1344,9,8,0.006,0.923,0,1,normal,0
11.0,tcp,smtp,S0,1085,1017,9,7,0.0,0.88,0,1,normal,0
71.58,udp,smtp,SF,437,1323,6,8,0.051,0.95,0,1,normal,0
6.61,tcp,smtp,SF,805,1173,7,7,0.042,0.832,0,1,normal,0
71.71,udp,pop3,SF,449,1480,6,9,0.032,0.734,0,1,normal,0
24.11,icmp,pop3,SF,400,1011,3,4,0.06,0.767,0,1,normal,0
0.0,tcp,dns,REJ,19,0,473,105,0.819,0.79,0,0,dos,1
35.58,tcp,smtp,RSTR,727,136,8,9,0.02,0.683,0,1,normal,0
68.86,tcp,telnet,REJ,957,1038,8,4,0.0,0.848,0,1,normal,0
2.08,tcp,smtp,S0,65,1,499,369,0.804,0.93,0,0,dos,1
42.18,icmp,ftp,SF,742,1157,6,5,0.0,0.787,0,1,normal,0
57.6,icmp,ssh,SF,557,589,7,8,0.0,0.821,0,1,normal,0
45.87,tcp,ftp,S0,73,1001,4,1,0.015,0.851,0,1,normal,0
0.0,tcp,other,SF,495,0,3,3,0.12,0.626,0,1,u2r,1
9.88,icmp,dns,S0,118,560,14,9,0.0,0.689,3,0,r2l,1
0.31,udp,ftp,SF,289,762,1,3,0.0,0.942,0,1,normal,0
6.06,tcp,telnet,S0,52,2,304,137,0.797,0.942,0,0,dos,1
83.47,tcp,smtp,SF,409,1475,7,5,0.0,0.867,0,1,normal,0
56.65,tcp,http,SF,326,1248,1,2,0.0,0.889,0,1,normal,0
79.76,tcp,other,SF,887,1386,8,8,0.072,0.981,0,1,normal,0
27.95,udp,ssh,SF,811,1807,1,8,0.057,1.0,0,1,normal,0
2.96,tcp,dns,SF,269,544,7,1,0.02,1.0,0,1,normal,0
2.78,tcp,smtp,S0,58,1,486,302,1.0,0.911,0,0,dos,1
65.82,tcp,ssh,SF,567,970,3,5,0.018,1.0,0,1,normal,0
38.98,tcp,telnet,SF,873,0,7,4,0.0,0.98,0,1,normal,0
26.9,tcp,http,SF,670,1767,5,5,0.015,1.0,0,1,normal,0
0.0,tcp,pop3,SF,386,947,7,8,0.0,0.8,0,1,normal,0
30.97,tcp,ssh,SF,595,418,5,1,0.0,0.767,0,1,normal,0
23.89,tcp,ftp,S0,406,368,9,9,0.119,0.376,4,0,r2l,1
70.23,tcp,http,SF,352,708,1,8,0.009,0.868,0,1,normal,0
0.0,icmp,telnet,SF,1106,712,8,8,0.0,0.85,0,1,normal,0
0.0,tcp,http,RSTO,720,1572,7,6,0.0,0.856,0,1,normal,0
24.97,tcp,telnet,S0,0,312,5,4,0.015,0.586,4,1,r2l,1
0.0,udp,smtp,S0,24,0,82,14,0.467,0.284,0,0,probe,1
0.0,tcp,other,SF,145,782,3,6,0.0,0.614,0,1,normal,0
16.2,tcp,ssh,SF,67,1872,4,1,0.052,0.865,0,1,normal,0
23.61,tcp,ssh,SF,752,850,4,7,0.0,0.857,0,1,normal,0
0.0,tcp,pop3,RSTR,93,0,342,332,0.898,0.872,0,0,dos,1
1.41,udp,other,REJ,38,1,402,370,0.942,0.939,0,0,dos,1
0.0,udp,smtp,REJ,81,0,167,124,0.894,0.994,0,0,dos,1
57.31,tcp,pop3,SF,680,832,4,3,0.0,0.857,0,1,normal,0
125.68,tcp,dns,SF,891,261,5,3,0.0,0.853,0,1,normal,0
79.02,icmp,ssh,SF,576,1253,2,7,0.0,1.0,0,1,normal,0
24.58,tcp,ftp,SF,513,1185,1,7,0.035,0.907,0,1,normal,0
42.3,icmp,http,SF,1178,424,4,3,0.0,0.782,0,1,normal,0
79.22,tcp,ssh,SF,605,386,4,2,0.0,0.797,0,1,normal,0
60.49,tcp,ftp,RSTO,383,1950,1,1,0.0,0.846,0,1,normal,0
0.0,tcp,ftp,REJ,1,1,176,308,0.812,0.93,0,0,dos,1
0.0,tcp,http,REJ,50,3,321,442,0.856,0.945,0,0,dos,1
4.01,udp,ssh,S0,74,0,255,137,0.897,0.908,0,0,dos,1
4.83,tcp,other,S0,0,5,432,343,0.841,0.941,0,0,dos,1
1.47,tcp,ftp,REJ,74,0,368,356,0.94,0.991,0,0,dos,1
50.0,tcp,ftp,SF,790,1865,2,7,0.0,0.921,0,1,normal,0
42.9,tcp,other,SF,0,1434,2,2,0.0,0.973,0,1,normal,0
4.03,tcp,http,SF,466,378,6,4,0.03,0.943,0,1,normal,0
32.45,tcp,telnet,SF,0,772,2,3,0.043,1.0,0,1,normal,0
65.86,tcp,ftp,SF,722,2374,9,3,0.026,0.947,0,1,normal,0
0.0,tcp,http,S0,128,0,370,377,0.942,0.966,0,0,dos,1
6.42,tcp,ssh,S0,55,0,159,406,0.97,0.908,0,0,dos,1
3.61,tcp,dns,S0,25,2,43,6,0.231,0.178,0,0,probe,1
21.62,tcp,other,S0,0,311,12,1,0.196,0.101,2,1,r2l,1
4.52,tcp,ftp,S0,15,1,91,14,0.728,0.098,0,0,probe,1
16.22,tcp,dns,SF,676,1316,9,3,0.008,0.943,0,1,normal,0
0.0,tcp,ssh,S0,80,7,417,440,0.889,0.905,0,0,dos,1
2.31,tcp,smtp,S0,92,3,207,211,0.871,0.941,0,0,dos,1
1.27,udp,dns,S0,80,2,339,331,0.965,0.977,0,0,dos,1
61.2,tcp,other,SF,643,67,5,2,0.038,1.0,0,1,normal,0
37.98,udp,pop3,SF,394,186,7,8,0.0,0.931,0,1,normal,0
1.38,udp,ssh,S0,3,0,21,19,0.568,0.191,0,0,probe,1
56.54,tcp,other,SF,442,796,6,2,0.07,1.0,0,1,normal,0
42.73,tcp,http,SF,500,781,2,5,0.0,0.77,0,1,normal,0
31.13,tcp,ssh,RSTR,314,1050,1,9,0.0,0.783,0,1,normal,0
84.42,tcp,smtp,REJ,477,37,4,4,0.0,0.917,0,1,normal,0
15.43,tcp,telnet,SF,788,1759,5,2,0.085,0.992,0,1,normal,0
192.59,tcp,smtp,SF,374,657,1,1,0.0,0.649,0,1,u2r,1
1.89,udp,ssh,S0,38,1,471,205,0.861,1.0,0,0,dos,1
2.37,tcp,smtp,S0,0,4,59,9,0.323,0.239,0,0,probe,1
26.34,tcp,telnet,SF,513,1360,4,3,0.025,0.825,0,1,normal,0
31.31,udp,other,SF,586,1965,7,1,0.009,0.883,0,1,normal,0
0.0,udp,http,SF,159,1654,2,8,0.035,0.948,0,1,normal,0
50.12,tcp,ftp,SF,667,707,9,7,0.093,0.925,0,1,normal,0
35.22,tcp,other,SF,813,685,7,6,0.0,0.936,0,1,normal,0
2.99,udp,telnet,RSTR,20,1,174,390,0.971,0.948,0,0,dos,1
160.73,tcp,telnet,SF,422,680,4,2,0.058,0.485,1,1,u2r,1
41.7,tcp,other,SF,82,1108,1,2,0.022,0.873,0,1,normal,0
21.66,tcp,telnet,SF,643,117,6,8,0.04,0.888,0,1,normal,0
69.27,tcp,other,RSTR,405,497,8,6,0.05,1.0,0,1,normal,0
36.6,tcp,dns,REJ,311,1098,9,5,0.038,0.803,0,1,normal,0
52.07,icmp,ssh,SF,750,1440,8,4,0.0,0.922,0,1,normal,0
0.0,tcp,dns,S0,666,704,3,2,0.0,1.0,0,1,normal,0
13.41,tcp,dns,SF,1274,1279,7,2,0.066,0.935,0,1,normal,0
44.87,tcp,pop3,SF,38,780,5,4,0.009,0.969,0,1,normal,0
3.98,tcp,telnet,REJ,38,2,331,265,0.736,1.0,0,0,dos,1
41.3,udp,ftp,SF,671,239,8,2,0.049,0.899,0,1,normal,0
78.92,tcp,smtp,SF,0,995,8,4,0.0,1.0,0,1,normal,0
33.06,tcp,ftp,SF,260,1247,9,1,0.0,0.952,0,1,normal,0
103.26,tcp,http,SF,831,1266,3,1,0.103,0.797,0,1,normal,0
160.88,udp,ftp,SF,235,1809,3,6,0.125,0.809,0,1,normal,0
0.81,udp,ftp,S0,143,0,348,392,0.611,0.953,0,0,dos,1
6.47,tcp,ssh,REJ,44,0,40,1,0.805,0.015,0,0,probe,1
92.11,tcp,other,REJ,903,957,2,9,0.0,1.0,0,1,normal,0
38.93,tcp,pop3,SF,725,564,4,5,0.0,0.926,0,1,normal,0
8.13,tcp,pop3,SF,606,1739,6,7,0.052,0.98,0,1,normal,0
58.83,tcp,ftp,SF,340,1470,8,1,0.0,0.879,0,1,normal,0
103.55,tcp,http,SF,484,0,2,7,0.0,1.0,0,1,normal,0
0.68,tcp,dns,RSTR,51,1,399,355,0.904,1.0,0,0,dos,1
2.66,udp,dns,SF,0,1542,8,8,0.0,0.853,0,1,normal,0
6.91,udp,other,SF,539,619,5,5,0.0,0.886,0,1,normal,0
53.93,tcp,other,SF,681,1677,2,8,0.035,0.785,0,1,normal,0
35.17,icmp,dns,SF,752,1876,2,6,0.022,1.0,0,1,normal,0
0.17,icmp,ssh,REJ,13,0,54,18,0.507,0.183,0,0,probe,1
19.53,tcp,dns,SF,0,704,4,4,0.062,1.0,0,1,normal,0
15.9,tcp,telnet,SF,50,1940,4,8,0.0,0.854,0,1,normal,0
75.99,tcp,ftp,SF,531,1416,3,1,0.046,1.0,0,1,normal,0
1.98,udp,other,REJ,59,0,503,441,0.954,0.997,0,0,dos,1
95.99,tcp,ftp,SF,732,516,1,1,0.0,1.0,0,1,normal,0
67.96,tcp,ftp,SF,337,335,7,3,0.056,0.915,0,1,normal,0
59.7,udp,pop3,SF,0,896,1,5,0.067,0.845,0,1,normal,0
0.0,tcp,other,SF,491,1467,3,8,0.07,1.0,0,1,normal,0
0.0,tcp,telnet,S0,45,1,500,183,0.996,0.962,0,0,dos,1
108.89,tcp,ssh,S0,432,637,3,3,0.011,1.0,0,1,normal,0
0.0,tcp,dns,SF,709,615,6,5,0.029,1.0,0,1,normal,0
35.81,tcp,pop3,SF,661,1267,2,5,0.01,0.958,0,1,normal,0
86.54,tcp,ftp,SF,284,1405,5,1,0.078,0.792,0,1,normal,0
23.57,tcp,other,SF,26,1048,1,8,0.0,0.852,0,1,normal,0
0.0,udp,http,S0,41,0,356,510,0.887,0.88,0,0,dos,1
65.74,tcp,smtp,SF,635,1369,2,7,0.096,0.964,0,1,normal,0
14.66,tcp,pop3,SF,1096,902,6,8,0.043,0.852,0,1,normal,0
0.0,tcp,http,SF,378,1036,9,7,0.065,0.761,0,1,normal,0
1.37,tcp,ftp,RSTR,67,13,468,370,0.887,0.935,0,0,dos,1
50.39,udp,http,S0,582,951,8,6,0.071,0.998,0,1,normal,0
18.96,tcp,ssh,SF,213,1549,7,1,0.127,0.951,0,1,normal,0
23.15,tcp,telnet,SF,750,110,5,2,0.0,0.743,0,1,normal,0
0.0,udp,http,SF,474,1383,2,1,0.031,0.891,0,1,normal,0
42.79,tcp,ftp,S0,36,220,2,2,0.225,0.668,2,0,r2l,1
104.98,udp,other,SF,768,498,7,3,0.024,0.948,0,1,normal,0
65.38,udp,telnet,SF,545,1051,7,9,0.119,0.788,0,1,normal,0
72.02,tcp,other,SF,627,1080,6,5,0.0,0.728,0,1,normal,0
76.75,tcp,telnet,SF,887,790,3,3,0.0,1.0,0,1,normal,0
60.05,udp,dns,SF,81,919,1,7,0.0,0.803,0,1,normal,0
12.37,tcp,pop3,SF,865,962,7,7,0.097,0.779,0,1,normal,0
56.61,tcp,other,SF,432,1095,7,8,0.0,1.0,0,1,normal,0
0.0,tcp,other,S0,62,1,478,170,0.886,0.932,0,0,dos,1
1.24,udp,ssh,S0,0,1,147,266,1.0,1.0,0,0,dos,1
85.7,tcp,http,SF,531,1184,7,9,0.024,0.954,0,1,normal,0
33.76,tcp,telnet,SF,101,326,14,8,0.239,0.435,1,0,r2l,1
14.96,udp,dns,SF,259,378,14,5,0.193,0.268,2,0,r2l,1
71.88,tcp,pop3,SF,304,1601,6,7,0.002,0.891,0,1,normal,0
12.3,tcp,telnet,SF,0,745,5,7,0.018,0.783,0,1,normal,0
168.13,udp,ssh,SF,817,560,9,8,0.057,0.855,0,1,normal,0
0.0,tcp,http,SF,494,565,1,6,0.044,0.868,0,1,normal,0
69.94,icmp,telnet,S0,257,1387,3,1,0.012,0.811,0,1,normal,0
72.83,icmp,dns,SF,564,1984,9,3,0.0,0.686,0,1,normal,0
44.06,tcp,smtp,SF,22,501,1,2,0.158,0.554,2,0,r2l,1
18.16,tcp,other,SF,289,903,9,3,0.004,1.0,0,1,normal,0
0.08,tcp,http,S0,18,0,454,281,0.975,1.0,0,0,dos,1
20.41,tcp,other,SF,181,1477,3,8,0.0,0.942,0,1,normal,0
27.22,tcp,dns,SF,907,1978,1,2,0.0,0.898,0,1,normal,0
0.74,tcp,dns,REJ,29,0,391,189,0.821,0.846,0,0,dos,1
65.02,tcp,ftp,SF,352,523,3,9,0.0,0.788,0,1,normal,0
143.41,tcp,telnet,SF,853,1386,4,9,0.04,0.79,0,1,normal,0
46.06,tcp,ftp,SF,750,811,5,2,0.063,1.0,0,1,normal,0
48.08,tcp,pop3,SF,186,457,1,8,0.044,0.891,0,1,normal,0
3.32,tcp,http,SF,230,1092,5,2,0.009,0.957,0,1,normal,0
60.54,udp,smtp,SF,504,1442,9,4,0.099,1.0,0,1,normal,0
141.98,udp,telnet,SF,1366,218,9,1,0.032,0.731,0,1,normal,0
41.29,tcp,dns,SF,686,2173,4,8,0.114,0.727,0,1,normal,0
33.85,tcp,ssh,SF,213,1349,8,4,0.039,0.887,0,1,normal,0
0.0,tcp,smtp,SF,505,1278,9,8,0.08,0.848,0,1,normal,0
0.0,tcp,other,SF,686,991,6,7,0.0,1.0,0,1,normal,0
29.29,tcp,ssh,SF,879,1589,1,5,0.059,0.895,0,1,normal,0
0.0,tcp,http,REJ,0,1638,6,3,0.0,0.985,0,1,normal,0
0.0,tcp,dns,S0,45,1,103,269,0.901,0.984,0,0,dos,1
97.04,tcp,http,SF,473,1607,1,2,0.037,1.0,0,1,normal,0
19.19,udp,http,SF,310,1245,4,7,0.022,0.991,0,1,normal,0
83.13,tcp,ftp,SF,647,1700,4,4,0.019,0.908,0,1,normal,0
0.43,tcp,telnet,SF,159,296,1,9,0.222,0.936,1,1,r2l,1
74.61,tcp,pop3,SF,275,661,7,2,0.086,0.839,0,1,normal,0
81.04,tcp,http,SF,584,748,3,4,0.0,1.0,0,1,normal,0
80.06,tcp,telnet,SF,266,544,2,3,0.029,0.845,0,1,normal,0
73.22,udp,dns,SF,577,1728,3,5,0.048,0.843,0,1,normal,0
52.37,tcp,ftp,SF,614,874,7,6,0.0,0.983,0,1,normal,0
16.18,tcp,pop3,SF,802,1417,6,7,0.014,0.924,0,1,normal,0
5.65,tcp,pop3,SF,45,929,8,7,0.0,0.902,0,1,normal,0
59.44,tcp,ftp,SF,265,772,3,8,0.041,0.686,0,1,normal,0
62.31,udp,http,SF,313,1154,8,4,0.062,0.805,0,1,normal,0
1.39,tcp,http,REJ,16,5,124,219,0.937,0.949,0,0,dos,1
89.44,tcp,dns,SF,0,689,5,2,0.037,0.808,0,1,normal,0
2.11,tcp,ssh,S0,29,1,57,3,0.238,0.573,0,0,probe,1
0.0,tcp,pop3,S0,52,0,399,129,0.791,0.952,0,0,dos,1
3.47,tcp,telnet,REJ,43,0,346,360,0.908,0.943,0,0,dos,1
4.04,udp,telnet,S0,30,0,370,309,0.986,0.897,0,0,dos,1
38.62,tcp,dns,SF,854,2518,6,7,0.076,0.871,0,1,normal,0
25.65,udp,http,SF,592,1057,8,4,0.006,0.992,0,1,normal,0
60.04,tcp,dns,S0,844,1425,3,4,0.003,1.0,0,1,normal,0
56.78,tcp,ssh,SF,628,606,3,4,0.0,0.646,0,1,normal,0
1.57,tcp,telnet,SF,592,775,1,2,0.0,0.864,0,1,normal,0
42.97,udp,ssh,SF,875,1783,8,2,0.0,0.971,0,1,normal,0
20.85,tcp,ssh,SF,769,1549,7,1,0.049,1.0,0,1,normal,0
3.98,udp,telnet,S0,39,1,40,1,0.435,0.178,0,0,probe,1
67.95,tcp,smtp,SF,293,1509,3,2,0.058,0.989,0,1,normal,0
0.0,tcp,telnet,SF,789,400,2,3,0.018,0.81,0,1,normal,0
0.0,icmp,telnet,SF,440,1086,6,4,0.062,1.0,0,1,normal,0
65.32,tcp,ssh,REJ,112,1647,8,5,0.098,0.925,0,1,normal,0
0.41,tcp,other,S0,35,0,79,11,1.0,0.0,0,0,probe,1
24.72,tcp,telnet,SF,512,721,9,2,0.0,0.877,0,1,normal,0
96.09,udp,other,SF,762,1433,9,8,0.0,0.966,0,1,normal,0
47.04,tcp,dns,RSTR,477,1553,3,7,0.029,0.963,0,1,normal,0
86.03,tcp,pop3,SF,712,701,6,9,0.0,0.834,0,1,normal,0
137.62,udp,ssh,SF,303,1359,5,6,0.039,1.0,0,1,normal,0
19.24,tcp,ssh,SF,411,221,8,5,0.286,0.767,4,1,r2l,1
74.28,tcp,dns,SF,387,915,3,5,0.115,0.815,0,1,normal,0
84.47,tcp,http,SF,621,694,7,8,0.043,0.961,0,1,normal,0
76.27,tcp,dns,RSTO,144,1823,5,2,0.0,0.884,0,1,normal,0
108.96,udp,ssh,S0,926,1193,7,2,0.0,1.0,0,1,normal,0
91.92,tcp,smtp,SF,596,759,3,3,0.0,0.611,0,1,u2r,1
3.22,tcp,pop3,REJ,52,0,484,394,0.896,1.0,0,0,dos,1
70.65,tcp,pop3,SF,393,1362,1,5,0.0,0.87,0,1,normal,0
121.75,tcp,smtp,SF,178,430,7,1,0.013,0.972,0,1,normal,0
23.73,udp,pop3,SF,645,1705,7,3,0.0,0.809,0,1,normal,0
88.84,tcp,http,SF,743,227,5,8,0.079,0.813,0,1,normal,0
1.81,tcp,ssh,SF,650,419,9,9,0.038,0.895,0,1,normal,0
1.71,tcp,telnet,S0,47,0,174,450,1.0,0.957,0,0,dos,1
22.44,icmp,dns,SF,1180,193,6,8,0.013,1.0,0,1,normal,0
39.75,tcp,pop3,SF,356,1377,5,6,0.017,0.828,0,1,normal,0
0.39,tcp,other,REJ,58,0,360,133,0.742,1.0,0,0,dos,1
0.85,tcp,ftp,S0,55,0,370,314,0.913,1.0,0,0,dos,1
51.26,tcp,dns,SF,689,1074,4,7,0.031,0.867,0,1,normal,0
32.77,tcp,ssh,SF,59,1034,8,2,0.011,0.887,0,1,normal,0
84.3,tcp,ftp,SF,738,2254,6,6,0.012,0.978,0,1,normal,0
1.74,tcp,pop3,S0,26,0,202,148,1.0,0.926,0,0,dos,1
26.02,tcp,telnet,SF,751,878,5,7,0.0,1.0,0,1,normal,0
0.0,tcp,smtp,S0,541,1412,8,8,0.046,0.74,0,1,normal,0
81.56,udp,pop3,SF,340,2188,3,7,0.083,0.963,0,1,normal,0
41.31,tcp,other,SF,401,1289,7,9,0.033,0.875,0,1,normal,0
79.19,tcp,telnet,SF,269,922,6,9,0.015,0.763,0,1,normal,0
0.0,udp,other,REJ,33,0,185,264,1.0,0.967,0,0,dos,1
74.29,udp,ftp,SF,0,1107,4,6,0.0,0.927,0,1,normal,0
62.02,tcp,http,SF,734,425,6,9,0.0,1.0,0,1,normal,0
34.58,tcp,pop3,SF,0,89,2,1,0.031,0.961,0,1,u2r,1
28.24,tcp,ssh,SF,780,140,2,1,0.0,0.89,0,1,normal,0
22.33,tcp,other,SF,286,262,4,6,0.0,0.723,0,1,normal,0
39.78,tcp,ftp,S0,605,1429,3,6,0.098,0.974,0,1,normal,0
36.28,tcp,smtp,SF,702,1211,1,5,0.036,0.748,0,1,normal,0
75.33,tcp,telnet,SF,29,981,2,2,0.016,0.977,0,1,normal,0
61.58,tcp,telnet,SF,652,359,3,1,0.019,0.74,0,1,normal,0
80.25,tcp,telnet,SF,566,1540,4,2,0.004,0.823,0,1,normal,0
102.65,tcp,http,SF,311,1270,8,3,0.057,0.869,0,1,normal,0
98.88,tcp,smtp,SF,1238,1586,5,7,0.0,0.819,0,1,normal,0
2.18,tcp,ftp,S0,78,11,278,109,0.925,0.921,0,0,dos,1
143.75,tcp,dns,SF,0,1972,1,8,0.0,1.0,0,1,normal,0
0.0,tcp,other,S0,83,4,510,353,0.878,1.0,0,0,dos,1
15.57,tcp,smtp,SF,472,558,8,4,0.102,0.921,0,1,normal,0
75.28,tcp,ssh,SF,410,808,7,3,0.0,0.958,0,1,normal,0
85.19,tcp,smtp,SF,0,764,8,3,0.0,0.835,0,1,normal,0
68.43,udp,http,SF,509,397,8,3,0.076,0.822,0,1,normal,0
19.7,tcp,ssh,SF,1213,1448,1,5,0.084,0.925,0,1,normal,0
49.28,tcp,telnet,SF,769,971,8,3,0.063,1.0,0,1,normal,0
47.64,udp,other,SF,292,653,4,5,0.0,0.783,0,1,normal,0
0.0,tcp,http,REJ,515,1065,2,2,0.026,0.933,0,1,normal,0
60.25,tcp,ssh,SF,461,231,4,8,0.036,0.974,0,1,normal,0
101.18,tcp,pop3,SF,290,563,4,8,0.006,1.0,0,1,normal,0
17.71,tcp,smtp,SF,1085,1110,7,5,0.082,0.842,0,1,normal,0
40.94,udp,pop3,SF,205,575,4,6,0.025,1.0,0,1,normal,0
42.28,tcp,http,SF,305,1065,1,8,0.093,1.0,0,1,normal,0
81.07,tcp,pop3,SF,696,670,8,1,0.074,0.888,0,1,normal,0
125.12,tcp,http,SF,1253,532,7,4,0.011,0.898,0,1,normal,0
34.36,tcp,ssh,SF,265,733,3,7,0.026,0.967,0,1,normal,0
47.2,tcp,pop3,SF,647,630,6,4,0.026,1.0,0,1,normal,0
63.53,tcp,dns,SF,673,1189,3,5,0.076,0.759,0,1,normal,0
0.89,tcp,http,REJ,22,0,24,15,0.188,0.238,0,0,probe,1
0.0,udp,ssh,SF,543,1030,3,2,0.0,0.86,0,1,normal,0
3.41,tcp,http,S0,5,4,256,304,1.0,0.96,0,0,dos,1
0.0,tcp,telnet,SF,434,1679,6,2,0.025,0.735,0,1,normal,0
63.73,tcp,ssh,SF,742,796,7,4,0.0,0.897,0,1,normal,0
116.99,tcp,telnet,SF,443,834,1,4,0.041,0.881,0,1,normal,0
55.18,tcp,ftp,SF,37,1322,1,8,0.022,0.806,0,1,normal,0
181.63,tcp,dns,SF,464,1886,9,7,0.046,0.953,0,1,normal,0
0.4,icmp,ftp,REJ,90,0,259,378,0.986,0.941,0,0,dos,1
90.58,tcp,smtp,SF,46,670,1,9,0.0,0.981,0,1,normal,0
64.61,tcp,dns,SF,0,1313,2,9,0.042,0.999,0,1,normal,0
52.52,tcp,ssh,SF,99,1411,2,2,0.0,0.793,0,1,normal,0
5.53,tcp,http,SF,495,1399,3,4,0.0,0.807,0,1,normal,0
0.0,tcp,dns,RSTR,47,0,130,149,0.972,0.96,0,0,dos,1
19.27,tcp,other,SF,595,687,8,5,0.0,1.0,0,1,normal,0
44.79,udp,dns,REJ,305,258,6,8,0.137,1.0,0,1,normal,0
1.73,tcp,telnet,REJ,4,0,92,2,0.551,0.281,0,0,probe,1
17.0,tcp,smtp,SF,109,703,14,9,0.0,0.75,4,1,r2l,1
31.47,tcp,ftp,SF,773,678,1,1,0.022,0.865,0,1,normal,0
27.05,tcp,telnet,SF,552,414,3,4,0.002,0.93,0,1,normal,0
3.35,tcp,telnet,REJ,95,3,458,432,1.0,0.98,0,0,dos,1
80.42,udp,ssh,SF,551,1457,7,3,0.037,0.939,0,1,normal,0
0.0,tcp,dns,SF,0,971,3,7,0.022,1.0,0,1,normal,0
117.36,tcp,telnet,SF,189,2062,4,1,0.0,1.0,0,1,normal,0
0.0,tcp,telnet,SF,47,0,28,13,0.233,0.163,0,0,probe,1
4.03,tcp,other,S0,9,0,47,2,0.048,0.162,0,0,probe,1
40.34,udp,ftp,SF,758,1240,1,1,0.043,0.943,0,1,normal,0
54.36,tcp,smtp,SF,409,1287,3,3,0.051,0.675,0,1,normal,0
11.44,tcp,ssh,SF,836,183,1,8,0.036,0.863,0,1,normal,0
59.47,tcp,other,SF,781,1920,8,7,0.088,0.935,0,1,normal,0
3.55,tcp,pop3,S0,21,1,77,8,0.472,0.126,0,0,probe,1
19.79,icmp,dns,SF,144,961,6,2,0.0,0.732,0,1,normal,0
68.24,icmp,telnet,REJ,810,1571,3,7,0.0,1.0,0,1,normal,0
0.0,tcp,http,S0,39,0,300,330,0.881,0.979,0,0,dos,1
0.0,tcp,ssh,SF,479,317,6,6,0.007,0.799,0,1,normal,0
0.55,tcp,other,S0,54,0,338,211,0.912,0.909,0,0,dos,1
0.0,tcp,telnet,SF,260,1400,1,9,0.079,0.955,0,1,normal,0
0.6,tcp,other,REJ,77,1,414,468,0.948,0.967,0,0,dos,1
43.82,tcp,http,SF,600,843,7,1,0.0,0.875,0,1,normal,0
79.47,tcp,other,SF,305,58,4,8,0.149,0.994,0,1,normal,0
76.94,tcp,http,SF,478,1315,8,9,0.073,0.982,0,1,normal,0
31.33,udp,pop3,SF,1041,1177,4,6,0.065,0.863,0,1,normal,0
83.59,icmp,other,RSTR,568,688,1,3,0.085,0.81,0,1,normal,0
87.95,tcp,telnet,SF,501,942,7,1,0.0,0.874,0,1,normal,0
0.0,tcp,smtp,SF,461,2639,1,7,0.075,0.97,0,1,normal,0
4.81,udp,dns,S0,84,1,238,131,0.92,0.982,0,0,dos,1
50.92,tcp,pop3,SF,510,2161,2,3,0.0,1.0,0,1,normal,0
78.44,tcp,pop3,S0,246,887,7,8,0.0,0.763,0,1,normal,0
4.4,tcp,telnet,RSTR,61,5,182,286,0.842,1.0,0,0,dos,1
61.94,udp,smtp,SF,459,2255,3,8,0.076,0.859,0,1,normal,0
0.0,tcp,smtp,REJ,40,0,396,203,0.987,0.988,0,0,dos,1
0.0,tcp,ftp,SF,1113,736,9,8,0.011,0.796,0,1,normal,0
32.24,tcp,telnet,SF,1086,1285,4,7,0.005,0.971,0,1,normal,0
100.83,udp,ftp,SF,740,1009,7,8,0.0,0.863,0,1,normal,0
0.0,tcp,ssh,REJ,9,0,286,343,0.786,0.954,0,0,dos,1
10.58,udp,dns,SF,334,1270,4,5,0.037,1.0,0,1,normal,0
7.34,tcp,telnet,SF,447,1822,3,7,0.021,0.926,0,1,normal,0
22.27,tcp,pop3,SF,184,226,12,6,0.247,0.45,2,1,r2l,1
79.9,tcp,other,S0,779,1486,8,2,0.029,0.979,0,1,normal,0
0.0,tcp,pop3,S0,16,0,33,8,0.405,0.338,0,0,probe,1
0.03,tcp,http,RSTR,3,0,460,447,0.922,0.848,0,0,dos,1
11.43,tcp,dns,SF,7,0,99,11,0.926,0.174,0,0,probe,1
5.54,udp,telnet,SF,38,0,98,5,0.856,0.088,0,0,probe,1
106.53,tcp,dns,SF,1161,0,2,3,0.0,0.95,0,1,u2r,1
24.35,tcp,dns,SF,613,216,8,6,0.1,1.0,0,1,normal,0
0.15,tcp,pop3,S0,70,0,178,288,0.902,0.863,0,0,dos,1
4.78,tcp,http,REJ,48,0,507,195,0.86,0.963,0,0,dos,1
113.7,tcp,telnet,SF,321,145,4,6,0.033,0.879,0,1,normal,0
57.21,tcp,smtp,SF,788,1037,6,8,0.0,0.926,0,1,normal,0
29.83,tcp,other,SF,86,200,2,2,0.012,0.772,3,0,r2l,1
75.38,tcp,telnet,SF,493,1226,5,2,0.072,1.0,0,1,normal,0
16.51,tcp,other,SF,413,169,8,2,0.0,0.888,0,1,normal,0
25.14,tcp,ssh,SF,826,1246,5,4,0.0,0.933,0,1,normal,0
96.32,tcp,ftp,SF,468,1187,2,1,0.017,0.688,0,1,normal,0
0.92,tcp,pop3,S0,29,3,113,233,0.899,1.0,0,0,dos,1
81.5,tcp,pop3,SF,345,947,1,9,0.095,0.965,0,1,normal,0
73.68,udp,ssh,SF,976,378,9,7,0.094,1.0,0,1,normal,0
0.0,tcp,dns,REJ,49,0,189,231,1.0,0.944,0,0,dos,1
10.11,tcp,ssh,SF,206,9,5,8,0.076,0.895,0,1,normal,0
3.03,tcp,telnet,REJ,48,1,235,305,0.885,1.0,0,0,dos,1
0.0,tcp,telnet,SF,253,596,5,2,0.029,0.89,0,1,normal,0
2.86,tcp,dns,S0,56,0,182,404,0.911,0.889,0,0,dos,1
2.89,tcp,telnet,SF,0,241,3,6,0.098,0.662,3,0,r2l,1
136.84,tcp,other,SF,203,1249,5,3,0.04,0.88,0,1,normal,0
36.1,tcp,other,SF,837,98,5,2,0.056,0.795,0,1,normal,0
61.81,udp,other,SF,172,627,9,9,0.039,0.936,0,1,normal,0
44.94,tcp,dns,SF,780,0,6,9,0.0,0.974,0,1,normal,0
0.0,tcp,dns,S0,38,0,276,445,1.0,0.987,0,0,dos,1
0.0,tcp,other,SF,751,599,3,6,0.0,0.796,0,1,normal,0
0.0,icmp,ftp,SF,841,771,9,3,0.0,0.827,0,1,normal,0
70.63,udp,other,SF,743,1637,2,5,0.0,1.0,0,1,normal,0
75.3,tcp,dns,SF,887,1282,3,4,0.0,1.0,0,1,normal,0
1.09,tcp,http,RSTR,7,4,456,225,0.895,0.975,0,0,dos,1
39.28,tcp,pop3,SF,189,1113,5,4,0.016,0.816,0,1,normal,0
0.0,icmp,smtp,SF,117,0,2,3,0.0,0.891,0,1,normal,0
79.51,tcp,http,SF,839,1968,2,1,0.031,0.962,0,1,normal,0
0.69,tcp,other,S0,0,0,353,109,0.96,1.0,0,0,dos,1
93.31,tcp,http,SF,346,568,8,4,0.068,0.948,0,1,normal,0
104.97,tcp,dns,REJ,764,989,4,6,0.0,0.911,0,1,normal,0
66.64,tcp,ftp,RSTR,231,290,4,6,0.021,0.915,0,1,normal,0
16.48,tcp,ssh,SF,393,1261,8,8,0.0,0.805,0,1,normal,0
21.6,tcp,pop3,SF,262,545,5,1,0.158,0.934,4,1,r2l,1
76.44,tcp,http,SF,164,1129,4,1,0.0,0.892,0,1,normal,0
28.69,tcp,dns,SF,474,349,5,1,0.132,0.929,0,1,normal,0
3.38,tcp,telnet,S0,37,8,371,451,0.872,0.914,0,0,dos,1
61.75,tcp,ftp,SF,501,1396,1,1,0.018,0.881,0,1,normal,0
35.22,tcp,pop3,SF,772,557,7,5,0.003,0.788,0,1,normal,0
70.36,tcp,telnet,SF,865,1996,4,1,0.043,0.861,0,1,normal,0
26.46,tcp,ssh,SF,1117,841,3,1,0.129,0.877,0,1,normal,0
0.85,tcp,smtp,S0,0,0,435,221,0.795,0.993,0,0,dos,1
0.44,udp,telnet,S0,69,0,191,278,0.86,1.0,0,0,dos,1
4.97,udp,dns,S0,17,0,34,8,0.39,0.286,0,0,probe,1
3.87,icmp,ftp,S0,52,0,69,12,0.22,0.256,0,0,probe,1
66.43,tcp,telnet,SF,186,1261,3,3,0.059,1.0,0,1,normal,0
105.23,tcp,dns,SF,919,907,6,9,0.061,0.826,0,1,normal,0
71.31,icmp,ftp,SF,763,1423,5,8,0.064,1.0,0,1,normal,0
5.95,tcp,pop3,SF,236,567,9,2,0.139,0.175,4,0,r2l,1
0.12,icmp,telnet,S0,41,0,460,339,0.894,0.872,0,0,dos,1
35.31,udp,pop3,SF,506,653,5,1,0.03,0.736,0,1,normal,0
47.81,udp,telnet,SF,270,972,4,6,0.089,0.835,0,1,normal,0
0.54,icmp,ftp,S0,0,0,439,334,0.729,0.988,0,0,dos,1
1.49,tcp,ftp,REJ,25,1,49,17,0.474,0.009,0,0,probe,1
3.34,tcp,http,REJ,39,0,183,122,0.971,1.0,0,0,dos,1
33.98,tcp,http,SF,506,363,8,9,0.0,1.0,0,1,normal,0
58.41,tcp,dns,SF,124,0,7,7,0.0,0.797,0,1,normal,0
0.0,tcp,ssh,SF,346,890,2,3,0.0,0.837,0,1,normal,0
79.94,tcp,smtp,SF,337,667,7,9,0.095,1.0,0,1,normal,0
3.06,udp,ssh,S0,31,0,85,16,0.208,0.357,0,0,probe,1
37.05,tcp,ftp,SF,480,591,9,8,0.0,0.887,0,1,normal,0
107.04,udp,ftp,SF,447,1480,1,5,0.025,0.715,0,1,normal,0
37.68,udp,ftp,S0,588,860,8,1,0.0,0.951,0,1,normal,0
32.52,tcp,http,SF,396,1429,8,8,0.0,1.0,0,1,normal,0
86.55,tcp,http,SF,0,777,9,3,0.059,0.874,0,1,normal,0
51.01,tcp,telnet,SF,136,1594,3,4,0.095,1.0,0,1,normal,0
0.0,udp,telnet,S0,41,8,470,331,0.982,0.915,0,0,dos,1
48.94,icmp,pop3,SF,450,296,3,7,0.134,1.0,0,1,normal,0
123.73,tcp,ftp,SF,909,614,8,7,0.071,0.949,0,1,normal,0
47.41,udp,smtp,SF,647,1780,1,9,0.0,0.702,0,1,normal,0
38.34,tcp,smtp,SF,268,926,2,2,0.0,1.0,0,1,normal,0
0.7,udp,ftp,S0,41,5,231,248,1.0,0.959,0,0,dos,1
0.0,tcp,telnet,S0,32,1,36,13,0.271,0.47,0,0,probe,1
97.03,tcp,dns,S0,456,261,2,3,0.051,1.0,0,1,normal,0
23.13,tcp,pop3,SF,56,108,5,9,0.086,0.524,3,0,r2l,1
0.7,udp,other,RSTR,52,0,211,384,0.958,1.0,0,0,dos,1
0.0,tcp,telnet,RSTO,998,895,3,9,0.06,0.995,0,1,normal,0
41.15,tcp,ssh,SF,155,1478,3,5,0.0,0.957,0,1,normal,0
33.14,tcp,dns,SF,1087,529,1,2,0.024,0.961,0,1,normal,0
3.88,tcp,ssh,S0,51,2,185,280,0.92,0.868,0,0,dos,1
10.42,tcp,ftp,SF,756,1279,8,5,0.0,0.843,0,1,normal,0
39.84,tcp,pop3,SF,0,261,2,1,0.005,0.794,0,1,normal,0
0.0,tcp,dns,S0,73,2,449,173,0.926,0.954,0,0,dos,1
1.81,udp,pop3,S0,89,0,130,362,0.902,1.0,0,0,dos,1
0.0,udp,telnet,SF,971,774,4,6,0.06,0.845,0,1,normal,0
0.0,tcp,dns,S0,133,0,220,149,1.0,0.949,0,0,dos,1
117.2,tcp,ssh,SF,432,955,7,4,0.023,1.0,0,1,normal,0
3.19,tcp,http,S0,0,7,206,439,0.589,0.953,0,0,dos,1
51.44,tcp,telnet,SF,777,1440,6,8,0.105,1.0,0,1,normal,0
6.58,tcp,ssh,SF,522,1351,6,4,0.016,0.818,0,1,normal,0
18.9,tcp,smtp,SF,268,185,10,2,0.054,0.379,4,1,r2l,1
45.93,tcp,other,SF,440,651,8,4,0.0,1.0,0,1,normal,0
23.76,tcp,dns,S0,620,641,8,9,0.052,0.746,0,1,normal,0
89.87,icmp,ftp,SF,177,1719,4,2,0.0,0.803,0,1,normal,0
61.99,tcp,ssh,SF,688,782,1,1,0.039,0.918,0,1,normal,0
33.8,tcp,telnet,SF,469,1379,8,5,0.0,0.922,0,1,normal,0
35.94,tcp,pop3,RSTR,1223,800,9,2,0.07,0.846,0,1,normal,0
1.83,tcp,ssh,S0,77,6,291,353,0.834,0.951,0,0,dos,1
2.09,tcp,ssh,REJ,24,0,330,208,1.0,0.939,0,0,dos,1
85.78,icmp,pop3,SF,269,186,4,3,0.096,0.76,0,1,normal,0
60.88,tcp,http,SF,286,405,3,1,0.07,0.973,0,1,normal,0
3.24,tcp,other,S0,46,15,386,508,0.806,0.946,0,0,dos,1
46.63,tcp,ssh,SF,516,1146,3,8,0.011,0.859,0,1,normal,0
0.0,tcp,telnet,SF,728,1353,2,3,0.0,1.0,0,1,normal,0
72.8,tcp,ftp,RSTR,154,828,4,5,0.008,0.957,0,1,normal,0
49.46,udp,pop3,SF,512,1388,6,1,0.041,0.753,0,1,normal,0
0.0,tcp,http,SF,234,418,1,9,0.0,0.951,0,1,normal,0
0.0,tcp,pop3,REJ,119,0,207,154,0.822,0.97,0,0,dos,1
3.89,tcp,dns,SF,28,316,14,8,0.134,0.816,4,0,r2l,1
100.95,tcp,other,SF,413,1926,8,4,0.015,0.93,0,1,normal,0
97.19,tcp,other,SF,208,1543,1,8,0.092,0.852,0,1,normal,0
47.01,tcp,dns,SF,654,1791,2,4,0.0,1.0,0,1,normal,0
37.95,tcp,dns,SF,496,1569,6,1,0.0,0.96,0,1,normal,0
0.0,tcp,pop3,REJ,46,2,453,334,0.856,0.945,0,0,dos,1
72.58,tcp,smtp,RSTR,658,811,4,5,0.044,0.697,0,1,normal,0
0.0,tcp,http,S0,48,0,32,14,0.345,0.279,0,0,probe,1
49.4,udp,dns,SF,275,198,5,5,0.0,0.973,0,1,normal,0
22.77,tcp,telnet,SF,0,1217,5,7,0.017,0.624,0,1,normal,0
103.18,tcp,dns,SF,576,1054,4,3,0.0,0.991,0,1,normal,0
92.77,tcp,ssh,SF,430,573,2,5,0.0,0.856,0,1,normal,0
1.26,tcp,ssh,REJ,66,0,331,277,0.919,1.0,0,0,dos,1
15.2,udp,http,SF,453,899,1,4,0.09,0.91,0,1,normal,0
110.24,tcp,ftp,SF,1027,950,6,6,0.0,1.0,0,1,normal,0
29.17,tcp,http,SF,347,1135,6,6,0.014,0.789,0,1,normal,0
36.11,udp,smtp,SF,442,602,4,8,0.0,0.996,0,1,normal,0
0.0,tcp,smtp,S0,70,0,103,256,0.848,0.972,0,0,dos,1
95.52,tcp,ftp,SF,261,1854,6,9,0.0,0.948,0,1,normal,0
69.04,tcp,ftp,SF,617,616,5,3,0.0,0.934,0,1,normal,0
96.79,tcp,dns,RSTO,555,1662,8,3,0.0,0.884,0,1,normal,0
45.58,tcp,telnet,RSTO,431,1662,6,5,0.0,0.803,0,1,normal,0
4.42,tcp,ftp,RSTO,59,645,7,5,0.008,0.887,0,1,normal,0
38.32,tcp,telnet,SF,872,763,7,7,0.0,0.933,0,1,normal,0
34.87,tcp,dns,S0,386,1061,4,4,0.026,0.809,0,1,normal,0
49.66,tcp,smtp,SF,293,1272,1,4,0.014,1.0,0,1,normal,0
24.98,tcp,telnet,SF,350,889,1,8,0.013,1.0,0,1,normal,0
0.0,udp,pop3,REJ,41,5,60,18,0.544,0.333,0,0,probe,1
6.4,tcp,ssh,SF,603,1907,4,9,0.07,0.839,0,1,normal,0
18.94,tcp,ssh,SF,101,544,6,8,0.127,0.618,0,1,normal,0
11.62,icmp,dns,SF,379,990,6,4,0.014,0.837,0,1,normal,0
0.0,tcp,http,SF,511,391,7,8,0.026,0.995,0,1,normal,0
0.0,udp,telnet,S0,40,0,401,402,0.947,1.0,0,0,dos,1
62.82,tcp,http,SF,496,579,1,6,0.094,0.861,0,1,normal,0
44.37,tcp,ftp,SF,119,1319,3,2,0.005,0.956,0,1,normal,0
4.49,tcp,telnet,REJ,5,0,63,19,0.549,0.245,0,0,probe,1
1.15,tcp,ftp,REJ,86,0,218,337,0.697,0.904,0,0,dos,1
0.76,tcp,pop3,RSTR,22,0,132,125,0.866,0.911,0,0,dos,1
22.07,tcp,http,SF,596,1243,9,5,0.027,0.916,0,1,normal,0
86.51,tcp,telnet,SF,1011,1014,7,9,0.042,0.778,0,1,normal,0
16.17,tcp,pop3,SF,260,598,4,8,0.024,0.997,0,1,normal,0
1.89,tcp,telnet,SF,783,771,1,7,0.046,0.923,0,1,normal,0
0.0,udp,dns,SF,469,1342,5,3,0.013,0.956,0,1,normal,0
2.21,tcp,pop3,REJ,46,2,380,159,0.785,0.937,0,0,dos,1
33.72,tcp,pop3,SF,650,102,2,5,0.019,0.875,0,1,normal,0
51.67,tcp,telnet,SF,500,366,1,8,0.045,0.983,0,1,normal,0
0.0,tcp,smtp,SF,513,937,9,4,0.0,0.926,0,1,normal,0
32.59,tcp,other,RSTO,363,1313,2,5,0.006,0.966,0,1,normal,0
95.35,tcp,dns,RSTR,179,842,4,6,0.0,0.862,0,1,normal,0
0.0,tcp,other,S0,40,0,362,494,0.996,0.997,0,0,dos,1
56.9,tcp,smtp,SF,281,356,6,8,0.062,1.0,0,1,normal,0
0.0,udp,ssh,REJ,47,4,346,392,1.0,1.0,0,0,dos,1
92.4,tcp,http,SF,654,1520,8,4,0.0,1.0,0,1,normal,0
0.0,tcp,dns,S0,0,0,109,391,0.951,0.874,0,0,dos,1
30.67,tcp,ftp,SF,861,161,9,6,0.174,0.863,0,1,normal,0
0.63,tcp,dns,S0,38,0,104,139,0.927,0.905,0,0,dos,1
0.77,tcp,ftp,S0,76,0,140,373,0.641,0.948,0,0,dos,1
38.0,tcp,pop3,RSTO,706,2089,9,5,0.021,0.905,0,1,normal,0
32.49,tcp,dns,REJ,440,1236,5,1,0.017,0.841,0,1,normal,0
0.0,tcp,pop3,S0,48,6,480,401,1.0,0.925,0,0,dos,1
60.65,tcp,other,SF,390,820,4,1,0.067,0.905,0,1,normal,0
2.25,tcp,pop3,S0,46,0,157,377,0.679,0.969,0,0,dos,1
40.08,tcp,other,S0,67,404,1,5,0.24,0.485,3,0,r2l,1
5.56,tcp,other,S0,27,3,132,494,0.877,0.938,0,0,dos,1
66.75,tcp,other,SF,569,1729,1,6,0.0,0.88,0,1,normal,0
0.0,tcp,pop3,SF,95,1410,7,5,0.008,0.849,0,1,normal,0
47.88,icmp,other,SF,433,0,4,2,0.013,0.806,0,1,u2r,1
67.17,tcp,other,SF,345,1824,8,3,0.0,0.822,0,1,normal,0
88.55,tcp,other,SF,328,1102,5,5,0.0,0.866,0,1,normal,0
78.44,udp,telnet,SF,627,1174,6,5,0.051,0.783,0,1,normal,0
1.13,udp,smtp,S0,54,8,471,210,0.826,0.982,0,0,dos,1
41.39,tcp,ftp,SF,0,424,1,7,0.049,0.944,0,1,normal,0
46.82,tcp,dns,S0,455,310,6,8,0.0,0.914,0,1,normal,0
132.72,udp,dns,SF,203,1475,5,1,0.0,0.934,0,1,normal,0
3.2,tcp,pop3,REJ,64,9,392,111,0.968,0.888,0,0,dos,1
52.77,tcp,http,S0,342,633,4,4,0.0,0.904,0,1,normal,0
1.45,tcp,http,REJ,93,0,232,506,0.84,0.945,0,0,dos,1
1.93,tcp,ssh,RSTR,41,0,218,334,1.0,0.912,0,0,dos,1
22.01,tcp,dns,SF,324,489,14,6,0.098,0.676,4,0,r2l,1
0.0,udp,pop3,S0,20,0,51,19,0.397,0.126,0,0,probe,1
68.49,tcp,pop3,SF,788,2246,7,6,0.0,1.0,0,1,normal,0
63.37,tcp,telnet,SF,414,2025,9,8,0.0,0.834,0,1,normal,0
18.52,udp,ftp,SF,717,193,2,4,0.0,0.753,0,1,normal,0
73.1,tcp,other,SF,1017,141,4,3,0.096,0.678,1,1,u2r,1
87.19,tcp,ftp,SF,116,676,9,2,0.0,0.937,0,1,normal,0
84.87,tcp,pop3,SF,722,490,4,6,0.0,1.0,0,1,normal,0
0.0,udp,smtp,REJ,36,2,230,236,0.89,0.907,0,0,dos,1
38.13,udp,telnet,SF,73,1214,2,6,0.0,0.869,0,1,normal,0
0.0,tcp,ftp,S0,28,0,499,373,0.728,0.931,0,0,dos,1
32.28,tcp,smtp,SF,499,2550,3,5,0.052,0.974,0,1,normal,0
93.51,udp,telnet,SF,667,1321,2,3,0.086,0.933,0,1,normal,0
47.86,tcp,pop3,SF,408,0,1,6,0.0,0.785,0,1,normal,0
0.0,udp,ssh,SF,144,2029,7,2,0.065,0.874,0,1,normal,0
30.96,tcp,other,SF,213,740,9,5,0.053,0.933,0,1,normal,0
3.52,udp,ssh,SF,10,0,67,13,0.848,0.265,0,0,probe,1
0.0,tcp,smtp,SF,434,1485,4,5,0.0,1.0,0,1,normal,0
76.58,udp,ftp,SF,576,1410,1,8,0.045,0.876,0,1,normal,0
0.56,tcp,ftp,S0,131,0,203,169,0.801,0.974,0,0,dos,1
2.19,tcp,ssh,S0,12,4,423,162,0.948,0.902,0,0,dos,1
96.63,tcp,smtp,RSTO,768,1439,6,7,0.0,0.838,0,1,normal,0
2.53,udp,http,REJ,19,3,38,1,0.658,0.184,0,0,probe,1
1.97,tcp,pop3,SF,537,909,8,2,0.0,0.859,0,1,normal,0
28.67,tcp,pop3,SF,804,556,6,9,0.064,0.893,0,1,normal,0
23.91,tcp,telnet,SF,996,679,5,3,0.006,0.859,0,1,normal,0
0.0,tcp,http,S0,71,1,360,287,0.887,0.94,0,0,dos,1
64.68,udp,other,SF,499,735,3,6,0.021,0.967,0,1,normal,0
75.26,tcp,pop3,SF,740,1392,8,4,0.022,0.939,0,1,normal,0
0.58,icmp,http,S0,50,0,197,288,0.793,0.852,0,0,dos,1
47.65,tcp,other,REJ,338,1619,8,3,0.069,1.0,0,1,normal,0
14.65,icmp,other,SF,757,1192,5,8,0.077,0.91,0,1,normal,0
0.37,tcp,telnet,S0,66,0,432,370,0.955,0.794,0,0,dos,1
52.11,tcp,ssh,SF,521,848,2,1,0.147,0.904,0,1,normal,0
28.12,tcp,smtp,S0,253,933,7,6,0.037,1.0,0,1,normal,0
51.61,tcp,pop3,SF,468,85,8,5,0.0,0.858,0,1,normal,0
34.83,tcp,http,SF,257,181,3,5,0.198,0.447,1,0,r2l,1
96.99,tcp,ftp,RSTO,788,408,5,8,0.043,1.0,0,1,normal,0
134.48,tcp,pop3,SF,548,1223,5,7,0.0,0.578,0,1,normal,0
12.06,tcp,telnet,SF,310,0,6,9,0.072,0.827,0,1,normal,0
0.0,udp,smtp,SF,581,1710,3,6,0.015,0.897,0,1,normal,0
255.28,tcp,dns,SF,1150,799,2,1,0.088,0.926,0,1,u2r,1
85.0,udp,http,SF,1063,1745,2,5,0.036,0.672,0,1,normal,0
41.36,tcp,other,SF,137,1632,2,6,0.032,1.0,0,1,normal,0
0.0,tcp,http,SF,529,564,9,4,0.03,0.848,0,1,normal,0
60.97,tcp,ftp,SF,459,1130,4,2,0.049,1.0,0,1,normal,0
0.0,udp,ftp,S0,651,2082,8,8,0.0,0.948,0,1,normal,0
36.55,udp,telnet,SF,597,596,2,1,0.093,0.753,0,1,u2r,1
0.0,tcp,ftp,S0,47,0,262,161,0.931,0.873,0,0,dos,1
52.72,tcp,ftp,SF,1258,809,8,7,0.01,0.865,0,1,normal,0
42.61,udp,smtp,SF,128,1494,6,2,0.038,0.695,0,1,normal,0
82.0,tcp,ssh,SF,546,973,9,1,0.071,0.85,0,1,normal,0
17.66,tcp,ssh,SF,368,333,4,8,0.04,0.931,0,1,normal,0
79.32,tcp,smtp,SF,0,851,4,2,0.062,1.0,0,1,normal,0
100.53,udp,http,SF,821,1164,6,1,0.078,1.0,0,1,normal,0
0.0,tcp,telnet,S0,78,0,416,346,0.871,0.915,0,0,dos,1
0.0,udp,telnet,SF,30,0,99,11,0.565,0.105,0,0,probe,1
31.28,udp,ftp,SF,737,654,4,4,0.0,0.754,0,1,normal,0
2.73,udp,http,S0,48,0,78,9,0.582,0.0,0,0,probe,1
85.39,tcp,dns,SF,772,1207,9,7,0.001,0.895,0,1,normal,0
205.63,tcp,pop3,SF,440,1107,6,8,0.107,0.955,0,1,normal,0
1.65,icmp,ssh,RSTR,0,0,352,242,0.896,0.986,0,0,dos,1
102.15,tcp,other,SF,980,879,2,7,0.059,0.894,0,1,normal,0
0.0,udp,dns,RSTO,318,1256,7,9,0.0,0.868,0,1,normal,0
5.08,icmp,http,S0,44,1,259,273,0.931,0.972,0,0,dos,1
77.73,tcp,http,REJ,663,605,6,1,0.0,0.943,0,1,normal,0
2.33,tcp,smtp,S0,94,0,158,425,1.0,1.0,0,0,dos,1
60.46,udp,telnet,SF,836,532,6,2,0.076,0.984,0,1,normal,0
2.68,tcp,pop3,REJ,49,3,212,429,0.905,0.923,0,0,dos,1
0.0,tcp,telnet,SF,367,807,9,9,0.121,0.732,0,1,normal,0
99.31,tcp,ssh,SF,582,869,3,1,0.029,0.866,0,1,normal,0
14.46,tcp,smtp,SF,674,1083,4,1,0.091,0.85,0,1,normal,0
0.81,tcp,http,S0,47,0,297,132,0.895,0.921,0,0,dos,1
37.94,tcp,ssh,SF,882,1050,6,1,0.055,0.88,0,1,normal,0
3.06,tcp,other,S0,85,1,190,258,0.922,0.954,0,0,dos,1
48.0,udp,other,SF,311,838,3,6,0.0,1.0,0,1,normal,0
112.77,tcp,ssh,SF,507,1316,5,1,0.051,1.0,0,1,normal,0
48.61,tcp,telnet,SF,738,1272,9,1,0.0,0.819,0,1,normal,0
46.26,tcp,http,SF,639,562,8,1,0.0,0.81,0,1,normal,0
0.0,tcp,dns,S0,1,0,54,1,0.292,0.284,0,0,probe,1
43.16,tcp,ftp,RSTR,989,798,1,9,0.0,0.843,0,1,normal,0
45.59,tcp,smtp,SF,423,600,4,2,0.009,0.957,0,1,normal,0
65.49,udp,pop3,SF,414,777,4,3,0.165,0.648,0,1,normal,0
79.2,tcp,dns,SF,246,609,5,6,0.0,0.988,0,1,normal,0
50.47,udp,smtp,SF,730,1055,5,2,0.051,0.833,0,1,normal,0
5.9,tcp,telnet,REJ,5,0,71,11,0.53,0.189,0,0,probe,1
39.26,tcp,http,SF,0,1893,6,3,0.0,0.811,0,1,normal,0
67.66,tcp,ftp,SF,664,700,4,5,0.035,1.0,0,1,normal,0
50.62,tcp,other,SF,378,837,2,1,0.035,0.886,0,1,normal,0
83.18,icmp,other,SF,761,985,5,8,0.074,0.983,0,1,normal,0
64.75,icmp,smtp,SF,0,1799,3,2,0.03,1.0,0,1,normal,0
15.5,tcp,ssh,SF,50,1167,7,3,0.056,0.896,0,1,normal,0
59.4,tcp,dns,SF,813,1696,4,7,0.064,0.782,0,1,normal,0
2.33,tcp,telnet,RSTR,28,0,251,420,0.946,1.0,0,0,dos,1
22.67,tcp,dns,S0,75,0,10,7,0.11,0.779,1,0,r2l,1
0.0,udp,ftp,SF,79,107,10,7,0.0,0.679,1,1,r2l,1
0.72,tcp,ftp,S0,81,1,309,427,0.827,0.884,0,0,dos,1
29.09,tcp,pop3,SF,288,1039,3,8,0.0,0.926,0,1,normal,0
0.0,udp,other,REJ,113,2,479,183,1.0,0.884,0,0,dos,1
61.62,udp,ftp,SF,608,730,8,6,0.032,0.785,0,1,normal,0
47.46,tcp,other,SF,635,44,7,5,0.0,0.79,0,1,normal,0
80.13,udp,pop3,SF,390,876,1,2,0.083,0.908,0,1,normal,0
76.56,udp,dns,SF,932,0,2,1,0.079,0.855,0,1,normal,0
38.82,tcp,telnet,SF,253,351,10,1,0.224,0.809,4,1,r2l,1
0.0,tcp,ssh,REJ,80,5,168,200,0.921,1.0,0,0,dos,1
32.77,tcp,dns,SF,652,50,9,4,0.0,0.824,0,1,normal,0
29.65,tcp,smtp,SF,403,483,9,7,0.046,0.935,0,1,normal,0
45.95,tcp,dns,SF,694,1719,7,4,0.0,0.827,0,1,normal,0
107.55,tcp,telnet,SF,0,1066,7,1,0.048,0.891,0,1,normal,0
5.11,tcp,ssh,S0,68,0,413,107,0.948,0.881,0,0,dos,1
53.84,tcp,telnet,SF,0,162,4,4,0.0,1.0,1,1,u2r,1
53.63,tcp,pop3,SF,129,496,3,4,0.018,0.871,0,1,normal,0
44.97,tcp,telnet,SF,428,729,1,7,0.0,0.76,0,1,normal,0
47.36,tcp,ftp,SF,179,0,6,8,0.0,0.974,0,1,normal,0
47.28,tcp,ftp,SF,535,1552,4,6,0.0,0.747,0,1,normal,0
13.86,tcp,smtp,SF,269,513,2,5,0.001,1.0,0,1,normal,0
48.01,tcp,ftp,SF,418,1127,6,6,0.151,1.0,0,1,normal,0
97.19,tcp,telnet,SF,96,0,1,9,0.0,0.91,0,1,normal,0
24.6,tcp,http,SF,965,850,5,8,0.0,0.806,0,1,normal,0
85.61,tcp,pop3,SF,576,1107,3,7,0.011,0.986,0,1,normal,0
0.0,udp,telnet,S0,68,0,222,368,1.0,0.912,0,0,dos,1
40.83,tcp,ftp,SF,343,1731,5,5,0.0,0.834,0,1,normal,0
3.56,tcp,smtp,S0,38,1,111,161,0.799,0.947,0,0,dos,1
41.68,tcp,ssh,SF,468,89,7,3,0.016,0.958,0,1,normal,0
1.04,tcp,ssh,SF,613,1569,4,5,0.039,0.946,0,1,normal,0
11.01,tcp,pop3,SF,839,798,5,4,0.014,0.923,0,1,normal,0
4.45,tcp,dns,RSTR,22,0,253,486,0.946,0.939,0,0,dos,1
65.78,udp,pop3,SF,19,1084,4,3,0.103,0.71,0,1,normal,0
82.57,tcp,dns,SF,233,1177,1,5,0.008,0.898,0,1,normal,0
18.14,tcp,telnet,RSTO,685,1987,9,7,0.019,0.998,0,1,normal,0
70.88,udp,other,SF,1776,687,4,1,0.097,0.884,1,1,u2r,1
47.18,tcp,http,SF,0,147,3,1,0.049,1.0,0,1,normal,0
43.07,tcp,other,SF,615,2162,9,5,0.0,0.855,0,1,normal,0
3.52,udp,dns,REJ,66,1,204,226,0.712,1.0,0,0,dos,1
95.86,tcp,dns,SF,836,955,6,2,0.039,0.736,0,1,normal,0
50.35,tcp,ssh,SF,425,777,3,7,0.08,0.895,0,1,normal,0
1.4,icmp,ftp,RSTR,93,3,262,319,1.0,0.947,0,0,dos,1
124.28,udp,other,SF,458,671,4,7,0.0,0.918,0,1,normal,0
0.0,tcp,ftp,S0,0,737,7,8,0.0,0.943,0,1,normal,0
82.35,udp,smtp,SF,87,935,9,9,0.0,0.991,0,1,normal,0
27.53,tcp,telnet,SF,759,1180,7,5,0.017,1.0,0,1,normal,0
0.0,tcp,dns,REJ,40,0,79,3,0.243,0.061,0,0,probe,1
8.63,tcp,ssh,SF,0,841,3,6,0.033,0.971,0,1,normal,0
1.29,tcp,dns,REJ,893,646,9,7,0.053,0.93,0,1,normal,0
40.36,tcp,other,SF,0,1173,1,9,0.004,0.926,0,1,normal,0
38.76,tcp,ssh,SF,51,1094,9,3,0.0,0.933,0,1,normal,0
38.57,tcp,other,SF,551,1168,6,6,0.039,0.956,0,1,normal,0
102.11,udp,smtp,S0,705,2202,4,9,0.0,0.976,0,1,normal,0
0.0,tcp,smtp,S0,0,0,91,18,0.577,0.03,0,0,probe,1
132.53,tcp,http,SF,651,744,8,2,0.0,0.846,0,1,normal,0
0.0,tcp,ftp,RSTR,0,0,129,453,0.869,0.973,0,0,dos,1
74.95,tcp,telnet,SF,408,1393,3,6,0.018,0.996,0,1,normal,0
0.0,tcp,dns,SF,835,494,8,9,0.071,0.915,0,1,normal,0
0.0,tcp,smtp,REJ,18,0,309,432,0.771,0.908,0,0,dos,1
0.0,tcp,pop3,S0,7,5,428,194,0.683,0.944,0,0,dos,1
18.7,tcp,dns,SF,931,949,5,4,0.0,1.0,0,1,normal,0
16.98,tcp,other,SF,505,713,3,7,0.103,1.0,0,1,normal,0
0.0,udp,other,S0,59,0,252,504,0.772,0.955,0,0,dos,1
0.0,tcp,pop3,SF,1001,1159,2,9,0.0,0.861,0,1,normal,0
62.57,tcp,telnet,SF,385,1850,4,2,0.0,0.916,0,1,normal,0
0.0,tcp,other,SF,366,1529,5,1,0.0,0.736,0,1,normal,0
62.82,tcp,telnet,SF,216,295,2,6,0.0,0.89,0,1,normal,0
0.0,tcp,pop3,SF,459,599,9,6,0.0,0.988,0,1,normal,0
79.15,tcp,other,S0,103,1344,2,7,0.0,1.0,0,1,normal,0
8.66,tcp,other,S0,10,1,43,14,0.638,0.0,0,0,probe,1
83.66,udp,dns,SF,399,688,2,4,0.0,0.974,0,1,normal,0
61.54,tcp,smtp,SF,119,228,3,3,0.057,0.867,0,1,normal,0
6.71,tcp,ssh,SF,3,602,3,4,0.059,0.523,1,1,u2r,1
0.0,tcp,pop3,SF,304,1082,1,2,0.036,1.0,0,1,normal,0
105.24,udp,http,SF,544,895,3,9,0.039,0.806,0,1,normal,0
99.91,tcp,http,SF,1226,0,6,9,0.05,1.0,0,1,normal,0
29.02,udp,smtp,SF,430,1202,9,3,0.01,0.988,0,1,normal,0
0.0,udp,pop3,SF,794,1235,4,4,0.0,0.921,0,1,normal,0
0.83,tcp,pop3,SF,219,415,4,8,0.103,0.158,3,0,r2l,1
0.0,tcp,http,S0,95,0,209,479,0.882,0.936,0,0,dos,1
17.27,tcp,ftp,SF,774,321,9,1,0.091,0.915,0,1,normal,0
18.23,tcp,telnet,S0,689,1172,2,9,0.0,1.0,0,1,normal,0
1.52,tcp,dns,S0,5,4,69,19,0.428,0.115,0,0,probe,1
16.0,tcp,telnet,SF,270,701,6,6,0.024,0.946,0,1,normal,0
2.29,tcp,ftp,S0,29,0,128,444,0.842,0.923,0,0,dos,1
6.5,tcp,ftp,SF,145,1449,2,5,0.0,0.668,0,1,normal,0
2.6,tcp,ftp,S0,67,0,131,217,0.828,0.964,0,0,dos,1
0.0,tcp,http,S0,54,6,274,101,0.898,0.974,0,0,dos,1
70.64,tcp,ftp,SF,540,2626,9,6,0.048,1.0,0,1,normal,0
115.52,icmp,smtp,RSTR,452,489,4,5,0.072,1.0,0,1,normal,0
0.67,tcp,smtp,REJ,102,0,221,458,1.0,0.931,0,0,dos,1
103.42,tcp,http,SF,912,402,4,2,0.09,0.911,0,1,normal,0
63.94,tcp,ftp,SF,237,727,8,4,0.11,0.809,0,1,normal,0
29.93,tcp,ssh,SF,212,1137,9,2,0.0,0.79,0,1,normal,0
57.81,tcp,pop3,SF,551,696,8,1,0.059,0.855,0,1,normal,0
66.93,tcp,telnet,SF,203,2087,5,3,0.08,0.929,0,1,normal,0
96.02,tcp,ssh,RSTR,221,826,3,6,0.048,0.956,0,1,normal,0
54.32,tcp,http,SF,591,1078,1,2,0.124,0.835,0,1,normal,0
5.34,tcp,dns,REJ,25,0,85,1,0.619,0.123,0,0,probe,1
59.9,tcp,ftp,SF,626,766,8,9,0.064,0.977,0,1,normal,0
31.81,udp,dns,SF,462,489,4,2,0.043,1.0,0,1,normal,0
69.76,udp,ftp,SF,809,551,8,2,0.006,0.951,0,1,normal,0
3.03,icmp,http,S0,46,1,74,2,0.431,0.246,0,0,probe,1
59.97,tcp,http,SF,242,655,4,7,0.0,0.802,0,1,normal,0
0.0,tcp,pop3,S0,75,0,258,439,1.0,0.943,0,0,dos,1
140.38,tcp,other,S0,356,2242,8,8,0.0,0.919,0,1,normal,0
34.07,tcp,dns,S0,339,1929,2,3,0.026,0.904,0,1,normal,0
9.89,tcp,ftp,SF,31,0,32,19,0.805,0.099,0,0,probe,1
2.31,tcp,pop3,SF,42,0,71,9,0.689,0.145,0,0,probe,1
19.99,udp,ssh,SF,0,220,5,8,0.113,0.848,0,1,normal,0
0.0,tcp,telnet,SF,756,1342,7,1,0.001,1.0,0,1,normal,0
9.35,tcp,ssh,SF,461,534,9,9,0.0,0.739,0,1,normal,0
15.51,tcp,http,S0,983,1568,8,8,0.063,0.851,0,1,normal,0
5.43,tcp,smtp,SF,8,6,38,4,0.845,0.309,0,0,probe,1
2.62,tcp,telnet,REJ,29,0,313,279,0.801,0.92,0,0,dos,1
65.24,tcp,pop3,RSTO,667,1179,1,7,0.0,1.0,0,1,normal,0
0.0,tcp,ssh,SF,706,1054,9,2,0.009,0.796,0,1,normal,0
6.06,tcp,other,SF,555,1037,6,1,0.048,0.984,0,1,normal,0
62.37,tcp,ssh,SF,778,314,1,3,0.022,0.758,0,1,normal,0
3.73,tcp,other,S0,29,4,450,264,1.0,1.0,0,0,dos,1
29.23,tcp,http,SF,949,939,8,2,0.0,0.872,0,1,normal,0
80.57,tcp,http,SF,45,554,6,9,0.0,0.933,0,1,normal,0
42.89,tcp,ssh,RSTO,685,3417,5,9,0.076,0.782,0,1,normal,0
19.48,tcp,telnet,SF,241,641,8,4,0.0,0.67,3,0,r2l,1
51.73,tcp,http,SF,599,576,2,3,0.0,0.772,0,1,normal,0
37.68,icmp,ftp,S0,497,311,3,4,0.0,0.85,0,1,normal,0
0.0,tcp,smtp,SF,758,331,8,9,0.029,0.798,0,1,normal,0
69.24,icmp,pop3,SF,854,2093,7,1,0.0,0.721,0,1,normal,0
50.36,udp,smtp,SF,380,569,1,7,0.0,0.713,0,1,normal,0
21.29,tcp,dns,RSTO,855,1303,5,9,0.025,0.915,0,1,normal,0
67.41,udp,http,SF,911,620,8,5,0.095,0.826,0,1,normal,0
48.75,tcp,smtp,SF,417,0,8,4,0.013,0.855,0,1,normal,0
2.13,tcp,ssh,S0,105,0,507,469,0.827,0.871,0,0,dos,1
0.0,tcp,pop3,SF,0,1449,9,9,0.063,0.82,0,1,normal,0
17.79,tcp,smtp,SF,315,905,5,2,0.012,0.945,0,1,normal,0
75.61,tcp,ftp,SF,765,0,3,6,0.0,0.931,0,1,normal,0
2.32,udp,ssh,S0,55,0,217,257,0.901,0.922,0,0,dos,1
4.35,icmp,http,REJ,44,0,290,138,0.808,1.0,0,0,dos,1
0.1,icmp,ftp,RSTR,20,0,190,298,0.936,0.97,0,0,dos,1
88.9,tcp,other,SF,542,1642,8,3,0.008,0.935,0,1,normal,0
58.36,tcp,telnet,SF,669,0,5,4,0.0,0.874,0,1,normal,0
146.51,tcp,http,SF,446,0,9,2,0.047,0.946,0,1,normal,0
16.04,udp,ftp,SF,279,874,4,8,0.027,0.954,0,1,normal,0
32.41,tcp,ssh,SF,959,1056,7,1,0.079,0.977,0,1,normal,0
135.52,tcp,ftp,SF,1169,677,2,4,0.058,1.0,0,1,normal,0
36.05,tcp,other,S0,833,446,3,3,0.016,1.0,0,1,normal,0
40.59,tcp,ssh,SF,1339,133,9,8,0.035,1.0,0,1,normal,0
27.44,tcp,telnet,SF,279,0,8,7,0.031,0.985,0,1,normal,0
13.51,tcp,ftp,SF,493,920,3,1,0.039,1.0,0,1,normal,0
0.0,tcp,other,REJ,102,0,417,389,0.955,1.0,0,0,dos,1
41.88,tcp,pop3,SF,841,861,4,5,0.038,0.825,0,1,normal,0
0.0,icmp,other,S0,22,0,320,192,0.859,1.0,0,0,dos,1
62.09,tcp,other,S0,18,921,6,2,0.0,0.737,0,1,normal,0
0.52,tcp,telnet,RSTR,114,0,389,203,0.813,0.832,0,0,dos,1
3.22,tcp,http,RSTR,57,5,272,166,0.952,1.0,0,0,dos,1
66.68,tcp,telnet,SF,567,113,3,5,0.062,0.951,0,1,normal,0
16.8,udp,telnet,SF,392,51,8,7,0.0,0.383,1,0,r2l,1
60.39,udp,smtp,SF,566,0,5,2,0.0,0.923,0,1,normal,0
55.89,tcp,other,SF,708,591,8,7,0.0,1.0,0,1,normal,0
0.0,tcp,pop3,S0,17,0,306,336,1.0,0.934,0,0,dos,1
56.2,tcp,other,SF,441,1519,3,6,0.0,0.875,0,1,normal,0
34.28,udp,http,SF,19,1189,8,1,0.007,0.761,0,1,normal,0
2.85,udp,ftp,SF,916,1742,8,1,0.032,0.873,0,1,normal,0
7.24,tcp,http,SF,605,0,4,4,0.031,0.959,0,1,normal,0
0.0,tcp,http,SF,734,2028,4,7,0.026,0.885,0,1,normal,0
145.07,tcp,dns,REJ,402,2387,3,3,0.0,0.812,0,1,normal,0
83.25,udp,ssh,SF,562,13,9,8,0.036,0.915,0,1,normal,0
19.64,tcp,http,SF,550,1859,2,6,0.003,0.837,0,1,normal,0
7.68,tcp,smtp,SF,554,793,6,7,0.009,0.974,0,1,normal,0
41.71,tcp,ssh,S0,575,1366,2,4,0.0,0.998,0,1,normal,0
32.26,tcp,smtp,SF,814,1186,2,6,0.0,0.955,0,1,normal,0
124.8,tcp,dns,REJ,1025,1114,9,5,0.039,1.0,0,1,normal,0
37.94,tcp,dns,SF,393,900,3,6,0.0,0.877,0,1,normal,0
0.0,udp,pop3,REJ,83,0,148,470,0.939,0.964,0,0,dos,1
1.23,tcp,ftp,S0,43,0,99,12,0.73,0.221,0,0,probe,1
59.42,tcp,pop3,SF,286,1269,1,3,0.045,1.0,0,1,normal,0
101.87,tcp,pop3,SF,496,438,7,8,0.067,0.838,0,1,normal,0
1.0,tcp,ssh,REJ,110,2,221,485,0.719,0.877,0,0,dos,1
2.68,tcp,ssh,S0,11,1,43,11,0.482,0.206,0,0,probe,1
0.0,udp,http,SF,660,0,2,5,0.03,0.967,0,1,normal,0
23.87,tcp,ssh,SF,105,977,2,3,0.176,1.0,0,1,normal,0
86.78,tcp,dns,S0,350,1441,7,4,0.0,1.0,0,1,normal,0
24.16,tcp,ssh,SF,409,431,9,3,0.023,1.0,0,1,normal,0
1.94,tcp,smtp,S0,0,0,75,13,0.804,0.228,0,0,probe,1
37.87,udp,smtp,SF,663,1249,9,8,0.133,0.866,0,1,normal,0
86.1,tcp,dns,RSTO,306,1406,6,8,0.032,1.0,0,1,normal,0
30.01,udp,other,SF,917,1639,4,3,0.029,0.856,0,1,normal,0
0.0,tcp,smtp,S0,41,0,312,387,0.821,0.907,0,0,dos,1
4.89,tcp,smtp,SF,898,1465,7,9,0.063,0.779,0,1,normal,0
0.83,icmp,ssh,S0,88,6,363,460,1.0,0.932,0,0,dos,1
104.93,tcp,http,SF,661,1845,1,9,0.0,0.97,0,1,normal,0
73.03,tcp,pop3,SF,330,252,8,8,0.025,0.774,0,1,normal,0
11.72,tcp,ftp,SF,0,411,3,9,0.0,0.797,0,1,normal,0
56.51,tcp,pop3,SF,613,752,9,5,0.0,0.993,0,1,normal,0
41.71,udp,http,SF,96,234,7,2,0.046,0.692,4,1,r2l,1
31.37,tcp,ssh,SF,751,728,1,6,0.0,0.996,0,1,normal,0
36.9,tcp,dns,SF,0,733,6,5,0.113,0.807,0,1,normal,0
32.09,tcp,dns,SF,316,1603,9,3,0.0,0.803,0,1,normal,0
79.28,tcp,other,SF,1020,435,2,3,0.024,0.888,0,1,normal,0
77.89,tcp,pop3,S0,811,853,1,3,0.054,0.927,0,1,normal,0
1.32,tcp,ftp,S0,89,7,304,254,0.98,1.0,0,0,dos,1
36.63,tcp,smtp,SF,735,0,8,5,0.0,0.748,0,1,normal,0
39.46,tcp,ftp,SF,585,249,8,1,0.0,0.893,0,1,normal,0
80.32,udp,ssh,SF,104,909,8,8,0.02,0.748,0,1,normal,0
64.97,tcp,dns,SF,411,234,3,2,0.069,0.79,0,1,normal,0
89.96,tcp,http,SF,275,996,4,5,0.017,0.858,0,1,normal,0
0.0,tcp,telnet,SF,255,683,4,1,0.025,0.92,0,1,normal,0
88.86,tcp,smtp,SF,387,663,1,4,0.0,0.634,0,1,normal,0
0.65,tcp,http,S0,0,0,260,391,0.827,0.936,0,0,dos,1
1.75,tcp,ssh,RSTR,48,0,463,206,0.921,0.946,0,0,dos,1
0.0,tcp,dns,REJ,49,0,362,500,1.0,0.932,0,0,dos,1
78.7,tcp,pop3,S0,1210,1272,7,8,0.034,0.874,0,1,normal,0
24.69,tcp,pop3,SF,0,213,8,4,0.058,0.83,0,1,normal,0
1.8,tcp,ssh,S0,109,6,134,384,0.782,0.943,0,0,dos,1
78.21,tcp,http,SF,523,998,9,7,0.0,1.0,0,1,normal,0
39.1,udp,dns,SF,213,1756,8,6,0.035,0.944,0,1,normal,0
0.0,udp,pop3,SF,494,2357,6,9,0.109,0.899,0,1,normal,0
0.43,udp,smtp,S0,36,1,393,378,0.904,0.897,0,0,dos,1
94.92,tcp,other,S0,356,1617,6,7,0.026,0.968,0,1,normal,0
0.0,tcp,telnet,SF,334,795,1,3,0.0,1.0,0,1,normal,0
69.62,tcp,smtp,SF,315,856,1,2,0.008,1.0,0,1,normal,0
0.0,tcp,smtp,SF,669,712,5,5,0.0,0.941,0,1,normal,0
29.02,udp,ssh,SF,251,95,2,5,0.021,0.714,0,1,normal,0
50.61,tcp,dns,RSTR,499,807,9,1,0.0,0.832,0,1,normal,0
61.68,udp,pop3,SF,123,1725,5,2,0.0,0.835,0,1,normal,0
4.75,tcp,pop3,SF,33,2,22,9,0.387,0.142,0,0,probe,1
0.66,tcp,ftp,S0,33,0,489,197,1.0,0.973,0,0,dos,1
125.68,tcp,http,SF,494,1821,5,4,0.0,0.807,0,1,normal,0
13.04,tcp,dns,S0,0,212,6,1,0.145,0.733,3,1,r2l,1
6.1,tcp,ftp,SF,489,928,1,4,0.007,1.0,0,1,normal,0
0.0,tcp,ssh,S0,16,0,106,447,1.0,0.886,0,0,dos,1
8.74,tcp,pop3,SF,359,1632,4,8,0.017,1.0,0,1,normal,0
97.52,tcp,smtp,REJ,136,1525,7,6,0.052,0.798,0,1,normal,0
65.94,tcp,smtp,SF,508,685,4,6,0.048,1.0,0,1,normal,0
0.0,tcp,other,SF,335,1087,4,4,0.056,0.974,0,1,normal,0
6.74,udp,http,RSTO,577,1519,4,9,0.044,0.796,0,1,normal,0
8.05,tcp,ftp,SF,720,611,2,1,0.0,0.996,0,1,normal,0
31.86,tcp,http,S0,882,1497,5,4,0.006,0.854,0,1,normal,0
12.04,tcp,dns,SF,257,1024,3,7,0.014,1.0,0,1,normal,0
67.26,tcp,ssh,SF,673,923,9,5,0.065,0.853,0,1,normal,0
35.85,udp,http,SF,153,6,12,2,0.15,0.486,1,0,r2l,1
86.0,udp,pop3,SF,1199,2157,9,6,0.0,0.769,0,1,normal,0
0.0,tcp,pop3,S0,4,2,66,15,0.676,0.379,0,0,probe,1
18.66,tcp,telnet,SF,238,1159,1,3,0.0,1.0,0,1,normal,0
67.24,tcp,pop3,SF,813,316,9,2,0.018,0.99,0,1,normal,0
29.88,tcp,telnet,REJ,598,1275,3,5,0.046,0.817,0,1,normal,0
52.34,udp,ftp,SF,407,2277,6,8,0.093,0.985,0,1,normal,0
29.21,tcp,http,SF,142,715,6,7,0.0,0.84,0,1,normal,0
1.7,tcp,ftp,S0,56,0,118,385,0.906,1.0,0,0,dos,1
136.04,tcp,http,SF,840,2012,9,6,0.011,0.928,0,1,normal,0
1.47,tcp,dns,RSTR,13,3,106,148,0.768,0.955,0,0,dos,1
60.75,tcp,ssh,SF,261,1898,5,5,0.021,0.74,0,1,normal,0
58.49,tcp,ftp,RSTO,778,742,4,1,0.0,0.989,0,1,normal,0
68.25,tcp,smtp,S0,832,969,6,3,0.116,0.855,0,1,normal,0
30.01,tcp,ftp,SF,298,0,8,6,0.225,0.629,3,1,r2l,1
77.93,tcp,telnet,SF,663,1614,9,3,0.0,0.993,0,1,normal,0
38.68,tcp,http,SF,780,1784,8,3,0.0,0.798,0,1,normal,0
56.33,tcp,dns,S0,801,1601,5,6,0.006,0.668,0,1,normal,0
82.08,tcp,ftp,SF,317,814,6,5,0.0,0.814,0,1,normal,0
38.29,udp,pop3,SF,36,120,9,7,0.295,0.453,4,0,r2l,1
1.13,tcp,ftp,S0,25,0,21,18,0.376,0.231,0,0,probe,1
0.0,udp,ssh,REJ,50,0,483,371,0.973,0.844,0,0,dos,1
61.46,tcp,smtp,SF,1497,0,4,4,0.122,0.811,0,1,u2r,1
4.54,tcp,smtp,S0,85,0,268,334,0.646,0.945,0,0,dos,1
43.73,tcp,ftp,SF,956,139,2,4,0.063,0.897,0,1,normal,0
4.95,tcp,pop3,SF,616,827,9,1,0.003,1.0,0,1,normal,0
56.12,tcp,ftp,SF,472,1184,2,5,0.036,0.835,0,1,normal,0
17.47,icmp,ftp,SF,703,950,8,2,0.004,0.948,0,1,normal,0
0.0,tcp,ssh,REJ,970,1864,2,2,0.001,0.82,0,1,normal,0
24.99,tcp,telnet,SF,676,1845,2,7,0.0,0.746,0,1,normal,0
29.63,tcp,ftp,SF,0,319,14,9,0.038,0.303,1,0,r2l,1
114.17,tcp,telnet,SF,984,649,4,1,0.073,0.703,0,1,u2r,1
30.43,tcp,http,SF,1117,457,4,7,0.0,0.979,0,1,normal,0
3.17,tcp,telnet,RSTR,42,1,430,347,0.768,0.993,0,0,dos,1
82.55,tcp,other,SF,534,1633,7,5,0.0,0.821,0,1,normal,0
124.62,udp,http,S0,683,833,8,6,0.06,0.646,0,1,normal,0
8.89,tcp,dns,SF,408,419,6,8,0.089,0.834,0,1,normal,0
115.52,tcp,other,SF,812,1694,8,2,0.091,0.762,0,1,normal,0
23.39,tcp,pop3,SF,522,0,5,5,0.072,0.789,0,1,normal,0
49.97,tcp,dns,SF,997,738,3,5,0.024,0.993,0,1,normal,0
74.59,tcp,http,SF,256,720,3,2,0.065,1.0,0,1,normal,0
37.28,icmp,pop3,SF,752,901,6,5,0.069,0.96,0,1,normal,0
0.0,icmp,pop3,SF,25,0,59,5,0.359,0.12,0,0,probe,1
0.0,udp,http,SF,202,1177,3,6,0.0,0.928,0,1,normal,0
58.87,tcp,http,SF,0,811,9,3,0.04,1.0,0,1,normal,0
0.0,tcp,http,SF,839,2111,4,4,0.028,0.762,0,1,normal,0
27.27,tcp,telnet,SF,632,1239,1,2,0.0,1.0,0,1,normal,0
73.94,tcp,smtp,RSTR,334,494,4,6,0.0,0.947,0,1,normal,0
99.59,udp,ftp,S0,538,0,4,7,0.01,0.865,0,1,normal,0
40.89,udp,other,SF,418,1285,6,2,0.0,0.962,0,1,normal,0
132.75,tcp,other,SF,9,1582,3,9,0.0,0.907,0,1,normal,0
0.0,tcp,http,SF,340,1077,5,8,0.074,0.843,0,1,normal,0
46.76,tcp,telnet,SF,1044,1303,9,7,0.0,0.877,0,1,normal,0
0.0,tcp,pop3,SF,162,1364,3,6,0.01,0.97,0,1,normal,0
76.49,tcp,http,RSTR,143,575,4,8,0.0,0.912,0,1,normal,0
0.0,tcp,ssh,RSTO,403,988,3,1,0.037,0.997,0,1,normal,0
64.7,tcp,telnet,SF,665,1886,3,6,0.028,0.855,0,1,normal,0
111.02,tcp,ftp,SF,737,798,9,6,0.0,0.742,0,1,normal,0
86.12,tcp,dns,SF,497,855,8,7,0.099,0.904,0,1,normal,0
100.62,tcp,pop3,RSTR,914,1206,3,1,0.0,0.847,0,1,normal,0
71.69,udp,ssh,RSTR,787,599,4,9,0.038,0.9,0,1,normal,0
80.45,tcp,ftp,SF,841,1078,5,6,0.0,1.0,0,1,normal,0
69.88,udp,ftp,RSTR,371,885,2,3,0.057,0.823,0,1,normal,0
12.89,tcp,http,SF,601,1229,8,2,0.0,0.842,0,1,normal,0
4.28,tcp,http,S0,32,0,228,174,0.841,0.891,0,0,dos,1
0.0,tcp,ftp,S0,22,0,79,10,0.67,0.276,0,0,probe,1
7.39,tcp,ssh,SF,0,331,14,7,0.0,0.767,3,0,r2l,1
73.03,tcp,ssh,SF,471,0,9,8,0.111,0.993,0,1,normal,0
54.12,udp,telnet,SF,745,1162,2,7,0.043,0.846,0,1,normal,0
97.39,tcp,ssh,SF,606,1247,2,9,0.0,0.853,0,1,normal,0
56.46,udp,http,SF,245,2068,3,6,0.0,1.0,0,1,normal,0
115.81,tcp,http,SF,740,441,9,2,0.089,0.985,0,1,normal,0
47.49,tcp,http,SF,117,503,8,5,0.031,0.908,0,1,normal,0
51.44,udp,dns,SF,432,325,7,8,0.051,0.793,0,1,normal,0
0.0,udp,smtp,S0,363,1013,4,5,0.0,0.79,0,1,normal,0
57.31,udp,ssh,SF,409,323,5,4,0.0,0.83,0,1,normal,0
121.37,icmp,pop3,SF,196,818,5,8,0.078,0.903,0,1,normal,0
0.0,icmp,pop3,REJ,27,4,86,1,0.553,0.338,0,0,probe,1
37.2,icmp,pop3,REJ,314,1113,8,1,0.037,0.708,0,1,normal,0
80.25,tcp,ssh,SF,250,2031,2,9,0.0,0.924,0,1,normal,0
0.0,tcp,smtp,S0,25,0,41,16,0.374,0.221,0,0,probe,1
50.08,tcp,ftp,SF,868,348,2,5,0.053,0.695,0,1,normal,0
33.42,tcp,smtp,RSTO,468,1157,7,4,0.0,0.992,0,1,normal,0
59.73,tcp,ftp,SF,133,1457,9,9,0.0,0.962,0,1,normal,0
33.34,tcp,telnet,SF,847,1813,4,7,0.093,0.942,0,1,normal,0
0.0,tcp,smtp,SF,390,661,5,8,0.009,0.8,0,1,normal,0
1.9,tcp,other,S0,0,2,427,136,0.794,1.0,0,0,dos,1
5.49,tcp,telnet,S0,55,5,432,279,0.738,0.976,0,0,dos,1
0.0,tcp,other,S0,50,3,291,291,1.0,0.869,0,0,dos,1
0.0,tcp,http,SF,737,509,4,2,0.0,0.824,0,1,u2r,1
24.83,tcp,dns,SF,0,1218,9,9,0.068,0.812,0,1,normal,0
2.42,tcp,other,RSTR,27,0,411,105,0.689,0.979,0,0,dos,1
59.38,tcp,other,SF,3,1529,5,9,0.04,0.896,0,1,normal,0
1.5,udp,dns,SF,280,969,2,7,0.067,0.812,0,1,normal,0
0.0,tcp,telnet,S0,44,3,371,315,0.958,0.925,0,0,dos,1
4.65,tcp,telnet,S0,76,9,364,375,0.863,0.934,0,0,dos,1
5.9,tcp,ssh,S0,0,2,58,16,0.309,0.208,0,0,probe,1
0.0,tcp,other,SF,0,0,6,1,0.007,0.974,0,1,normal,0
0.0,tcp,ftp,RSTR,850,1723,4,3,0.063,0.986,0,1,normal,0
77.06,tcp,dns,SF,73,177,2,1,0.099,0.885,0,1,normal,0
42.52,udp,pop3,SF,1081,496,5,5,0.024,0.861,0,1,normal,0
1.95,icmp,other,S0,0,0,272,247,0.884,0.947,0,0,dos,1
0.18,tcp,other,S0,1,3,138,242,0.789,1.0,0,0,dos,1
0.0,tcp,http,SF,372,1913,3,5,0.0,0.928,0,1,normal,0
38.49,tcp,other,SF,828,1236,9,7,0.068,0.871,0,1,normal,0
66.71,tcp,ftp,SF,327,1313,3,9,0.012,0.772,0,1,normal,0
83.52,udp,dns,REJ,1197,643,7,6,0.017,0.98,0,1,normal,0
65.42,tcp,telnet,SF,140,1143,2,7,0.0,0.946,0,1,normal,0
0.0,tcp,http,S0,9,0,45,17,0.403,0.193,0,0,probe,1
0.0,tcp,telnet,SF,310,1767,6,4,0.07,0.981,0,1,normal,0
0.0,udp,ssh,SF,539,258,9,8,0.116,1.0,3,0,r2l,1
54.02,tcp,dns,SF,235,622,6,6,0.041,0.737,0,1,normal,0
0.21,tcp,http,REJ,46,1,180,133,0.919,0.908,0,0,dos,1
57.37,tcp,smtp,SF,640,1723,4,7,0.0,0.973,0,1,normal,0
63.15,tcp,http,SF,394,615,2,3,0.052,1.0,0,1,normal,0
0.0,tcp,http,RSTR,641,0,4,8,0.0,0.741,0,1,normal,0
0.0,tcp,smtp,REJ,72,4,148,356,1.0,0.978,0,0,dos,1
0.31,udp,http,REJ,50,0,36,12,0.688,0.144,0,0,probe,1
31.23,tcp,ftp,SF,1224,784,2,5,0.0,0.822,0,1,normal,0
0.0,tcp,smtp,S0,1011,1286,9,4,0.0,1.0,0,1,normal,0
47.79,tcp,telnet,SF,838,0,7,6,0.0,0.922,0,1,normal,0
0.18,udp,smtp,REJ,5,0,127,256,0.782,0.926,0,0,dos,1
8.18,icmp,ssh,SF,576,662,3,7,0.0,0.856,0,1,normal,0
148.78,tcp,smtp,SF,0,473,5,7,0.014,1.0,0,1,normal,0
0.0,icmp,pop3,SF,705,0,5,2,0.004,1.0,0,1,normal,0
59.55,tcp,http,SF,588,986,2,1,0.0,0.997,0,1,normal,0
0.0,tcp,ssh,S0,50,0,343,361,0.736,1.0,0,0,dos,1
1.94,tcp,http,S0,56,5,277,382,0.918,0.929,0,0,dos,1
0.95,udp,http,S0,50,0,408,191,0.779,0.981,0,0,dos,1
0.0,tcp,smtp,S0,54,2,306,395,1.0,0.957,0,0,dos,1
6.33,tcp,ftp,S0,6,1,34,16,0.686,0.195,0,0,probe,1
122.64,tcp,pop3,SF,1091,1867,4,4,0.027,0.887,0,1,normal,0
28.76,tcp,smtp,SF,195,0,1,4,0.245,0.794,4,1,r2l,1
47.16,icmp,ftp,SF,504,95,2,2,0.041,1.0,0,1,normal,0
0.0,udp,pop3,SF,142,1050,8,1,0.0,1.0,0,1,normal,0
3.0,udp,ssh,RSTR,69,1,136,369,0.928,0.901,0,0,dos,1
31.05,icmp,telnet,SF,707,594,2,1,0.017,0.824,0,1,normal,0
30.94,udp,ftp,SF,154,976,3,6,0.048,1.0,0,1,normal,0
35.16,icmp,ssh,S0,226,1187,7,3,0.055,0.779,0,1,normal,0
67.0,udp,smtp,SF,398,1405,5,9,0.038,0.881,0,1,normal,0
2.05,tcp,smtp,S0,3,0,79,1,0.261,0.175,0,0,probe,1
39.73,tcp,ftp,SF,693,767,9,9,0.071,0.981,0,1,normal,0
22.77,tcp,pop3,SF,645,685,4,3,0.0,0.693,0,1,normal,0
26.41,tcp,telnet,SF,395,1299,7,7,0.065,0.968,0,1,normal,0
0.0,tcp,other,SF,675,762,7,9,0.067,0.816,0,1,normal,0
65.63,udp,http,SF,615,1052,9,6,0.075,0.862,0,1,normal,0
90.27,udp,http,SF,0,1319,2,3,0.0,0.901,0,1,normal,0
49.82,tcp,http,S0,715,712,8,6,0.043,0.939,0,1,normal,0
3.09,tcp,ssh,SF,472,1170,8,6,0.0,0.839,0,1,normal,0
62.7,icmp,ftp,SF,674,810,9,2,0.0,0.787,0,1,normal,0
50.4,tcp,ssh,SF,666,1011,3,5,0.029,0.966,0,1,normal,0
0.0,tcp,pop3,REJ,23,5,128,343,0.917,1.0,0,0,dos,1
73.65,icmp,dns,SF,363,1066,3,1,0.0,0.975,0,1,normal,0
99.43,tcp,ftp,SF,286,1464,4,1,0.041,0.885,0,1,normal,0
11.48,icmp,smtp,SF,139,149,3,2,0.049,0.585,2,0,r2l,1
42.95,tcp,dns,REJ,729,1107,7,3,0.045,0.84,0,1,normal,0
85.93,tcp,pop3,SF,632,1746,8,2,0.0,0.794,0,1,normal,0
0.0,tcp,ftp,RSTR,28,0,121,120,0.94,0.944,0,0,dos,1
81.0,tcp,dns,SF,684,1725,9,8,0.001,0.911,0,1,normal,0
0.0,udp,pop3,S0,55,0,250,408,1.0,0.99,0,0,dos,1
5.07,tcp,ftp,RSTR,60,8,305,323,0.973,0.967,0,0,dos,1
0.0,tcp,http,S0,0,280,10,6,0.115,0.99,4,0,r2l,1
21.18,tcp,pop3,SF,217,288,3,9,0.213,0.773,4,0,r2l,1
0.0,tcp,ssh,SF,321,1121,3,4,0.0,0.833,0,1,normal,0
1.37,tcp,telnet,RSTR,98,0,338,203,0.878,0.974,0,0,dos,1
0.0,tcp,smtp,SF,575,1046,8,1,0.042,0.811,0,1,normal,0
111.41,udp,pop3,SF,812,402,8,7,0.047,0.882,0,1,normal,0
39.18,udp,http,SF,214,0,8,9,0.0,0.958,0,1,normal,0
37.54,udp,ftp,RSTO,566,563,4,4,0.014,0.927,0,1,normal,0
0.0,tcp,ssh,SF,293,991,4,7,0.037,0.957,0,1,normal,0
71.32,tcp,http,S0,615,700,3,1,0.0,0.762,0,1,normal,0
49.19,tcp,http,SF,470,1313,4,2,0.005,0.982,0,1,normal,0
65.57,tcp,pop3,S0,422,274,6,7,0.06,0.94,0,1,normal,0
0.0,tcp,http,REJ,33,1,58,7,0.214,0.458,0,0,probe,1
0.0,udp,other,S0,890,951,3,9,0.0,1.0,0,1,normal,0
0.0,tcp,pop3,S0,28,7,227,197,0.835,0.945,0,0,dos,1
3.75,udp,dns,S0,57,0,105,383,0.849,0.97,0,0,dos,1
1.4,tcp,smtp,S0,34,0,277,462,0.941,0.921,0,0,dos,1
36.49,tcp,http,SF,879,797,5,9,0.0,0.978,0,1,normal,0
1.18,tcp,dns,S0,47,0,152,371,0.871,0.935,0,0,dos,1
3.64,udp,pop3,S0,70,0,272,437,0.966,1.0,0,0,dos,1
0.48,tcp,ssh,RSTR,60,0,143,398,0.867,0.949,0,0,dos,1
0.0,tcp,ssh,S0,30,0,47,8,0.843,0.309,0,0,probe,1
0.0,tcp,ssh,SF,306,1299,9,8,0.016,1.0,0,1,normal,0
7.92,tcp,pop3,SF,460,1080,8,1,0.047,0.681,0,1,normal,0
1.02,tcp,smtp,REJ,14,2,43,9,0.466,0.0,0,0,probe,1
86.93,udp,ftp,SF,485,844,7,7,0.0,0.844,0,1,normal,0
1.88,tcp,pop3,REJ,69,3,394,222,0.883,1.0,0,0,dos,1
89.74,udp,ftp,SF,260,312,9,4,0.07,0.962,0,1,normal,0
69.9,tcp,ssh,SF,1008,1216,9,5,0.012,0.914,0,1,normal,0
31.08,tcp,smtp,SF,266,964,1,6,0.045,0.976,0,1,normal,0
0.0,udp,smtp,SF,751,934,7,5,0.0,0.857,0,1,normal,0
26.87,udp,http,SF,523,393,8,4,0.152,0.769,1,0,r2l,1
40.11,tcp,pop3,REJ,453,30,8,8,0.01,0.924,0,1,normal,0
4.87,udp,telnet,REJ,69,0,244,136,0.939,0.94,0,0,dos,1
68.2,tcp,pop3,REJ,914,605,1,5,0.138,0.95,0,1,normal,0
40.62,tcp,smtp,SF,133,127,6,8,0.08,0.937,4,0,r2l,1
0.0,tcp,telnet,SF,548,1047,3,5,0.033,0.896,0,1,normal,0
43.22,tcp,dns,SF,710,1161,2,1,0.17,1.0,0,1,normal,0
0.0,tcp,ftp,REJ,296,0,3,7,0.0,0.96,0,1,normal,0
39.35,tcp,telnet,SF,523,1774,2,6,0.037,0.719,0,1,normal,0
0.0,udp,other,SF,1259,404,4,3,0.102,0.781,1,1,u2r,1
21.22,icmp,ssh,SF,265,582,8,5,0.0,0.547,1,0,r2l,1
34.66,tcp,ftp,SF,863,1993,6,6,0.009,0.931,0,1,normal,0
70.39,tcp,smtp,SF,361,775,1,5,0.065,0.935,0,1,normal,0
94.34,tcp,ftp,SF,725,1436,4,1,0.0,1.0,0,1,normal,0
71.66,tcp,pop3,SF,491,458,9,4,0.013,0.955,0,1,normal,0
24.33,icmp,ssh,SF,761,2139,3,1,0.013,0.894,0,1,normal,0
72.2,udp,smtp,SF,685,853,8,8,0.053,0.82,0,1,normal,0
61.29,udp,pop3,SF,479,916,7,2,0.017,0.835,0,1,normal,0
0.38,udp,ftp,S0,10,2,99,1,0.531,0.081,0,0,probe,1
46.05,icmp,http,SF,688,629,7,1,0.012,0.811,0,1,normal,0
7.0,tcp,other,REJ,391,508,5,6,0.008,0.758,0,1,normal,0
88.54,tcp,dns,SF,1017,315,3,9,0.01,0.951,0,1,normal,0
88.02,tcp,http,SF,442,1574,3,8,0.004,0.96,0,1,normal,0
4.41,tcp,smtp,SF,433,1490,5,3,0.024,0.793,0,1,normal,0
102.7,tcp,ssh,SF,651,962,9,3,0.0,0.774,0,1,normal,0
7.56,tcp,smtp,SF,669,1438,7,5,0.0,0.95,0,1,normal,0
0.0,tcp,dns,S0,71,1,427,323,0.951,0.993,0,0,dos,1
0.15,tcp,ftp,REJ,0,0,85,10,0.722,0.369,0,0,probe,1
1.87,tcp,pop3,S0,41,1,84,17,0.319,0.194,0,0,probe,1
41.76,tcp,http,SF,0,1004,9,6,0.013,0.864,0,1,normal,0
51.71,udp,ftp,SF,408,2020,3,2,0.01,0.868,0,1,normal,0
56.23,tcp,dns,SF,774,0,2,6,0.0,0.872,0,1,normal,0
81.3,icmp,dns,SF,318,977,9,1,0.0,0.991,0,1,normal,0
21.9,tcp,dns,SF,346,318,6,7,0.33,0.627,3,0,r2l,1
39.7,tcp,telnet,SF,117,215,4,8,0.218,0.668,4,1,r2l,1
49.3,udp,dns,SF,166,514,3,4,0.0,0.871,0,1,normal,0
121.53,tcp,ftp,SF,689,576,4,6,0.09,0.982,0,1,normal,0
119.94,tcp,smtp,SF,667,1360,9,5,0.031,0.892,0,1,normal,0
45.3,udp,dns,SF,333,1011,7,1,0.0,0.77,0,1,normal,0
2.9,udp,ssh,S0,206,607,7,1,0.122,0.352,4,1,r2l,1
0.0,udp,pop3,S0,473,896,5,9,0.03,1.0,0,1,normal,0
100.58,tcp,dns,SF,1012,2095,7,6,0.0,0.954,0,1,normal,0
43.82,tcp,ftp,SF,417,0,9,8,0.0,1.0,0,1,normal,0
0.0,udp,telnet,REJ,298,443,2,2,0.037,0.923,0,1,normal,0
90.11,udp,other,SF,221,0,7,4,0.0,0.963,0,1,normal,0
2.57,tcp,http,S0,38,0,289,317,0.86,0.921,0,0,dos,1
0.0,tcp,dns,SF,822,1372,6,8,0.0,0.902,0,1,normal,0
33.42,tcp,pop3,SF,0,723,4,5,0.015,0.862,0,1,normal,0
72.65,tcp,other,SF,565,790,1,4,0.072,0.887,0,1,normal,0
20.86,tcp,ssh,SF,232,277,5,3,0.0,0.916,0,1,normal,0
17.54,tcp,pop3,S0,0,973,3,2,0.037,0.674,0,1,normal,0
122.64,tcp,http,SF,441,482,5,4,0.0,1.0,0,1,normal,0
53.03,udp,other,SF,450,501,3,8,0.046,0.896,0,1,normal,0
94.71,tcp,http,S0,942,1649,7,7,0.042,0.853,0,1,normal,0
4.23,tcp,telnet,REJ,47,0,369,203,1.0,0.953,0,0,dos,1
1.62,tcp,other,REJ,0,0,157,503,0.897,0.939,0,0,dos,1
1.52,tcp,telnet,SF,4,0,92,7,0.649,0.315,0,0,probe,1
50.95,tcp,ssh,REJ,242,1472,8,7,0.004,0.787,0,1,normal,0
4.09,udp,dns,S0,16,5,320,455,0.693,0.953,0,0,dos,1
95.07,tcp,telnet,SF,394,2451,8,7,0.0,0.881,0,1,normal,0
5.33,tcp,http,SF,228,619,6,6,0.0,0.771,0,1,normal,0
86.62,tcp,smtp,SF,362,1042,9,8,0.097,0.927,0,1,normal,0
0.0,icmp,ssh,SF,680,131,3,2,0.0,0.778,0,1,normal,0
1.94,udp,dns,RSTR,55,0,435,241,0.995,0.999,0,0,dos,1
96.37,tcp,telnet,SF,727,0,9,9,0.094,0.803,0,1,normal,0
30.9,tcp,ssh,SF,810,145,1,8,0.114,0.911,0,1,normal,0
53.53,tcp,http,SF,907,0,4,1,0.021,0.705,1,1,u2r,1
108.41,udp,dns,SF,755,1244,3,9,0.051,1.0,0,1,normal,0
31.93,udp,dns,SF,216,401,11,7,0.026,0.746,3,0,r2l,1
1.74,tcp,ssh,S0,0,0,350,101,0.985,0.932,0,0,dos,1
0.0,tcp,http,S0,70,0,478,365,0.779,0.955,0,0,dos,1
1.66,tcp,ssh,S0,43,0,258,401,0.951,1.0,0,0,dos,1
61.1,tcp,pop3,SF,545,1519,8,1,0.021,0.974,0,1,normal,0
0.0,tcp,smtp,S0,148,1633,8,9,0.0,1.0,0,1,normal,0
0.0,tcp,smtp,S0,73,0,121,122,0.834,0.905,0,0,dos,1
5.12,tcp,dns,S0,111,0,406,389,0.818,0.86,0,0,dos,1
56.2,tcp,ftp,SF,90,522,6,6,0.093,0.905,0,1,normal,0
68.92,tcp,telnet,SF,210,1792,5,6,0.01,1.0,0,1,normal,0
40.95,udp,pop3,SF,276,932,4,3,0.004,0.803,0,1,normal,0
10.1,tcp,http,SF,323,1425,9,3,0.005,0.828,0,1,normal,0
47.81,icmp,smtp,SF,220,642,2,8,0.043,0.996,0,1,normal,0
0.0,udp,telnet,S0,72,3,429,121,0.926,1.0,0,0,dos,1
3.55,tcp,ftp,REJ,36,0,203,435,0.904,0.948,0,0,dos,1
54.84,tcp,ftp,SF,388,2074,9,4,0.044,0.893,0,1,normal,0
0.0,tcp,pop3,RSTR,236,1886,8,6,0.0,0.867,0,1,normal,0
28.23,tcp,http,SF,469,114,5,5,0.0,0.742,0,1,normal,0
8.32,tcp,telnet,S0,644,471,3,9,0.011,0.892,0,1,normal,0
70.66,tcp,http,RSTR,968,141,3,5,0.0,0.999,0,1,normal,0
94.5,icmp,http,SF,203,1024,6,7,0.042,0.951,0,1,normal,0
53.66,icmp,ftp,SF,486,460,8,5,0.032,0.971,0,1,normal,0
53.52,tcp,other,SF,7,1234,3,3,0.0,1.0,0,1,normal,0
65.49,tcp,pop3,SF,405,1253,1,7,0.063,0.977,0,1,normal,0
124.04,udp,other,SF,605,953,6,5,0.0,1.0,0,1,normal,0
0.0,tcp,pop3,S0,532,186,5,7,0.008,0.814,0,1,normal,0
99.05,tcp,telnet,SF,565,0,2,1,0.001,0.932,0,1,normal,0
98.18,udp,ftp,SF,413,802,9,1,0.083,0.802,0,1,normal,0
95.06,icmp,ftp,SF,196,1199,7,2,0.0,0.963,0,1,normal,0
59.02,udp,ftp,SF,134,1504,4,5,0.069,0.873,0,1,normal,0
42.37,tcp,http,SF,389,109,1,7,0.077,1.0,0,1,normal,0
17.36,tcp,dns,S0,107,408,10,6,0.144,0.832,2,1,r2l,1
1.08,icmp,other,SF,257,1165,8,2,0.0,1.0,0,1,normal,0
68.2,tcp,smtp,SF,324,436,6,1,0.025,0.834,0,1,normal,0
93.06,tcp,smtp,SF,589,924,3,6,0.026,1.0,0,1,normal,0
1.32,tcp,other,S0,26,0,426,504,0.944,1.0,0,0,dos,1
5.55,tcp,pop3,S0,38,3,58,4,0.171,0.496,0,0,probe,1
1.74,tcp,dns,SF,468,1070,4,6,0.0,0.86,0,1,normal,0
49.75,tcp,telnet,SF,690,874,7,6,0.049,0.939,0,1,normal,0
44.44,tcp,http,SF,962,1777,6,6,0.099,0.885,0,1,normal,0
83.55,tcp,other,SF,780,476,5,8,0.0,1.0,0,1,normal,0
59.38,tcp,ssh,SF,542,66,6,6,0.021,0.865,0,1,normal,0
0.0,tcp,http,RSTO,468,1011,8,5,0.0,1.0,0,1,normal,0
0.0,udp,ssh,S0,0,573,3,8,0.258,0.742,2,1,r2l,1
5.0,udp,pop3,S0,14,0,232,201,0.759,0.991,0,0,dos,1
95.68,tcp,ftp,SF,294,845,4,7,0.084,0.788,0,1,normal,0
183.9,udp,dns,SF,4,816,3,1,0.027,1.0,1,1,u2r,1
78.84,icmp,http,SF,704,0,8,7,0.076,0.814,0,1,normal,0
24.57,tcp,smtp,SF,0,1639,1,3,0.039,0.827,0,1,normal,0
1.49,tcp,http,S0,51,7,482,502,0.944,0.94,0,0,dos,1
64.53,tcp,telnet,SF,763,338,7,8,0.075,0.991,0,1,normal,0
70.77,tcp,http,REJ,343,752,6,9,0.057,0.993,0,1,normal,0
34.62,tcp,http,RSTR,218,345,5,7,0.052,0.939,0,1,normal,0
66.96,tcp,telnet,SF,588,985,2,4,0.044,0.814,0,1,normal,0
0.0,icmp,ssh,SF,432,2277,9,5,0.083,0.828,0,1,normal,0
0.0,tcp,ssh,SF,580,699,7,9,0.0,0.639,0,1,normal,0
94.55,tcp,smtp,SF,1239,508,9,2,0.005,0.909,0,1,normal,0
124.69,udp,ssh,S0,410,313,7,7,0.002,1.0,0,1,normal,0
41.62,udp,smtp,SF,578,582,2,8,0.0,0.82,0,1,normal,0
2.65,udp,ftp,S0,56,2,500,118,0.924,0.953,0,0,dos,1
44.74,tcp,smtp,SF,723,2260,8,8,0.0,0.898,0,1,normal,0
66.33,udp,http,SF,0,800,8,6,0.036,0.916,0,1,normal,0
0.58,tcp,ssh,RSTR,34,1,485,187,0.791,0.998,0,0,dos,1
4.52,tcp,pop3,S0,27,1,126,479,0.805,0.964,0,0,dos,1
51.66,tcp,dns,SF,182,739,2,3,0.044,0.932,0,1,normal,0
1.31,udp,smtp,S0,109,1,125,377,1.0,0.883,0,0,dos,1
0.0,udp,ssh,S0,97,7,199,219,0.963,0.947,0,0,dos,1
77.71,tcp,pop3,SF,510,62,6,7,0.046,1.0,0,1,normal,0
0.28,udp,telnet,S0,56,4,487,199,0.958,0.921,0,0,dos,1
0.0,tcp,ssh,REJ,86,3,504,345,0.944,0.903,0,0,dos,1
0.0,tcp,http,SF,0,766,9,9,0.0,0.841,0,1,normal,0
100.97,tcp,telnet,SF,47,1820,8,1,0.001,0.713,0,1,normal,0
0.1,tcp,pop3,RSTR,40,1,364,399,0.843,0.944,0,0,dos,1
237.32,tcp,smtp,SF,712,679,3,2,0.138,0.776,0,1,u2r,1
55.05,tcp,smtp,SF,33,2357,4,4,0.035,0.782,0,1,normal,0
0.5,tcp,smtp,S0,62,0,299,475,0.915,0.972,0,0,dos,1
1.63,udp,dns,S0,0,6,348,451,0.853,0.963,0,0,dos,1
0.59,tcp,telnet,S0,45,0,139,292,1.0,1.0,0,0,dos,1
34.8,tcp,ssh,SF,116,341,7,7,0.386,0.458,2,0,r2l,1
102.53,tcp,smtp,SF,391,1036,1,8,0.006,1.0,0,1,normal,0
103.45,tcp,ssh,RSTO,359,1162,9,4,0.0,0.985,0,1,normal,0
50.28,udp,http,SF,378,1466,3,1,0.007,0.819,0,1,normal,0
68.37,tcp,smtp,RSTO,665,821,5,6,0.0,0.971,0,1,normal,0
37.64,udp,telnet,SF,866,1383,3,2,0.043,1.0,0,1,normal,0
0.76,tcp,dns,S0,74,0,230,149,1.0,0.974,0,0,dos,1
4.28,tcp,ssh,S0,16,0,29,12,0.715,0.242,0,0,probe,1
2.78,tcp,telnet,SF,560,1072,3,4,0.119,0.872,0,1,normal,0
1.1,udp,smtp,S0,42,0,290,474,0.846,0.985,0,0,dos,1
26.0,tcp,ftp,SF,631,839,6,9,0.0,1.0,0,1,normal,0
88.28,udp,ftp,SF,750,580,5,5,0.076,0.958,0,1,normal,0
6.69,tcp,other,SF,315,888,2,7,0.131,1.0,0,1,normal,0
23.12,tcp,ftp,SF,239,1712,4,8,0.02,0.934,0,1,normal,0
63.25,tcp,telnet,SF,475,1322,7,3,0.046,0.894,0,1,normal,0
3.81,tcp,pop3,S0,47,11,438,229,1.0,1.0,0,0,dos,1
39.81,tcp,pop3,SF,631,1433,7,7,0.0,0.932,0,1,normal,0
0.0,tcp,other,RSTR,262,785,2,7,0.0,0.792,0,1,normal,0
64.58,tcp,ftp,SF,936,604,9,9,0.097,0.927,0,1,normal,0
106.13,tcp,dns,SF,392,315,5,2,0.0,0.893,0,1,normal,0
16.1,udp,ssh,SF,70,135,7,8,0.187,0.497,4,0,r2l,1
4.3,tcp,dns,REJ,20,0,29,7,0.254,0.205,0,0,probe,1
52.13,udp,smtp,SF,454,568,3,3,0.05,0.961,0,1,normal,0
76.72,udp,other,SF,351,800,9,9,0.047,0.798,0,1,normal,0
27.02,tcp,smtp,SF,230,741,5,6,0.026,0.998,0,1,normal,0
82.55,tcp,ftp,SF,251,529,9,4,0.047,0.903,0,1,normal,0
48.22,tcp,ssh,SF,718,1374,8,9,0.079,0.805,0,1,normal,0
34.81,tcp,http,SF,946,559,1,3,0.053,0.898,0,1,normal,0
106.49,tcp,ftp,SF,168,964,3,6,0.07,0.652,0,1,normal,0
92.83,tcp,http,SF,388,1495,8,7,0.065,0.955,0,1,normal,0
71.23,udp,other,SF,360,1284,7,2,0.068,0.823,0,1,normal,0
40.26,tcp,http,SF,822,763,1,8,0.023,1.0,0,1,normal,0
71.78,tcp,ssh,SF,620,1078,7,9,0.0,0.851,0,1,normal,0
80.25,tcp,http,SF,191,1120,7,6,0.012,0.902,0,1,normal,0
64.44,tcp,ftp,SF,578,1407,1,7,0.025,0.884,0,1,normal,0
0.0,udp,http,REJ,0,0,2,4,0.059,0.952,0,1,normal,0
95.21,udp,http,RSTO,783,1579,2,1,0.024,1.0,0,1,normal,0
4.32,udp,pop3,REJ,53,0,438,226,0.783,0.977,0,0,dos,1
15.81,tcp,smtp,SF,108,26,1,2,0.133,0.0,1,0,r2l,1
135.01,tcp,pop3,SF,422,1225,9,4,0.038,0.861,0,1,normal,0
0.74,tcp,dns,S0,21,2,72,17,0.761,0.175,0,0,probe,1
1.01,tcp,ftp,REJ,19,5,339,246,1.0,0.927,0,0,dos,1
58.9,udp,ftp,SF,252,1866,1,9,0.116,0.709,0,1,normal,0
27.05,tcp,smtp,SF,763,789,9,7,0.059,0.871,0,1,normal,0
40.84,udp,pop3,SF,478,223,9,4,0.073,0.958,0,1,normal,0
153.77,tcp,http,SF,178,1329,5,7,0.014,0.876,0,1,normal,0
31.08,tcp,other,SF,183,0,13,5,0.069,0.873,3,0,r2l,1
41.99,tcp,pop3,SF,301,825,4,6,0.043,1.0,0,1,normal,0
30.08,tcp,other,SF,688,1706,1,9,0.0,0.894,0,1,normal,0
51.1,tcp,pop3,SF,1017,616,3,8,0.0,1.0,0,1,normal,0
56.23,icmp,telnet,SF,244,273,4,3,0.079,0.847,0,1,normal,0
21.48,tcp,dns,SF,0,691,6,6,0.042,0.831,0,1,normal,0
13.32,tcp,smtp,SF,74,657,4,8,0.039,1.0,0,1,normal,0
85.74,tcp,pop3,SF,824,1454,8,6,0.0,1.0,0,1,normal,0
2.0,tcp,dns,S0,0,1,485,255,0.892,0.931,0,0,dos,1
97.93,udp,other,SF,288,1235,1,3,0.056,1.0,0,1,normal,0
61.32,tcp,other,SF,733,514,5,1,0.0,0.97,0,1,normal,0
0.0,tcp,ssh,S0,82,0,159,191,0.781,1.0,0,0,dos,1
56.27,tcp,ssh,SF,593,1584,5,9,0.006,0.796,0,1,normal,0
37.01,tcp,ftp,SF,428,826,7,2,0.012,0.749,0,1,normal,0
0.0,udp,dns,REJ,47,0,169,302,0.763,0.892,0,0,dos,1
37.55,tcp,pop3,SF,687,0,6,7,0.028,0.905,0,1,normal,0
67.28,tcp,ftp,SF,1079,1419,5,8,0.012,0.841,0,1,normal,0
57.35,tcp,smtp,SF,720,330,3,4,0.0,0.746,0,1,normal,0
37.39,tcp,smtp,SF,684,852,6,8,0.0,0.973,0,1,normal,0
76.43,icmp,ftp,SF,281,1129,7,8,0.0,0.887,0,1,normal,0
73.52,tcp,dns,SF,292,774,7,2,0.053,0.929,0,1,normal,0
47.81,tcp,http,SF,826,400,6,4,0.0,1.0,0,1,normal,0
0.0,tcp,smtp,SF,154,874,4,9,0.0,0.754,0,1,normal,0
88.05,tcp,pop3,SF,203,733,4,5,0.071,0.852,0,1,normal,0
21.41,udp,pop3,RSTR,718,634,4,6,0.141,1.0,0,1,normal,0
104.83,udp,ftp,RSTR,597,1359,2,3,0.0,0.917,0,1,normal,0
125.16,tcp,telnet,SF,220,374,2,2,0.0,0.542,1,1,u2r,1
0.0,udp,http,SF,536,1297,1,8,0.027,0.791,0,1,normal,0
63.27,tcp,other,SF,485,241,3,1,0.036,0.92,0,1,normal,0
73.01,tcp,pop3,SF,621,0,6,5,0.0,1.0,0,1,normal,0
13.56,tcp,other,SF,421,1014,4,9,0.0,0.839,0,1,normal,0
140.82,tcp,smtp,SF,490,443,3,5,0.031,0.799,0,1,normal,0
3.4,tcp,smtp,S0,54,0,318,470,0.892,0.948,0,0,dos,1
31.35,tcp,other,SF,656,408,9,7,0.033,0.971,0,1,normal,0
38.21,tcp,ftp,SF,873,1087,1,7,0.0,0.912,0,1,normal,0
0.0,tcp,ssh,SF,162,745,9,7,0.037,1.0,0,1,normal,0
0.55,tcp,http,S0,69,7,460,453,1.0,0.959,0,0,dos,1
75.4,tcp,http,REJ,308,2794,9,5,0.062,1.0,0,1,normal,0
36.76,tcp,pop3,SF,585,555,2,1,0.0,0.966,0,1,normal,0
1.39,tcp,http,S0,61,0,175,190,0.763,0.899,0,0,dos,1
0.45,udp,dns,S0,93,0,200,440,0.832,0.956,0,0,dos,1
76.48,tcp,http,SF,823,2127,2,9,0.038,0.875,0,1,normal,0
16.97,tcp,ftp,SF,251,722,1,4,0.072,0.847,1,1,u2r,1
3.47,tcp,ssh,S0,17,0,321,181,0.982,1.0,0,0,dos,1
0.0,udp,http,SF,654,1713,6,5,0.0,0.872,0,1,normal,0
0.0,tcp,other,REJ,108,3,481,301,0.833,0.937,0,0,dos,1
22.54,tcp,ssh,SF,909,1209,3,4,0.041,0.894,0,1,normal,0
32.98,udp,ftp,SF,579,487,2,6,0.0,0.866,0,1,normal,0
47.71,icmp,dns,REJ,692,1164,3,7,0.0,0.826,0,1,normal,0
1.62,tcp,ssh,REJ,39,6,280,281,1.0,0.942,0,0,dos,1
68.82,tcp,pop3,SF,112,719,6,1,0.027,0.907,0,1,normal,0
54.41,icmp,dns,SF,701,624,9,7,0.0,1.0,0,1,normal,0
58.22,icmp,telnet,SF,402,717,9,7,0.0,0.761,0,1,normal,0
0.0,tcp,dns,S0,1238,0,3,1,0.012,1.0,0,1,normal,0
0.0,tcp,pop3,SF,15,0,44,7,0.379,0.148,0,0,probe,1
0.9,udp,ssh,RSTR,61,3,269,500,0.905,1.0,0,0,dos,1
46.39,tcp,dns,SF,1291,972,8,4,0.0,0.699,0,1,normal,0
2.27,tcp,smtp,REJ,26,2,64,7,0.832,0.158,0,0,probe,1
3.16,icmp,dns,REJ,54,0,289,393,0.845,1.0,0,0,dos,1
85.85,udp,ftp,REJ,145,1286,6,1,0.017,0.712,0,1,normal,0
0.0,udp,http,SF,542,2136,2,9,0.0,0.894,0,1,normal,0
66.72,tcp,other,SF,244,831,1,2,0.047,1.0,0,1,normal,0
62.91,tcp,telnet,SF,852,984,2,7,0.0,0.92,0,1,normal,0
135.87,tcp,smtp,SF,456,1133,5,3,0.119,0.815,0,1,normal,0
25.2,tcp,ftp,SF,3,737,6,8,0.005,0.8,0,1,normal,0
3.95,tcp,dns,REJ,22,0,56,17,0.668,0.008,0,0,probe,1
74.54,tcp,pop3,SF,178,546,3,1,0.0,1.0,0,1,normal,0
4.2,udp,ftp,S0,21,0,416,293,0.768,0.995,0,0,dos,1
1.19,tcp,ftp,S0,54,0,78,6,0.576,0.342,0,0,probe,1
94.93,tcp,other,SF,344,2745,7,1,0.0,0.824,0,1,normal,0
12.71,tcp,dns,RSTO,0,1610,3,5,0.003,0.981,0,1,normal,0
1.81,tcp,other,S0,22,1,496,486,0.954,0.974,0,0,dos,1
0.0,tcp,smtp,S0,62,7,472,248,0.944,0.998,0,0,dos,1
61.03,tcp,dns,SF,314,901,2,5,0.0,0.974,0,1,normal,0
109.32,udp,dns,SF,778,679,6,5,0.056,0.867,0,1,normal,0
0.0,tcp,ssh,SF,1052,496,6,6,0.112,0.952,0,1,normal,0
3.0,tcp,other,S0,73,1,125,289,0.782,0.908,0,0,dos,1
0.37,tcp,dns,REJ,122,0,421,248,0.862,0.918,0,0,dos,1
114.64,udp,ftp,SF,392,1249,7,3,0.0,0.973,0,1,normal,0
78.3,tcp,http,SF,467,1028,1,2,0.032,0.753,0,1,normal,0
0.0,tcp,pop3,SF,79,1276,6,3,0.11,1.0,0,1,normal,0
0.0,tcp,ftp,S0,20,0,26,17,0.473,0.003,0,0,probe,1
2.39,tcp,telnet,S0,23,0,86,6,0.27,0.211,0,0,probe,1
3.57,tcp,http,REJ,30,0,424,384,0.817,0.933,0,0,dos,1
70.38,tcp,http,SF,493,1268,1,8,0.05,0.846,0,1,normal,0
18.19,tcp,ftp,SF,292,1020,2,5,0.021,0.784,0,1,normal,0
64.05,tcp,smtp,S0,488,1910,1,8,0.0,0.671,0,1,normal,0
41.96,tcp,ftp,SF,457,1183,6,3,0.03,0.953,0,1,normal,0
41.63,tcp,pop3,SF,349,0,4,9,0.079,0.804,0,1,normal,0
2.67,tcp,ssh,REJ,76,0,450,354,1.0,0.847,0,0,dos,1
147.24,udp,http,SF,853,105,1,4,0.026,1.0,0,1,normal,0
53.07,tcp,http,SF,651,1202,1,7,0.038,0.927,0,1,normal,0
16.02,tcp,pop3,SF,122,7,12,5,0.201,0.368,2,0,r2l,1
19.22,tcp,http,S0,1020,1528,5,1,0.009,0.832,0,1,normal,0
52.34,icmp,smtp,SF,855,1349,7,1,0.0,0.781,0,1,normal,0
0.0,tcp,smtp,SF,17,2,88,5,0.672,0.221,0,0,probe,1
0.0,udp,dns,SF,559,1882,3,5,0.0,0.855,0,1,normal,0
15.58,tcp,smtp,SF,573,1489,7,6,0.008,0.887,0,1,normal,0
85.43,udp,ssh,SF,572,849,3,9,0.0,0.816,0,1,normal,0
2.5,tcp,smtp,S0,50,3,129,465,0.937,0.911,0,0,dos,1
42.9,tcp,smtp,SF,526,1498,2,2,0.071,0.949,0,1,normal,0
52.72,tcp,pop3,REJ,679,1931,5,9,0.048,0.808,0,1,normal,0
106.58,udp,ftp,SF,485,1660,3,8,0.06,0.893,0,1,normal,0
0.0,tcp,ftp,RSTR,418,684,3,2,0.008,1.0,0,1,normal,0
3.53,tcp,http,S0,69,0,403,445,0.857,0.973,0,0,dos,1
47.24,tcp,smtp,SF,253,1692,7,5,0.026,0.869,0,1,normal,0
116.88,udp,telnet,SF,239,1337,3,3,0.066,0.893,0,1,normal,0
54.91,tcp,pop3,SF,115,375,2,8,0.004,0.977,0,1,normal,0
45.73,tcp,ssh,SF,191,1610,3,8,0.049,0.848,0,1,normal,0
31.43,tcp,dns,SF,270,1127,6,6,0.0,0.765,0,1,normal,0
46.05,tcp,other,SF,489,1427,7,7,0.019,0.86,0,1,normal,0
66.94,tcp,pop3,SF,613,2145,8,2,0.0,0.803,0,1,normal,0
44.28,tcp,smtp,SF,579,1991,5,9,0.024,1.0,0,1,normal,0
0.9,tcp,ssh,S0,78,3,330,255,0.966,0.939,0,0,dos,1
29.18,udp,ssh,SF,280,162,8,7,0.116,0.517,4,1,r2l,1
25.64,tcp,smtp,SF,703,1112,1,6,0.031,0.975,0,1,normal,0
0.0,tcp,ftp,SF,946,897,7,5,0.025,0.737,0,1,normal,0
84.92,udp,telnet,SF,855,1291,8,8,0.066,0.93,0,1,normal,0
88.32,tcp,ssh,SF,189,819,7,3,0.031,0.977,0,1,normal,0
0.0,udp,http,SF,477,1145,9,4,0.0,0.939,0,1,normal,0
1.89,udp,other,REJ,15,6,96,12,0.38,0.126,0,0,probe,1
4.23,tcp,smtp,S0,11,0,312,190,0.862,1.0,0,0,dos,1
0.0,udp,dns,SF,740,963,5,9,0.014,0.705,0,1,normal,0
4.03,tcp,ssh,S0,343,287,6,2,0.042,0.677,2,0,r2l,1
75.07,icmp,dns,SF,347,664,9,8,0.039,0.978,0,1,normal,0
0.0,udp,dns,RSTO,356,610,5,2,0.0,0.844,0,1,normal,0
0.81,tcp,other,SF,206,1309,4,5,0.01,0.964,0,1,normal,0
71.22,tcp,pop3,RSTR,444,978,5,3,0.057,0.845,0,1,normal,0
2.7,tcp,pop3,REJ,20,0,67,3,0.563,0.157,0,0,probe,1
74.75,tcp,smtp,SF,531,1626,8,1,0.03,0.925,0,1,normal,0
92.65,icmp,smtp,SF,32,1262,6,2,0.049,0.781,0,1,normal,0
7.6,tcp,smtp,SF,301,1618,7,9,0.029,1.0,0,1,normal,0
4.73,udp,dns,S0,12,0,82,11,0.401,0.195,0,0,probe,1
19.62,udp,telnet,SF,780,1868,5,7,0.0,0.848,0,1,normal,0
11.46,tcp,smtp,SF,378,1215,4,3,0.052,1.0,0,1,normal,0
0.0,udp,dns,SF,706,1183,8,2,0.064,0.875,0,1,normal,0
2.31,udp,other,S0,15,3,52,19,0.526,0.234,0,0,probe,1
18.46,tcp,ssh,SF,766,841,6,7,0.049,1.0,0,1,normal,0
31.94,tcp,dns,SF,364,1819,6,6,0.0,0.822,0,1,normal,0
0.0,tcp,dns,S0,13,0,127,427,0.888,0.97,0,0,dos,1
0.0,icmp,ftp,SF,358,1767,6,2,0.023,0.817,0,1,normal,0
43.83,tcp,smtp,SF,425,1689,9,6,0.0,0.955,0,1,normal,0
128.81,udp,smtp,RSTR,562,1866,9,1,0.0,0.938,0,1,normal,0
42.09,tcp,telnet,SF,435,1629,6,3,0.021,0.972,0,1,normal,0
88.43,tcp,http,RSTR,367,1167,1,3,0.0,0.757,0,1,normal,0
92.32,udp,smtp,SF,492,1847,2,8,0.0,1.0,0,1,normal,0
55.42,tcp,telnet,SF,366,0,5,8,0.002,0.774,0,1,normal,0
10.16,udp,ssh,SF,520,1416,8,1,0.0,0.772,0,1,normal,0
23.11,tcp,http,SF,192,1832,1,7,0.028,0.832,0,1,normal,0
18.84,udp,dns,SF,138,0,14,7,0.045,0.699,1,0,r2l,1
52.98,udp,ssh,SF,345,840,7,5,0.118,0.99,0,1,normal,0
67.83,tcp,ftp,RSTO,955,526,3,7,0.0,0.737,0,1,normal,0
58.26,udp,ssh,SF,157,1374,5,4,0.0,0.902,0,1,normal,0
0.0,udp,ssh,REJ,38,0,430,391,0.768,0.879,0,0,dos,1
106.04,tcp,smtp,REJ,1276,65,1,8,0.024,0.884,0,1,normal,0
49.94,tcp,other,SF,681,243,6,4,0.037,1.0,0,1,normal,0
14.21,udp,http,SF,826,909,4,9,0.129,0.894,0,1,normal,0
30.54,tcp,smtp,S0,234,1798,2,3,0.099,0.864,0,1,normal,0
0.0,udp,telnet,S0,83,0,176,101,0.813,0.914,0,0,dos,1
3.58,tcp,http,S0,22,0,46,15,0.439,0.138,0,0,probe,1
0.28,tcp,pop3,RSTR,2,0,118,484,0.805,0.969,0,0,dos,1
33.61,tcp,ssh,SF,1061,0,6,6,0.123,0.927,0,1,normal,0
50.67,tcp,http,SF,482,1408,1,6,0.062,0.879,0,1,normal,0
47.44,tcp,ftp,SF,687,1168,1,5,0.018,0.801,0,1,normal,0
0.0,tcp,telnet,S0,73,0,169,337,0.971,0.893,0,0,dos,1
0.99,tcp,dns,SF,27,0,71,14,1.0,0.245,0,0,probe,1
8.01,tcp,smtp,S0,0,0,74,16,1.0,0.099,0,0,probe,1
102.59,udp,smtp,SF,573,1429,6,7,0.0,0.803,0,1,normal,0
0.0,tcp,ssh,REJ,63,0,502,333,1.0,0.976,0,0,dos,1
37.2,tcp,other,SF,26,255,2,4,0.055,0.827,0,1,normal,0
1.98,tcp,smtp,S0,0,2,121,439,1.0,0.946,0,0,dos,1
31.31,tcp,pop3,SF,91,598,2,9,0.031,0.843,0,1,normal,0
67.62,tcp,smtp,SF,405,368,1,7,0.014,1.0,0,1,normal,0
81.14,tcp,pop3,SF,767,41,5,3,0.0,0.712,0,1,normal,0
2.75,tcp,dns,SF,317,178,13,7,0.107,0.457,2,0,r2l,1
64.95,icmp,http,SF,694,883,5,3,0.097,0.93,0,1,normal,0
92.35,tcp,ssh,SF,633,1580,9,4,0.07,0.807,0,1,normal,0
69.84,tcp,ssh,SF,296,1493,4,8,0.0,0.993,0,1,normal,0
79.13,udp,ssh,SF,618,1304,7,6,0.063,0.991,0,1,normal,0
0.0,tcp,ftp,S0,24,0,41,18,0.34,0.0,0,0,probe,1
101.6,tcp,smtp,SF,735,1148,9,3,0.0,1.0,0,1,normal,0
86.78,tcp,telnet,SF,374,243,9,8,0.074,1.0,0,1,normal,0
2.3,icmp,ssh,S0,53,0,202,251,1.0,0.983,0,0,dos,1
20.04,tcp,other,SF,759,1157,3,2,0.031,0.712,0,1,normal,0
75.78,tcp,http,SF,357,978,7,3,0.037,0.989,0,1,normal,0
78.23,tcp,smtp,SF,497,638,8,4,0.021,0.94,0,1,normal,0
53.86,tcp,pop3,SF,852,359,2,5,0.029,1.0,0,1,normal,0
65.83,udp,ssh,SF,450,1835,8,4,0.053,1.0,0,1,normal,0
103.76,tcp,ftp,SF,483,1232,4,7,0.0,0.971,0,1,normal,0
16.71,tcp,http,SF,916,1021,4,1,0.025,0.868,0,1,normal,0
1.79,tcp,telnet,S0,115,0,113,152,1.0,0.949,0,0,dos,1
0.0,tcp,pop3,REJ,43,5,342,385,0.856,0.933,0,0,dos,1
2.21,udp,dns,S0,14,4,71,18,0.693,0.0,0,0,probe,1
86.5,tcp,smtp,SF,346,1351,6,2,0.0,0.996,0,1,normal,0
49.26,tcp,telnet,SF,841,1183,8,4,0.051,1.0,0,1,normal,0
0.0,tcp,smtp,SF,907,0,4,2,0.025,0.898,1,1,u2r,1
2.16,tcp,smtp,S0,20,0,333,364,0.923,0.962,0,0,dos,1
55.05,udp,pop3,SF,515,103,9,3,0.059,0.917,0,1,normal,0
70.04,tcp,other,SF,380,971,4,3,0.056,0.876,0,1,normal,0
92.24,tcp,http,SF,214,667,6,2,0.087,0.865,0,1,normal,0
13.3,tcp,pop3,SF,859,1102,9,7,0.0,0.967,0,1,normal,0
115.37,tcp,smtp,SF,0,443,9,8,0.014,1.0,0,1,normal,0
41.89,tcp,dns,SF,206,161,6,9,0.0,0.905,0,1,normal,0
28.81,tcp,http,SF,69,152,11,9,0.104,0.602,2,0,r2l,1
85.58,tcp,http,SF,303,1195,9,1,0.0,0.93,0,1,normal,0
80.97,tcp,ftp,SF,371,1383,5,4,0.058,0.7,0,1,normal,0
20.07,tcp,dns,SF,242,24,9,2,0.0,0.95,0,1,normal,0
0.78,tcp,other,S0,87,6,300,260,0.821,0.99,0,0,dos,1
0.0,tcp,telnet,S0,37,0,184,324,0.886,0.999,0,0,dos,1
63.38,tcp,telnet,SF,256,869,5,3,0.041,0.913,0,1,normal,0
130.71,udp,http,SF,524,1049,6,1,0.059,0.94,0,1,normal,0
66.7,udp,pop3,SF,81,1642,6,8,0.0,0.874,0,1,normal,0
0.16,tcp,http,S0,93,0,196,129,0.977,0.903,0,0,dos,1
121.86,tcp,ftp,SF,460,1892,1,5,0.083,0.873,0,1,normal,0
0.3,tcp,pop3,REJ,68,4,165,247,0.891,1.0,0,0,dos,1
123.36,tcp,smtp,SF,6,1971,5,9,0.049,0.668,0,1,normal,0
98.48,tcp,ftp,RSTO,475,1855,1,5,0.03,0.798,0,1,normal,0
37.89,tcp,http,SF,923,132,7,1,0.107,0.975,0,1,normal,0
119.5,tcp,http,REJ,584,1334,5,2,0.044,0.931,0,1,normal,0
0.0,udp,other,SF,256,722,8,2,0.058,0.937,0,1,normal,0
91.67,tcp,ssh,S0,528,1840,9,1,0.067,0.97,0,1,normal,0
0.0,tcp,ftp,S0,51,0,483,317,0.863,0.861,0,0,dos,1
25.82,udp,ftp,RSTO,817,244,8,6,0.0,0.899,0,1,normal,0
52.54,tcp,smtp,SF,801,169,3,1,0.151,0.958,0,1,u2r,1
27.03,udp,pop3,SF,327,1429,3,4,0.023,0.811,0,1,normal,0
42.33,udp,pop3,SF,624,1533,7,4,0.066,0.875,0,1,normal,0
2.65,tcp,smtp,S0,15,0,52,19,0.177,0.466,0,0,probe,1
0.0,udp,telnet,S0,0,0,395,337,0.749,0.953,0,0,dos,1
69.9,tcp,ssh,SF,569,965,9,4,0.023,0.951,0,1,normal,0
3.87,icmp,smtp,S0,33,2,275,359,0.945,0.927,0,0,dos,1
29.82,tcp,pop3,SF,238,396,7,4,0.001,0.855,0,1,normal,0
0.0,udp,pop3,SF,575,1173,6,5,0.125,0.86,0,1,normal,0
3.74,udp,other,SF,764,450,1,6,0.004,0.915,0,1,normal,0
101.4,icmp,telnet,SF,847,851,5,5,0.007,1.0,0,1,normal,0
61.26,tcp,ssh,SF,0,1313,7,4,0.02,1.0,0,1,normal,0
67.13,tcp,dns,SF,619,1401,1,5,0.1,0.748,0,1,normal,0
7.46,tcp,ssh,S0,25,1,81,14,0.773,0.0,0,0,probe,1
0.0,tcp,ssh,S0,3,0,80,17,0.5,0.244,0,0,probe,1
3.36,tcp,pop3,REJ,84,7,158,116,0.892,0.926,0,0,dos,1
2.37,tcp,dns,RSTR,86,0,466,500,0.662,0.882,0,0,dos,1
0.0,udp,other,SF,99,85,5,9,0.0,0.975,0,1,normal,0
51.51,udp,ssh,SF,272,536,9,5,0.007,0.874,0,1,normal,0
59.35,udp,dns,SF,439,0,5,5,0.076,0.943,0,1,normal,0
85.58,udp,ftp,SF,163,986,6,1,0.106,0.935,0,1,normal,0
22.89,tcp,telnet,SF,1417,1491,9,3,0.026,1.0,0,1,normal,0
47.1,tcp,pop3,SF,383,570,1,4,0.058,0.874,0,1,normal,0
0.0,udp,telnet,S0,711,1965,5,2,0.0,0.982,0,1,normal,0
2.46,tcp,pop3,SF,617,1140,6,2,0.0,0.738,0,1,normal,0
97.38,tcp,dns,SF,14,521,7,1,0.024,1.0,0,1,normal,0
20.55,tcp,http,SF,226,1631,1,5,0.0,0.926,0,1,normal,0
41.98,udp,dns,SF,0,1288,9,8,0.057,0.844,0,1,normal,0
59.53,tcp,dns,SF,0,449,6,2,0.0,0.445,4,1,r2l,1
69.35,tcp,smtp,SF,516,162,3,1,0.001,0.923,0,1,normal,0
0.88,tcp,http,REJ,43,0,249,444,0.896,0.919,0,0,dos,1
0.74,tcp,smtp,S0,41,0,246,354,0.853,0.907,0,0,dos,1
55.56,tcp,pop3,SF,373,1308,6,8,0.045,0.949,0,1,normal,0
58.58,tcp,dns,SF,449,1154,5,2,0.011,1.0,0,1,normal,0
17.2,tcp,pop3,SF,497,1966,4,4,0.154,0.851,0,1,normal,0
32.84,tcp,smtp,SF,742,1019,3,7,0.044,0.906,0,1,normal,0
24.47,tcp,smtp,SF,417,673,1,1,0.0,0.731,0,1,normal,0
3.96,tcp,dns,S0,39,0,71,17,0.67,0.0,0,0,probe,1
27.75,udp,smtp,S0,1,545,5,3,0.097,0.743,4,0,r2l,1
34.19,icmp,ftp,SF,539,1700,7,3,0.0,0.884,0,1,normal,0
69.55,tcp,dns,SF,498,1670,8,1,0.048,1.0,0,1,normal,0
70.89,tcp,ssh,SF,971,809,9,2,0.02,1.0,0,1,normal,0
1.97,tcp,telnet,RSTR,78,0,390,152,0.657,0.93,0,0,dos,1
46.24,icmp,dns,RSTO,698,1014,4,5,0.046,1.0,0,1,normal,0
67.9,tcp,dns,SF,1046,1002,8,6,0.0,0.781,0,1,normal,0
6.47,tcp,ssh,RSTR,18,0,469,118,0.931,0.975,0,0,dos,1
61.38,tcp,pop3,SF,653,0,3,4,0.0,0.948,0,1,normal,0
38.8,tcp,ssh,RSTR,0,165,5,7,0.027,0.904,0,1,normal,0
104.9,udp,ssh,SF,606,1114,6,4,0.034,0.849,0,1,normal,0
0.0,tcp,smtp,SF,0,846,8,2,0.0,0.844,0,1,normal,0
79.46,tcp,pop3,SF,353,1652,4,3,0.088,0.695,0,1,normal,0
81.33,tcp,pop3,SF,871,902,7,9,0.066,1.0,0,1,normal,0
60.29,tcp,telnet,SF,460,0,3,1,0.08,0.918,0,1,normal,0
2.6,tcp,dns,SF,25,0,23,4,0.287,0.187,0,0,probe,1
27.23,tcp,http,SF,140,928,2,9,0.015,0.781,0,1,normal,0
0.58,tcp,ftp,S0,15,0,83,2,0.752,0.12,0,0,probe,1
142.58,tcp,dns,REJ,566,0,1,8,0.0,0.785,0,1,normal,0
0.0,tcp,other,S0,36,0,419,410,0.773,0.977,0,0,dos,1
65.91,tcp,telnet,SF,543,1117,7,2,0.03,0.98,0,1,normal,0
3.56,tcp,dns,S0,27,0,199,285,0.743,1.0,0,0,dos,1
51.85,tcp,pop3,SF,445,603,3,6,0.012,0.847,0,1,normal,0
21.78,udp,dns,SF,604,917,7,2,0.061,0.989,0,1,normal,0
93.46,tcp,other,SF,622,415,9,9,0.063,0.866,0,1,normal,0
0.0,tcp,smtp,SF,253,496,5,7,0.0,0.825,0,1,normal,0
1.94,tcp,ssh,S0,41,0,63,7,0.326,0.0,0,0,probe,1
130.03,tcp,http,SF,1767,237,1,4,0.097,0.689,1,1,u2r,1
0.8,tcp,smtp,REJ,8,0,122,363,0.884,0.947,0,0,dos,1
25.81,tcp,smtp,SF,181,0,6,1,0.071,0.884,0,1,normal,0
1.17,udp,ssh,SF,14,0,27,14,0.777,0.395,0,0,probe,1
3.4,tcp,dns,S0,52,0,141,456,0.679,0.978,0,0,dos,1
29.25,tcp,ssh,SF,900,1005,9,4,0.106,0.887,0,1,normal,0
69.78,tcp,other,SF,561,1000,8,6,0.0,0.739,0,1,normal,0
0.0,icmp,ftp,SF,414,696,6,5,0.006,0.989,0,1,normal,0
89.2,tcp,dns,SF,618,729,9,9,0.023,1.0,0,1,normal,0
88.28,tcp,other,SF,586,1116,5,4,0.0,0.785,0,1,normal,0
1.58,tcp,ftp,REJ,106,0,374,249,0.938,1.0,0,0,dos,1
47.49,tcp,pop3,SF,297,1268,2,4,0.041,0.885,0,1,normal,0
54.95,tcp,smtp,REJ,99,405,4,6,0.0,0.847,0,1,normal,0
113.42,udp,http,SF,52,1613,5,9,0.01,0.976,0,1,normal,0
0.0,tcp,http,RSTR,63,6,227,376,0.853,0.936,0,0,dos,1
38.99,tcp,other,SF,499,343,11,5,0.0,0.557,2,1,r2l,1
0.05,tcp,other,REJ,53,0,464,272,1.0,0.966,0,0,dos,1
56.26,tcp,http,S0,0,754,7,7,0.0,0.819,0,1,normal,0
8.39,tcp,telnet,SF,24,1290,3,2,0.028,0.952,0,1,normal,0
117.52,udp,http,SF,597,1332,5,8,0.013,1.0,0,1,normal,0
30.52,udp,telnet,SF,610,331,7,3,0.028,0.798,0,1,normal,0
32.64,tcp,other,RSTO,269,561,5,7,0.033,0.81,0,1,normal,0
85.75,tcp,telnet,SF,586,1227,7,6,0.0,0.813,0,1,normal,0
0.0,tcp,telnet,S0,40,0,120,367,0.961,0.86,0,0,dos,1
47.62,tcp,ftp,SF,548,789,2,9,0.009,1.0,0,1,normal,0
0.57,tcp,ssh,RSTR,28,0,258,298,0.872,0.943,0,0,dos,1
114.72,tcp,ftp,REJ,138,436,4,6,0.045,0.82,0,1,normal,0
0.0,tcp,pop3,SF,0,0,9,5,0.0,1.0,0,1,normal,0
51.31,tcp,ssh,SF,774,0,5,8,0.0,0.752,0,1,normal,0
83.3,tcp,smtp,SF,471,739,5,2,0.027,0.886,0,1,normal,0
128.58,udp,ftp,SF,750,1246,9,7,0.026,0.853,0,1,normal,0
74.68,tcp,smtp,SF,101,1838,3,7,0.013,0.673,0,1,normal,0
20.45,udp,ssh,SF,219,1240,6,4,0.0,0.974,0,1,normal,0
29.92,tcp,dns,SF,798,1231,9,5,0.0,0.877,0,1,normal,0
0.0,tcp,dns,SF,0,288,1,4,0.0,0.939,0,1,normal,0
0.0,udp,http,S0,33,2,432,210,0.861,0.961,0,0,dos,1
0.0,tcp,dns,REJ,46,1,283,220,0.9,0.922,0,0,dos,1
106.66,tcp,http,SF,388,577,4,5,0.0,1.0,0,1,normal,0
0.0,tcp,telnet,SF,453,1507,3,6,0.031,0.958,0,1,normal,0
51.87,tcp,dns,SF,0,1756,3,3,0.0,0.821,0,1,normal,0
68.42,tcp,telnet,SF,301,1975,2,7,0.0,0.827,0,1,normal,0
29.28,tcp,ftp,SF,160,1178,5,3,0.102,0.955,0,1,normal,0
54.13,tcp,pop3,SF,728,1277,3,5,0.105,0.849,0,1,normal,0
5.95,tcp,ftp,SF,576,729,7,5,0.013,0.992,0,1,normal,0
44.99,tcp,other,SF,532,342,8,9,0.204,0.77,3,1,r2l,1
60.22,udp,smtp,SF,492,747,9,9,0.005,0.884,0,1,normal,0
0.0,udp,other,REJ,7,4,328,408,0.985,0.899,0,0,dos,1
58.76,tcp,telnet,SF,304,1286,8,8,0.018,0.788,0,1,normal,0
47.04,tcp,http,SF,520,824,9,9,0.02,0.873,0,1,normal,0
1.26,tcp,ssh,S0,5,0,57,9,0.26,0.287,0,0,probe,1
4.02,tcp,dns,SF,641,1771,5,2,0.062,0.716,0,1,normal,0
73.68,tcp,ftp,SF,394,1038,5,8,0.05,1.0,0,1,normal,0
0.0,tcp,pop3,SF,231,169,2,2,0.128,0.574,2,1,r2l,1
102.79,udp,other,SF,531,378,9,5,0.002,0.945,0,1,normal,0
81.45,tcp,telnet,SF,0,1049,2,1,0.08,0.99,0,1,normal,0
104.77,tcp,http,RSTO,960,635,3,2,0.02,1.0,0,1,normal,0
0.0,tcp,other,SF,880,632,6,3,0.0,0.964,0,1,normal,0
22.03,udp,ftp,SF,201,1520,2,1,0.0,0.795,0,1,normal,0
54.04,tcp,ssh,SF,375,2269,2,9,0.011,0.896,0,1,normal,0
0.51,tcp,ftp,S0,20,0,50,19,0.616,0.175,0,0,probe,1
0.0,tcp,ssh,SF,447,875,1,9,0.0,1.0,0,1,normal,0
34.96,tcp,http,SF,716,865,1,2,0.001,0.756,0,1,normal,0
6.54,icmp,ssh,SF,725,641,5,7,0.0,0.816,0,1,normal,0
78.9,icmp,dns,SF,94,389,1,3,0.0,0.928,0,1,normal,0
2.91,tcp,other,REJ,6,2,22,11,0.768,0.1,0,0,probe,1
117.71,tcp,ssh,SF,884,0,5,3,0.065,0.875,0,1,normal,0
34.29,tcp,dns,SF,320,232,5,3,0.095,0.951,0,1,normal,0
0.0,udp,ftp,RSTR,38,0,367,469,0.652,0.88,0,0,dos,1
0.0,tcp,smtp,S0,0,0,78,8,0.414,0.324,0,0,probe,1
0.0,icmp,pop3,SF,25,1,67,13,0.311,0.163,0,0,probe,1
107.4,tcp,smtp,SF,201,1444,5,6,0.0,0.78,0,1,normal,0
67.43,tcp,ssh,S0,495,1198,2,5,0.039,0.912,0,1,normal,0
152.24,tcp,smtp,SF,143,1300,9,8,0.032,0.944,0,1,normal,0
46.63,tcp,dns,SF,316,1820,3,1,0.0,0.868,0,1,normal,0
1.69,udp,pop3,S0,0,0,48,6,0.865,0.151,0,0,probe,1
74.95,tcp,smtp,SF,381,667,5,4,0.095,0.938,0,1,normal,0
83.53,tcp,http,SF,844,571,3,2,0.0,0.85,0,1,normal,0
11.18,tcp,ssh,S0,6,0,90,3,0.439,0.33,0,0,probe,1
24.72,tcp,pop3,SF,171,306,12,6,0.05,0.431,3,0,r2l,1
65.61,tcp,ftp,SF,149,187,6,5,0.0,0.815,0,1,normal,0
0.0,tcp,other,SF,21,0,96,19,0.404,0.28,0,0,probe,1
5.35,tcp,http,SF,668,1378,3,7,0.078,0.804,0,1,normal,0
93.44,udp,http,SF,412,1291,9,4,0.108,1.0,0,1,normal,0
111.94,udp,http,SF,279,54,8,5,0.009,1.0,0,1,normal,0
0.0,udp,other,SF,199,474,13,8,0.022,0.497,4,0,r2l,1
6.93,tcp,ftp,S0,15,0,28,5,0.415,0.23,0,0,probe,1
88.91,udp,ssh,SF,196,1162,4,9,0.096,1.0,0,1,normal,0
45.33,tcp,other,SF,172,1531,1,7,0.1,0.735,0,1,normal,0
79.7,tcp,http,SF,323,361,8,2,0.0,0.753,0,1,normal,0
67.3,udp,smtp,REJ,233,1307,5,8,0.0,0.821,0,1,normal,0
0.0,tcp,other,S0,37,2,342,206,0.886,0.932,0,0,dos,1
70.77,tcp,ssh,SF,397,1282,4,1,0.0,0.781,0,1,normal,0
0.0,tcp,ftp,RSTR,28,0,270,499,0.832,0.935,0,0,dos,1
42.13,tcp,pop3,SF,931,2394,5,3,0.0,0.824,0,1,normal,0
94.34,tcp,ssh,SF,184,1200,6,3,0.0,0.821,0,1,normal,0
46.91,tcp,http,SF,818,1190,9,7,0.013,0.791,0,1,normal,0
78.31,udp,pop3,SF,612,345,3,3,0.141,0.646,1,1,u2r,1
0.0,tcp,pop3,SF,1196,933,1,5,0.138,0.927,0,1,normal,0
89.32,udp,ssh,SF,247,501,2,7,0.0,0.991,0,1,normal,0
38.21,tcp,dns,SF,712,516,1,2,0.056,0.921,0,1,normal,0
0.0,tcp,dns,SF,11,0,89,1,0.166,0.285,0,0,probe,1
0.88,tcp,ssh,S0,63,1,374,271,0.907,0.967,0,0,dos,1
2.77,tcp,pop3,RSTR,98,0,333,315,0.965,0.904,0,0,dos,1
67.83,tcp,dns,RSTO,896,0,1,2,0.047,0.869,0,1,normal,0
1.21,tcp,telnet,S0,41,2,45,19,0.505,0.024,0,0,probe,1
77.7,tcp,ftp,SF,442,0,1,8,0.033,0.987,0,1,normal,0
0.25,tcp,dns,S0,18,0,187,479,0.905,1.0,0,0,dos,1
95.46,tcp,ftp,SF,415,2515,2,5,0.002,0.774,0,1,normal,0
100.54,tcp,dns,SF,789,307,3,4,0.003,0.902,0,1,normal,0
0.0,tcp,telnet,SF,765,744,3,2,0.091,0.767,0,1,u2r,1
19.74,udp,ftp,SF,404,188,11,2,0.143,0.53,4,1,r2l,1
36.83,tcp,telnet,SF,798,1898,8,9,0.0,0.921,0,1,normal,0
10.92,tcp,pop3,SF,371,1159,9,8,0.0,0.743,0,1,normal,0
0.94,tcp,telnet,S0,23,0,23,13,0.564,0.002,0,0,probe,1
66.81,tcp,ftp,SF,896,126,3,3,0.031,1.0,0,1,u2r,1
0.0,tcp,pop3,S0,0,0,326,209,0.925,0.959,0,0,dos,1
13.36,udp,telnet,SF,272,1231,4,2,0.037,1.0,0,1,normal,0
64.06,tcp,http,SF,989,1525,3,1,0.0,0.933,0,1,normal,0
1.71,udp,pop3,S0,34,0,26,10,0.249,0.374,0,0,probe,1
1.29,tcp,dns,REJ,61,3,413,168,0.925,1.0,0,0,dos,1
5.37,tcp,smtp,S0,28,8,421,270,1.0,0.951,0,0,dos,1
31.16,icmp,http,SF,770,466,6,6,0.004,0.909,0,1,normal,0
69.74,tcp,ftp,SF,116,480,3,8,0.0,0.825,0,1,normal,0
5.79,tcp,telnet,SF,619,752,2,6,0.0,0.87,0,1,normal,0
1.93,tcp,ssh,S0,51,1,200,362,1.0,0.977,0,0,dos,1
96.65,tcp,telnet,SF,0,302,6,1,0.029,0.944,0,1,normal,0
29.44,tcp,telnet,SF,217,848,3,7,0.059,1.0,0,1,normal,0
0.0,udp,ftp,RSTR,54,7,378,492,0.835,0.935,0,0,dos,1
0.46,tcp,pop3,RSTR,23,0,147,162,0.803,0.966,0,0,dos,1
60.92,tcp,ssh,SF,88,1442,7,9,0.11,0.832,0,1,normal,0
2.07,tcp,other,S0,11,0,424,205,0.698,0.975,0,0,dos,1
0.0,tcp,ftp,SF,739,478,2,1,0.0,0.931,0,1,normal,0
0.0,tcp,ssh,SF,587,2723,6,7,0.172,0.724,0,1,normal,0
9.27,tcp,dns,SF,590,621,3,8,0.0,0.799,0,1,normal,0
0.0,tcp,ssh,SF,389,87,2,6,0.025,0.878,0,1,normal,0
0.57,udp,other,SF,8,3,94,11,0.389,0.313,0,0,probe,1
3.69,udp,ftp,SF,24,2,56,16,0.798,0.155,0,0,probe,1
83.18,tcp,dns,SF,650,796,6,6,0.028,0.873,0,1,normal,0
0.48,tcp,ftp,RSTR,25,0,224,197,0.933,0.923,0,0,dos,1
41.15,tcp,pop3,SF,241,1174,6,7,0.0,0.834,0,1,normal,0
2.41,tcp,other,S0,0,0,451,368,0.724,0.928,0,0,dos,1
2.64,tcp,ftp,S0,0,0,22,8,0.674,0.348,0,0,probe,1
0.0,udp,dns,SF,599,1446,3,5,0.085,0.876,0,1,normal,0
66.87,tcp,ftp,SF,767,324,1,4,0.079,0.866,0,1,normal,0
15.46,tcp,ftp,SF,479,1318,6,8,0.13,0.855,0,1,normal,0
63.63,tcp,http,SF,117,1785,7,4,0.087,0.966,0,1,normal,0
0.0,tcp,telnet,REJ,10,0,95,6,0.565,0.0,0,0,probe,1
108.28,tcp,ftp,SF,0,2150,3,8,0.0,0.945,0,1,normal,0
39.07,udp,http,SF,1182,746,1,5,0.0,0.97,0,1,normal,0
66.59,tcp,ftp,SF,429,982,6,6,0.009,0.893,0,1,normal,0
0.87,tcp,dns,S0,4,0,39,13,0.377,0.173,0,0,probe,1
11.48,udp,http,SF,1010,1747,6,2,0.0,0.842,0,1,normal,0
0.0,tcp,http,REJ,38,11,383,440,1.0,0.903,0,0,dos,1
87.27,tcp,dns,SF,641,1999,1,6,0.0,0.753,0,1,normal,0
55.93,icmp,http,RSTR,666,1849,7,1,0.071,0.885,0,1,normal,0
65.44,tcp,telnet,SF,586,410,6,3,0.0,0.974,0,1,normal,0
0.0,udp,http,SF,342,1581,6,5,0.044,1.0,0,1,normal,0
40.43,tcp,telnet,SF,119,726,3,4,0.0,0.93,0,1,normal,0
0.0,tcp,other,S0,9,0,295,379,1.0,0.931,0,0,dos,1
0.0,tcp,telnet,S0,18,4,165,254,0.896,0.944,0,0,dos,1
5.31,udp,smtp,SF,616,398,2,3,0.034,0.793,0,1,normal,0
74.2,tcp,ftp,SF,299,0,8,7,0.0,1.0,0,1,normal,0
98.38,tcp,ssh,SF,9,803,3,6,0.0,0.915,0,1,normal,0
29.57,tcp,other,SF,806,253,7,3,0.0,0.682,0,1,normal,0
0.0,tcp,pop3,S0,58,15,202,482,0.822,0.959,0,0,dos,1
0.0,tcp,dns,REJ,64,0,324,293,1.0,0.904,0,0,dos,1
0.0,tcp,ssh,S0,21,0,290,408,0.95,0.887,0,0,dos,1
59.28,tcp,telnet,SF,534,1832,6,5,0.077,0.846,0,1,normal,0
63.02,tcp,telnet,SF,801,0,8,2,0.0,0.943,0,1,normal,0
0.0,tcp,ssh,SF,349,764,3,5,0.001,0.814,0,1,normal,0
135.74,tcp,http,SF,879,360,3,3,0.008,0.624,1,1,u2r,1
86.0,tcp,http,SF,297,1513,7,7,0.0,0.836,0,1,normal,0
0.0,udp,ssh,S0,41,0,72,10,0.561,0.364,0,0,probe,1
25.78,tcp,ssh,SF,420,806,6,2,0.079,0.893,0,1,normal,0
146.82,tcp,smtp,SF,367,1300,1,4,0.074,0.812,0,1,normal,0
1.71,icmp,telnet,S0,30,2,456,309,0.965,0.927,0,0,dos,1
10.17,tcp,http,SF,351,1003,3,3,0.0,0.898,0,1,normal,0
62.95,tcp,other,SF,783,965,6,5,0.0,0.965,0,1,normal,0
12.09,udp,ftp,SF,966,1476,4,7,0.088,0.88,0,1,normal,0
137.69,tcp,telnet,SF,702,1207,2,1,0.128,0.739,0,1,u2r,1
54.74,tcp,pop3,SF,238,860,9,8,0.009,1.0,0,1,normal,0
9.82,tcp,other,SF,0,0,31,2,0.342,0.098,0,0,probe,1
42.22,tcp,telnet,SF,278,188,9,1,0.0,0.729,0,1,normal,0
56.31,udp,ssh,SF,1257,1478,9,7,0.0,1.0,0,1,normal,0
147.49,tcp,ftp,SF,253,221,6,3,0.082,0.777,0,1,normal,0
0.0,icmp,ssh,SF,343,0,4,4,0.0,0.951,0,1,normal,0
39.93,tcp,other,SF,477,326,13,9,0.293,0.318,4,1,r2l,1
0.84,tcp,other,REJ,6,1,51,3,0.3,0.248,0,0,probe,1
0.01,tcp,pop3,SF,80,126,3,9,0.0,0.371,4,1,r2l,1
169.96,tcp,dns,SF,653,375,1,2,0.091,0.708,0,1,u2r,1
26.38,icmp,ssh,SF,773,1235,3,5,0.02,0.827,0,1,normal,0
33.17,udp,pop3,S0,573,1922,1,8,0.027,1.0,0,1,normal,0
0.0,udp,pop3,S0,12,4,124,242,1.0,0.934,0,0,dos,1
38.29,tcp,pop3,SF,879,540,1,9,0.088,0.977,0,1,normal,0
1.19,tcp,other,S0,28,3,324,462,1.0,0.979,0,0,dos,1
69.73,udp,telnet,S0,650,620,6,4,0.038,0.927,0,1,normal,0
55.43,tcp,smtp,SF,723,1019,8,6,0.0,0.853,0,1,normal,0
55.66,tcp,smtp,SF,237,366,4,9,0.124,0.897,0,1,normal,0
67.27,tcp,http,SF,413,578,1,3,0.052,0.876,0,1,normal,0
95.35,tcp,smtp,SF,690,335,7,3,0.0,0.757,0,1,normal,0
28.08,udp,other,SF,503,1245,6,3,0.038,0.889,0,1,normal,0
77.64,tcp,telnet,SF,233,1501,5,4,0.0,0.756,0,1,normal,0
45.44,tcp,ftp,SF,484,935,8,9,0.0,0.91,0,1,normal,0
105.92,tcp,dns,SF,269,1440,6,3,0.0,1.0,0,1,normal,0
7.12,tcp,http,SF,297,858,8,5,0.125,0.99,0,1,normal,0
30.29,udp,pop3,SF,558,1045,9,4,0.0,1.0,0,1,normal,0
0.0,tcp,http,S0,33,0,266,398,1.0,0.99,0,0,dos,1
96.64,tcp,ssh,SF,453,195,1,6,0.059,0.829,0,1,normal,0
96.14,tcp,http,SF,755,158,6,7,0.014,0.899,0,1,normal,0
39.41,tcp,ftp,RSTR,474,1471,7,1,0.0,1.0,0,1,normal,0
2.28,udp,smtp,SF,871,823,2,7,0.0,1.0,0,1,normal,0
3.1,tcp,other,SF,6,1249,4,3,0.03,0.923,0,1,normal,0
78.84,tcp,pop3,SF,455,1311,1,4,0.0,0.857,0,1,normal,0
133.83,udp,http,RSTO,854,1721,2,4,0.124,0.968,0,1,normal,0
40.94,tcp,http,SF,698,840,6,1,0.022,1.0,0,1,normal,0
92.63,tcp,ssh,SF,432,955,8,5,0.053,1.0,0,1,normal,0
49.94,tcp,http,SF,798,1036,3,4,0.0,0.92,0,1,normal,0
78.23,icmp,other,SF,689,1895,1,8,0.011,0.979,0,1,normal,0
51.32,udp,other,SF,680,2142,5,2,0.033,0.785,0,1,normal,0
0.0,tcp,telnet,SF,666,517,2,4,0.01,0.825,0,1,normal,0
2.08,tcp,smtp,S0,84,0,108,339,1.0,0.902,0,0,dos,1
16.01,tcp,telnet,SF,571,165,2,6,0.0,0.909,0,1,normal,0
35.71,tcp,telnet,SF,1004,755,4,2,0.069,0.787,0,1,normal,0
13.72,tcp,smtp,SF,0,598,7,7,0.0,0.693,0,1,normal,0
68.71,tcp,telnet,SF,552,744,3,9,0.0,0.754,0,1,normal,0
81.26,udp,telnet,SF,197,463,2,8,0.029,0.91,0,1,normal,0
0.0,tcp,other,REJ,106,2,284,422,0.934,0.946,0,0,dos,1
0.0,tcp,pop3,RSTR,76,4,239,294,0.871,0.967,0,0,dos,1
69.43,tcp,http,REJ,1060,822,4,7,0.096,0.966,0,1,normal,0
67.21,tcp,smtp,SF,1007,767,9,4,0.142,1.0,0,1,normal,0
0.6,tcp,ssh,S0,52,1,456,398,0.908,1.0,0,0,dos,1
22.05,tcp,telnet,SF,790,1586,8,6,0.0,0.885,0,1,normal,0
50.16,tcp,pop3,REJ,511,1797,8,3,0.046,0.838,0,1,normal,0
4.75,tcp,http,S0,66,6,318,312,0.839,0.922,0,0,dos,1
18.8,tcp,telnet,SF,734,423,8,9,0.054,0.924,0,1,normal,0
33.08,tcp,ssh,SF,247,733,7,8,0.0,0.965,0,1,normal,0
29.74,tcp,telnet,SF,246,564,6,1,0.015,1.0,0,1,normal,0
111.08,icmp,dns,SF,440,151,3,7,0.022,0.943,0,1,normal,0
101.82,tcp,pop3,SF,787,655,1,8,0.022,0.885,0,1,normal,0
0.0,tcp,pop3,SF,1320,1377,3,6,0.0,0.875,0,1,normal,0
51.23,udp,other,SF,368,0,8,6,0.0,0.805,0,1,normal,0
44.12,tcp,telnet,S0,0,356,3,3,0.0,0.98,0,1,normal,0
120.54,tcp,dns,SF,244,923,9,7,0.006,1.0,0,1,normal,0
0.0,tcp,telnet,RSTR,14,5,481,147,0.642,0.943,0,0,dos,1
72.74,tcp,ssh,SF,333,435,8,8,0.065,0.888,0,1,normal,0
0.0,tcp,dns,REJ,30,7,248,361,0.888,0.927,0,0,dos,1
157.55,tcp,other,SF,75,2015,4,2,0.033,0.984,0,1,normal,0
0.0,tcp,http,S0,615,166,3,2,0.0,0.702,0,1,normal,0
50.31,icmp,telnet,SF,626,907,5,6,0.0,0.96,0,1,normal,0
35.69,tcp,ftp,S0,184,1931,6,8,0.052,0.791,0,1,normal,0
9.03,icmp,ftp,SF,711,693,8,5,0.046,0.817,0,1,normal,0
2.12,udp,pop3,REJ,28,0,346,504,0.845,0.849,0,0,dos,1
6.72,tcp,other,S0,14,2,65,7,0.384,0.105,0,0,probe,1
0.0,tcp,http,REJ,72,0,252,163,0.865,0.901,0,0,dos,1
39.15,tcp,ssh,S0,351,506,5,2,0.0,0.895,0,1,normal,0
28.17,tcp,http,SF,1090,1719,4,3,0.0,0.848,0,1,normal,0
50.35,tcp,pop3,REJ,772,564,7,6,0.1,0.785,0,1,normal,0
146.98,tcp,ssh,RSTO,78,59,1,3,0.012,1.0,0,1,normal,0
0.0,tcp,http,REJ,78,4,268,204,0.908,0.946,0,0,dos,1
2.92,tcp,other,RSTR,0,9,251,503,0.934,0.955,0,0,dos,1
10.86,udp,telnet,SF,466,1098,9,7,0.097,0.641,0,1,normal,0
1.04,tcp,dns,S0,31,3,39,17,0.668,0.48,0,0,probe,1
0.0,tcp,pop3,S0,31,0,103,404,0.808,0.949,0,0,dos,1
0.0,tcp,smtp,SF,784,895,8,7,0.0,0.821,0,1,normal,0
5.5,tcp,telnet,SF,0,0,90,2,0.423,0.233,0,0,probe,1
54.34,tcp,dns,SF,592,1329,7,6,0.0,0.909,0,1,normal,0
95.64,tcp,smtp,SF,1,1206,5,9,0.049,0.608,0,1,normal,0
70.39,udp,other,SF,390,1137,4,9,0.0,1.0,0,1,normal,0
0.0,tcp,dns,SF,0,499,8,6,0.0,0.716,0,1,normal,0
40.62,tcp,http,SF,0,829,3,4,0.0,1.0,0,1,normal,0
4.09,tcp,dns,S0,37,3,97,7,0.23,0.38,0,0,probe,1
43.84,tcp,http,SF,828,405,9,7,0.002,0.801,0,1,normal,0
76.64,tcp,ftp,SF,329,1168,7,2,0.0,0.849,0,1,normal,0
134.55,tcp,ftp,SF,862,2474,3,9,0.0,1.0,0,1,normal,0
72.89,tcp,other,SF,549,966,1,1,0.0,0.998,0,1,normal,0
2.0,tcp,dns,S0,59,0,182,335,0.928,0.96,0,0,dos,1
0.0,tcp,telnet,SF,363,1975,6,7,0.017,1.0,0,1,normal,0
4.28,tcp,smtp,S0,165,170,11,7,0.135,0.926,2,0,r2l,1
0.35,tcp,other,RSTR,913,262,4,5,0.0,0.865,0,1,normal,0
44.8,icmp,dns,S0,555,1407,8,6,0.0,0.98,0,1,normal,0
53.19,tcp,dns,SF,521,874,8,7,0.016,0.966,0,1,normal,0
52.54,tcp,ftp,SF,284,845,9,6,0.013,0.944,0,1,normal,0
2.97,tcp,dns,SF,161,967,4,3,0.141,0.606,3,0,r2l,1
65.2,udp,smtp,SF,325,1597,6,2,0.0,0.983,0,1,normal,0
0.29,tcp,dns,SF,779,919,9,3,0.028,0.999,0,1,normal,0
32.31,tcp,http,SF,189,1163,3,9,0.0,0.951,0,1,normal,0
3.37,tcp,pop3,S0,72,0,453,249,0.836,0.964,0,0,dos,1
14.17,tcp,telnet,SF,222,922,4,2,0.057,0.917,0,1,normal,0
0.66,tcp,pop3,S0,26,1,496,200,1.0,0.954,0,0,dos,1
1.23,udp,dns,RSTR,33,0,122,248,1.0,1.0,0,0,dos,1
77.62,tcp,ftp,SF,707,621,1,5,0.0,0.7,0,1,normal,0
44.84,tcp,telnet,SF,547,566,6,6,0.028,0.768,0,1,normal,0
0.0,tcp,http,REJ,727,324,5,8,0.066,0.958,0,1,normal,0
32.0,icmp,pop3,SF,240,230,7,1,0.142,0.961,0,1,normal,0
7.33,tcp,ssh,SF,3,506,5,6,0.038,1.0,4,0,r2l,1
73.11,tcp,telnet,SF,494,664,6,5,0.0,0.876,0,1,normal,0
0.0,udp,telnet,RSTR,65,0,409,408,0.894,0.953,0,0,dos,1
0.86,tcp,http,SF,550,1083,5,1,0.042,0.829,0,1,normal,0
67.52,tcp,pop3,SF,798,1326,1,1,0.007,0.689,0,1,normal,0
2.59,tcp,pop3,S0,16,0,421,473,0.831,0.975,0,0,dos,1
105.86,tcp,ssh,SF,393,821,5,5,0.042,0.867,0,1,normal,0
44.96,tcp,ftp,S0,686,588,5,7,0.0,1.0,0,1,normal,0
85.99,udp,dns,SF,815,1906,3,5,0.0,0.873,0,1,normal,0
104.3,tcp,other,SF,208,1871,5,1,0.067,0.843,0,1,normal,0
0.0,tcp,ftp,S0,31,0,205,199,1.0,0.89,0,0,dos,1
26.9,tcp,pop3,SF,392,1853,5,9,0.008,1.0,0,1,normal,0
0.0,tcp,ssh,REJ,5,0,371,146,0.883,0.889,0,0,dos,1
47.41,tcp,smtp,SF,708,1734,3,2,0.026,0.991,0,1,normal,0
23.79,tcp,ftp,SF,768,1938,5,3,0.0,0.768,0,1,normal,0
46.03,tcp,telnet,SF,595,1169,7,3,0.081,0.723,0,1,normal,0
3.97,udp,pop3,REJ,52,6,352,141,1.0,0.921,0,0,dos,1
12.09,tcp,ssh,SF,781,1252,7,9,0.01,0.858,0,1,normal,0
40.0,tcp,http,SF,229,814,5,6,0.088,0.766,0,1,normal,0
104.62,tcp,ftp,SF,217,815,7,9,0.014,0.939,0,1,normal,0
0.0,tcp,ftp,SF,295,494,4,4,0.069,0.891,0,1,normal,0
0.0,tcp,http,S0,30,0,250,160,0.794,0.959,0,0,dos,1
1.19,tcp,telnet,SF,545,631,1,9,0.043,0.81,0,1,normal,0
2.32,tcp,dns,S0,0,0,97,10,0.423,0.317,0,0,probe,1
85.82,udp,http,SF,259,928,8,5,0.059,1.0,0,1,normal,0
81.19,udp,ssh,SF,179,1270,9,9,0.014,0.687,0,1,normal,0
43.36,udp,telnet,SF,400,14,6,3,0.07,0.904,0,1,normal,0
1.85,tcp,smtp,S0,77,0,501,184,0.944,0.943,0,0,dos,1
0.0,tcp,telnet,SF,774,1566,2,2,0.0,0.865,0,1,normal,0
26.11,tcp,other,SF,551,1628,4,4,0.068,0.931,0,1,normal,0
58.39,tcp,telnet,SF,744,1338,2,2,0.125,0.813,0,1,normal,0
103.93,tcp,ftp,S0,748,2059,7,4,0.0,1.0,0,1,normal,0
93.24,tcp,telnet,SF,522,1431,8,8,0.144,1.0,0,1,normal,0
43.01,udp,pop3,SF,440,333,3,7,0.137,0.656,3,1,r2l,1
94.56,tcp,smtp,SF,449,791,7,9,0.058,0.808,0,1,normal,0
31.57,tcp,ftp,SF,730,1029,4,6,0.0,0.882,0,1,normal,0
54.05,tcp,ftp,SF,540,252,6,6,0.007,0.819,0,1,normal,0
1.3,tcp,ftp,SF,1036,1534,9,1,0.003,0.814,0,1,normal,0
11.61,tcp,http,SF,897,1023,3,3,0.041,0.725,0,1,normal,0
247.38,tcp,telnet,SF,776,523,3,2,0.031,0.64,1,1,u2r,1
22.46,tcp,smtp,SF,271,227,4,2,0.0,0.729,0,1,normal,0
0.0,tcp,ftp,REJ,10,0,146,356,0.988,0.986,0,0,dos,1
93.86,udp,other,SF,24,832,2,4,0.001,0.907,0,1,normal,0
0.0,tcp,ftp,S0,21,2,214,199,0.789,0.947,0,0,dos,1
64.64,udp,smtp,RSTR,437,1314,9,4,0.084,0.99,0,1,normal,0
21.49,icmp,ftp,S0,291,118,14,6,0.303,0.666,2,1,r2l,1
37.85,tcp,smtp,SF,198,1576,9,4,0.0,0.735,0,1,normal,0
0.54,tcp,http,REJ,1030,2196,3,3,0.055,1.0,0,1,normal,0
34.54,udp,telnet,SF,533,677,2,2,0.043,0.976,0,1,normal,0
40.95,tcp,ssh,SF,492,477,4,6,0.007,0.79,0,1,normal,0
0.0,udp,http,RSTR,669,634,7,3,0.046,0.886,0,1,normal,0
61.34,tcp,ssh,S0,781,2387,6,5,0.025,0.97,0,1,normal,0
5.85,tcp,pop3,REJ,14,4,379,457,0.927,0.863,0,0,dos,1
0.87,tcp,other,S0,54,6,426,282,0.993,0.947,0,0,dos,1
0.0,tcp,telnet,SF,247,1835,2,2,0.039,0.952,0,1,normal,0
0.0,tcp,pop3,REJ,38,0,167,219,0.838,0.996,0,0,dos,1
142.4,tcp,ftp,SF,663,1930,2,8,0.053,0.871,0,1,normal,0
50.4,tcp,other,SF,733,1046,7,9,0.0,0.918,0,1,normal,0
83.61,udp,telnet,SF,1000,773,3,8,0.0,0.899,0,1,normal,0
34.79,tcp,other,SF,312,1146,2,1,0.033,0.847,0,1,normal,0
34.34,udp,http,RSTO,185,847,2,9,0.0,0.862,0,1,normal,0
61.62,tcp,ssh,SF,447,1461,8,5,0.032,0.886,0,1,normal,0
90.64,tcp,dns,SF,641,1001,2,1,0.036,0.89,0,1,normal,0
52.63,tcp,dns,SF,299,134,7,1,0.028,0.954,0,1,normal,0
1.25,udp,dns,S0,56,0,280,352,0.986,0.911,0,0,dos,1
88.75,udp,smtp,SF,557,198,5,4,0.113,0.762,0,1,normal,0
0.21,tcp,ftp,S0,26,1,113,393,0.882,0.914,0,0,dos,1
6.73,tcp,ssh,RSTR,876,1444,9,3,0.059,0.968,0,1,normal,0
51.03,udp,dns,S0,374,1663,7,2,0.0,0.842,0,1,normal,0
36.55,udp,other,SF,561,1963,1,7,0.055,0.768,0,1,normal,0
2.2,tcp,http,S0,66,0,113,508,0.953,0.96,0,0,dos,1
56.43,tcp,smtp,SF,739,771,2,5,0.0,0.759,0,1,normal,0
23.31,icmp,ssh,SF,46,2154,9,4,0.101,0.906,0,1,normal,0
2.57,tcp,dns,S0,14,3,277,311,0.8,0.917,0,0,dos,1
0.0,tcp,ssh,S0,62,0,180,242,1.0,0.986,0,0,dos,1
0.0,udp,ftp,RSTR,482,1541,1,9,0.0,0.805,0,1,normal,0
80.97,tcp,dns,SF,682,455,8,6,0.044,0.8,0,1,normal,0
54.0,tcp,ftp,SF,245,2005,7,1,0.064,0.76,0,1,normal,0
86.2,tcp,ftp,RSTR,476,1534,5,3,0.0,0.782,0,1,normal,0
3.27,tcp,ssh,REJ,72,3,185,228,0.909,0.967,0,0,dos,1
114.39,tcp,ftp,SF,139,748,4,9,0.0,0.681,0,1,normal,0
54.77,tcp,telnet,REJ,518,980,6,8,0.068,0.976,0,1,normal,0
41.42,tcp,telnet,SF,582,855,3,1,0.055,0.715,0,1,normal,0
87.58,tcp,ftp,SF,230,340,6,5,0.051,0.949,0,1,normal,0
44.39,tcp,telnet,SF,603,857,3,4,0.0,0.896,0,1,normal,0
33.02,tcp,smtp,RSTO,7,1247,8,5,0.134,1.0,0,1,normal,0
81.42,udp,ftp,SF,719,567,9,9,0.0,1.0,0,1,normal,0
0.0,tcp,smtp,SF,311,834,9,3,0.0,0.908,0,1,normal,0
115.02,udp,ftp,S0,510,1444,6,9,0.0,0.849,0,1,normal,0
23.66,tcp,dns,SF,345,0,1,6,0.079,0.937,0,1,normal,0
11.63,tcp,dns,SF,745,884,2,7,0.0,0.83,0,1,normal,0
0.0,tcp,http,SF,1182,1757,9,4,0.047,0.787,0,1,normal,0
0.54,udp,pop3,S0,75,0,480,193,0.818,0.935,0,0,dos,1
28.71,tcp,other,SF,309,167,3,4,0.0,0.681,2,0,r2l,1
1.29,tcp,dns,S0,18,1,80,17,0.486,0.32,0,0,probe,1
90.84,udp,pop3,RSTO,528,1074,1,3,0.045,0.856,0,1,normal,0
70.76,tcp,ftp,SF,606,1279,5,5,0.0,0.873,0,1,normal,0
63.06,tcp,http,SF,248,1925,2,9,0.0,0.927,0,1,normal,0
3.17,tcp,smtp,RSTR,16,0,431,208,0.845,0.953,0,0,dos,1
132.35,tcp,other,SF,1543,698,8,7,0.058,0.824,0,1,normal,0
30.89,tcp,ftp,SF,372,262,6,8,0.097,0.809,0,1,normal,0
2.59,tcp,smtp,SF,0,0,4,1,0.018,0.864,0,1,normal,0
0.0,udp,pop3,SF,0,775,2,7,0.0,0.978,0,1,normal,0
0.0,tcp,ftp,S0,68,0,406,119,0.831,0.944,0,0,dos,1
89.58,tcp,pop3,SF,427,1513,5,7,0.006,0.798,0,1,normal,0
0.0,tcp,pop3,SF,680,1179,5,2,0.0,0.967,0,1,normal,0
0.59,tcp,dns,REJ,0,0,39,8,0.311,0.18,0,0,probe,1
70.01,tcp,http,SF,488,569,5,3,0.0,0.981,0,1,normal,0
0.0,tcp,dns,SF,0,1180,9,7,0.0,0.935,0,1,normal,0
2.7,udp,other,SF,926,1159,9,3,0.071,0.894,0,1,normal,0
97.95,tcp,dns,SF,867,1079,1,6,0.023,1.0,0,1,normal,0
0.0,tcp,http,SF,607,699,1,5,0.0,0.972,0,1,normal,0
0.0,udp,other,SF,453,1797,7,9,0.005,1.0,0,1,normal,0
16.84,tcp,smtp,S0,81,671,6,1,0.188,0.94,3,0,r2l,1
52.94,tcp,ssh,SF,1129,1261,2,2,0.067,0.805,0,1,normal,0
50.93,tcp,ftp,SF,154,745,2,6,0.114,0.902,0,1,normal,0
47.36,tcp,smtp,SF,366,1894,7,8,0.014,0.935,0,1,normal,0
2.3,tcp,smtp,S0,2,2,44,19,0.851,0.294,0,0,probe,1
111.54,tcp,smtp,SF,871,1724,9,9,0.02,0.912,0,1,normal,0
10.84,udp,dns,SF,48,442,6,5,0.07,0.581,4,0,r2l,1
6.93,tcp,http,SF,431,482,5,9,0.0,0.945,0,1,normal,0
68.65,tcp,smtp,SF,378,1149,2,7,0.025,1.0,0,1,normal,0
0.03,udp,ssh,S0,63,4,202,348,0.906,0.957,0,0,dos,1
110.67,tcp,other,SF,202,735,6,5,0.012,0.981,0,1,normal,0
46.13,tcp,ftp,SF,481,1101,4,8,0.091,0.997,0,1,normal,0
8.66,tcp,other,S0,366,97,12,1,0.086,0.526,2,1,r2l,1
128.3,tcp,ssh,SF,1184,725,6,8,0.029,0.933,0,1,normal,0
81.76,tcp,dns,REJ,187,754,6,7,0.024,0.924,0,1,normal,0
1.66,tcp,http,S0,49,0,283,207,1.0,0.925,0,0,dos,1
0.0,tcp,smtp,S0,5,0,48,3,0.282,0.252,0,0,probe,1
7.71,tcp,telnet,SF,259,125,9,5,0.147,0.946,3,0,r2l,1
0.82,tcp,dns,S0,5,0,76,5,0.471,0.377,0,0,probe,1
67.68,tcp,dns,S0,208,1520,7,8,0.027,1.0,0,1,normal,0
2.68,tcp,ssh,S0,4,1,28,7,0.206,0.354,0,0,probe,1
37.81,tcp,pop3,RSTR,915,2059,4,9,0.0,0.968,0,1,normal,0
45.31,icmp,smtp,SF,107,458,2,5,0.022,0.887,0,1,normal,0
49.49,tcp,dns,SF,968,1388,4,3,0.054,0.873,0,1,normal,0
1.42,tcp,other,REJ,88,2,255,368,0.808,0.97,0,0,dos,1
55.33,tcp,dns,SF,607,225,1,9,0.0,0.849,0,1,normal,0
2.56,tcp,http,RSTR,69,1,308,217,0.825,1.0,0,0,dos,1
85.2,tcp,ssh,SF,155,1440,2,2,0.108,1.0,0,1,normal,0
34.88,udp,http,SF,157,1056,3,9,0.05,0.802,0,1,normal,0
37.56,tcp,http,SF,117,942,4,4,0.0,0.942,0,1,normal,0
65.43,udp,telnet,RSTO,344,1111,3,3,0.005,1.0,0,1,normal,0
75.33,tcp,smtp,SF,575,1337,1,5,0.075,1.0,0,1,normal,0
45.68,udp,smtp,SF,1377,973,3,3,0.033,0.822,0,1,normal,0
58.33,tcp,smtp,SF,746,1447,3,7,0.0,0.906,0,1,normal,0
0.0,icmp,telnet,SF,775,0,9,5,0.061,0.741,0,1,normal,0
107.55,tcp,other,REJ,717,894,9,5,0.039,0.833,0,1,normal,0
35.67,icmp,http,SF,754,1651,7,3,0.031,0.596,0,1,normal,0
50.78,icmp,other,REJ,1004,1401,2,9,0.0,1.0,0,1,normal,0
35.23,udp,http,SF,423,1358,2,3,0.075,0.954,0,1,normal,0
54.53,udp,dns,SF,515,570,8,6,0.065,0.942,0,1,normal,0
67.49,tcp,ssh,SF,0,324,5,9,0.07,0.759,0,1,normal,0
49.71,tcp,dns,SF,403,552,7,4,0.006,0.862,0,1,normal,0
55.84,tcp,other,SF,973,831,4,8,0.014,0.912,0,1,normal,0
41.36,tcp,pop3,SF,470,1620,8,7,0.049,0.871,0,1,normal,0
63.39,tcp,pop3,REJ,470,29,7,9,0.045,0.909,0,1,normal,0
40.9,tcp,http,S0,697,2311,1,4,0.021,0.983,0,1,normal,0
87.65,udp,pop3,SF,1043,1291,1,3,0.021,0.921,0,1,normal,0
32.42,tcp,pop3,SF,116,1098,2,8,0.014,0.858,0,1,normal,0
0.0,udp,smtp,S0,2,0,54,14,0.924,0.0,0,0,probe,1
44.35,tcp,pop3,SF,26,0,7,7,0.034,0.864,0,1,normal,0
0.0,udp,pop3,REJ,888,377,7,8,0.037,0.836,0,1,normal,0
0.19,tcp,smtp,SF,34,0,26,12,0.39,0.092,0,0,probe,1
54.64,tcp,other,SF,561,917,2,5,0.0,0.975,0,1,normal,0
0.0,icmp,smtp,SF,395,1165,4,7,0.075,0.923,0,1,normal,0
3.47,tcp,ftp,S0,2,0,60,11,0.674,0.339,0,0,probe,1
16.41,tcp,telnet,SF,496,1332,2,9,0.0,0.938,0,1,normal,0
0.96,tcp,http,RSTR,45,0,375,200,0.877,0.934,0,0,dos,1
68.01,tcp,http,RSTR,526,485,1,8,0.01,0.85,0,1,normal,0
96.08,tcp,ssh,RSTO,192,1623,9,9,0.063,0.797,0,1,normal,0
47.86,tcp,dns,SF,995,2022,4,9,0.02,1.0,0,1,normal,0
82.22,udp,pop3,SF,279,827,2,3,0.0,1.0,0,1,normal,0
3.01,tcp,other,S0,51,0,70,6,0.307,0.0,0,0,probe,1
153.55,icmp,ftp,SF,235,547,1,7,0.0,0.968,0,1,normal,0
58.15,tcp,telnet,SF,567,1560,5,9,0.001,0.768,0,1,normal,0
15.12,tcp,telnet,SF,26,812,3,1,0.0,0.863,0,1,normal,0
0.0,tcp,ssh,REJ,36,0,202,134,0.921,0.892,0,0,dos,1
1.05,tcp,other,SF,225,439,5,2,0.0,0.842,0,1,normal,0
3.15,tcp,other,REJ,10,0,189,298,0.635,0.972,0,0,dos,1
60.46,tcp,smtp,SF,366,611,8,7,0.013,0.8,0,1,normal,0
1.38,udp,ftp,S0,31,1,213,253,1.0,0.972,0,0,dos,1
91.28,icmp,dns,SF,338,1467,2,3,0.026,0.948,0,1,normal,0
68.73,tcp,http,SF,864,1990,6,7,0.012,0.97,0,1,normal,0
58.16,tcp,smtp,SF,319,1623,9,4,0.0,0.983,0,1,normal,0
30.0,icmp,telnet,S0,90,327,9,7,0.057,0.875,0,1,normal,0
79.92,tcp,http,SF,554,1315,5,4,0.041,0.917,0,1,normal,0
56.52,tcp,ftp,SF,375,1550,7,4,0.051,0.946,0,1,normal,0
0.0,tcp,http,RSTR,38,0,397,223,0.89,0.95,0,0,dos,1
7.8,icmp,http,S0,0,1,35,2,0.305,0.346,0,0,probe,1
2.24,udp,ssh,REJ,72,2,474,277,0.998,1.0,0,0,dos,1
27.49,tcp,dns,SF,483,337,5,7,0.064,0.862,3,1,r2l,1
0.0,tcp,ftp,SF,9,0,39,11,0.007,0.087,0,0,probe,1
49.23,tcp,http,SF,1026,569,5,4,0.0,0.926,0,1,normal,0
37.8,tcp,ssh,SF,1,2181,4,1,0.0,0.939,0,1,normal,0
1.13,udp,other,REJ,19,0,79,17,0.75,0.246,0,0,probe,1
1.58,tcp,telnet,S0,8,0,82,10,0.804,0.162,0,0,probe,1
20.07,udp,other,SF,0,372,12,3,0.183,0.762,4,1,r2l,1
0.0,tcp,pop3,REJ,25,0,384,127,0.955,0.962,0,0,dos,1
130.0,udp,telnet,SF,958,1293,1,8,0.0,0.993,0,1,normal,0
0.0,udp,ftp,S0,41,5,89,4,0.613,0.44,0,0,probe,1
0.0,tcp,dns,REJ,44,6,83,7,0.641,0.169,0,0,probe,1
0.0,tcp,telnet,SF,781,736,8,7,0.019,1.0,0,1,normal,0
0.01,tcp,ssh,S0,74,0,243,364,0.911,0.971,0,0,dos,1
30.43,tcp,telnet,SF,200,576,8,6,0.108,0.902,0,1,normal,0
0.0,udp,http,S0,18,0,88,4,0.654,0.256,0,0,probe,1
0.0,udp,dns,SF,372,1463,7,2,0.006,0.817,0,1,normal,0
3.46,udp,dns,REJ,57,0,336,359,0.892,1.0,0,0,dos,1
71.53,icmp,telnet,SF,215,423,1,3,0.039,0.875,0,1,normal,0
46.35,tcp,pop3,SF,752,1574,4,8,0.013,0.842,0,1,normal,0
33.74,udp,telnet,SF,512,645,2,4,0.091,1.0,0,1,normal,0
20.03,tcp,dns,SF,85,1489,9,6,0.067,1.0,0,1,normal,0
48.05,tcp,dns,SF,434,568,7,8,0.089,0.728,0,1,normal,0
12.46,tcp,telnet,SF,0,0,7,5,0.141,0.515,4,0,r2l,1
84.67,tcp,ssh,SF,652,821,5,2,0.0,0.857,0,1,normal,0
4.0,tcp,dns,S0,30,0,23,2,0.391,0.0,0,0,probe,1
26.57,udp,other,SF,173,232,1,3,0.046,0.878,0,1,normal,0
3.51,udp,pop3,SF,744,484,1,6,0.072,0.838,0,1,normal,0
1.66,tcp,other,S0,43,0,510,414,1.0,0.965,0,0,dos,1
1.28,udp,http,RSTR,35,0,447,397,0.882,1.0,0,0,dos,1
67.04,tcp,ssh,SF,498,1206,8,1,0.109,0.806,0,1,normal,0
1.74,tcp,ssh,S0,63,0,467,264,1.0,0.935,0,0,dos,1
1.11,tcp,other,S0,52,0,359,308,0.859,0.947,0,0,dos,1
0.0,tcp,smtp,SF,0,1256,3,1,0.007,0.9,0,1,normal,0
41.01,udp,telnet,SF,3,338,13,4,0.143,0.478,1,1,r2l,1
2.14,tcp,dns,S0,41,4,370,484,0.956,0.947,0,0,dos,1
104.69,tcp,http,SF,717,782,6,8,0.0,1.0,0,1,normal,0
37.87,udp,smtp,SF,543,1206,2,2,0.015,1.0,0,1,normal,0
0.0,tcp,ssh,SF,657,1076,1,8,0.0,0.897,0,1,normal,0
56.24,tcp,http,SF,0,1864,9,2,0.068,0.804,0,1,normal,0
1.14,tcp,dns,RSTR,85,0,434,313,1.0,0.904,0,0,dos,1
1.59,tcp,ftp,S0,54,0,119,488,0.806,0.944,0,0,dos,1
140.97,tcp,other,SF,295,1083,7,7,0.012,0.888,0,1,normal,0
0.0,tcp,ssh,SF,773,520,9,4,0.0,0.931,0,1,normal,0
19.34,tcp,http,SF,186,1066,6,9,0.019,0.9,0,1,normal,0
57.7,tcp,http,S0,157,887,2,1,0.015,1.0,0,1,normal,0
2.37,tcp,ftp,S0,17,3,30,15,0.578,0.467,0,0,probe,1
46.68,tcp,other,SF,557,1556,7,1,0.0,0.852,0,1,normal,0
0.0,tcp,smtp,SF,429,684,8,8,0.024,0.876,0,1,normal,0
33.71,tcp,http,SF,13,532,9,6,0.023,0.875,0,1,normal,0
103.86,tcp,other,SF,245,825,8,4,0.035,0.828,0,1,normal,0
0.0,tcp,pop3,S0,46,0,225,162,0.877,1.0,0,0,dos,1
0.0,tcp,dns,SF,207,286,4,1,0.133,0.704,2,1,r2l,1
75.8,tcp,smtp,SF,800,2367,3,1,0.019,0.92,0,1,normal,0
58.88,tcp,dns,SF,180,687,3,9,0.0,0.87,0,1,normal,0
127.55,tcp,other,SF,335,1229,4,9,0.007,0.979,0,1,normal,0
31.28,tcp,other,SF,454,1002,5,3,0.0,0.759,0,1,normal,0
0.0,tcp,ftp,SF,427,1350,4,1,0.035,0.92,0,1,normal,0
73.26,icmp,ssh,SF,672,431,6,7,0.033,0.985,0,1,normal,0
1.96,udp,smtp,RSTR,45,1,435,233,0.906,0.918,0,0,dos,1
81.3,udp,ftp,REJ,246,911,9,9,0.044,0.801,0,1,normal,0
54.29,tcp,http,S0,314,595,7,1,0.0,0.717,0,1,normal,0
0.0,tcp,telnet,SF,1159,183,7,6,0.074,0.717,0,1,normal,0
0.0,tcp,http,S0,68,0,112,160,0.957,1.0,0,0,dos,1
112.03,tcp,telnet,RSTO,329,1683,5,5,0.0,0.921,0,1,normal,0
88.33,tcp,smtp,SF,160,921,7,5,0.058,0.828,0,1,normal,0
0.64,tcp,dns,S0,10,7,284,448,0.903,1.0,0,0,dos,1
33.2,tcp,http,S0,0,2000,9,7,0.124,0.834,0,1,normal,0
0.25,tcp,pop3,S0,0,1,53,5,0.594,0.166,0,0,probe,1
63.22,tcp,pop3,SF,308,1006,7,2,0.0,0.991,0,1,normal,0
0.0,udp,http,S0,43,0,310,288,0.887,0.958,0,0,dos,1
27.5,tcp,telnet,SF,249,413,10,7,0.092,0.562,2,0,r2l,1
79.74,tcp,dns,SF,84,1431,5,1,0.0,0.818,0,1,normal,0
32.58,tcp,http,SF,475,719,3,7,0.0,1.0,0,1,normal,0
46.96,tcp,dns,REJ,490,823,8,7,0.0,0.794,0,1,normal,0
1.2,udp,ftp,S0,54,0,489,299,1.0,0.959,0,0,dos,1
0.0,tcp,smtp,S0,20,3,98,5,0.266,0.0,0,0,probe,1
1.33,tcp,dns,S0,11,0,114,304,0.779,0.86,0,0,dos,1
6.82,tcp,pop3,S0,20,0,56,6,0.38,0.547,0,0,probe,1
36.97,tcp,dns,SF,532,484,3,3,0.0,0.778,0,1,normal,0
0.0,tcp,smtp,SF,406,866,1,9,0.007,0.883,0,1,normal,0
7.88,tcp,pop3,SF,0,2070,9,3,0.0,0.837,0,1,normal,0
0.21,tcp,pop3,RSTR,22,0,376,509,0.836,0.908,0,0,dos,1
0.0,tcp,http,SF,8,0,89,13,0.459,0.145,0,0,probe,1
7.46,tcp,other,SF,544,511,4,4,0.02,0.884,0,1,normal,0
37.46,icmp,ssh,SF,0,981,7,4,0.009,0.889,0,1,normal,0
50.37,icmp,dns,RSTR,896,2402,9,1,0.035,0.988,0,1,normal,0
0.0,tcp,pop3,REJ,63,0,153,362,0.82,0.954,0,0,dos,1
0.47,tcp,smtp,S0,26,0,39,17,0.704,0.2,0,0,probe,1
65.43,tcp,http,SF,87,966,4,5,0.051,0.905,0,1,normal,0
33.73,tcp,ssh,SF,307,1706,5,3,0.008,0.838,0,1,normal,0
140.79,udp,smtp,SF,648,1453,8,6,0.0,0.989,0,1,normal,0
110.08,tcp,telnet,SF,166,547,6,6,0.024,0.923,0,1,normal,0
28.81,udp,smtp,SF,306,476,14,9,0.0,0.408,1,1,r2l,1
37.71,tcp,other,SF,313,1632,2,7,0.033,0.953,0,1,normal,0
28.06,tcp,telnet,SF,276,182,8,7,0.0,0.939,0,1,normal,0
43.63,udp,ssh,SF,317,1178,4,9,0.0,0.878,0,1,normal,0
70.08,tcp,telnet,SF,348,1236,2,6,0.0,0.949,0,1,normal,0
0.0,tcp,telnet,SF,106,150,5,7,0.109,0.603,2,0,r2l,1
87.05,udp,other,SF,331,1659,5,2,0.05,0.964,0,1,normal,0
48.21,tcp,pop3,SF,0,1588,9,1,0.0,0.937,0,1,normal,0
76.64,tcp,dns,SF,654,510,2,2,0.056,0.954,0,1,normal,0
35.05,tcp,ftp,SF,252,181,1,4,0.25,0.254,3,1,r2l,1
137.45,tcp,other,SF,857,156,4,2,0.096,0.812,0,1,u2r,1
81.06,tcp,http,SF,384,1367,2,5,0.0,0.843,0,1,normal,0
5.14,udp,ssh,REJ,401,34,3,5,0.0,0.742,0,1,normal,0
67.91,tcp,ftp,SF,710,1083,5,8,0.116,1.0,0,1,normal,0
92.79,tcp,ssh,SF,556,0,6,3,0.02,0.786,0,1,normal,0
20.49,tcp,dns,SF,842,1164,8,6,0.075,0.796,0,1,normal,0
4.66,tcp,smtp,REJ,17,0,356,216,0.976,0.957,0,0,dos,1
0.0,tcp,pop3,S0,16,3,88,3,0.12,0.154,0,0,probe,1
43.21,tcp,dns,SF,457,1414,3,2,0.021,0.898,0,1,normal,0
0.0,tcp,dns,SF,695,684,4,6,0.025,1.0,0,1,normal,0
102.5,tcp,other,RSTR,721,834,6,4,0.0,0.899,0,1,normal,0
94.52,tcp,smtp,SF,748,1655,4,8,0.0,0.87,0,1,normal,0
14.82,tcp,other,SF,467,246,4,3,0.0,1.0,0,1,normal,0
111.02,tcp,smtp,SF,232,954,3,2,0.012,0.705,0,1,normal,0
173.2,tcp,telnet,SF,559,680,2,1,0.105,0.918,1,1,u2r,1
14.4,udp,dns,S0,0,0,5,2,0.0,1.0,0,1,normal,0
0.85,tcp,dns,RSTR,3,1,159,317,0.895,0.926,0,0,dos,1
100.79,tcp,http,SF,914,1359,5,3,0.007,0.947,0,1,normal,0
107.68,tcp,telnet,SF,465,111,2,3,0.001,0.777,0,1,normal,0
20.42,tcp,http,SF,675,1911,8,6,0.0,0.746,0,1,normal,0
6.8,udp,other,REJ,29,0,71,1,0.921,0.328,0,0,probe,1
83.75,udp,other,REJ,719,1761,1,7,0.0,0.713,0,1,normal,0
50.17,udp,dns,RSTO,473,1209,6,3,0.036,0.969,0,1,normal,0
0.0,tcp,ftp,S0,66,0,213,180,0.906,0.941,0,0,dos,1
1.52,icmp,http,S0,60,2,418,504,0.889,0.849,0,0,dos,1
24.36,tcp,other,SF,542,536,5,4,0.024,0.969,0,1,normal,0
66.21,tcp,telnet,SF,352,1227,3,6,0.073,0.677,0,1,normal,0
52.78,tcp,pop3,SF,573,1169,7,3,0.0,1.0,0,1,normal,0
0.86,tcp,http,S0,32,0,160,277,0.812,0.887,0,0,dos,1
44.29,tcp,dns,SF,240,1459,8,7,0.06,1.0,0,1,normal,0
105.8,tcp,dns,SF,414,121,6,9,0.0,0.886,0,1,normal,0
66.99,udp,dns,SF,682,1392,5,1,0.058,1.0,0,1,normal,0
19.05,tcp,http,SF,807,940,7,5,0.085,0.951,0,1,normal,0
5.05,tcp,pop3,REJ,7,0,80,4,0.063,0.474,0,0,probe,1
1.98,tcp,http,S0,39,1,191,209,0.721,0.856,0,0,dos,1
16.3,tcp,other,RSTR,913,2524,9,9,0.109,0.862,0,1,normal,0
0.8,tcp,dns,S0,5,0,46,5,0.543,0.104,0,0,probe,1
18.82,icmp,dns,SF,575,563,7,7,0.077,0.929,0,1,normal,0
115.78,tcp,http,SF,364,495,6,3,0.0,0.788,0,1,normal,0
39.39,tcp,ssh,SF,624,1463,3,1,0.067,0.982,0,1,normal,0
4.37,tcp,dns,S0,20,0,356,501,0.878,1.0,0,0,dos,1
38.08,tcp,ftp,SF,793,903,2,4,0.0,0.917,0,1,normal,0
64.43,udp,smtp,SF,684,1130,7,2,0.109,0.691,0,1,normal,0
1.12,tcp,pop3,S0,90,3,311,186,0.975,0.92,0,0,dos,1
69.55,tcp,smtp,SF,691,0,2,7,0.0,0.877,0,1,normal,0
0.0,udp,smtp,S0,32,5,95,10,0.368,0.0,0,0,probe,1
67.17,tcp,http,SF,826,307,6,9,0.002,0.978,0,1,normal,0
23.69,tcp,ftp,SF,807,1492,4,7,0.085,0.945,0,1,normal,0
76.42,tcp,telnet,SF,423,2116,6,1,0.084,0.908,0,1,normal,0
0.0,tcp,dns,SF,231,0,6,2,0.0,1.0,0,1,normal,0
67.41,tcp,ssh,SF,373,906,4,7,0.067,0.806,0,1,normal,0
82.67,tcp,smtp,SF,759,161,9,8,0.076,0.874,0,1,normal,0
3.09,tcp,dns,REJ,37,0,57,11,0.074,0.271,0,0,probe,1
2.43,udp,dns,S0,0,7,200,472,0.967,0.954,0,0,dos,1
4.08,tcp,dns,S0,37,6,222,374,0.766,0.957,0,0,dos,1
88.28,tcp,ssh,SF,576,562,1,9,0.0,1.0,0,1,normal,0
23.04,udp,ssh,SF,688,875,1,8,0.03,1.0,0,1,normal,0
58.02,tcp,smtp,SF,468,398,1,9,0.0,0.829,0,1,normal,0
43.87,tcp,dns,SF,808,1928,1,9,0.051,0.883,0,1,normal,0
0.0,tcp,dns,S0,81,1,319,276,1.0,0.966,0,0,dos,1
80.46,tcp,pop3,SF,0,979,6,9,0.057,0.691,0,1,normal,0
85.86,icmp,smtp,SF,621,840,8,9,0.0,0.831,0,1,normal,0
52.94,icmp,http,SF,956,196,4,3,0.108,1.0,0,1,normal,0
5.24,tcp,dns,S0,153,941,3,1,0.044,0.902,0,1,normal,0
77.12,tcp,telnet,REJ,0,1059,2,2,0.061,0.998,0,1,normal,0
142.54,tcp,ftp,SF,291,722,4,9,0.038,0.708,0,1,normal,0
117.71,udp,pop3,SF,257,990,7,6,0.114,0.817,0,1,normal,0
41.76,tcp,telnet,RSTO,494,1372,4,9,0.0,1.0,0,1,normal,0
90.41,tcp,ssh,SF,742,26,5,1,0.027,0.798,0,1,normal,0
0.0,tcp,dns,S0,27,0,377,463,1.0,0.981,0,0,dos,1
45.86,tcp,smtp,SF,323,1035,5,8,0.13,1.0,0,1,normal,0
0.0,tcp,ssh,SF,888,925,5,5,0.011,0.889,0,1,normal,0
13.1,udp,other,SF,309,16,7,6,0.065,0.824,0,1,normal,0
36.9,icmp,ftp,SF,124,984,6,8,0.016,0.695,0,1,normal,0
3.67,tcp,ftp,S0,8,0,47,11,0.347,0.171,0,0,probe,1
82.51,tcp,http,SF,243,1380,2,1,0.007,1.0,0,1,normal,0
23.81,tcp,ssh,SF,218,253,12,1,0.274,0.357,3,1,r2l,1
1.03,tcp,smtp,RSTR,95,2,381,107,1.0,0.921,0,0,dos,1
66.35,tcp,http,SF,434,452,2,4,0.0,0.846,0,1,normal,0
15.99,tcp,http,SF,145,1477,8,5,0.005,0.784,0,1,normal,0
38.46,tcp,ftp,REJ,785,1734,2,6,0.068,0.768,0,1,normal,0
126.87,tcp,ssh,RSTO,580,2063,2,5,0.0,0.869,0,1,normal,0
48.98,tcp,telnet,REJ,779,2486,2,7,0.056,0.937,0,1,normal,0
92.27,udp,ssh,SF,67,1095,8,8,0.0,0.949,0,1,normal,0
27.6,tcp,ftp,SF,511,696,9,9,0.0,0.928,0,1,normal,0
34.74,tcp,ssh,SF,0,913,1,2,0.072,0.786,0,1,normal,0
24.33,udp,dns,SF,414,2198,2,7,0.109,0.869,0,1,normal,0
51.15,tcp,ssh,SF,701,958,8,6,0.0,0.865,0,1,normal,0
39.63,tcp,other,SF,175,385,5,1,0.063,0.559,4,1,r2l,1
68.93,tcp,ftp,SF,777,210,2,5,0.003,0.865,0,1,normal,0
102.64,tcp,http,SF,667,1718,1,7,0.039,0.767,0,1,normal,0
34.28,udp,dns,SF,173,136,14,9,0.133,0.516,2,0,r2l,1
2.64,tcp,pop3,SF,154,958,8,3,0.0,0.914,0,1,normal,0
65.37,tcp,smtp,SF,228,1908,1,3,0.0,0.731,0,1,normal,0
90.04,tcp,http,SF,570,935,4,5,0.118,0.849,0,1,normal,0
38.24,tcp,other,SF,208,1511,5,4,0.047,0.913,0,1,normal,0
5.55,tcp,http,S0,2,0,65,13,0.542,0.202,0,0,probe,1
58.88,tcp,dns,SF,269,0,4,4,0.0,1.0,0,1,normal,0
84.06,tcp,dns,SF,193,0,9,5,0.039,0.759,0,1,normal,0
25.31,tcp,telnet,SF,535,1053,5,7,0.025,1.0,0,1,normal,0
0.0,tcp,ssh,RSTR,827,120,6,8,0.0,0.999,0,1,normal,0
46.05,tcp,ftp,REJ,889,0,3,3,0.049,0.887,0,1,normal,0
4.29,udp,pop3,S0,3,3,398,256,0.986,0.99,0,0,dos,1
74.71,tcp,telnet,SF,728,1301,1,1,0.0,0.86,0,1,normal,0
51.17,tcp,pop3,SF,380,2083,5,5,0.034,0.943,0,1,normal,0
33.95,tcp,ssh,SF,193,1137,1,3,0.0,0.999,0,1,normal,0
0.0,tcp,other,SF,23,3,80,11,0.25,0.17,0,0,probe,1
89.93,tcp,http,SF,93,0,8,4,0.0,0.836,0,1,normal,0
73.95,tcp,smtp,SF,0,1118,8,4,0.0,0.855,0,1,normal,0
22.11,tcp,dns,SF,767,1002,7,3,0.0,0.911,0,1,normal,0
2.61,tcp,smtp,S0,62,0,349,399,0.869,0.946,0,0,dos,1
46.96,tcp,other,SF,382,2136,7,9,0.021,0.991,0,1,normal,0
1.06,tcp,other,RSTR,72,0,233,270,0.945,0.945,0,0,dos,1
0.0,tcp,telnet,SF,0,1733,7,8,0.015,0.805,0,1,normal,0
3.67,tcp,dns,REJ,15,0,82,16,0.22,0.243,0,0,probe,1
2.3,tcp,other,S0,7,0,73,8,0.633,0.24,0,0,probe,1
98.51,tcp,pop3,SF,0,514,6,5,0.005,0.921,0,1,normal,0
110.95,tcp,telnet,SF,434,1116,3,5,0.08,0.785,0,1,normal,0
75.09,tcp,other,SF,259,0,8,8,0.064,0.855,0,1,normal,0
22.07,icmp,other,SF,132,860,3,2,0.0,0.877,0,1,normal,0
59.92,icmp,pop3,SF,305,1087,9,8,0.007,0.885,0,1,normal,0
76.45,udp,pop3,SF,0,604,4,8,0.093,0.869,0,1,normal,0
22.0,tcp,ssh,S0,267,240,3,4,0.056,0.496,1,1,r2l,1
36.47,tcp,telnet,SF,260,2169,2,2,0.057,0.9,0,1,normal,0
48.06,udp,pop3,S0,482,846,5,7,0.045,1.0,0,1,normal,0
62.64,udp,other,SF,504,320,5,2,0.0,1.0,0,1,normal,0
96.69,icmp,ftp,SF,662,1057,2,5,0.011,0.863,0,1,normal,0
161.13,tcp,ssh,SF,13,331,8,6,0.0,0.961,0,1,normal,0
30.18,tcp,pop3,S0,798,970,5,8,0.0,0.781,0,1,normal,0
32.75,udp,telnet,SF,647,714,1,3,0.029,0.864,0,1,normal,0
27.21,tcp,telnet,SF,248,283,10,7,0.155,0.963,2,0,r2l,1
27.28,udp,dns,SF,510,1992,1,2,0.027,0.745,0,1,normal,0
6.1,tcp,telnet,S0,425,125,11,4,0.023,0.019,1,1,r2l,1
84.5,icmp,ftp,SF,449,907,7,1,0.0,0.756,0,1,normal,0
19.05,udp,ssh,SF,790,415,4,1,0.041,0.915,0,1,normal,0
30.68,tcp,smtp,SF,180,1137,7,7,0.04,0.966,0,1,normal,0
6.73,tcp,http,SF,239,477,9,4,0.0,0.869,0,1,normal,0
0.0,tcp,dns,REJ,95,3,275,169,1.0,0.925,0,0,dos,1
48.32,tcp,smtp,SF,497,2326,1,5,0.041,0.746,0,1,normal,0
27.16,tcp,pop3,SF,622,709,9,1,0.05,0.695,0,1,normal,0
0.84,udp,other,S0,65,3,292,184,0.925,0.834,0,0,dos,1
102.92,udp,smtp,SF,875,1076,6,9,0.036,1.0,0,1,normal,0
0.0,tcp,other,REJ,15,0,179,393,0.734,0.926,0,0,dos,1
83.02,tcp,dns,SF,1093,757,2,3,0.028,0.937,0,1,normal,0
0.81,tcp,other,S0,28,0,73,7,0.126,0.179,0,0,probe,1
44.94,udp,smtp,SF,568,712,4,3,0.0,0.785,0,1,normal,0
6.05,tcp,ssh,SF,54,355,2,4,0.089,0.735,0,1,normal,0
71.41,tcp,ftp,SF,684,971,3,5,0.009,1.0,0,1,normal,0
70.04,tcp,ftp,SF,825,1175,3,8,0.054,0.797,0,1,normal,0
1.59,tcp,pop3,SF,35,0,42,4,0.454,0.096,0,0,probe,1
64.35,tcp,dns,SF,751,875,2,1,0.029,0.863,0,1,normal,0
86.29,udp,dns,SF,721,1034,7,9,0.046,0.867,0,1,normal,0
58.85,tcp,pop3,SF,1240,1750,4,6,0.059,0.991,0,1,normal,0
1.22,tcp,smtp,S0,23,0,51,12,0.848,0.0,0,0,probe,1
74.74,tcp,other,SF,215,1454,9,4,0.0,0.906,0,1,normal,0
5.64,tcp,other,S0,36,1,72,18,0.238,0.143,0,0,probe,1
1.21,udp,other,SF,605,458,7,2,0.0,0.772,0,1,normal,0
3.41,udp,telnet,S0,15,3,30,15,0.512,0.162,0,0,probe,1
101.72,tcp,other,S0,789,1588,4,3,0.026,0.947,0,1,normal,0
46.58,tcp,http,SF,250,1815,5,6,0.009,0.79,0,1,normal,0
81.83,tcp,ssh,SF,65,687,6,2,0.15,1.0,0,1,normal,0
0.0,udp,smtp,SF,600,1377,8,5,0.061,0.987,0,1,normal,0
11.9,tcp,smtp,SF,291,340,11,3,0.101,0.686,2,1,r2l,1
30.03,tcp,telnet,SF,1231,311,3,4,0.019,0.685,0,1,u2r,1
45.62,tcp,other,SF,559,525,4,4,0.002,0.966,0,1,normal,0
0.0,udp,http,S0,24,6,21,14,0.598,0.175,0,0,probe,1
4.17,tcp,pop3,RSTO,7,1520,6,3,0.048,1.0,0,1,normal,0
94.96,tcp,ftp,SF,371,628,1,8,0.115,0.8,0,1,normal,0
51.69,udp,dns,SF,695,0,6,8,0.057,0.931,0,1,normal,0
109.8,icmp,smtp,SF,319,1165,8,6,0.056,1.0,0,1,normal,0
94.2,tcp,smtp,SF,781,2038,6,7,0.002,0.953,0,1,normal,0
80.32,tcp,smtp,RSTR,614,1026,7,8,0.029,0.975,0,1,normal,0
0.0,tcp,ftp,S0,254,1236,2,5,0.0,0.871,0,1,normal,0
0.0,icmp,ssh,REJ,33,4,394,450,1.0,0.993,0,0,dos,1
5.19,tcp,telnet,S0,59,0,152,120,0.827,1.0,0,0,dos,1
100.97,tcp,smtp,SF,486,1226,9,1,0.059,0.992,0,1,normal,0
12.76,tcp,http,SF,603,741,7,4,0.004,0.991,0,1,normal,0
3.92,tcp,telnet,S0,0,2,496,469,0.872,0.917,0,0,dos,1
18.42,tcp,other,SF,771,1234,3,8,0.037,0.9,0,1,normal,0
0.0,udp,telnet,REJ,65,11,121,489,0.876,0.898,0,0,dos,1
61.57,tcp,pop3,SF,462,55,2,8,0.035,0.786,0,1,normal,0
124.4,tcp,ssh,SF,452,1621,5,6,0.03,0.864,0,1,normal,0
88.64,tcp,other,S0,524,978,5,2,0.0,0.967,0,1,normal,0
0.67,udp,pop3,S0,86,4,291,345,0.846,0.917,0,0,dos,1
1.24,udp,smtp,SF,16,6,76,13,0.453,0.4,0,0,probe,1
57.32,tcp,ssh,RSTO,567,753,6,5,0.098,0.871,0,1,normal,0
0.0,udp,telnet,SF,121,0,8,9,0.108,0.45,1,1,r2l,1
1.91,tcp,smtp,SF,18,0,21,1,0.577,0.245,0,0,probe,1
66.16,tcp,telnet,SF,365,904,8,2,0.0,1.0,0,1,normal,0
0.0,tcp,pop3,RSTR,41,0,343,438,0.879,0.881,0,0,dos,1
38.04,tcp,smtp,SF,584,0,5,6,0.035,0.888,0,1,normal,0
32.09,tcp,pop3,SF,214,1320,2,1,0.029,0.996,0,1,normal,0
40.23,udp,ssh,SF,736,912,9,1,0.0,0.893,0,1,normal,0
19.36,tcp,pop3,SF,289,288,4,8,0.139,0.877,3,0,r2l,1
0.7,tcp,http,RSTR,60,0,404,207,0.901,0.865,0,0,dos,1
54.41,tcp,ftp,S0,701,982,4,6,0.041,0.932,0,1,normal,0
87.03,tcp,smtp,SF,161,1481,1,9,0.081,0.881,0,1,normal,0
59.72,tcp,pop3,SF,530,0,3,6,0.037,0.895,0,1,normal,0
0.0,tcp,ssh,RSTR,47,0,224,223,0.963,0.949,0,0,dos,1
6.42,tcp,smtp,SF,21,0,38,8,0.382,0.0,0,0,probe,1
78.85,tcp,ssh,SF,307,837,8,7,0.0,0.85,0,1,normal,0
83.99,tcp,dns,SF,665,819,2,3,0.006,0.924,0,1,normal,0
0.0,udp,http,SF,413,990,6,4,0.008,0.941,0,1,normal,0
44.91,tcp,ssh,SF,322,559,7,6,0.035,0.801,0,1,normal,0
73.07,tcp,dns,RSTO,621,594,8,3,0.024,0.741,0,1,normal,0
101.08,tcp,telnet,SF,469,2569,9,4,0.0,0.783,0,1,normal,0
36.06,tcp,http,SF,548,575,9,9,0.0,0.921,0,1,normal,0
64.78,tcp,dns,SF,605,0,1,1,0.0,0.893,0,1,normal,0
6.56,udp,ftp,S0,14,1,82,9,0.415,0.001,0,0,probe,1
64.79,tcp,other,SF,149,1040,2,9,0.056,1.0,0,1,normal,0
47.26,tcp,dns,SF,345,1694,2,1,0.012,0.784,0,1,normal,0
0.0,udp,ssh,S0,74,3,173,249,0.901,0.918,0,0,dos,1
0.0,tcp,ftp,S0,20,1,48,6,0.642,0.068,0,0,probe,1
95.54,tcp,smtp,SF,741,1352,8,7,0.0,1.0,0,1,normal,0
56.84,tcp,smtp,RSTR,0,474,1,4,0.014,0.927,0,1,normal,0
130.79,tcp,telnet,SF,37,561,7,3,0.025,0.927,0,1,normal,0
7.9,tcp,telnet,RSTO,618,0,1,9,0.0,1.0,0,1,normal,0
31.58,tcp,telnet,SF,894,1586,5,6,0.07,0.92,0,1,normal,0
128.88,tcp,ssh,SF,406,810,6,1,0.0,1.0,0,1,normal,0
70.12,tcp,smtp,SF,993,802,5,7,0.0,0.915,0,1,normal,0
30.13,udp,pop3,SF,427,636,5,7,0.0,0.815,0,1,normal,0
2.41,udp,http,S0,48,14,297,197,0.88,1.0,0,0,dos,1
29.18,tcp,telnet,REJ,405,1723,1,1,0.028,0.901,0,1,normal,0
0.0,udp,other,SF,565,837,8,5,0.0,0.895,0,1,normal,0
0.0,tcp,dns,SF,593,0,8,3,0.123,0.801,0,1,normal,0
0.0,tcp,telnet,S0,28,11,299,449,0.988,0.993,0,0,dos,1
81.46,tcp,http,SF,742,387,1,7,0.0,0.972,0,1,normal,0
36.3,tcp,ftp,SF,584,944,8,7,0.023,0.976,0,1,normal,0
105.75,tcp,smtp,SF,968,94,6,1,0.065,0.872,0,1,normal,0
74.12,tcp,http,RSTR,496,614,8,5,0.06,0.731,0,1,normal,0
33.82,udp,smtp,SF,0,0,11,4,0.0,0.706,4,1,r2l,1
7.82,icmp,pop3,S0,1,0,88,18,0.104,0.145,0,0,probe,1
96.51,tcp,telnet,SF,232,1153,5,8,0.013,0.868,0,1,normal,0
66.04,tcp,ftp,RSTR,487,1305,6,8,0.0,0.928,0,1,normal,0
37.4,tcp,dns,SF,963,434,7,5,0.062,0.763,0,1,normal,0
110.98,tcp,ssh,SF,872,545,1,9,0.058,0.925,0,1,normal,0
94.09,tcp,other,SF,595,472,8,2,0.005,0.661,0,1,normal,0
5.81,tcp,pop3,S0,38,0,49,12,0.741,0.184,0,0,probe,1
0.0,tcp,telnet,S0,39,0,344,341,1.0,0.938,0,0,dos,1
59.53,udp,ssh,S0,480,315,6,5,0.036,0.926,0,1,normal,0
7.08,udp,ssh,SF,1262,1272,7,1,0.014,0.8,0,1,normal,0
0.0,udp,ftp,SF,1125,1487,8,7,0.05,0.887,0,1,normal,0
104.12,tcp,ssh,SF,221,1704,6,6,0.002,0.783,0,1,normal,0
14.46,udp,ftp,SF,237,1421,5,8,0.078,1.0,0,1,normal,0
0.0,udp,ssh,S0,0,0,37,8,0.253,0.417,0,0,probe,1
0.34,tcp,other,RSTR,0,0,426,238,0.942,1.0,0,0,dos,1
45.82,udp,other,SF,206,1545,9,1,0.014,0.934,0,1,normal,0
55.48,tcp,other,SF,670,437,6,2,0.075,0.95,0,1,normal,0
75.07,tcp,ftp,RSTR,7,937,3,9,0.0,1.0,0,1,normal,0
2.45,udp,smtp,S0,59,1,294,142,0.942,0.94,0,0,dos,1
66.39,tcp,smtp,SF,379,697,2,2,0.0,0.799,0,1,normal,0
54.63,tcp,pop3,SF,471,1476,3,9,0.0,0.888,0,1,normal,0
25.44,tcp,http,SF,771,950,6,6,0.0,1.0,0,1,normal,0
79.4,tcp,other,SF,443,848,5,4,0.0,0.872,0,1,normal,0
27.17,udp,pop3,SF,578,1682,6,4,0.022,1.0,0,1,normal,0
100.98,udp,pop3,SF,491,1700,3,1,0.0,0.999,0,1,normal,0
109.44,udp,ftp,REJ,538,1559,4,7,0.0,0.889,0,1,normal,0
0.58,tcp,dns,S0,87,2,460,271,1.0,0.918,0,0,dos,1
22.86,udp,other,SF,609,2250,3,2,0.052,1.0,0,1,normal,0
87.26,udp,telnet,S0,58,1043,7,2,0.015,1.0,0,1,normal,0
5.41,udp,other,S0,16,0,129,392,0.974,0.93,0,0,dos,1
119.74,tcp,other,SF,492,1119,8,3,0.0,0.913,0,1,normal,0
21.42,tcp,other,SF,859,1767,5,7,0.0,0.799,0,1,normal,0
104.36,tcp,other,SF,275,79,4,1,0.024,0.96,0,1,normal,0
110.39,tcp,ssh,SF,414,1195,7,4,0.0,0.819,0,1,normal,0
2.96,udp,dns,REJ,45,0,126,234,0.815,0.979,0,0,dos,1
89.88,tcp,other,SF,91,73,6,1,0.126,0.937,0,1,normal,0
112.6,tcp,http,SF,888,205,1,1,0.01,0.765,0,1,normal,0
8.57,tcp,telnet,RSTO,879,418,4,2,0.0,0.834,0,1,normal,0
0.96,tcp,other,SF,346,1155,2,2,0.027,0.902,0,1,normal,0
26.28,tcp,smtp,SF,394,216,1,2,0.0,0.857,0,1,normal,0
2.92,tcp,ftp,REJ,6,0,69,16,0.559,0.256,0,0,probe,1
0.0,tcp,http,REJ,26,0,78,4,0.476,0.295,0,0,probe,1
3.71,udp,telnet,S0,78,0,117,432,0.818,0.873,0,0,dos,1
100.97,udp,dns,SF,0,1034,3,9,0.019,0.833,0,1,normal,0
0.0,tcp,other,SF,1112,1890,2,6,0.009,0.699,0,1,normal,0
2.45,icmp,ssh,RSTR,67,13,135,249,0.798,0.926,0,0,dos,1
60.88,tcp,ftp,RSTR,933,1204,7,5,0.0,0.828,0,1,normal,0
0.0,icmp,ssh,SF,1066,1270,6,1,0.02,0.842,0,1,normal,0
8.8,tcp,pop3,S0,30,0,61,1,0.624,0.002,0,0,probe,1
0.0,udp,pop3,SF,387,1613,7,4,0.0,0.893,0,1,normal,0
45.93,tcp,telnet,SF,488,915,8,3,0.1,0.877,0,1,normal,0
1.81,tcp,ssh,S0,9,0,80,7,0.351,0.218,0,0,probe,1
8.12,tcp,pop3,SF,751,1109,5,9,0.048,0.936,0,1,normal,0
86.09,tcp,ssh,SF,784,1555,5,1,0.0,0.903,0,1,normal,0
113.91,tcp,other,SF,496,369,1,8,0.07,0.863,0,1,normal,0
29.59,tcp,other,SF,215,174,12,9,0.0,1.0,3,0,r2l,1
49.3,tcp,smtp,SF,310,1570,5,6,0.0,0.816,0,1,normal,0
1.52,tcp,telnet,S0,51,0,356,120,0.906,0.95,0,0,dos,1
48.76,tcp,other,SF,650,1339,8,6,0.0,0.8,0,1,normal,0
50.23,tcp,dns,SF,241,1261,7,7,0.0,0.736,0,1,normal,0
48.18,tcp,smtp,SF,182,687,1,4,0.001,0.81,0,1,normal,0
0.0,tcp,http,SF,713,685,9,9,0.0,0.843,0,1,normal,0
23.38,tcp,ftp,SF,0,928,9,8,0.0,0.79,0,1,normal,0
18.19,icmp,http,SF,663,0,4,4,0.009,0.856,0,1,normal,0
47.56,tcp,dns,SF,697,1217,2,5,0.026,0.814,0,1,normal,0
60.64,tcp,smtp,REJ,511,430,8,3,0.0,0.902,0,1,normal,0
1.0,tcp,other,S0,55,9,285,171,0.87,0.94,0,0,dos,1
3.58,tcp,other,REJ,0,0,145,455,0.862,0.921,0,0,dos,1
19.06,tcp,http,SF,337,699,2,1,0.015,0.915,0,1,normal,0
21.72,tcp,pop3,SF,55,1433,8,9,0.039,1.0,0,1,normal,0
11.09,tcp,smtp,SF,1058,1692,4,9,0.055,0.878,0,1,normal,0
57.74,icmp,other,SF,289,1432,1,2,0.117,0.96,0,1,normal,0
44.56,icmp,ftp,SF,562,740,7,4,0.0,0.983,0,1,normal,0
88.78,tcp,ssh,SF,1132,1533,8,1,0.0,0.728,0,1,normal,0
38.94,tcp,ssh,SF,0,0,6,6,0.004,0.946,0,1,normal,0
67.28,tcp,dns,SF,407,1689,5,8,0.0,0.839,0,1,normal,0
16.43,tcp,dns,SF,198,252,10,3,0.126,0.899,2,0,r2l,1
28.3,tcp,http,SF,345,0,6,6,0.0,0.947,0,1,normal,0
18.09,tcp,ftp,SF,412,1538,6,1,0.0,0.952,0,1,normal,0
79.26,icmp,http,RSTO,568,48,6,6,0.0,0.846,0,1,normal,0
92.77,tcp,dns,SF,289,433,2,8,0.0,0.874,0,1,normal,0
15.45,tcp,other,SF,1053,1418,2,1,0.051,0.858,0,1,normal,0
30.59,udp,http,SF,892,0,2,8,0.07,0.85,0,1,normal,0
1.61,tcp,dns,S0,115,0,412,364,1.0,0.943,0,0,dos,1
18.09,tcp,ssh,SF,556,1402,7,2,0.116,0.922,0,1,normal,0
55.74,tcp,other,SF,0,1099,5,3,0.0,1.0,0,1,normal,0
43.44,tcp,smtp,SF,851,1971,9,7,0.001,0.917,0,1,normal,0
2.11,tcp,pop3,REJ,77,0,429,182,1.0,1.0,0,0,dos,1
23.22,tcp,other,SF,268,253,11,1,0.149,0.598,3,1,r2l,1
1.39,tcp,other,S0,59,0,413,180,0.9,0.951,0,0,dos,1
108.48,udp,dns,SF,787,1380,6,1,0.0,0.974,0,1,normal,0
79.82,tcp,telnet,SF,541,1578,8,5,0.049,0.767,0,1,normal,0
23.49,udp,ssh,SF,368,1554,5,7,0.0,0.923,0,1,normal,0
0.32,tcp,ftp,S0,44,0,193,457,0.859,1.0,0,0,dos,1
0.0,tcp,smtp,S0,18,1,47,8,0.582,0.265,0,0,probe,1
0.0,tcp,other,RSTR,87,4,441,268,0.826,0.907,0,0,dos,1
37.34,tcp,telnet,SF,588,2443,8,9,0.064,1.0,0,1,normal,0
0.0,tcp,http,REJ,98,6,298,118,1.0,0.971,0,0,dos,1
3.57,tcp,ftp,REJ,3,0,67,5,0.742,0.126,0,0,probe,1
82.61,tcp,telnet,SF,437,35,5,2,0.0,0.665,0,1,normal,0
0.0,tcp,ssh,SF,790,2382,8,4,0.035,0.747,0,1,normal,0
37.86,tcp,ssh,REJ,1231,1343,6,3,0.0,0.712,0,1,normal,0
68.44,tcp,telnet,SF,432,755,4,6,0.041,0.786,0,1,normal,0
56.55,tcp,smtp,SF,459,1326,3,8,0.007,0.949,0,1,normal,0
19.4,udp,other,SF,648,553,5,9,0.128,0.834,0,1,normal,0
0.0,tcp,http,S0,31,6,129,102,0.742,0.921,0,0,dos,1
0.0,tcp,telnet,S0,32,3,56,14,0.58,0.317,0,0,probe,1
1.88,tcp,telnet,S0,25,0,473,473,0.924,0.869,0,0,dos,1
17.45,tcp,pop3,SF,462,472,3,6,0.01,0.733,0,1,normal,0
26.63,tcp,pop3,SF,556,1227,6,7,0.0,0.857,0,1,normal,0
105.31,tcp,http,SF,1086,1199,2,3,0.016,0.829,0,1,normal,0
1.64,tcp,ftp,REJ,59,0,438,315,1.0,0.959,0,0,dos,1
5.52,tcp,pop3,SF,508,294,3,6,0.107,0.898,0,1,normal,0
13.11,tcp,pop3,SF,342,154,4,8,0.241,0.326,3,0,r2l,1
53.38,udp,pop3,SF,78,0,6,5,0.075,0.917,0,1,normal,0
70.49,tcp,telnet,SF,604,2186,4,8,0.014,0.801,0,1,normal,0
0.96,tcp,dns,RSTR,59,0,302,270,0.913,0.945,0,0,dos,1
39.63,tcp,dns,REJ,1092,521,9,9,0.0,0.988,0,1,normal,0
33.92,tcp,dns,S0,15,446,9,1,0.228,0.565,2,1,r2l,1
0.0,tcp,http,SF,0,227,3,4,0.0,1.0,0,1,normal,0
39.65,tcp,dns,SF,650,813,1,4,0.098,0.949,0,1,normal,0
118.01,udp,ftp,REJ,421,1874,8,3,0.039,0.826,0,1,normal,0
1.43,tcp,dns,REJ,56,0,80,17,0.36,0.074,0,0,probe,1
74.31,tcp,dns,SF,1164,1140,1,4,0.0,0.854,0,1,normal,0
2.91,tcp,ssh,S0,76,0,368,431,0.896,1.0,0,0,dos,1
2.36,tcp,pop3,S0,71,3,468,456,0.975,0.858,0,0,dos,1
63.89,tcp,pop3,SF,352,392,3,1,0.015,0.896,0,1,normal,0
3.94,tcp,ftp,RSTR,85,2,214,124,1.0,0.874,0,0,dos,1
1.48,udp,other,S0,5,0,72,3,0.225,0.239,0,0,probe,1
54.84,udp,ftp,SF,786,1067,8,4,0.107,0.959,0,1,normal,0
4.11,tcp,http,S0,31,0,378,398,0.904,0.878,0,0,dos,1
81.25,tcp,ssh,SF,203,1622,4,6,0.047,0.683,0,1,normal,0
34.73,tcp,pop3,SF,674,46,4,6,0.0,0.687,0,1,normal,0
95.06,tcp,ssh,SF,511,653,2,9,0.048,0.972,0,1,normal,0
1.1,tcp,dns,S0,71,0,299,480,0.837,0.927,0,0,dos,1
87.62,tcp,ftp,REJ,325,770,3,5,0.017,0.9,0,1,normal,0
89.62,udp,ssh,SF,472,2356,4,1,0.004,0.955,0,1,normal,0
34.51,udp,ftp,SF,828,2175,7,8,0.018,0.864,0,1,normal,0
9.88,tcp,other,SF,779,1016,8,1,0.0,0.834,0,1,normal,0
0.21,tcp,http,RSTR,0,2,496,304,0.828,0.91,0,0,dos,1
3.66,tcp,telnet,S0,19,0,70,5,0.691,0.216,0,0,probe,1
104.03,tcp,ssh,SF,670,1559,8,7,0.0,0.979,0,1,normal,0
43.63,udp,other,SF,774,1878,6,3,0.017,0.964,0,1,normal,0
31.72,tcp,ssh,SF,217,343,5,8,0.103,0.614,3,0,r2l,1
78.42,icmp,pop3,SF,108,555,8,6,0.094,0.807,0,1,normal,0
11.46,udp,telnet,SF,748,1136,6,2,0.02,0.822,0,1,normal,0
62.94,udp,dns,SF,85,384,7,7,0.012,0.6,2,0,r2l,1
4.41,tcp,smtp,SF,27,0,92,10,0.345,0.152,0,0,probe,1
82.15,tcp,ssh,SF,811,1125,1,6,0.0,0.831,0,1,normal,0
0.0,tcp,pop3,SF,350,1556,3,3,0.0,0.849,0,1,normal,0
6.08,udp,http,SF,8,0,56,1,0.492,0.008,0,0,probe,1
25.83,udp,http,RSTR,916,2151,5,2,0.0,0.879,0,1,normal,0
54.59,tcp,http,SF,233,364,9,3,0.079,1.0,0,1,normal,0
0.38,tcp,other,S0,2,0,388,262,0.956,0.971,0,0,dos,1
86.5,tcp,dns,SF,0,524,6,6,0.0,0.683,0,1,normal,0
44.65,tcp,ftp,SF,903,558,2,3,0.016,0.956,0,1,normal,0
74.37,tcp,ssh,S0,618,729,1,2,0.006,0.903,0,1,normal,0
105.24,tcp,ssh,SF,872,1024,9,6,0.0,0.853,0,1,normal,0
90.21,udp,ftp,S0,312,275,9,1,0.057,0.706,0,1,normal,0
0.0,udp,pop3,SF,0,668,1,9,0.0,1.0,0,1,normal,0
84.68,tcp,dns,SF,491,1753,5,1,0.054,0.821,0,1,normal,0
2.46,tcp,telnet,S0,85,2,352,356,1.0,0.948,0,0,dos,1
72.55,udp,smtp,SF,516,2245,2,7,0.105,0.93,0,1,normal,0
48.75,tcp,telnet,SF,332,1572,8,4,0.087,0.71,0,1,normal,0
53.25,tcp,smtp,SF,540,697,8,1,0.027,0.68,0,1,normal,0
68.76,udp,ftp,SF,677,1579,6,1,0.02,0.998,0,1,normal,0
0.73,tcp,ssh,S0,83,0,488,486,0.904,0.904,0,0,dos,1
0.0,tcp,smtp,SF,513,456,4,3,0.002,1.0,0,1,normal,0
23.27,tcp,other,SF,387,0,8,3,0.0,1.0,0,1,normal,0
0.0,tcp,pop3,S0,44,0,393,163,0.844,0.944,0,0,dos,1
104.69,tcp,telnet,SF,355,413,8,4,0.071,0.824,0,1,normal,0
43.15,tcp,other,SF,49,1458,8,8,0.095,0.656,0,1,normal,0
0.0,tcp,dns,S0,35,0,484,158,0.695,0.968,0,0,dos,1
115.12,tcp,telnet,SF,0,1682,3,3,0.06,0.977,0,1,normal,0
3.93,tcp,other,RSTR,52,0,292,250,0.856,0.962,0,0,dos,1
0.0,tcp,smtp,S0,91,8,123,113,0.968,1.0,0,0,dos,1
0.2,tcp,smtp,REJ,4,0,54,9,0.243,0.307,0,0,probe,1
0.0,tcp,dns,SF,802,1498,8,5,0.008,0.963,0,1,normal,0
0.95,tcp,telnet,S0,3,0,133,178,0.931,0.929,0,0,dos,1
1.04,tcp,smtp,RSTR,64,2,288,430,0.96,0.959,0,0,dos,1
28.61,tcp,ftp,SF,1057,1814,1,8,0.078,0.967,0,1,normal,0
0.0,tcp,http,S0,21,5,88,10,0.656,0.0,0,0,probe,1
63.47,tcp,pop3,REJ,69,2359,4,1,0.0,0.93,0,1,normal,0
5.0,tcp,ssh,REJ,23,0,39,8,0.44,0.283,0,0,probe,1
77.16,tcp,other,SF,1152,449,1,9,0.0,0.897,0,1,normal,0
0.0,udp,smtp,SF,349,599,1,5,0.074,0.942,0,1,normal,0
10.25,tcp,dns,RSTR,693,412,1,5,0.071,0.992,0,1,normal,0
0.05,tcp,pop3,S0,24,3,41,5,0.835,0.217,0,0,probe,1
7.3,udp,other,SF,318,430,6,4,0.09,1.0,0,1,normal,0
49.29,tcp,other,SF,1402,1288,1,1,0.085,0.783,0,1,normal,0
50.2,tcp,ftp,SF,423,2194,8,9,0.0,1.0,0,1,normal,0
0.23,tcp,http,REJ,27,0,217,443,0.953,0.963,0,0,dos,1
37.59,tcp,ftp,RSTO,2,929,1,2,0.037,0.719,0,1,normal,0
0.0,tcp,telnet,SF,324,213,3,6,0.0,0.987,0,1,normal,0
122.91,tcp,dns,SF,663,1279,8,3,0.0,0.97,0,1,normal,0
44.44,tcp,pop3,SF,474,0,9,7,0.0,0.95,0,1,normal,0
61.5,tcp,dns,SF,262,1818,2,9,0.023,0.822,0,1,normal,0
41.44,tcp,telnet,SF,776,990,3,9,0.019,0.931,0,1,normal,0
3.74,tcp,ssh,S0,19,0,73,7,0.165,0.161,0,0,probe,1
0.0,tcp,dns,S0,57,0,277,306,0.875,0.965,0,0,dos,1
61.99,udp,dns,SF,44,1835,8,4,0.06,0.882,0,1,normal,0
75.03,tcp,ftp,SF,0,1717,7,3,0.0,0.865,0,1,normal,0
37.44,tcp,smtp,SF,101,702,7,9,0.051,0.652,0,1,normal,0
24.27,tcp,http,SF,324,546,8,8,0.0,0.695,1,0,r2l,1
131.36,tcp,ftp,SF,338,1506,9,3,0.069,0.856,0,1,normal,0
56.92,tcp,ftp,SF,748,925,3,9,0.043,0.761,0,1,normal,0
5.33,udp,other,S0,52,1,55,6,0.761,0.095,0,0,probe,1
30.69,tcp,other,SF,405,862,7,3,0.0,1.0,0,1,normal,0
100.14,tcp,pop3,SF,722,1478,4,3,0.0,0.868,0,1,normal,0
2.66,tcp,http,S0,875,1253,2,9,0.0,0.779,0,1,normal,0
86.12,tcp,ftp,SF,593,1250,1,9,0.031,0.896,0,1,normal,0
13.75,tcp,smtp,SF,748,352,2,9,0.0,0.925,0,1,normal,0
4.49,tcp,http,SF,248,626,6,8,0.203,0.658,2,1,r2l,1
74.43,icmp,http,RSTR,1043,780,9,7,0.067,0.817,0,1,normal,0
23.84,tcp,dns,SF,502,1002,8,8,0.018,0.934,0,1,normal,0
0.0,tcp,ssh,S0,79,0,487,163,0.885,0.977,0,0,dos,1
3.67,tcp,http,S0,0,2,355,363,0.789,0.961,0,0,dos,1
3.59,icmp,http,SF,841,1399,9,9,0.109,1.0,0,1,normal,0
1.74,tcp,telnet,REJ,31,3,292,187,0.768,0.937,0,0,dos,1
69.98,tcp,pop3,SF,808,1700,5,3,0.0,0.922,0,1,normal,0
93.37,udp,telnet,SF,335,931,1,8,0.046,0.873,0,1,normal,0
53.29,udp,telnet,SF,948,530,9,6,0.079,0.996,0,1,normal,0
29.36,tcp,pop3,SF,766,1223,2,2,0.061,0.957,0,1,normal,0
0.78,udp,ssh,REJ,0,0,86,7,0.502,0.222,0,0,probe,1
0.0,tcp,ssh,S0,0,0,337,395,0.833,0.908,0,0,dos,1
68.5,tcp,http,SF,660,2174,8,7,0.0,0.907,0,1,normal,0
8.34,udp,http,S0,780,933,1,3,0.038,0.968,0,1,normal,0
4.69,tcp,other,S0,32,0,43,1,0.221,0.106,0,0,probe,1
17.66,tcp,ftp,SF,543,1894,6,6,0.108,1.0,0,1,normal,0
49.1,tcp,ftp,SF,0,232,9,8,0.11,1.0,0,1,normal,0
0.0,udp,ssh,SF,813,1576,4,1,0.107,0.827,0,1,normal,0
81.24,tcp,telnet,SF,427,198,5,7,0.024,0.912,0,1,normal,0
90.19,tcp,pop3,SF,0,1056,2,5,0.082,0.836,0,1,normal,0
14.11,tcp,dns,SF,0,602,4,7,0.0,0.611,2,1,r2l,1
60.15,tcp,dns,SF,800,1829,5,4,0.08,1.0,0,1,normal,0
64.0,tcp,dns,SF,793,1433,9,2,0.089,0.925,0,1,normal,0
1.0,tcp,telnet,S0,45,5,465,358,0.88,0.979,0,0,dos,1
57.14,udp,smtp,RSTR,12,851,1,7,0.048,0.859,0,1,normal,0
2.74,udp,ftp,S0,96,0,372,387,0.993,0.896,0,0,dos,1
35.04,tcp,telnet,REJ,433,868,5,1,0.0,0.95,0,1,normal,0
90.12,tcp,dns,SF,49,0,4,8,0.008,0.824,0,1,normal,0
100.18,icmp,telnet,SF,0,596,6,3,0.0,1.0,0,1,normal,0
0.85,tcp,other,S0,57,0,359,388,0.933,0.921,0,0,dos,1
0.51,icmp,ftp,S0,55,5,483,389,0.779,0.978,0,0,dos,1
1.97,tcp,other,S0,65,3,389,139,1.0,0.847,0,0,dos,1
49.29,tcp,smtp,SF,147,856,2,1,0.056,0.972,0,1,normal,0
21.1,tcp,pop3,SF,11,1338,8,2,0.045,0.853,0,1,normal,0
0.13,tcp,other,REJ,63,0,132,138,0.959,0.886,0,0,dos,1
12.04,tcp,ssh,SF,703,894,7,7,0.055,0.688,0,1,normal,0
5.15,tcp,telnet,REJ,52,0,114,194,0.917,1.0,0,0,dos,1
68.96,udp,http,SF,723,1062,2,4,0.0,0.851,0,1,normal,0
45.7,tcp,pop3,SF,435,1630,2,9,0.01,0.964,0,1,normal,0
1.55,tcp,other,RSTR,32,5,152,145,0.907,0.936,0,0,dos,1
0.0,icmp,telnet,SF,183,2035,5,7,0.119,0.826,0,1,normal,0
60.49,icmp,telnet,SF,547,1581,7,6,0.077,0.867,0,1,normal,0
56.33,tcp,other,SF,389,820,6,3,0.0,0.911,0,1,normal,0
4.38,tcp,pop3,S0,19,0,28,2,0.501,0.307,0,0,probe,1
72.4,tcp,dns,RSTO,1251,14,7,2,0.0,0.861,0,1,normal,0
45.37,tcp,telnet,SF,179,915,8,3,0.0,1.0,0,1,normal,0
2.08,tcp,dns,S0,0,6,209,119,0.856,0.934,0,0,dos,1
36.77,tcp,smtp,SF,406,1610,7,1,0.017,0.958,0,1,normal,0
2.18,tcp,dns,S0,20,0,30,14,0.505,0.249,0,0,probe,1
2.86,udp,ssh,S0,8,0,146,424,0.889,0.999,0,0,dos,1
0.0,tcp,pop3,SF,0,1643,3,9,0.049,1.0,0,1,normal,0
0.0,tcp,other,S0,277,274,7,6,0.122,0.49,4,0,r2l,1
134.75,udp,ftp,SF,466,1452,3,9,0.0,0.966,0,1,normal,0
6.49,tcp,ssh,SF,0,633,2,2,0.0,1.0,0,1,normal,0
34.89,tcp,dns,SF,230,1071,5,7,0.041,0.928,0,1,normal,0
27.49,tcp,ssh,SF,426,685,2,8,0.0,0.825,0,1,normal,0
27.0,udp,http,SF,657,612,1,9,0.039,0.835,0,1,normal,0
66.56,tcp,other,SF,498,1434,6,6,0.123,0.972,0,1,normal,0
21.88,tcp,http,RSTO,376,1128,3,1,0.006,0.78,0,1,normal,0
58.59,tcp,ssh,SF,667,1566,7,9,0.0,0.985,0,1,normal,0
113.99,tcp,dns,SF,843,1404,2,5,0.0,0.891,0,1,normal,0
3.65,tcp,telnet,REJ,28,4,479,249,1.0,0.839,0,0,dos,1
37.28,udp,smtp,SF,604,2113,3,1,0.0,0.85,0,1,normal,0
32.68,tcp,ssh,S0,740,1133,5,8,0.008,0.763,0,1,normal,0
41.01,tcp,dns,SF,462,657,7,8,0.038,0.921,0,1,normal,0
35.78,tcp,other,SF,871,800,8,7,0.037,1.0,0,1,normal,0
89.49,tcp,telnet,SF,720,962,9,2,0.032,0.752,0,1,normal,0
60.6,tcp,smtp,SF,297,616,5,3,0.012,0.864,0,1,normal,0
116.13,udp,pop3,SF,0,2510,2,3,0.029,0.919,0,1,normal,0
1.28,tcp,dns,S0,61,5,135,106,0.923,0.934,0,0,dos,1
28.34,tcp,telnet,SF,372,996,7,9,0.0,0.772,0,1,normal,0
0.0,tcp,smtp,SF,665,1529,8,4,0.136,0.958,0,1,normal,0
0.0,tcp,dns,S0,120,0,286,483,0.992,0.956,0,0,dos,1
25.13,tcp,smtp,RSTO,234,558,5,9,0.099,0.94,0,1,normal,0
0.0,tcp,other,SF,1011,664,7,5,0.049,1.0,0,1,normal,0
60.34,tcp,ftp,SF,585,773,4,5,0.018,0.9,0,1,normal,0
74.42,udp,http,SF,670,533,6,1,0.104,1.0,0,1,normal,0
57.95,tcp,ftp,SF,810,1220,4,4,0.01,0.993,0,1,normal,0
40.93,tcp,telnet,SF,295,803,8,9,0.026,0.82,0,1,normal,0
45.64,udp,ssh,SF,652,701,2,5,0.036,0.946,0,1,normal,0
0.0,tcp,pop3,SF,97,0,1,3,0.0,0.824,0,1,u2r,1
8.62,tcp,http,SF,472,513,5,8,0.01,0.73,0,1,normal,0
36.42,tcp,ssh,RSTR,659,2394,8,7,0.034,0.986,0,1,normal,0
15.16,icmp,pop3,SF,262,736,8,5,0.022,0.772,0,1,normal,0
0.78,tcp,ssh,S0,27,0,139,166,0.863,1.0,0,0,dos,1
112.3,tcp,other,SF,438,1665,7,3,0.008,0.902,0,1,normal,0
9.46,udp,smtp,SF,622,1581,1,7,0.081,0.94,0,1,normal,0
0.0,udp,ftp,SF,343,1713,1,1,0.0,0.811,0,1,normal,0
0.0,tcp,other,REJ,64,0,447,136,0.991,0.97,0,0,dos,1
70.17,udp,telnet,SF,417,1561,4,7,0.047,0.92,0,1,normal,0
117.29,tcp,telnet,SF,824,1823,2,5,0.042,0.886,0,1,normal,0
97.2,tcp,ftp,SF,137,852,5,9,0.047,0.835,0,1,normal,0
0.0,tcp,other,SF,1015,516,6,5,0.0,0.984,0,1,normal,0
19.74,tcp,smtp,SF,1149,2086,5,4,0.0,0.979,0,1,normal,0
85.32,tcp,pop3,SF,604,264,9,8,0.024,1.0,0,1,normal,0
0.0,udp,ftp,SF,702,1492,3,3,0.0,0.781,0,1,normal,0
0.0,tcp,dns,S0,0,5,460,465,0.561,0.948,0,0,dos,1
1.26,tcp,http,S0,0,0,97,7,0.49,0.133,0,0,probe,1
167.87,tcp,ftp,SF,657,818,8,4,0.0,0.842,0,1,normal,0
16.56,tcp,pop3,SF,539,636,3,1,0.001,0.849,0,1,normal,0
37.58,tcp,http,SF,0,1928,9,8,0.01,0.968,0,1,normal,0
30.33,udp,ftp,S0,244,957,1,6,0.063,0.849,0,1,normal,0
75.11,tcp,http,SF,104,929,2,7,0.137,0.944,0,1,normal,0
42.91,udp,other,S0,384,1071,6,9,0.052,0.802,0,1,normal,0
7.83,tcp,ftp,S0,4,0,95,8,0.526,0.077,0,0,probe,1
121.65,tcp,telnet,S0,747,1417,7,9,0.061,0.823,0,1,normal,0
2.95,udp,http,S0,56,3,162,324,0.88,1.0,0,0,dos,1
111.36,tcp,smtp,S0,538,1491,9,6,0.067,1.0,0,1,normal,0
72.8,icmp,other,SF,590,772,5,5,0.0,0.862,0,1,normal,0
27.45,tcp,telnet,SF,144,807,8,6,0.0,0.796,0,1,normal,0
28.44,udp,other,SF,0,218,1,5,0.014,1.0,0,1,normal,0
23.25,tcp,dns,RSTO,594,574,1,4,0.0,0.809,0,1,normal,0
115.95,icmp,other,S0,147,857,7,8,0.0,0.812,0,1,normal,0
25.96,udp,ssh,SF,299,2471,8,9,0.029,0.941,0,1,normal,0
88.48,tcp,ftp,REJ,81,863,8,5,0.0,0.971,0,1,normal,0
62.57,tcp,dns,SF,631,466,4,2,0.078,0.744,0,1,normal,0
81.72,tcp,pop3,SF,1100,884,1,9,0.049,0.83,0,1,normal,0
8.75,udp,other,RSTR,871,736,1,3,0.07,0.885,0,1,normal,0
99.75,tcp,ftp,SF,0,1257,2,3,0.098,1.0,0,1,u2r,1
113.64,tcp,ssh,REJ,253,762,4,5,0.008,0.892,0,1,normal,0
25.16,tcp,telnet,SF,659,1532,5,5,0.131,1.0,0,1,normal,0
36.22,tcp,telnet,SF,482,472,9,5,0.0,1.0,0,1,normal,0
85.34,udp,ftp,SF,374,1242,1,3,0.014,0.938,0,1,normal,0
18.93,tcp,pop3,SF,635,708,4,6,0.004,0.775,0,1,normal,0
0.0,icmp,dns,SF,208,685,5,1,0.017,0.935,0,1,normal,0
56.2,tcp,ssh,SF,553,759,7,3,0.0,0.671,0,1,normal,0
54.02,tcp,telnet,SF,516,583,4,5,0.063,0.877,0,1,normal,0
31.71,tcp,other,SF,698,103,8,9,0.072,0.921,0,1,normal,0
5.07,tcp,other,S0,31,0,22,3,0.25,0.177,0,0,probe,1
17.38,tcp,pop3,S0,70,411,9,9,0.107,0.396,4,0,r2l,1
73.37,tcp,ftp,S0,1343,0,6,2,0.0,0.88,0,1,normal,0
104.36,tcp,other,SF,743,757,3,2,0.0,0.89,0,1,normal,0
196.96,tcp,dns,SF,884,1411,9,2,0.09,0.953,0,1,normal,0
90.6,tcp,telnet,SF,0,1982,9,6,0.026,0.953,0,1,normal,0
42.94,tcp,dns,SF,260,331,5,9,0.0,1.0,0,1,normal,0
102.03,tcp,smtp,SF,443,773,1,1,0.003,1.0,0,1,normal,0
65.18,tcp,smtp,SF,431,808,4,8,0.037,0.961,0,1,normal,0
25.44,tcp,other,SF,630,1218,9,7,0.025,1.0,0,1,normal,0
0.0,tcp,telnet,SF,645,1709,1,9,0.007,0.976,0,1,normal,0
111.34,tcp,dns,SF,1073,227,3,3,0.023,0.768,0,1,u2r,1
0.0,icmp,dns,REJ,0,0,28,18,0.667,0.131,0,0,probe,1
64.02,udp,http,SF,493,916,3,2,0.054,0.779,0,1,normal,0
17.52,tcp,ssh,SF,721,796,6,3,0.018,0.896,0,1,normal,0
98.13,tcp,http,SF,319,1859,9,2,0.045,0.87,0,1,normal,0
0.0,icmp,ssh,SF,361,1468,5,8,0.089,0.912,0,1,normal,0
36.47,tcp,ssh,SF,803,904,8,4,0.024,0.817,0,1,normal,0
2.35,udp,http,REJ,0,3,31,8,0.801,0.188,0,0,probe,1
80.58,tcp,ssh,SF,415,1000,4,5,0.0,0.824,0,1,normal,0
21.55,icmp,telnet,SF,1208,298,2,9,0.035,0.967,0,1,normal,0
47.54,tcp,other,SF,330,547,2,1,0.09,0.775,1,1,u2r,1
0.0,tcp,dns,SF,239,643,5,1,0.0,0.98,0,1,normal,0
27.51,tcp,ssh,SF,339,772,7,4,0.011,0.927,0,1,normal,0
0.0,tcp,http,S0,1,6,233,286,0.849,0.966,0,0,dos,1
4.05,udp,pop3,REJ,96,7,202,172,0.952,0.957,0,0,dos,1
19.08,tcp,telnet,SF,38,1258,9,4,0.0,1.0,0,1,normal,0
0.0,tcp,pop3,S0,44,0,437,158,0.736,0.896,0,0,dos,1
3.19,tcp,other,SF,459,1229,4,9,0.052,0.792,0,1,normal,0
147.34,tcp,ftp,SF,648,964,2,3,0.0,0.907,0,1,normal,0
20.85,tcp,telnet,SF,423,1207,3,5,0.0,0.923,0,1,normal,0
0.0,tcp,ssh,REJ,64,9,462,444,0.997,0.875,0,0,dos,1
6.07,tcp,ssh,S0,62,0,114,370,0.894,0.926,0,0,dos,1
78.79,tcp,other,SF,818,1406,2,6,0.04,0.868,0,1,normal,0
82.88,tcp,dns,SF,795,1187,4,3,0.0,0.814,0,1,normal,0
0.0,udp,dns,S0,0,0,220,359,1.0,0.933,0,0,dos,1
37.79,tcp,other,S0,636,0,1,9,0.089,0.946,0,1,normal,0
29.94,tcp,ftp,SF,743,521,8,5,0.031,0.906,0,1,normal,0
0.0,tcp,dns,S0,0,0,429,276,0.809,0.911,0,0,dos,1
97.85,tcp,telnet,RSTO,466,78,9,5,0.0,0.986,0,1,normal,0
98.67,tcp,telnet,REJ,568,745,7,9,0.0,0.905,0,1,normal,0
52.06,tcp,telnet,SF,689,1602,3,3,0.031,0.835,0,1,normal,0
111.1,tcp,http,SF,374,745,2,7,0.0,0.822,0,1,normal,0
1.91,tcp,telnet,S0,31,0,381,212,0.953,0.926,0,0,dos,1
1.68,tcp,pop3,SF,479,1411,1,6,0.0,0.821,0,1,normal,0
40.0,tcp,pop3,RSTR,578,1133,3,4,0.003,0.94,0,1,normal,0
0.0,tcp,ssh,RSTO,768,675,4,9,0.013,0.995,0,1,normal,0
35.97,tcp,telnet,SF,778,1051,7,3,0.025,0.89,0,1,normal,0
107.3,tcp,http,SF,573,0,9,4,0.0,0.829,0,1,normal,0
56.49,tcp,http,SF,140,486,6,8,0.0,1.0,0,1,normal,0
61.33,tcp,ftp,SF,837,1089,9,3,0.122,0.906,0,1,normal,0
12.04,icmp,other,SF,439,275,2,1,0.069,0.81,0,1,normal,0
59.3,tcp,dns,SF,704,0,5,6,0.087,0.821,0,1,normal,0
132.07,tcp,dns,SF,292,594,4,7,0.019,0.852,0,1,normal,0
0.0,tcp,http,SF,577,238,5,1,0.057,1.0,0,1,normal,0
50.99,icmp,ssh,S0,711,1361,1,3,0.0,0.939,0,1,normal,0
49.67,tcp,http,SF,282,659,4,4,0.171,1.0,0,1,normal,0
44.79,tcp,ssh,SF,444,716,3,4,0.0,0.904,0,1,normal,0
127.61,tcp,dns,SF,821,546,8,7,0.075,0.994,0,1,normal,0
0.86,tcp,telnet,S0,107,0,166,255,1.0,0.978,0,0,dos,1
107.56,udp,other,SF,1028,1241,7,9,0.0,0.77,0,1,normal,0
0.0,tcp,ssh,S0,86,0,191,373,0.89,0.858,0,0,dos,1
0.0,tcp,dns,S0,0,0,493,151,0.878,0.952,0,0,dos,1
41.15,tcp,telnet,SF,710,1472,5,3,0.081,0.869,0,1,normal,0
83.67,tcp,http,SF,287,349,1,9,0.093,1.0,0,1,normal,0
43.58,tcp,other,SF,305,592,6,6,0.0,0.922,0,1,normal,0
134.74,tcp,other,SF,589,832,3,2,0.019,0.869,0,1,normal,0
23.85,tcp,other,RSTR,612,1623,8,3,0.092,0.942,0,1,normal,0
74.62,udp,pop3,SF,342,1530,8,1,0.015,0.945,0,1,normal,0
0.0,udp,smtp,RSTR,89,1,309,421,1.0,1.0,0,0,dos,1
77.95,tcp,pop3,SF,787,948,9,7,0.0,0.941,0,1,normal,0
0.0,tcp,pop3,RSTR,19,0,204,264,0.988,0.912,0,0,dos,1
1.53,tcp,pop3,S0,127,0,175,404,0.793,0.864,0,0,dos,1
0.0,tcp,smtp,SF,648,1058,6,6,0.011,0.909,0,1,normal,0
0.75,icmp,http,S0,18,1,90,12,0.333,0.271,0,0,probe,1
259.97,tcp,ssh,SF,930,189,1,4,0.113,0.867,0,1,u2r,1
29.7,udp,telnet,SF,830,506,8,6,0.005,0.724,0,1,normal,0
72.37,tcp,ftp,REJ,384,976,2,5,0.044,1.0,0,1,normal,0
75.33,tcp,ftp,RSTO,453,1377,8,5,0.0,0.842,0,1,normal,0
124.24,tcp,other,SF,117,1692,4,3,0.079,0.727,0,1,normal,0
54.08,udp,pop3,RSTR,770,1156,5,9,0.027,1.0,0,1,normal,0
50.19,udp,dns,SF,406,257,5,5,0.083,1.0,0,1,normal,0
25.25,tcp,ssh,SF,935,175,4,1,0.094,0.973,0,1,normal,0
4.6,udp,pop3,RSTR,26,0,198,335,0.865,0.939,0,0,dos,1
28.12,tcp,pop3,SF,886,1245,5,5,0.118,0.653,0,1,normal,0
69.78,tcp,ftp,SF,440,655,2,1,0.075,1.0,0,1,normal,0
0.0,tcp,ssh,SF,295,620,9,1,0.074,0.897,0,1,normal,0
0.29,udp,ftp,S0,111,0,236,496,1.0,0.911,0,0,dos,1
8.96,udp,telnet,SF,335,591,8,4,0.0,1.0,0,1,normal,0
119.09,tcp,other,SF,367,1622,2,7,0.009,0.857,0,1,normal,0
52.77,tcp,ftp,SF,332,942,5,5,0.039,0.878,0,1,normal,0
0.0,udp,ftp,SF,685,824,2,8,0.0,0.778,0,1,normal,0
1.29,tcp,pop3,S0,100,0,138,334,0.881,1.0,0,0,dos,1
38.26,tcp,ftp,SF,389,1288,4,4,0.097,0.909,0,1,normal,0
49.11,tcp,other,SF,929,1494,7,2,0.0,0.896,0,1,normal,0
6.74,tcp,other,SF,274,264,5,5,0.0,0.775,0,1,normal,0
0.5,udp,pop3,RSTR,53,0,414,457,0.769,0.927,0,0,dos,1
2.64,tcp,other,S0,116,4,329,205,0.957,0.887,0,0,dos,1
40.95,tcp,smtp,SF,371,1051,2,8,0.034,0.895,0,1,normal,0
2.94,udp,telnet,S0,46,0,118,138,0.853,0.973,0,0,dos,1
48.96,tcp,pop3,SF,682,498,4,8,0.0,0.975,0,1,normal,0
0.0,tcp,pop3,REJ,10,8,210,229,0.851,0.967,0,0,dos,1
0.14,tcp,telnet,S0,99,1,341,184,0.995,0.995,0,0,dos,1
107.95,udp,pop3,SF,609,1683,1,1,0.041,0.868,0,1,normal,0
68.17,tcp,ssh,SF,200,1089,1,9,0.036,0.97,0,1,normal,0
37.65,tcp,telnet,SF,459,730,5,5,0.047,0.945,0,1,normal,0
102.62,tcp,ssh,SF,546,1934,3,8,0.0,0.864,0,1,normal,0
37.63,tcp,dns,REJ,206,380,7,4,0.0,0.984,0,1,normal,0
0.0,icmp,other,SF,442,1272,6,8,0.021,0.916,0,1,normal,0
26.56,tcp,smtp,SF,270,1530,3,1,0.0,0.686,0,1,normal,0
40.19,tcp,telnet,SF,769,1129,6,7,0.0,0.845,0,1,normal,0
69.45,tcp,http,SF,114,1396,1,9,0.0,0.88,0,1,normal,0
62.42,tcp,other,SF,583,1149,5,4,0.037,0.929,0,1,normal,0
10.62,tcp,ftp,SF,643,576,3,7,0.0,0.818,0,1,normal,0
48.74,udp,telnet,REJ,672,1423,8,6,0.0,0.731,0,1,normal,0
0.33,tcp,other,S0,74,3,104,469,1.0,0.891,0,0,dos,1
3.76,udp,telnet,SF,154,11,1,4,0.117,0.986,3,1,r2l,1
107.39,tcp,dns,RSTR,471,115,9,6,0.095,0.95,0,1,normal,0
70.89,tcp,pop3,SF,210,1669,1,8,0.003,0.877,0,1,normal,0
126.11,tcp,pop3,SF,740,1051,1,8,0.081,0.837,0,1,normal,0
65.13,tcp,telnet,S0,244,225,12,3,0.0,0.476,3,0,r2l,1
29.04,tcp,dns,SF,416,856,2,8,0.0,0.93,0,1,normal,0
0.0,udp,smtp,S0,0,1,463,163,0.777,0.884,0,0,dos,1
66.7,udp,ssh,RSTR,547,1512,7,3,0.09,1.0,0,1,normal,0
54.66,tcp,smtp,SF,514,1449,3,3,0.0,0.893,0,1,normal,0
41.37,icmp,smtp,SF,382,1643,7,2,0.0,0.96,0,1,normal,0
2.54,tcp,ftp,S0,78,0,377,147,0.763,0.958,0,0,dos,1
2.71,tcp,smtp,RSTR,68,2,495,109,0.869,0.982,0,0,dos,1
16.82,tcp,smtp,SF,371,1246,5,3,0.054,0.744,0,1,normal,0
79.01,tcp,other,REJ,0,1653,3,2,0.0,0.995,0,1,normal,0
30.48,tcp,other,SF,412,1449,2,6,0.007,1.0,0,1,normal,0
37.72,tcp,dns,S0,397,221,6,2,0.1,0.532,1,0,r2l,1
27.56,tcp,pop3,RSTR,1239,1179,5,1,0.001,0.713,0,1,normal,0
2.06,tcp,telnet,RSTR,69,2,498,259,0.87,0.95,0,0,dos,1
50.29,tcp,telnet,SF,139,1583,1,5,0.045,0.674,0,1,normal,0
16.17,tcp,ftp,SF,502,799,3,9,0.0,0.803,0,1,normal,0
67.98,udp,ftp,SF,1218,1019,1,3,0.072,0.824,0,1,normal,0
16.14,udp,telnet,S0,596,665,5,2,0.054,0.898,0,1,normal,0
2.14,tcp,pop3,S0,44,0,193,464,1.0,0.996,0,0,dos,1
4.29,tcp,http,REJ,33,0,99,16,0.717,0.384,0,0,probe,1
0.0,tcp,telnet,REJ,0,0,369,224,0.899,0.98,0,0,dos,1
45.89,tcp,ssh,REJ,252,733,4,6,0.066,0.817,0,1,normal,0
2.42,tcp,other,S0,45,0,420,347,0.896,0.904,0,0,dos,1
74.45,tcp,dns,SF,184,1593,5,8,0.045,0.89,0,1,normal,0
83.62,udp,smtp,SF,952,1350,5,7,0.051,0.905,0,1,normal,0
109.89,tcp,telnet,SF,785,1679,3,6,0.0,0.911,0,1,normal,0
45.44,tcp,other,SF,580,1336,8,2,0.002,0.768,0,1,normal,0
38.35,udp,http,SF,0,1428,7,2,0.039,1.0,0,1,normal,0
95.03,tcp,ssh,SF,220,291,2,6,0.0,0.886,0,1,normal,0
15.83,tcp,other,SF,363,1540,2,5,0.036,0.924,0,1,normal,0
57.15,icmp,telnet,SF,445,836,7,7,0.0,0.899,0,1,normal,0
57.82,tcp,other,REJ,445,1454,4,7,0.0,0.858,0,1,normal,0
66.24,tcp,ssh,RSTO,418,1536,8,6,0.046,0.905,0,1,normal,0
3.01,tcp,other,REJ,46,0,124,237,0.81,0.952,0,0,dos,1
3.43,tcp,pop3,S0,641,1612,4,6,0.021,0.807,0,1,normal,0
44.93,udp,ftp,REJ,504,440,1,7,0.01,0.628,0,1,normal,0
1.32,udp,http,S0,27,0,447,179,0.846,1.0,0,0,dos,1
6.63,tcp,ftp,SF,41,1,90,8,0.545,0.119,0,0,probe,1
3.93,tcp,http,REJ,2,1,65,3,0.467,0.012,0,0,probe,1
0.18,tcp,ssh,S0,45,5,194,330,0.893,0.91,0,0,dos,1
96.65,udp,dns,SF,817,56,4,1,0.0,0.901,1,1,u2r,1
52.29,tcp,other,SF,368,761,1,7,0.0,0.926,0,1,normal,0
17.15,tcp,other,SF,383,529,5,7,0.143,0.733,2,1,r2l,1
4.72,tcp,other,REJ,21,0,50,15,0.69,0.064,0,0,probe,1
0.0,udp,other,SF,362,1342,6,1,0.042,0.945,0,1,normal,0
2.16,tcp,dns,S0,6,8,240,430,0.772,0.872,0,0,dos,1
0.0,udp,ftp,S0,16,0,269,297,0.867,0.978,0,0,dos,1
1.91,udp,ftp,S0,75,2,105,162,0.971,0.923,0,0,dos,1
1.18,icmp,ftp,REJ,28,1,97,17,0.541,0.006,0,0,probe,1
28.12,icmp,telnet,SF,96,1680,6,8,0.094,0.904,0,1,normal,0
92.4,tcp,ftp,SF,739,1352,3,8,0.0,0.86,0,1,normal,0
46.76,tcp,ftp,SF,515,1938,7,9,0.0,1.0,0,1,normal,0
4.79,udp,smtp,S0,21,1,233,494,0.793,0.891,0,0,dos,1
1.01,udp,telnet,S0,82,0,283,309,0.887,0.979,0,0,dos,1
0.0,tcp,ftp,S0,36,1,368,247,0.909,0.94,0,0,dos,1
2.43,tcp,dns,S0,2,0,340,240,0.893,0.856,0,0,dos,1
38.79,tcp,dns,SF,201,395,1,4,0.106,0.701,2,0,r2l,1
58.63,tcp,ftp,RSTO,121,1156,1,1,0.03,0.954,0,1,normal,0
17.56,tcp,other,SF,370,591,1,3,0.192,0.722,4,0,r2l,1
84.55,udp,pop3,SF,611,1340,5,6,0.006,0.902,0,1,normal,0
95.68,tcp,telnet,SF,989,1094,4,9,0.0,0.814,0,1,normal,0
34.73,tcp,other,SF,480,904,3,8,0.026,1.0,0,1,normal,0
5.84,tcp,dns,SF,769,1098,9,6,0.03,0.94,0,1,normal,0
60.79,tcp,pop3,SF,648,1177,4,4,0.024,1.0,0,1,normal,0
30.06,tcp,telnet,SF,439,753,8,2,0.089,0.853,0,1,normal,0
7.79,tcp,smtp,SF,701,858,2,2,0.033,1.0,0,1,normal,0
1.57,udp,pop3,S0,64,0,314,232,0.918,0.978,0,0,dos,1
0.0,tcp,http,REJ,731,1739,1,7,0.101,0.939,0,1,normal,0
41.23,icmp,dns,SF,0,865,6,8,0.021,1.0,0,1,normal,0
74.61,tcp,other,SF,532,897,7,6,0.0,0.927,0,1,normal,0
53.09,tcp,ssh,SF,113,1237,4,7,0.0,0.934,0,1,normal,0
104.03,tcp,pop3,SF,555,429,2,2,0.036,0.847,0,1,normal,0
73.23,udp,http,SF,821,994,8,6,0.036,0.835,0,1,normal,0
1.73,tcp,ftp,S0,62,0,498,365,0.965,1.0,0,0,dos,1
40.46,udp,telnet,SF,786,506,2,1,0.049,0.876,0,1,normal,0
0.81,tcp,ftp,RSTR,106,0,186,347,0.592,1.0,0,0,dos,1
29.79,icmp,smtp,SF,716,1180,8,2,0.016,0.917,0,1,normal,0
0.75,tcp,ftp,RSTR,14,0,422,164,0.869,0.891,0,0,dos,1
4.09,udp,other,SF,227,497,9,7,0.082,0.239,1,0,r2l,1
94.95,tcp,telnet,S0,0,954,4,8,0.0,1.0,0,1,normal,0
39.69,tcp,ssh,SF,869,1408,9,2,0.033,0.912,0,1,normal,0
85.95,udp,dns,SF,456,2219,2,8,0.034,0.862,0,1,normal,0
0.0,tcp,pop3,SF,524,968,6,7,0.0,0.729,0,1,normal,0
47.71,tcp,dns,SF,485,1516,8,7,0.004,0.68,0,1,normal,0
102.82,tcp,pop3,SF,582,322,7,3,0.0,0.783,0,1,normal,0
4.9,tcp,other,REJ,25,2,85,17,0.569,0.26,0,0,probe,1
15.99,tcp,ssh,SF,406,360,4,9,0.102,0.525,4,1,r2l,1
32.07,tcp,dns,SF,461,1331,7,6,0.0,0.99,0,1,normal,0
0.0,icmp,pop3,SF,416,1838,4,2,0.041,0.98,0,1,normal,0
104.43,tcp,telnet,SF,334,640,2,1,0.058,0.89,0,1,normal,0
15.7,tcp,http,SF,677,1023,3,6,0.09,1.0,0,1,normal,0
0.0,udp,telnet,S0,35,0,157,394,0.907,0.905,0,0,dos,1
67.67,tcp,other,SF,530,1652,9,2,0.002,0.952,0,1,normal,0
11.23,tcp,pop3,SF,526,840,2,9,0.032,0.937,0,1,normal,0
115.37,tcp,http,SF,358,0,6,4,0.0,0.948,0,1,normal,0
94.24,tcp,telnet,REJ,362,1767,8,9,0.016,0.878,0,1,normal,0
5.05,tcp,http,SF,675,1206,4,7,0.019,1.0,0,1,normal,0
48.75,tcp,ftp,SF,288,932,7,4,0.025,0.797,0,1,normal,0
100.11,tcp,smtp,SF,586,782,1,4,0.047,0.987,0,1,normal,0
107.93,tcp,dns,SF,649,1088,7,3,0.054,1.0,0,1,normal,0
1.56,tcp,ssh,S0,40,0,344,273,0.957,0.906,0,0,dos,1
56.64,udp,telnet,SF,440,958,5,5,0.035,0.848,0,1,normal,0
0.23,tcp,telnet,S0,85,7,308,212,0.733,0.869,0,0,dos,1
35.62,tcp,http,SF,351,1192,1,6,0.15,0.793,0,1,normal,0
114.63,udp,ssh,RSTR,482,1484,1,8,0.063,0.775,0,1,normal,0
0.0,udp,ftp,RSTR,96,2,278,495,0.707,0.883,0,0,dos,1
58.85,tcp,telnet,SF,939,1238,1,1,0.0,0.842,0,1,normal,0
75.13,tcp,pop3,SF,878,1243,8,9,0.052,0.891,0,1,normal,0
25.85,tcp,other,SF,990,1982,9,3,0.0,0.818,0,1,normal,0
0.46,tcp,dns,S0,26,0,164,494,0.794,0.942,0,0,dos,1
5.09,udp,smtp,S0,15,4,92,17,0.457,0.193,0,0,probe,1
41.13,tcp,other,SF,270,1286,4,9,0.0,1.0,0,1,normal,0
69.21,tcp,other,SF,506,672,3,2,0.0,0.842,0,1,normal,0
50.3,icmp,ssh,SF,259,1596,7,5,0.091,0.846,0,1,normal,0
34.83,icmp,ftp,SF,355,1839,9,5,0.0,0.901,0,1,normal,0
119.61,tcp,ftp,SF,0,1981,9,7,0.073,1.0,0,1,normal,0
3.69,tcp,pop3,S0,186,1485,8,1,0.003,0.989,0,1,normal,0
5.94,tcp,smtp,S0,0,7,242,153,0.805,0.973,0,0,dos,1
66.29,tcp,smtp,SF,443,840,6,1,0.051,0.869,0,1,normal,0
0.0,icmp,pop3,S0,48,1,114,138,0.959,0.936,0,0,dos,1
3.29,udp,telnet,S0,32,0,183,444,1.0,0.905,0,0,dos,1
3.94,udp,dns,S0,62,0,127,187,0.86,0.978,0,0,dos,1
53.72,tcp,ftp,SF,592,0,8,7,0.0,0.941,0,1,normal,0
70.02,tcp,ftp,SF,758,683,8,9,0.0,0.967,0,1,normal,0
68.97,icmp,smtp,SF,768,1000,8,4,0.0,0.878,0,1,normal,0
58.92,tcp,telnet,SF,785,317,8,7,0.121,0.881,0,1,normal,0
51.28,udp,http,SF,995,1514,1,3,0.009,1.0,0,1,normal,0
0.0,udp,http,SF,32,1682,5,9,0.007,0.937,0,1,normal,0
25.9,tcp,smtp,REJ,679,385,8,2,0.041,0.936,0,1,normal,0
114.32,udp,dns,SF,518,1361,2,9,0.031,0.755,0,1,normal,0
2.21,tcp,http,SF,28,0,97,12,0.265,0.056,0,0,probe,1
0.0,tcp,http,S0,14,0,358,144,0.931,0.887,0,0,dos,1
0.0,udp,ftp,S0,338,1135,8,9,0.042,0.895,0,1,normal,0
6.41,tcp,ftp,S0,5,0,96,18,0.866,0.369,0,0,probe,1
68.23,tcp,other,S0,243,393,2,3,0.019,0.89,0,1,normal,0
57.91,udp,smtp,SF,958,522,5,6,0.0,0.862,0,1,normal,0
2.54,tcp,other,S0,20,0,173,497,0.86,0.938,0,0,dos,1
117.26,tcp,smtp,SF,720,735,4,3,0.07,0.76,0,1,normal,0
16.29,tcp,dns,SF,370,1232,2,6,0.0,0.97,0,1,normal,0
13.98,udp,http,SF,743,1800,3,4,0.0,0.956,0,1,normal,0
0.0,icmp,other,SF,563,1941,6,2,0.0,0.654,0,1,normal,0
14.31,tcp,dns,SF,758,1185,8,1,0.0,0.944,0,1,normal,0
83.95,tcp,http,SF,432,822,9,7,0.046,1.0,0,1,normal,0
65.99,tcp,telnet,SF,117,624,6,7,0.0,0.831,0,1,normal,0
75.06,tcp,smtp,SF,677,1471,5,3,0.0,0.97,0,1,normal,0
62.57,tcp,http,SF,359,348,3,4,0.071,0.938,0,1,normal,0
45.18,icmp,pop3,SF,517,1217,1,4,0.018,0.977,0,1,normal,0
1.39,udp,pop3,S0,52,0,235,233,0.937,0.911,0,0,dos,1
0.85,tcp,smtp,RSTR,78,0,154,497,0.965,0.953,0,0,dos,1
72.33,tcp,pop3,SF,747,248,9,3,0.0,0.913,0,1,normal,0
0.0,tcp,telnet,S0,81,0,113,377,0.998,0.916,0,0,dos,1
63.12,tcp,smtp,SF,604,1189,4,2,0.015,1.0,0,1,normal,0
70.77,tcp,pop3,SF,445,786,3,8,0.069,0.753,0,1,normal,0
27.19,tcp,http,SF,246,1640,8,7,0.05,0.872,0,1,normal,0
53.74,tcp,ssh,SF,402,801,7,4,0.0,0.713,0,1,normal,0
3.97,tcp,other,S0,10,0,261,163,0.895,0.938,0,0,dos,1
19.2,tcp,other,SF,191,343,5,7,0.0,0.729,1,0,r2l,1
56.31,tcp,smtp,SF,83,1319,1,8,0.023,0.96,0,1,normal,0
22.7,tcp,dns,S0,1054,1037,8,5,0.034,1.0,0,1,normal,0
34.12,tcp,other,SF,133,700,6,8,0.069,0.902,0,1,normal,0
109.76,tcp,smtp,REJ,549,869,9,3,0.0,1.0,0,1,normal,0
16.56,udp,ftp,SF,628,1147,4,9,0.0,1.0,0,1,normal,0
28.14,tcp,other,SF,344,12,10,7,0.125,0.213,3,0,r2l,1
1.19,tcp,other,S0,68,1,420,106,0.86,0.956,0,0,dos,1
21.46,tcp,http,SF,351,227,1,3,0.223,0.657,1,0,r2l,1
61.58,udp,ftp,SF,0,1057,5,4,0.0,0.785,0,1,normal,0
44.23,tcp,ssh,SF,430,530,3,3,0.0,0.954,0,1,normal,0
76.68,tcp,smtp,SF,481,1586,5,7,0.02,0.752,0,1,normal,0
3.18,icmp,http,S0,5,0,95,12,0.525,0.157,0,0,probe,1
11.06,tcp,pop3,REJ,1036,1996,3,5,0.014,0.846,0,1,normal,0
34.54,udp,ftp,SF,648,1923,6,7,0.0,0.856,0,1,normal,0
65.3,tcp,pop3,SF,1347,1365,5,9,0.0,1.0,0,1,normal,0
1.2,udp,other,S0,31,1,157,426,0.769,0.971,0,0,dos,1
0.0,tcp,smtp,S0,24,0,456,506,0.866,0.977,0,0,dos,1
73.33,tcp,http,SF,342,545,4,6,0.044,1.0,0,1,normal,0
84.34,udp,smtp,SF,0,642,5,2,0.001,0.821,0,1,normal,0
1.91,tcp,ssh,S0,49,5,120,107,0.858,0.927,0,0,dos,1
86.52,tcp,ssh,SF,267,0,7,3,0.0,0.735,0,1,normal,0
99.28,tcp,smtp,REJ,343,950,8,8,0.023,1.0,0,1,normal,0
53.25,udp,ssh,SF,722,1785,3,1,0.03,0.9,0,1,normal,0
38.61,tcp,http,S0,612,1863,7,2,0.0,0.9,0,1,normal,0
72.58,tcp,smtp,SF,636,1848,4,9,0.0,0.934,0,1,normal,0
19.33,tcp,telnet,SF,173,629,13,6,0.14,0.502,4,0,r2l,1
92.38,tcp,dns,S0,562,532,7,9,0.04,1.0,0,1,normal,0
84.75,udp,dns,SF,742,675,2,1,0.09,0.753,0,1,normal,0
1.51,udp,other,REJ,520,1728,7,2,0.009,0.805,0,1,normal,0
24.35,tcp,other,SF,38,1868,6,6,0.0,0.858,0,1,normal,0
13.65,tcp,dns,SF,710,0,6,3,0.066,0.883,0,1,normal,0
25.1,tcp,dns,SF,889,253,6,6,0.017,0.909,0,1,normal,0
5.62,tcp,ssh,SF,60,588,4,2,0.0,0.873,0,1,normal,0
0.0,tcp,http,SF,243,237,1,9,0.063,0.821,0,1,normal,0
1.8,tcp,smtp,RSTR,94,0,142,473,0.866,0.872,0,0,dos,1
101.6,tcp,http,SF,755,314,6,3,0.016,0.738,0,1,normal,0
6.81,tcp,ssh,SF,893,1137,5,9,0.051,1.0,0,1,normal,0
79.56,tcp,smtp,SF,0,1512,8,4,0.004,0.891,0,1,normal,0
52.1,tcp,http,SF,964,1320,2,5,0.044,0.693,0,1,normal,0
50.61,tcp,telnet,SF,29,2147,3,5,0.0,0.911,0,1,normal,0
1.65,tcp,dns,REJ,0,0,48,6,0.558,0.257,0,0,probe,1
64.11,tcp,http,SF,247,1098,4,6,0.075,1.0,0,1,normal,0
0.0,tcp,telnet,S0,20,2,358,326,0.847,0.951,0,0,dos,1
24.25,tcp,ssh,SF,439,1420,6,7,0.0,0.972,0,1,normal,0
0.0,tcp,smtp,REJ,33,0,222,296,0.793,0.904,0,0,dos,1
13.24,tcp,other,S0,429,1330,3,9,0.0,0.747,0,1,normal,0
66.5,tcp,other,SF,262,1759,4,7,0.011,1.0,0,1,normal,0
23.27,tcp,dns,SF,551,652,6,4,0.018,0.919,0,1,normal,0
72.97,tcp,dns,RSTO,765,741,1,5,0.0,0.984,0,1,normal,0
2.97,tcp,ssh,S0,16,0,98,11,0.772,0.526,0,0,probe,1
0.67,tcp,smtp,S0,43,5,490,243,0.821,0.933,0,0,dos,1
4.09,tcp,other,SF,122,548,4,7,0.0,0.857,0,1,normal,0
0.0,tcp,smtp,SF,597,895,4,2,0.01,0.894,0,1,normal,0
26.12,udp,http,SF,422,693,9,1,0.001,0.895,0,1,normal,0
24.71,tcp,pop3,SF,74,1466,4,1,0.003,0.922,0,1,normal,0
0.91,tcp,ssh,REJ,22,4,353,334,0.953,1.0,0,0,dos,1
0.0,tcp,ftp,SF,517,2002,5,5,0.059,1.0,0,1,normal,0
0.0,tcp,http,S0,98,0,226,334,0.916,0.935,0,0,dos,1
82.62,tcp,pop3,SF,932,1031,9,6,0.058,0.785,0,1,normal,0
31.47,tcp,smtp,SF,80,419,13,9,0.194,0.634,4,0,r2l,1
43.44,udp,ftp,SF,268,1153,9,7,0.004,0.924,0,1,normal,0
34.36,udp,http,SF,0,1442,3,9,0.02,1.0,0,1,normal,0
0.02,udp,dns,S0,25,0,81,7,0.498,0.205,0,0,probe,1
11.11,tcp,pop3,SF,515,1188,6,3,0.048,0.737,0,1,normal,0
8.51,udp,pop3,SF,0,652,2,3,0.0,0.845,0,1,normal,0
35.01,tcp,http,SF,578,562,2,4,0.0,0.958,0,1,normal,0
29.31,udp,pop3,S0,665,623,1,9,0.056,0.997,0,1,normal,0
4.07,tcp,ssh,REJ,0,0,84,5,0.399,0.0,0,0,probe,1
5.7,tcp,http,REJ,58,5,160,291,0.789,0.925,0,0,dos,1
77.16,tcp,ssh,SF,139,791,7,2,0.003,0.948,0,1,normal,0
25.11,tcp,pop3,SF,189,329,9,6,0.212,0.709,2,0,r2l,1
109.69,tcp,smtp,SF,186,1335,3,1,0.018,0.835,0,1,normal,0
0.16,tcp,telnet,REJ,33,2,173,495,0.858,1.0,0,0,dos,1
0.0,udp,http,S0,1045,1580,7,3,0.014,0.709,0,1,normal,0
43.15,tcp,pop3,SF,660,1880,2,8,0.093,0.817,0,1,normal,0
49.49,tcp,dns,SF,249,770,5,1,0.003,0.87,0,1,normal,0
12.03,udp,ftp,SF,1283,943,6,6,0.0,0.844,0,1,normal,0
2.01,tcp,http,REJ,61,2,483,147,0.669,0.968,0,0,dos,1
70.38,udp,telnet,SF,748,940,3,3,0.0,0.874,0,1,normal,0
90.64,tcp,smtp,SF,419,1056,2,9,0.0,1.0,0,1,normal,0
63.78,tcp,http,SF,933,548,5,1,0.017,0.854,0,1,normal,0
0.0,tcp,http,SF,372,650,2,1,0.051,1.0,0,1,normal,0
85.35,udp,dns,SF,78,1448,9,6,0.0,0.896,0,1,normal,0
50.54,tcp,other,SF,96,768,9,9,0.113,0.973,0,1,normal,0
0.63,tcp,pop3,REJ,45,0,54,7,0.222,0.265,0,0,probe,1
26.76,icmp,other,SF,409,503,9,8,0.086,0.858,0,1,normal,0
10.93,udp,ftp,S0,504,381,4,8,0.118,0.516,1,1,r2l,1
0.09,tcp,other,REJ,18,0,283,496,0.931,0.923,0,0,dos,1
63.9,tcp,http,REJ,0,1456,5,6,0.082,0.826,0,1,normal,0
42.71,tcp,ftp,REJ,622,630,3,4,0.0,1.0,0,1,normal,0
2.74,tcp,pop3,S0,0,0,393,142,1.0,0.985,0,0,dos,1
0.0,udp,pop3,S0,35,0,107,327,1.0,0.979,0,0,dos,1
9.42,tcp,pop3,SF,627,0,3,3,0.0,0.869,0,1,normal,0
110.16,tcp,ftp,SF,1458,150,3,2,0.043,0.842,0,1,u2r,1
4.47,udp,telnet,S0,40,1,97,8,0.505,0.147,0,0,probe,1
88.29,udp,other,SF,92,1632,8,3,0.059,0.716,0,1,normal,0
1.61,icmp,http,S0,12,0,343,329,0.913,0.982,0,0,dos,1
20.32,icmp,ssh,SF,518,904,2,5,0.0,0.836,0,1,normal,0
0.24,udp,dns,RSTR,42,0,393,399,0.92,0.935,0,0,dos,1
1.68,tcp,smtp,REJ,56,0,468,178,0.942,0.906,0,0,dos,1
66.52,tcp,other,SF,153,183,3,6,0.021,1.0,0,1,normal,0
40.13,udp,dns,SF,234,1383,4,9,0.069,0.971,0,1,normal,0
0.0,tcp,smtp,SF,1032,954,9,2,0.0,0.933,0,1,normal,0
0.0,tcp,smtp,REJ,21,2,88,12,0.684,0.149,0,0,probe,1
1.1,udp,telnet,RSTR,649,933,9,1,0.034,0.952,0,1,normal,0
0.0,tcp,other,S0,12,0,37,7,0.597,0.301,0,0,probe,1
0.34,udp,smtp,SF,194,792,2,1,0.022,0.932,0,1,normal,0
50.79,udp,telnet,SF,582,783,8,5,0.0,1.0,0,1,normal,0
5.14,udp,pop3,S0,23,0,45,16,0.629,0.422,0,0,probe,1
66.08,tcp,ftp,SF,212,867,9,4,0.041,0.901,0,1,normal,0
29.13,tcp,pop3,SF,576,712,2,2,0.064,0.777,0,1,normal,0
68.79,udp,pop3,SF,746,977,9,2,0.0,0.982,0,1,normal,0
64.32,tcp,ssh,SF,189,842,8,2,0.0,0.794,0,1,normal,0
116.05,tcp,pop3,SF,734,1492,6,9,0.076,0.931,0,1,normal,0
11.3,tcp,other,REJ,632,1179,8,5,0.0,0.602,0,1,normal,0
68.92,udp,dns,SF,816,523,2,7,0.028,0.757,0,1,normal,0
73.0,tcp,ssh,SF,0,1189,3,4,0.0,0.81,0,1,normal,0
103.51,tcp,other,SF,771,1236,5,9,0.064,0.959,0,1,normal,0
0.0,tcp,dns,SF,352,1327,7,5,0.0,0.99,0,1,normal,0
63.43,icmp,ssh,SF,256,197,7,2,0.059,0.864,0,1,normal,0
145.11,udp,telnet,SF,452,735,1,1,0.0,1.0,0,1,u2r,1
83.86,tcp,other,REJ,168,1359,1,9,0.014,0.846,0,1,normal,0
34.47,udp,smtp,SF,833,1686,5,6,0.011,0.806,0,1,normal,0
127.06,tcp,telnet,SF,843,494,4,3,0.0,0.971,0,1,normal,0
0.27,tcp,ssh,S0,18,0,42,3,0.363,0.215,0,0,probe,1
2.66,tcp,smtp,S0,12,0,449,452,0.831,0.886,0,0,dos,1
0.68,tcp,ssh,RSTR,82,0,332,476,1.0,0.994,0,0,dos,1
2.77,udp,pop3,S0,21,0,49,2,0.661,0.333,0,0,probe,1
117.1,tcp,dns,SF,448,1275,2,3,0.056,0.749,0,1,normal,0
50.52,udp,http,SF,819,467,2,2,0.0,1.0,0,1,u2r,1
0.0,tcp,telnet,SF,191,957,2,7,0.025,0.928,0,1,normal,0
0.0,tcp,ssh,S0,19,6,486,219,0.928,0.979,0,0,dos,1
1.84,udp,smtp,S0,30,0,486,407,0.91,0.877,0,0,dos,1
0.0,udp,smtp,SF,10,2,84,17,0.243,0.0,0,0,probe,1
123.17,tcp,ftp,SF,127,718,7,4,0.0,0.902,0,1,normal,0
0.0,tcp,telnet,RSTR,0,2,335,444,0.958,0.971,0,0,dos,1
85.21,tcp,other,SF,283,1137,2,7,0.03,1.0,0,1,normal,0
0.0,tcp,ftp,SF,386,1075,5,7,0.042,0.709,0,1,normal,0
17.83,tcp,other,SF,702,1329,3,9,0.087,0.983,0,1,normal,0
49.23,tcp,dns,SF,325,2227,7,5,0.016,0.865,0,1,normal,0
0.0,tcp,telnet,SF,675,679,8,3,0.0,0.801,0,1,normal,0
55.61,tcp,dns,SF,337,1219,5,9,0.024,0.913,0,1,normal,0
0.0,icmp,ssh,SF,1191,1063,1,6,0.033,0.942,0,1,normal,0
43.41,icmp,dns,S0,0,729,2,1,0.0,0.85,0,1,normal,0
61.93,tcp,http,SF,88,0,1,7,0.0,0.889,0,1,normal,0
64.9,tcp,ftp,SF,388,1917,6,5,0.0,0.877,0,1,normal,0
0.0,udp,smtp,RSTR,18,3,373,371,0.931,0.997,0,0,dos,1
124.66,tcp,other,SF,7,818,4,8,0.0,1.0,0,1,normal,0
1.66,tcp,smtp,S0,43,4,122,483,0.9,0.983,0,0,dos,1
0.0,icmp,pop3,SF,645,1154,9,5,0.02,1.0,0,1,normal,0
7.7,udp,ssh,SF,378,1320,1,7,0.063,0.886,0,1,normal,0
97.91,tcp,ssh,RSTO,438,285,7,6,0.108,0.866,0,1,normal,0
40.73,tcp,ssh,SF,363,1854,2,9,0.0,0.978,0,1,normal,0
11.59,udp,smtp,RSTR,360,1639,4,2,0.047,0.872,0,1,normal,0
22.47,udp,smtp,SF,352,2005,2,9,0.028,0.898,0,1,normal,0
82.69,tcp,smtp,SF,902,852,2,4,0.0,0.91,0,1,normal,0
0.0,tcp,dns,SF,186,698,8,9,0.044,1.0,0,1,normal,0
103.47,tcp,dns,SF,665,405,1,5,0.006,0.937,0,1,normal,0
56.02,tcp,other,SF,173,1208,9,1,0.056,0.795,0,1,normal,0
2.16,udp,dns,RSTR,70,0,345,232,0.972,1.0,0,0,dos,1
79.71,udp,pop3,SF,142,1981,1,7,0.032,0.804,0,1,normal,0
32.27,tcp,dns,SF,116,505,9,9,0.069,0.746,0,1,normal,0
93.07,tcp,pop3,SF,492,275,1,1,0.053,0.932,0,1,normal,0
44.61,tcp,other,SF,327,841,8,1,0.035,0.866,0,1,normal,0
0.0,tcp,ssh,SF,1082,975,4,9,0.156,0.828,0,1,normal,0
9.43,tcp,telnet,SF,452,0,3,3,0.009,0.753,0,1,normal,0
119.26,tcp,ssh,SF,408,1041,7,6,0.0,0.977,0,1,normal,0
0.0,tcp,http,S0,778,1862,9,2,0.039,0.907,0,1,normal,0
37.88,tcp,smtp,SF,1063,959,8,7,0.043,0.823,0,1,normal,0
46.78,icmp,ftp,SF,720,458,4,7,0.12,0.967,0,1,normal,0
76.79,tcp,ssh,SF,1094,768,1,4,0.146,0.919,0,1,normal,0
14.47,tcp,other,SF,217,527,12,5,0.201,0.443,2,1,r2l,1
44.45,udp,smtp,SF,580,1237,6,8,0.0,0.911,0,1,normal,0
98.63,tcp,ssh,SF,244,1203,7,2,0.036,0.858,0,1,normal,0
130.04,udp,ftp,SF,0,1890,3,3,0.036,0.921,0,1,normal,0
0.8,tcp,smtp,S0,102,7,247,155,1.0,0.953,0,0,dos,1
0.82,tcp,ftp,S0,40,0,440,135,1.0,0.955,0,0,dos,1
0.73,tcp,pop3,S0,55,0,264,475,0.888,0.864,0,0,dos,1
49.68,tcp,ssh,SF,300,462,5,7,0.045,1.0,0,1,normal,0
101.53,tcp,dns,SF,433,869,7,5,0.007,0.992,0,1,normal,0
0.0,tcp,other,RSTR,22,1,481,288,1.0,0.961,0,0,dos,1
132.59,tcp,smtp,SF,640,810,8,9,0.081,0.775,0,1,normal,0
41.25,icmp,other,S0,363,127,2,1,0.161,0.624,1,1,r2l,1
2.43,tcp,telnet,SF,241,2325,6,2,0.135,0.794,0,1,normal,0
55.92,tcp,ftp,SF,663,1132,9,5,0.009,0.938,0,1,normal,0
71.4,tcp,ssh,S0,435,1524,6,1,0.015,0.785,0,1,normal,0
64.72,tcp,pop3,SF,564,1058,8,5,0.004,0.931,0,1,normal,0
2.5,udp,http,S0,49,0,507,165,1.0,0.944,0,0,dos,1
28.64,tcp,ftp,SF,867,1306,6,8,0.026,1.0,0,1,normal,0
30.74,tcp,pop3,SF,619,1409,4,9,0.129,0.784,0,1,normal,0
0.38,tcp,http,SF,178,871,1,5,0.0,0.792,0,1,normal,0
0.59,tcp,ftp,REJ,59,0,429,281,0.929,0.905,0,0,dos,1
77.65,udp,dns,SF,780,1639,4,8,0.119,0.766,0,1,normal,0
12.29,tcp,dns,SF,13,53,10,6,0.113,0.515,4,0,r2l,1
0.0,tcp,other,RSTR,64,0,253,115,1.0,0.922,0,0,dos,1
51.28,tcp,other,SF,584,483,8,9,0.0,0.899,0,1,normal,0
1.84,tcp,smtp,S0,51,7,134,437,0.864,0.965,0,0,dos,1
14.9,tcp,dns,SF,328,223,3,1,0.153,0.406,3,0,r2l,1
93.3,tcp,telnet,SF,1472,1164,1,9,0.027,0.89,0,1,normal,0
49.66,tcp,telnet,SF,411,2081,9,7,0.054,1.0,0,1,normal,0
87.36,tcp,dns,SF,621,1968,2,8,0.029,1.0,0,1,normal,0
36.16,tcp,other,SF,601,900,8,3,0.132,1.0,0,1,normal,0
66.29,tcp,pop3,SF,179,90,2,8,0.0,0.856,0,1,normal,0
0.95,udp,pop3,RSTR,73,3,502,344,0.789,0.901,0,0,dos,1
96.1,tcp,other,SF,720,1280,7,2,0.104,0.832,0,1,normal,0
70.86,tcp,ssh,SF,382,586,7,3,0.0,0.928,0,1,normal,0
57.36,tcp,dns,REJ,0,1886,3,1,0.0,1.0,0,1,normal,0
5.54,tcp,ftp,SF,131,1502,8,5,0.0,1.0,0,1,normal,0
54.75,udp,other,SF,55,619,7,7,0.0,0.894,0,1,normal,0
43.84,tcp,ssh,SF,175,1358,7,9,0.027,0.981,0,1,normal,0
46.62,tcp,pop3,RSTO,332,1816,3,1,0.066,0.936,0,1,normal,0
33.19,tcp,ssh,RSTO,277,599,8,2,0.0,0.839,0,1,normal,0
101.51,tcp,http,SF,748,257,6,6,0.062,1.0,0,1,normal,0
7.48,tcp,telnet,S0,6,0,77,4,0.547,0.145,0,0,probe,1
52.08,udp,ssh,SF,415,823,7,3,0.013,0.856,0,1,normal,0
49.95,udp,telnet,SF,502,850,6,8,0.0,0.856,0,1,normal,0
37.54,tcp,ftp,SF,109,110,2,8,0.115,0.876,0,1,normal,0
0.84,tcp,http,S0,68,0,276,397,0.837,0.97,0,0,dos,1
60.65,udp,dns,SF,858,334,4,4,0.0,0.915,0,1,normal,0
0.0,tcp,dns,SF,451,919,3,2,0.0,0.994,0,1,normal,0
0.0,tcp,ftp,SF,163,1671,1,6,0.066,0.919,0,1,normal,0
86.86,tcp,ssh,SF,433,672,9,6,0.0,0.822,0,1,normal,0
52.42,tcp,dns,SF,493,267,9,6,0.083,1.0,0,1,normal,0
71.22,tcp,ssh,SF,0,0,2,6,0.083,1.0,0,1,normal,0
18.62,udp,telnet,SF,408,234,1,8,0.0,0.822,0,1,normal,0
8.19,tcp,dns,SF,108,153,14,3,0.123,0.487,2,0,r2l,1
81.11,udp,ftp,SF,282,1257,3,6,0.101,0.874,0,1,normal,0
0.0,tcp,dns,SF,43,5,81,8,0.342,0.323,0,0,probe,1
17.61,tcp,pop3,SF,231,1171,6,3,0.049,0.991,0,1,normal,0
70.74,udp,other,SF,370,936,6,5,0.032,0.891,0,1,normal,0
63.6,tcp,ssh,RSTO,841,2309,1,7,0.0,0.859,0,1,normal,0
0.0,tcp,other,SF,436,292,9,8,0.0,0.908,0,1,normal,0
76.47,tcp,ssh,RSTR,929,0,7,3,0.038,0.905,0,1,normal,0
1.44,tcp,telnet,S0,130,0,126,130,0.86,1.0,0,0,dos,1
119.62,tcp,ftp,REJ,275,1761,4,5,0.0,0.801,0,1,normal,0
51.83,udp,ftp,SF,737,1091,2,5,0.051,0.725,0,1,normal,0
17.45,tcp,other,SF,123,1086,7,4,0.06,0.869,0,1,normal,0
70.26,tcp,http,SF,844,152,5,9,0.069,1.0,0,1,normal,0
71.11,tcp,http,SF,624,301,9,7,0.0,1.0,0,1,normal,0
64.65,udp,dns,SF,572,1370,9,4,0.025,0.809,0,1,normal,0
17.92,tcp,ssh,SF,258,128,3,9,0.077,1.0,0,1,normal,0
90.87,udp,smtp,SF,453,1153,7,7,0.068,0.968,0,1,normal,0
75.71,tcp,dns,SF,275,1439,8,4,0.0,1.0,0,1,normal,0
77.02,icmp,ssh,SF,776,395,1,7,0.069,1.0,0,1,normal,0
135.68,tcp,pop3,SF,577,874,5,7,0.0,0.926,0,1,normal,0
44.58,udp,ssh,SF,792,1000,8,4,0.007,0.9,0,1,normal,0
3.04,tcp,smtp,REJ,0,0,37,11,0.307,0.0,0,0,probe,1
125.81,udp,other,SF,930,611,2,4,0.051,1.0,1,1,u2r,1
77.81,tcp,ftp,SF,231,2441,8,3,0.012,1.0,0,1,normal,0
0.0,udp,telnet,SF,290,525,3,5,0.005,0.822,0,1,normal,0
1.36,tcp,telnet,S0,68,0,258,147,1.0,1.0,0,0,dos,1
101.3,tcp,other,SF,883,1640,4,3,0.005,0.788,0,1,normal,0
16.44,udp,http,SF,0,1074,1,9,0.0,0.84,0,1,normal,0
86.29,tcp,ftp,SF,631,1524,9,6,0.031,0.79,0,1,normal,0
20.57,tcp,ssh,SF,899,929,3,6,0.03,0.856,0,1,normal,0
13.96,udp,pop3,SF,231,264,1,8,0.133,0.521,2,0,r2l,1
0.51,tcp,other,S0,1,0,505,165,0.833,0.973,0,0,dos,1
152.37,tcp,dns,SF,643,333,4,3,0.037,0.996,0,1,u2r,1
1.45,tcp,other,S0,14,0,168,158,0.982,0.883,0,0,dos,1
77.19,tcp,other,SF,710,767,5,2,0.0,0.844,0,1,normal,0
2.38,tcp,ssh,REJ,64,0,414,378,0.907,0.919,0,0,dos,1
38.82,tcp,http,SF,485,1012,5,2,0.074,0.968,0,1,normal,0
120.35,tcp,smtp,SF,239,1388,6,9,0.012,1.0,0,1,normal,0
56.05,tcp,smtp,S0,81,759,4,1,0.0,0.896,0,1,normal,0
69.16,udp,ftp,SF,353,816,9,8,0.046,0.995,0,1,normal,0
25.03,tcp,smtp,SF,53,173,3,9,0.0,1.0,0,1,normal,0
28.0,tcp,telnet,SF,478,1820,7,9,0.108,0.839,0,1,normal,0
68.76,tcp,telnet,SF,798,1579,7,1,0.0,0.963,0,1,normal,0
41.35,tcp,ssh,RSTO,846,1019,5,4,0.109,0.727,0,1,normal,0
30.07,udp,ssh,SF,629,737,8,8,0.061,0.941,0,1,normal,0
65.84,icmp,ssh,REJ,1012,1303,6,1,0.114,0.894,0,1,normal,0
27.58,udp,ftp,RSTO,38,2197,5,9,0.005,0.856,0,1,normal,0
95.81,udp,ssh,SF,494,1195,9,5,0.008,0.866,0,1,normal,0
0.0,tcp,other,SF,360,296,9,7,0.184,0.268,4,1,r2l,1
0.59,tcp,dns,SF,490,1508,1,5,0.003,0.886,0,1,normal,0
7.52,tcp,ssh,SF,724,1085,8,3,0.002,0.844,0,1,normal,0
0.0,udp,ftp,SF,297,1251,5,7,0.0,0.809,0,1,normal,0
0.0,tcp,ftp,S0,55,0,461,286,0.818,0.905,0,0,dos,1
0.0,tcp,telnet,SF,0,1640,9,5,0.052,0.836,0,1,normal,0
39.73,tcp,ssh,SF,797,0,3,1,0.0,0.843,0,1,normal,0
47.08,tcp,pop3,SF,406,1089,9,1,0.099,0.863,0,1,normal,0
2.56,tcp,other,RSTR,30,0,217,187,0.829,0.967,0,0,dos,1
5.09,tcp,dns,REJ,32,3,62,10,0.556,0.091,0,0,probe,1
12.33,tcp,other,SF,0,375,5,6,0.085,0.912,0,1,normal,0
90.89,tcp,pop3,SF,713,1429,4,6,0.036,0.945,0,1,normal,0
0.0,tcp,ssh,SF,710,682,2,6,0.091,0.966,0,1,normal,0
66.58,tcp,other,SF,1171,405,8,3,0.016,0.963,0,1,normal,0
1.78,tcp,ftp,S0,63,2,503,484,0.836,0.97,0,0,dos,1
25.61,tcp,ssh,SF,183,144,5,5,0.319,0.252,4,0,r2l,1
118.96,tcp,dns,SF,206,265,1,2,0.06,0.737,1,1,u2r,1
2.12,tcp,ssh,RSTR,23,0,432,315,0.949,0.985,0,0,dos,1
88.34,icmp,pop3,SF,394,883,9,2,0.088,0.881,0,1,normal,0
6.99,tcp,telnet,SF,513,348,6,2,0.0,0.345,1,0,r2l,1
82.91,tcp,pop3,SF,503,1245,3,8,0.0,0.939,0,1,normal,0
32.95,tcp,telnet,SF,199,885,6,8,0.011,0.78,0,1,normal,0
1.04,tcp,dns,SF,462,154,8,7,0.01,0.905,0,1,normal,0
0.0,tcp,pop3,SF,531,230,6,8,0.0,0.74,0,1,normal,0
0.0,tcp,other,S0,38,0,224,241,0.766,0.992,0,0,dos,1
101.15,tcp,http,SF,902,489,3,2,0.039,0.774,1,1,u2r,1
1.32,udp,ssh,S0,37,3,509,357,0.801,0.912,0,0,dos,1
1.49,udp,pop3,S0,47,0,463,243,0.917,1.0,0,0,dos,1
31.36,udp,pop3,SF,305,957,9,2,0.0,0.757,0,1,normal,0
26.09,tcp,other,SF,70,1104,3,7,0.029,0.724,0,1,normal,0
2.85,tcp,telnet,REJ,62,7,499,347,1.0,0.928,0,0,dos,1
29.48,udp,smtp,SF,149,274,7,9,0.0,0.832,0,1,normal,0
1.16,udp,pop3,S0,15,0,97,19,0.729,0.22,0,0,probe,1
50.13,tcp,ftp,SF,462,1007,8,6,0.0,0.879,0,1,normal,0
60.05,tcp,telnet,SF,467,1265,1,4,0.0,0.757,0,1,normal,0
13.29,tcp,telnet,SF,741,1433,4,1,0.0,0.773,0,1,normal,0
36.52,udp,ftp,SF,699,1263,1,4,0.0,0.804,0,1,normal,0
3.4,tcp,ftp,S0,31,0,219,490,0.911,0.955,0,0,dos,1
33.77,udp,pop3,SF,257,337,10,4,0.0,0.587,2,0,r2l,1
100.58,tcp,pop3,SF,743,639,6,2,0.006,0.747,0,1,normal,0
126.99,tcp,ftp,SF,1065,785,5,2,0.021,1.0,0,1,normal,0
77.82,tcp,other,SF,839,1516,7,1,0.0,0.994,0,1,normal,0
72.4,tcp,pop3,SF,609,88,3,2,0.0,1.0,0,1,normal,0
0.0,tcp,other,SF,313,1447,3,5,0.066,1.0,0,1,normal,0
0.0,tcp,http,SF,421,1262,7,1,0.073,0.787,0,1,normal,0
53.87,icmp,smtp,SF,1232,968,3,6,0.036,0.958,0,1,normal,0
1.5,tcp,smtp,SF,726,988,8,3,0.0,1.0,0,1,normal,0
20.66,tcp,telnet,SF,455,1734,7,1,0.0,0.942,0,1,normal,0
0.0,tcp,http,S0,120,0,314,337,0.924,0.953,0,0,dos,1
78.92,tcp,other,SF,599,990,3,5,0.0,0.839,0,1,normal,0
53.32,tcp,ssh,SF,467,759,2,2,0.0,0.836,0,1,normal,0
0.0,tcp,http,REJ,20,2,181,493,0.832,0.992,0,0,dos,1
2.26,tcp,ssh,REJ,36,0,259,397,0.859,0.993,0,0,dos,1
0.0,tcp,smtp,S0,20,0,390,288,0.775,0.975,0,0,dos,1
18.13,tcp,pop3,SF,1010,1421,6,9,0.0,1.0,0,1,normal,0
86.23,tcp,smtp,SF,71,860,8,8,0.0,0.809,0,1,normal,0
1.71,tcp,dns,S0,0,4,60,13,0.478,0.242,0,0,probe,1
0.93,udp,ssh,RSTR,897,669,9,2,0.055,0.728,0,1,normal,0
89.96,tcp,dns,SF,770,703,3,3,0.032,0.995,0,1,normal,0
18.15,tcp,http,SF,83,552,8,1,0.092,0.463,2,1,r2l,1
34.5,udp,ftp,SF,245,1162,3,2,0.009,0.835,0,1,normal,0
0.63,tcp,smtp,REJ,66,0,185,344,0.835,0.965,0,0,dos,1
0.0,tcp,other,S0,41,0,461,374,0.771,0.893,0,0,dos,1
52.99,udp,telnet,SF,571,1389,9,1,0.092,1.0,0,1,normal,0
0.0,icmp,telnet,S0,35,2,396,148,0.872,0.919,0,0,dos,1
21.71,tcp,telnet,SF,723,1230,1,4,0.01,0.876,0,1,normal,0
1.67,tcp,dns,RSTR,17,3,281,307,0.928,0.91,0,0,dos,1
2.22,tcp,smtp,REJ,44,1,53,8,0.57,0.446,0,0,probe,1
2.42,tcp,pop3,REJ,0,9,480,460,1.0,0.95,0,0,dos,1
8.56,udp,ftp,SF,789,1377,8,2,0.043,0.993,0,1,normal,0
0.0,udp,ssh,S0,17,0,162,120,0.947,1.0,0,0,dos,1
4.07,udp,http,REJ,11,0,21,17,0.921,0.223,0,0,probe,1
79.26,tcp,ssh,SF,239,1688,8,3,0.0,0.879,0,1,normal,0
48.66,tcp,pop3,SF,171,984,4,6,0.0,0.87,0,1,normal,0
40.84,udp,http,SF,457,2078,6,4,0.002,0.871,0,1,normal,0
0.88,tcp,other,REJ,31,0,236,459,0.86,0.939,0,0,dos,1
68.71,tcp,telnet,SF,350,1323,9,5,0.039,0.778,0,1,normal,0
68.15,tcp,ssh,SF,243,1666,1,6,0.045,0.898,0,1,normal,0
1.3,tcp,pop3,REJ,3,1,41,4,0.296,0.363,0,0,probe,1
3.96,tcp,http,REJ,12,0,28,2,0.411,0.283,0,0,probe,1
111.94,tcp,http,SF,1787,130,4,1,0.0,0.85,1,1,u2r,1
17.65,tcp,smtp,SF,426,1036,9,6,0.0,0.827,0,1,normal,0
55.38,tcp,ftp,SF,0,755,9,3,0.0,0.829,0,1,normal,0
19.87,udp,telnet,S0,521,1111,7,7,0.0,0.778,0,1,normal,0
12.64,tcp,telnet,SF,699,1230,9,2,0.0,0.981,0,1,normal,0
0.0,tcp,ftp,S0,117,4,242,104,0.865,0.905,0,0,dos,1
42.25,tcp,dns,SF,445,1631,2,3,0.024,0.923,0,1,normal,0
68.9,tcp,smtp,SF,392,1741,8,9,0.006,0.857,0,1,normal,0
86.63,udp,pop3,SF,508,2003,3,5,0.0,0.767,0,1,normal,0
26.01,icmp,pop3,SF,537,498,5,1,0.059,0.81,0,1,normal,0
1.56,tcp,ssh,RSTR,61,4,276,347,1.0,0.96,0,0,dos,1
0.0,tcp,telnet,REJ,8,0,313,266,0.849,1.0,0,0,dos,1
44.36,tcp,dns,SF,423,642,1,3,0.089,0.922,0,1,normal,0
38.74,tcp,ssh,SF,54,1438,5,8,0.0,0.979,0,1,normal,0
9.17,tcp,smtp,SF,289,588,9,3,0.0,1.0,0,1,normal,0
35.24,tcp,pop3,SF,503,1040,3,3,0.0,0.977,0,1,normal,0
7.22,tcp,ftp,S0,0,0,25,1,0.52,0.41,0,0,probe,1
53.53,tcp,http,SF,794,0,4,4,0.002,0.902,0,1,normal,0
0.0,tcp,telnet,SF,695,745,8,5,0.0,0.826,0,1,normal,0
0.6,tcp,ssh,S0,45,2,197,158,0.729,0.919,0,0,dos,1
29.26,udp,dns,REJ,265,1789,7,2,0.037,0.789,0,1,normal,0
74.29,tcp,other,SF,469,78,7,4,0.052,0.797,0,1,normal,0
58.28,udp,pop3,SF,644,420,2,4,0.069,0.851,0,1,normal,0
65.88,tcp,http,SF,519,481,1,4,0.0,0.957,0,1,normal,0
22.95,tcp,pop3,SF,579,631,7,3,0.086,1.0,0,1,normal,0
3.86,udp,http,REJ,78,7,145,401,0.998,0.945,0,0,dos,1
0.0,tcp,telnet,S0,10,0,26,13,0.218,0.052,0,0,probe,1
53.52,tcp,smtp,SF,1088,1476,1,2,0.0,0.988,0,1,normal,0
28.3,tcp,other,SF,615,1272,9,4,0.049,1.0,0,1,normal,0
60.05,tcp,other,SF,1138,1218,8,8,0.0,0.893,0,1,normal,0
0.0,tcp,ssh,SF,917,1206,1,9,0.0,0.898,0,1,normal,0
83.69,tcp,pop3,SF,373,0,3,1,0.098,0.944,0,1,normal,0
1.92,udp,pop3,SF,486,2162,2,9,0.0,0.992,0,1,normal,0
56.92,udp,ftp,SF,560,845,1,9,0.002,1.0,0,1,normal,0
4.39,tcp,pop3,S0,3,0,55,13,0.206,0.466,0,0,probe,1
0.39,icmp,telnet,S0,12,0,26,7,0.134,0.252,0,0,probe,1
15.57,icmp,ftp,SF,271,1217,7,3,0.08,0.788,0,1,normal,0
0.0,tcp,smtp,S0,33,0,383,326,0.726,0.98,0,0,dos,1
85.8,tcp,pop3,RSTR,377,943,9,8,0.065,0.983,0,1,normal,0
0.86,tcp,telnet,S0,52,0,261,181,0.918,0.92,0,0,dos,1
99.31,tcp,dns,SF,502,1041,5,2,0.002,1.0,0,1,normal,0
48.47,tcp,telnet,SF,330,1101,7,8,0.065,0.779,0,1,normal,0
91.77,tcp,smtp,SF,416,1487,8,3,0.0,0.844,0,1,normal,0
51.83,tcp,ftp,SF,330,1318,8,1,0.097,0.916,0,1,normal,0
45.98,tcp,other,REJ,451,1981,7,9,0.09,0.888,0,1,normal,0
96.4,tcp,ftp,SF,338,1389,8,6,0.066,1.0,0,1,normal,0
43.48,icmp,ssh,SF,426,1063,4,7,0.015,1.0,0,1,normal,0
111.24,udp,smtp,SF,549,1594,2,1,0.124,0.887,0,1,normal,0
58.7,icmp,pop3,SF,649,1246,5,9,0.04,0.773,0,1,normal,0
73.68,tcp,other,SF,625,1840,6,4,0.019,1.0,0,1,normal,0
0.0,tcp,other,SF,120,1418,8,7,0.003,1.0,0,1,normal,0
36.07,tcp,pop3,SF,368,1914,4,6,0.0,0.799,0,1,normal,0
18.77,udp,ssh,SF,16,481,2,4,0.0,0.959,0,1,normal,0
41.39,tcp,telnet,REJ,378,1033,8,3,0.101,0.64,0,1,normal,0
0.29,tcp,telnet,REJ,46,0,401,205,1.0,1.0,0,0,dos,1
39.55,tcp,other,SF,405,1858,6,4,0.0,0.965,0,1,normal,0
39.39,udp,http,SF,718,64,5,6,0.051,0.856,0,1,normal,0
81.5,tcp,pop3,SF,830,0,5,6,0.0,1.0,0,1,normal,0
45.79,udp,dns,SF,771,1089,9,5,0.036,0.742,0,1,normal,0
33.19,tcp,telnet,SF,4,157,7,8,0.077,0.757,0,1,normal,0
0.0,udp,telnet,SF,482,1891,3,3,0.002,0.861,0,1,normal,0
0.22,tcp,smtp,S0,48,0,100,351,1.0,0.973,0,0,dos,1
113.21,udp,telnet,RSTO,914,557,8,1,0.0,0.826,0,1,normal,0
56.77,udp,dns,SF,528,961,3,4,0.0,1.0,0,1,normal,0
106.24,tcp,smtp,SF,373,1103,7,8,0.068,0.745,0,1,normal,0
85.22,tcp,ftp,S0,161,1609,7,3,0.025,0.888,0,1,normal,0
0.0,udp,telnet,S0,70,0,371,301,0.864,0.855,0,0,dos,1
47.19,udp,telnet,SF,548,1694,4,7,0.0,0.894,0,1,normal,0
104.3,tcp,other,SF,409,1193,1,5,0.0,0.878,0,1,normal,0
0.0,icmp,dns,S0,41,0,226,291,0.827,0.986,0,0,dos,1
42.38,tcp,dns,SF,698,1351,8,7,0.065,1.0,0,1,normal,0
67.61,tcp,other,SF,321,1640,1,6,0.0,1.0,0,1,normal,0
0.42,tcp,other,S0,10,4,305,155,0.886,1.0,0,0,dos,1
21.56,tcp,other,RSTO,520,924,1,5,0.034,0.975,0,1,normal,0
69.16,tcp,pop3,REJ,244,908,3,1,0.0,0.901,0,1,normal,0
18.61,icmp,smtp,SF,162,651,9,3,0.056,0.23,3,1,r2l,1
41.65,tcp,ssh,SF,780,832,2,9,0.073,1.0,0,1,normal,0
92.97,tcp,other,SF,896,1643,1,8,0.143,0.743,0,1,normal,0
0.0,icmp,http,S0,524,960,1,3,0.066,0.951,0,1,normal,0
72.46,tcp,ssh,SF,477,1711,3,6,0.039,0.78,0,1,normal,0
48.03,udp,smtp,SF,483,1155,9,3,0.0,0.994,0,1,normal,0
78.29,tcp,dns,SF,336,999,8,4,0.014,0.66,0,1,normal,0
109.3,tcp,telnet,SF,63,1788,7,7,0.065,0.932,0,1,normal,0
3.22,tcp,other,S0,92,0,508,361,0.947,0.934,0,0,dos,1
57.27,udp,smtp,SF,341,859,6,1,0.0,0.945,0,1,normal,0
0.44,tcp,ftp,S0,67,6,421,469,0.928,0.948,0,0,dos,1
0.0,tcp,ssh,S0,24,2,453,188,0.895,0.942,0,0,dos,1
0.03,tcp,smtp,REJ,148,0,488,454,0.897,0.897,0,0,dos,1
1.51,udp,ssh,RSTR,22,4,343,250,0.963,0.98,0,0,dos,1
0.0,tcp,ssh,S0,0,0,31,17,0.261,0.0,0,0,probe,1
60.13,tcp,ssh,REJ,641,976,7,3,0.0,0.964,0,1,normal,0
48.23,tcp,ssh,SF,330,0,3,3,0.016,1.0,0,1,normal,0
0.0,tcp,ftp,SF,150,380,3,7,0.059,0.564,2,0,r2l,1
65.63,icmp,smtp,SF,469,689,6,8,0.089,0.88,0,1,normal,0
147.52,udp,pop3,SF,799,917,8,1,0.0,0.9,0,1,normal,0
22.95,tcp,ftp,SF,594,393,3,3,0.041,1.0,0,1,u2r,1
47.08,tcp,smtp,SF,435,0,1,2,0.071,1.0,0,1,normal,0
74.52,tcp,pop3,SF,184,1096,9,1,0.101,0.951,0,1,normal,0
48.51,tcp,http,REJ,544,1041,8,5,0.092,0.855,0,1,normal,0
28.6,tcp,smtp,SF,307,0,4,4,0.018,0.849,0,1,normal,0
24.31,tcp,telnet,SF,1097,262,9,1,0.0,0.774,0,1,normal,0
0.0,tcp,smtp,SF,794,503,6,5,0.0,0.939,0,1,normal,0
3.04,tcp,ftp,SF,1,4,65,13,0.637,0.354,0,0,probe,1
87.13,udp,ssh,SF,511,852,8,2,0.0,0.817,0,1,normal,0
56.64,udp,pop3,SF,570,721,4,6,0.037,0.747,0,1,normal,0
3.36,tcp,pop3,S0,27,6,85,7,0.69,0.089,0,0,probe,1
0.0,tcp,dns,S0,70,0,503,401,0.944,0.965,0,0,dos,1
57.78,tcp,http,S0,810,1699,7,1,0.006,0.927,0,1,normal,0
102.1,udp,http,SF,298,600,7,2,0.0,0.907,0,1,normal,0
59.2,udp,other,SF,0,918,9,4,0.0,0.958,0,1,normal,0
2.6,tcp,pop3,S0,43,0,417,132,0.993,0.995,0,0,dos,1
73.31,tcp,pop3,SF,538,1382,5,8,0.071,0.867,0,1,normal,0
24.82,udp,ftp,SF,190,858,2,4,0.048,0.896,0,1,normal,0
0.0,udp,pop3,RSTR,4,0,480,489,0.754,0.907,0,0,dos,1
52.38,udp,other,S0,857,1026,8,4,0.03,0.957,0,1,normal,0
14.69,udp,ftp,SF,394,1537,6,3,0.0,0.961,0,1,normal,0
1.96,tcp,http,S0,35,0,256,342,1.0,0.966,0,0,dos,1
1.56,udp,ssh,S0,44,0,165,209,0.928,0.942,0,0,dos,1
28.68,tcp,telnet,SF,308,762,7,3,0.001,0.767,0,1,normal,0
34.75,tcp,ssh,RSTO,1057,1178,3,1,0.03,0.847,0,1,normal,0
32.45,tcp,pop3,SF,594,1231,4,6,0.131,0.891,0,1,normal,0
100.51,tcp,other,SF,220,892,8,1,0.06,0.863,0,1,normal,0
130.04,udp,ftp,SF,365,190,6,3,0.055,0.967,0,1,normal,0
0.0,tcp,ftp,S0,61,0,411,478,0.729,0.928,0,0,dos,1
5.31,tcp,ssh,SF,704,851,7,6,0.0,0.793,0,1,normal,0
0.76,tcp,telnet,SF,183,783,5,6,0.007,1.0,0,1,normal,0
91.39,tcp,smtp,SF,400,1275,6,9,0.004,0.922,0,1,normal,0
3.99,udp,dns,REJ,89,0,400,295,0.774,0.94,0,0,dos,1
46.44,tcp,dns,SF,181,1643,7,9,0.068,0.844,0,1,normal,0
76.12,tcp,telnet,SF,789,635,9,9,0.0,1.0,0,1,normal,0
123.79,tcp,ssh,SF,142,371,6,4,0.073,0.978,0,1,normal,0
0.0,tcp,smtp,SF,421,2531,2,9,0.04,1.0,0,1,normal,0
34.88,udp,http,SF,215,322,3,6,0.351,0.964,3,1,r2l,1
1.63,tcp,telnet,S0,65,0,136,266,0.965,0.899,0,0,dos,1
5.13,tcp,other,SF,641,1062,9,1,0.027,0.714,0,1,normal,0
8.91,tcp,telnet,SF,422,553,7,1,0.0,1.0,0,1,normal,0
0.65,tcp,http,RSTR,47,9,377,220,0.928,0.943,0,0,dos,1
124.42,tcp,smtp,SF,661,0,4,5,0.063,0.685,0,1,normal,0
16.87,tcp,http,SF,129,172,13,5,0.16,0.445,1,0,r2l,1
23.54,tcp,smtp,SF,111,1010,8,1,0.021,0.874,0,1,normal,0
20.88,tcp,ftp,SF,668,434,5,3,0.034,0.977,0,1,normal,0
0.0,udp,ssh,SF,298,1023,6,2,0.0,0.782,0,1,normal,0
134.64,tcp,smtp,SF,277,1267,3,6,0.068,0.834,0,1,normal,0
22.99,udp,ssh,SF,160,1867,9,7,0.0,0.818,0,1,normal,0
0.11,tcp,telnet,REJ,108,0,102,321,1.0,0.983,0,0,dos,1
103.6,tcp,ftp,SF,353,300,2,6,0.002,0.91,0,1,normal,0
16.37,tcp,ssh,SF,204,811,6,6,0.0,0.913,0,1,normal,0
57.93,udp,pop3,SF,421,655,9,3,0.046,0.776,0,1,normal,0
0.34,tcp,pop3,REJ,45,0,280,301,0.816,0.986,0,0,dos,1
69.16,tcp,other,SF,391,1219,6,5,0.0,0.984,0,1,normal,0
49.8,tcp,smtp,SF,523,873,5,6,0.003,0.952,0,1,normal,0
15.77,tcp,ssh,SF,778,1090,9,4,0.005,0.811,0,1,normal,0
7.54,tcp,ssh,SF,346,1122,7,6,0.0,0.995,0,1,normal,0
3.04,tcp,telnet,S0,52,4,497,218,0.922,0.796,0,0,dos,1
0.0,udp,telnet,RSTR,289,18,3,2,0.034,0.859,0,1,normal,0
0.0,icmp,ftp,SF,168,736,7,8,0.0,0.837,0,1,normal,0
3.74,tcp,telnet,S0,70,3,295,241,0.825,0.923,0,0,dos,1
0.0,tcp,telnet,SF,848,787,5,9,0.045,0.981,0,1,normal,0
8.26,udp,telnet,SF,747,1843,7,9,0.062,0.736,0,1,normal,0
20.82,udp,pop3,RSTO,915,1072,1,3,0.0,0.943,0,1,normal,0
0.6,udp,http,S0,30,0,72,7,0.93,0.28,0,0,probe,1
0.2,tcp,pop3,S0,47,0,490,368,0.935,0.899,0,0,dos,1
29.18,tcp,http,SF,662,489,7,1,0.054,0.881,0,1,normal,0
0.18,tcp,pop3,S0,41,9,377,147,0.894,0.924,0,0,dos,1
38.05,udp,ftp,S0,444,937,2,6,0.019,0.847,0,1,normal,0
55.7,icmp,ssh,SF,761,1712,7,9,0.014,0.936,0,1,normal,0
40.56,udp,http,SF,510,1069,9,1,0.074,0.829,0,1,normal,0
40.12,icmp,telnet,SF,569,1482,7,7,0.02,0.815,0,1,normal,0
23.87,udp,smtp,SF,498,658,9,4,0.004,0.872,0,1,normal,0
0.0,tcp,telnet,REJ,11,1,91,19,0.253,0.211,0,0,probe,1
0.0,tcp,other,SF,527,396,2,4,0.0,0.796,0,1,normal,0
0.03,tcp,telnet,REJ,48,13,290,425,1.0,1.0,0,0,dos,1
0.0,tcp,http,SF,690,630,5,4,0.024,0.907,0,1,normal,0
94.27,udp,smtp,SF,290,1169,3,2,0.029,0.787,0,1,normal,0
34.9,tcp,smtp,SF,655,1521,5,8,0.0,0.935,0,1,normal,0
68.56,tcp,ftp,SF,586,984,9,2,0.0,0.901,0,1,normal,0
70.31,tcp,http,REJ,545,1949,6,6,0.068,0.789,0,1,normal,0
34.36,tcp,smtp,SF,812,1061,9,3,0.072,0.797,0,1,normal,0
27.27,tcp,telnet,SF,140,350,5,6,0.066,0.375,4,0,r2l,1
2.03,icmp,http,S0,29,0,493,276,0.891,0.999,0,0,dos,1
74.79,tcp,dns,S0,927,1115,5,7,0.009,1.0,0,1,normal,0
11.18,tcp,ftp,SF,422,1276,2,8,0.085,0.969,0,1,normal,0
88.44,udp,http,SF,378,2066,2,1,0.089,1.0,0,1,normal,0
0.0,tcp,ssh,SF,243,119,2,2,0.063,0.773,1,0,r2l,1
30.63,tcp,smtp,SF,719,876,3,6,0.099,0.927,0,1,normal,0
72.66,tcp,other,SF,410,0,1,5,0.059,0.967,0,1,normal,0
13.79,tcp,telnet,SF,752,1421,1,8,0.065,0.992,0,1,normal,0
130.43,tcp,dns,SF,257,0,8,9,0.063,1.0,0,1,normal,0
66.01,tcp,ftp,SF,620,1093,2,5,0.014,0.796,0,1,normal,0
116.09,tcp,smtp,SF,258,20,7,7,0.012,0.78,0,1,normal,0
122.26,tcp,pop3,SF,792,496,2,4,0.102,0.843,0,1,normal,0
51.44,tcp,smtp,SF,441,867,6,8,0.0,0.913,0,1,normal,0
50.47,udp,ssh,SF,93,583,6,9,0.0,0.967,0,1,normal,0
45.73,tcp,pop3,SF,335,1510,8,2,0.022,0.988,0,1,normal,0
34.6,tcp,http,SF,282,0,11,4,0.142,0.614,4,0,r2l,1
20.63,tcp,smtp,SF,964,858,9,5,0.047,0.96,0,1,normal,0
2.61,tcp,ftp,REJ,79,0,365,444,0.991,0.974,0,0,dos,1
65.49,tcp,ftp,SF,648,923,3,6,0.025,0.945,0,1,normal,0
0.0,udp,http,S0,40,0,416,291,0.801,0.875,0,0,dos,1
15.43,tcp,ftp,SF,105,310,10,4,0.207,0.798,4,0,r2l,1
63.45,tcp,pop3,SF,116,775,1,7,0.0,0.909,0,1,normal,0
186.51,udp,pop3,SF,1169,8,1,4,0.107,0.886,1,1,u2r,1
50.6,udp,dns,RSTR,488,468,3,5,0.013,0.626,0,1,normal,0
0.22,tcp,dns,S0,23,4,239,246,0.784,0.932,0,0,dos,1
112.99,tcp,other,SF,512,1870,9,5,0.0,0.887,0,1,normal,0
28.15,icmp,ftp,SF,442,1111,7,6,0.042,0.999,0,1,normal,0
37.17,tcp,smtp,SF,494,1112,1,8,0.035,0.91,0,1,normal,0
0.0,icmp,ftp,SF,427,631,1,3,0.334,0.657,1,1,r2l,1
6.52,icmp,ftp,REJ,23,2,44,3,0.773,0.135,0,0,probe,1
83.31,tcp,ssh,SF,671,660,2,8,0.056,0.954,0,1,normal,0
6.99,tcp,dns,REJ,15,0,68,16,0.525,0.391,0,0,probe,1
6.75,tcp,ftp,REJ,3,0,37,4,0.106,0.438,0,0,probe,1
17.64,tcp,other,SF,0,1239,1,2,0.047,0.791,0,1,normal,0
56.04,tcp,pop3,SF,1183,1470,8,7,0.084,1.0,0,1,normal,0
52.45,tcp,ftp,SF,442,1851,9,1,0.0,0.8,0,1,normal,0
0.0,tcp,http,SF,1471,0,7,3,0.084,0.798,0,1,normal,0
123.33,tcp,smtp,SF,0,1626,2,5,0.08,0.825,0,1,normal,0
22.37,tcp,ssh,S0,2,281,11,3,0.002,0.697,4,1,r2l,1
14.28,tcp,other,SF,278,55,2,7,0.078,1.0,0,1,normal,0
93.7,tcp,other,SF,499,1144,2,7,0.022,0.888,0,1,normal,0
0.0,tcp,telnet,REJ,481,0,7,5,0.085,1.0,0,1,normal,0
23.22,tcp,telnet,SF,356,702,4,5,0.041,0.733,0,1,normal,0
27.66,tcp,dns,SF,499,1401,9,9,0.006,0.831,0,1,normal,0
0.0,tcp,http,SF,974,670,1,3,0.0,0.728,0,1,normal,0
24.23,udp,http,SF,403,1583,6,4,0.118,0.781,0,1,normal,0
110.32,tcp,telnet,S0,50,549,7,4,0.022,0.85,0,1,normal,0
0.0,tcp,smtp,SF,380,956,8,1,0.0,0.927,0,1,normal,0
2.41,tcp,pop3,RSTR,57,0,444,439,0.885,1.0,0,0,dos,1
41.63,tcp,dns,SF,331,1465,4,2,0.0,0.823,0,1,normal,0
0.0,tcp,pop3,SF,588,1095,3,5,0.031,0.908,0,1,normal,0
111.14,tcp,smtp,S0,377,961,9,6,0.055,0.913,0,1,normal,0
46.64,icmp,other,SF,769,1427,5,3,0.053,1.0,0,1,normal,0
0.0,icmp,other,S0,53,0,400,339,0.851,0.877,0,0,dos,1
45.91,icmp,http,SF,430,1366,5,6,0.023,0.888,0,1,normal,0
6.48,tcp,ssh,S0,26,3,56,16,0.714,0.31,0,0,probe,1
3.64,tcp,ssh,REJ,25,0,61,10,0.498,0.372,0,0,probe,1
0.61,udp,ftp,SF,830,888,5,6,0.013,0.824,0,1,normal,0
83.25,tcp,dns,SF,952,879,4,4,0.119,0.889,0,1,normal,0
5.5,tcp,pop3,SF,333,735,2,2,0.002,0.977,0,1,normal,0
6.66,tcp,ssh,S0,11,0,67,3,0.435,0.112,0,0,probe,1
45.16,icmp,pop3,SF,534,1323,5,5,0.1,0.865,0,1,normal,0
94.99,tcp,other,SF,439,473,8,9,0.011,0.965,0,1,normal,0
133.42,tcp,ssh,SF,670,972,9,7,0.0,0.951,0,1,normal,0
41.37,tcp,ftp,SF,627,1946,5,6,0.022,0.916,0,1,normal,0
66.43,udp,http,S0,683,1222,5,8,0.0,0.83,0,1,normal,0
0.0,tcp,http,SF,797,85,9,2,0.0,0.804,0,1,normal,0
69.81,udp,telnet,REJ,502,960,6,1,0.0,0.958,0,1,normal,0
2.11,udp,pop3,S0,31,10,370,287,0.686,0.919,0,0,dos,1
46.1,tcp,http,SF,825,1144,5,9,0.0,0.987,0,1,normal,0
8.02,tcp,http,SF,643,1095,4,5,0.074,0.953,0,1,normal,0
91.04,tcp,http,REJ,623,243,8,5,0.055,0.834,0,1,normal,0
24.6,udp,ftp,S0,180,234,10,8,0.174,0.598,4,0,r2l,1
68.48,tcp,telnet,SF,321,711,6,6,0.0,0.773,0,1,normal,0
3.43,tcp,pop3,S0,24,0,76,11,0.414,0.101,0,0,probe,1
12.5,udp,ssh,SF,559,345,8,7,0.0,0.757,0,1,normal,0
0.07,tcp,other,S0,145,7,174,236,0.887,0.845,0,0,dos,1
109.5,tcp,telnet,SF,185,1281,7,2,0.059,0.949,0,1,normal,0
2.09,tcp,ftp,REJ,61,0,424,176,0.87,0.972,0,0,dos,1
39.49,tcp,smtp,SF,457,988,3,4,0.015,0.83,0,1,normal,0
161.07,tcp,other,SF,551,168,1,3,0.0,0.979,1,1,u2r,1
29.36,tcp,other,SF,424,205,3,9,0.224,0.866,4,1,r2l,1
70.42,tcp,telnet,SF,240,1099,3,6,0.037,0.779,0,1,normal,0
54.55,tcp,ftp,SF,408,1435,7,9,0.029,0.86,0,1,normal,0
20.48,tcp,ftp,SF,561,937,5,3,0.034,0.858,0,1,normal,0
75.19,icmp,dns,RSTO,698,628,4,2,0.0,0.913,0,1,normal,0
102.1,tcp,http,RSTR,563,1667,8,4,0.006,0.937,0,1,normal,0
0.0,tcp,other,RSTO,763,1635,4,5,0.0,0.951,0,1,normal,0
75.88,tcp,other,SF,507,1160,6,7,0.0,0.825,0,1,normal,0
0.0,tcp,telnet,SF,0,1410,1,1,0.0,0.828,0,1,normal,0
0.99,tcp,telnet,S0,19,0,29,4,0.52,0.501,0,0,probe,1
66.09,tcp,ftp,SF,625,1040,9,1,0.03,0.925,0,1,normal,0
10.34,udp,ssh,SF,0,891,3,6,0.099,0.866,0,1,normal,0
0.0,tcp,dns,SF,646,2086,2,1,0.07,0.867,0,1,normal,0
0.0,tcp,ftp,SF,295,1399,8,6,0.078,1.0,0,1,normal,0
57.19,tcp,http,SF,571,616,8,5,0.0,0.819,0,1,normal,0
26.25,udp,pop3,SF,358,1550,1,8,0.012,1.0,0,1,normal,0
73.81,icmp,ssh,SF,478,1400,3,1,0.082,0.993,0,1,normal,0
94.28,tcp,smtp,SF,136,985,7,1,0.036,0.947,0,1,normal,0
83.88,tcp,http,S0,292,788,9,6,0.069,1.0,0,1,normal,0
51.52,tcp,smtp,SF,1014,2450,7,8,0.0,0.825,0,1,normal,0
117.28,tcp,pop3,SF,242,623,5,9,0.037,0.65,0,1,normal,0
0.0,tcp,dns,SF,281,931,4,3,0.133,0.973,0,1,normal,0
103.92,udp,telnet,SF,503,1765,6,1,0.028,0.842,0,1,normal,0
55.65,tcp,smtp,SF,870,598,3,5,0.096,0.897,0,1,normal,0
97.08,tcp,telnet,SF,1395,2507,6,7,0.0,0.93,0,1,normal,0
24.06,tcp,smtp,SF,762,38,1,1,0.0,0.836,0,1,normal,0
0.86,udp,ftp,REJ,91,1,347,220,1.0,0.97,0,0,dos,1
0.0,tcp,ftp,SF,641,1281,5,8,0.0,0.843,0,1,normal,0
95.48,tcp,ssh,SF,204,0,6,6,0.023,0.776,0,1,normal,0
58.48,udp,http,SF,506,1402,6,6,0.024,1.0,0,1,normal,0
51.9,tcp,dns,S0,469,735,6,8,0.086,0.991,0,1,normal,0
115.73,udp,dns,SF,628,374,5,5,0.077,1.0,0,1,normal,0
0.0,udp,ssh,S0,25,0,148,464,0.845,0.922,0,0,dos,1
0.0,tcp,http,SF,985,2074,7,5,0.0,1.0,0,1,normal,0
62.11,udp,other,SF,735,1588,8,7,0.073,0.871,0,1,normal,0
91.86,tcp,smtp,SF,0,1026,1,4,0.024,0.887,0,1,normal,0
35.23,tcp,telnet,RSTR,152,82,7,7,0.0,1.0,0,1,normal,0
9.51,tcp,ftp,SF,754,1485,5,8,0.072,0.87,0,1,normal,0
72.17,tcp,pop3,S0,0,1574,1,9,0.126,0.869,0,1,normal,0
1.91,tcp,pop3,S0,61,0,283,204,0.73,0.894,0,0,dos,1
73.05,udp,http,SF,567,1023,2,5,0.0,0.907,0,1,normal,0
55.36,tcp,smtp,SF,211,413,3,3,0.0,0.8,0,1,normal,0
1.59,tcp,ssh,S0,32,0,295,404,0.903,0.987,0,0,dos,1
0.0,tcp,pop3,RSTR,50,0,175,482,0.888,0.974,0,0,dos,1
2.63,tcp,http,S0,84,8,429,283,0.775,0.96,0,0,dos,1
0.0,udp,ftp,SF,657,706,2,4,0.07,0.923,0,1,normal,0
14.53,tcp,other,SF,414,432,1,5,0.0,0.771,0,1,normal,0
0.0,tcp,pop3,S0,80,0,473,256,0.866,0.947,0,0,dos,1
40.6,tcp,ssh,SF,494,1365,2,9,0.057,0.733,0,1,normal,0
0.0,tcp,other,REJ,80,6,455,173,0.859,0.912,0,0,dos,1
9.77,tcp,other,SF,0,1098,8,1,0.035,1.0,0,1,normal,0
4.58,udp,other,S0,17,0,87,7,0.663,0.137,0,0,probe,1
17.96,tcp,other,SF,330,1213,8,9,0.0,0.904,0,1,normal,0
20.3,icmp,smtp,SF,0,19,6,6,0.024,0.896,0,1,normal,0
30.29,udp,ssh,S0,55,1819,9,5,0.068,0.833,0,1,normal,0
54.28,tcp,smtp,SF,649,1133,2,2,0.057,0.724,0,1,normal,0
0.0,tcp,ftp,SF,248,1635,3,2,0.055,1.0,0,1,normal,0
0.0,udp,smtp,S0,101,5,249,298,0.931,0.953,0,0,dos,1
86.57,tcp,pop3,S0,254,840,5,3,0.104,0.92,0,1,normal,0
12.05,tcp,telnet,SF,375,1734,9,9,0.0,1.0,0,1,normal,0
85.73,tcp,ftp,SF,407,0,3,5,0.0,1.0,0,1,normal,0
99.61,udp,dns,SF,230,857,4,4,0.112,1.0,0,1,normal,0
0.0,udp,smtp,SF,701,1913,1,9,0.053,0.918,0,1,normal,0
111.33,tcp,pop3,SF,672,1083,4,9,0.024,0.91,0,1,normal,0
3.16,tcp,smtp,SF,22,0,60,2,0.618,0.047,0,0,probe,1
0.0,tcp,http,SF,340,1240,7,8,0.075,0.768,0,1,normal,0
80.65,tcp,http,SF,326,1003,7,7,0.027,0.904,0,1,normal,0
9.53,tcp,http,S0,235,64,10,4,0.0,0.639,4,0,r2l,1
21.42,tcp,pop3,SF,1212,2346,4,6,0.0,0.773,0,1,normal,0
0.0,tcp,telnet,S0,26,0,54,12,0.681,0.069,0,0,probe,1
12.41,tcp,smtp,RSTR,600,629,5,1,0.051,0.806,0,1,normal,0
17.62,udp,ftp,RSTO,350,1240,2,8,0.014,0.77,0,1,normal,0
46.81,tcp,ssh,SF,199,0,8,7,0.04,0.876,0,1,normal,0
1.19,tcp,smtp,SF,319,0,9,7,0.129,0.854,0,1,normal,0
72.66,tcp,http,SF,1031,2158,8,5,0.0,1.0,0,1,normal,0
87.53,udp,ssh,REJ,699,584,1,3,0.077,0.845,0,1,normal,0
108.7,tcp,ssh,SF,594,0,3,6,0.0,0.944,0,1,normal,0
0.0,udp,smtp,SF,1035,1888,3,2,0.0,0.868,0,1,normal,0
2.47,tcp,smtp,S0,0,1,462,474,0.797,1.0,0,0,dos,1
0.0,tcp,telnet,RSTO,637,213,4,7,0.0,0.956,0,1,normal,0
1.06,tcp,other,RSTR,25,3,236,402,0.872,0.943,0,0,dos,1
2.78,tcp,http,SF,12,1,95,12,0.535,0.23,0,0,probe,1
2.64,udp,ssh,RSTR,45,0,276,440,0.836,0.999,0,0,dos,1
0.74,tcp,http,S0,33,0,158,241,0.733,0.965,0,0,dos,1
5.26,tcp,dns,S0,64,7,203,404,1.0,1.0,0,0,dos,1
64.24,tcp,pop3,S0,571,1298,6,5,0.02,0.923,0,1,normal,0
55.91,tcp,http,SF,688,1252,6,2,0.066,1.0,0,1,normal,0
1.94,tcp,http,S0,24,1,80,8,0.245,0.118,0,0,probe,1
10.31,tcp,http,SF,21,200,1,8,0.021,0.691,0,1,normal,0
1.19,udp,telnet,S0,0,0,392,272,0.911,0.942,0,0,dos,1
51.26,tcp,dns,SF,233,229,6,3,0.141,1.0,1,1,r2l,1
0.0,tcp,dns,SF,664,423,8,1,0.027,0.681,0,1,normal,0
31.06,tcp,telnet,SF,870,299,1,4,0.0,0.827,0,1,normal,0
0.0,udp,pop3,SF,506,1044,2,8,0.054,0.762,0,1,normal,0
35.59,tcp,ssh,RSTR,218,286,5,3,0.046,0.941,0,1,normal,0
95.09,tcp,dns,REJ,530,0,9,5,0.022,0.892,0,1,normal,0
0.0,tcp,pop3,S0,50,0,504,196,0.922,0.94,0,0,dos,1
81.52,icmp,pop3,SF,603,1018,9,5,0.0,0.775,0,1,normal,0
32.37,tcp,ftp,SF,776,1276,5,1,0.0,1.0,0,1,normal,0
1.78,tcp,telnet,S0,98,2,429,453,0.984,0.969,0,0,dos,1
41.21,tcp,ssh,SF,0,1363,6,1,0.039,0.778,0,1,normal,0
2.2,udp,http,SF,16,1,97,17,0.596,0.411,0,0,probe,1
44.02,tcp,pop3,SF,639,441,2,6,0.0,0.886,0,1,normal,0
2.16,udp,http,S0,23,0,374,132,0.799,0.916,0,0,dos,1
73.39,tcp,http,SF,31,334,3,1,0.0,0.831,0,1,normal,0
55.43,tcp,dns,SF,693,344,1,6,0.036,0.956,0,1,normal,0
33.67,tcp,smtp,SF,166,568,9,1,0.043,0.986,0,1,normal,0
22.52,tcp,ftp,RSTO,523,0,5,1,0.0,0.98,0,1,normal,0
45.9,udp,other,SF,541,0,6,6,0.024,0.881,0,1,normal,0
0.0,tcp,http,S0,11,4,334,253,0.866,0.966,0,0,dos,1
0.0,tcp,ftp,RSTR,31,0,220,413,0.873,1.0,0,0,dos,1
0.0,tcp,ftp,SF,0,1017,4,1,0.006,0.891,0,1,normal,0
90.25,tcp,other,SF,438,1716,7,3,0.0,0.749,0,1,normal,0
1.81,udp,dns,S0,7,5,257,213,0.944,0.983,0,0,dos,1
0.58,tcp,http,RSTR,75,4,151,204,0.943,0.872,0,0,dos,1
40.15,tcp,smtp,SF,1071,1406,8,9,0.023,0.739,0,1,normal,0
35.28,tcp,ftp,SF,528,227,6,3,0.0,0.8,0,1,normal,0
2.57,tcp,smtp,S0,22,0,76,15,0.337,0.02,0,0,probe,1
110.82,tcp,other,SF,413,1717,7,1,0.041,0.989,0,1,normal,0
65.29,tcp,http,SF,283,1206,5,6,0.0,0.783,0,1,normal,0
0.0,tcp,pop3,S0,107,0,111,482,0.934,0.907,0,0,dos,1
65.94,tcp,dns,SF,454,954,4,5,0.021,0.879,0,1,normal,0
3.02,udp,ssh,S0,68,6,470,468,0.856,0.873,0,0,dos,1
65.97,tcp,telnet,SF,652,734,1,5,0.029,1.0,0,1,normal,0
0.0,tcp,smtp,S0,103,0,338,253,1.0,0.832,0,0,dos,1
34.73,tcp,ssh,SF,239,410,10,7,0.052,0.332,1,0,r2l,1
159.9,tcp,smtp,SF,917,260,1,4,0.025,0.816,0,1,u2r,1
0.0,icmp,ftp,SF,32,0,68,10,0.349,0.375,0,0,probe,1
4.39,icmp,http,S0,49,1,105,370,0.941,0.833,0,0,dos,1
67.33,tcp,dns,RSTR,499,1859,5,6,0.0,0.869,0,1,normal,0
36.75,tcp,smtp,SF,408,527,11,7,0.091,1.0,3,1,r2l,1
3.6,tcp,smtp,REJ,9,0,75,16,0.678,0.34,0,0,probe,1
80.54,tcp,telnet,SF,786,535,6,4,0.0,0.83,0,1,normal,0
0.0,udp,telnet,SF,615,1207,3,3,0.052,0.728,0,1,normal,0
82.08,tcp,smtp,SF,608,1309,1,4,0.072,0.919,0,1,normal,0
103.03,tcp,smtp,RSTO,543,311,2,1,0.0,0.836,0,1,normal,0
0.0,udp,telnet,S0,0,2,462,158,0.795,0.929,0,0,dos,1
61.97,tcp,pop3,SF,952,1146,8,4,0.0,0.966,0,1,normal,0
0.0,tcp,pop3,SF,642,1613,2,8,0.091,1.0,0,1,normal,0
38.04,tcp,pop3,SF,619,1532,3,4,0.05,0.913,0,1,normal,0
59.28,tcp,telnet,SF,616,327,3,2,0.004,0.917,0,1,normal,0
0.0,tcp,pop3,SF,381,23,9,1,0.14,0.912,3,0,r2l,1
35.56,udp,ftp,SF,104,1595,5,8,0.0,1.0,0,1,normal,0
33.58,tcp,ssh,SF,276,1095,5,6,0.079,1.0,0,1,normal,0
1.69,tcp,other,RSTR,361,240,9,6,0.026,0.978,0,1,normal,0
0.0,tcp,smtp,RSTR,59,0,162,131,1.0,0.946,0,0,dos,1
0.0,tcp,ftp,RSTR,9,0,164,274,1.0,0.996,0,0,dos,1
77.45,tcp,other,SF,844,1065,1,2,0.001,0.726,0,1,normal,0
85.45,tcp,pop3,SF,455,1764,3,1,0.11,1.0,0,1,normal,0
26.5,tcp,ssh,SF,1187,1025,2,9,0.043,0.785,0,1,normal,0
43.19,tcp,ftp,SF,351,992,5,4,0.002,0.916,0,1,normal,0
0.35,udp,telnet,REJ,58,0,441,488,0.75,0.911,0,0,dos,1
68.26,tcp,other,SF,280,0,4,3,0.0,0.808,0,1,normal,0
67.42,tcp,pop3,SF,711,90,3,5,0.0,0.897,0,1,normal,0
53.16,tcp,other,SF,149,0,6,5,0.0,0.855,0,1,normal,0
33.16,tcp,pop3,SF,710,1447,2,2,0.009,0.926,0,1,normal,0
0.0,tcp,telnet,RSTO,626,1541,3,1,0.015,0.95,0,1,normal,0
58.83,tcp,http,SF,541,303,9,6,0.028,1.0,0,1,normal,0
64.22,tcp,telnet,RSTR,369,2336,9,6,0.0,0.877,0,1,normal,0
94.03,tcp,pop3,SF,0,1252,1,7,0.048,1.0,0,1,normal,0
63.6,udp,dns,SF,489,1336,5,2,0.0,0.839,0,1,normal,0
38.48,tcp,pop3,SF,320,361,12,8,0.165,0.379,3,0,r2l,1
54.88,tcp,pop3,SF,426,1734,5,9,0.076,0.898,0,1,normal,0
72.39,tcp,telnet,SF,332,17,3,4,0.0,0.798,0,1,normal,0
18.92,tcp,ssh,SF,1046,1649,8,8,0.067,0.929,0,1,normal,0
1.39,tcp,telnet,S0,26,0,472,334,0.885,0.976,0,0,dos,1
0.72,tcp,telnet,SF,14,5,86,15,1.0,0.239,0,0,probe,1
1.15,tcp,dns,S0,47,6,463,325,0.94,0.972,0,0,dos,1
87.19,udp,ftp,SF,197,1236,3,7,0.0,0.865,0,1,normal,0
3.09,tcp,http,REJ,83,3,449,295,0.968,1.0,0,0,dos,1
40.4,udp,smtp,SF,277,976,1,8,0.044,0.858,0,1,normal,0
1.82,tcp,dns,S0,15,12,107,381,0.83,0.895,0,0,dos,1
0.36,tcp,smtp,REJ,79,0,288,453,0.936,0.984,0,0,dos,1
21.44,tcp,http,SF,811,2152,6,3,0.072,1.0,0,1,normal,0
87.02,tcp,ssh,SF,641,1589,7,4,0.062,0.889,0,1,normal,0
67.85,tcp,http,SF,627,1569,9,2,0.016,0.755,0,1,normal,0
0.0,tcp,dns,SF,523,1658,4,8,0.033,1.0,0,1,normal,0
3.43,udp,ssh,S0,5,1,299,196,0.754,1.0,0,0,dos,1
0.0,udp,pop3,SF,71,749,4,5,0.0,1.0,0,1,normal,0
4.31,tcp,ftp,S0,101,0,159,306,0.926,1.0,0,0,dos,1
93.5,udp,ssh,SF,732,841,4,1,0.0,0.925,0,1,u2r,1
0.0,tcp,telnet,S0,0,816,1,6,0.0,0.905,0,1,normal,0
79.23,tcp,dns,SF,900,1060,4,5,0.034,0.98,0,1,normal,0
38.96,tcp,ssh,SF,412,2228,5,5,0.064,0.88,0,1,normal,0
3.78,tcp,smtp,S0,55,0,387,364,0.796,1.0,0,0,dos,1
10.27,tcp,pop3,SF,673,1334,1,5,0.005,0.836,0,1,normal,0
70.28,tcp,smtp,SF,571,1465,2,2,0.0,1.0,0,1,normal,0
100.14,tcp,ssh,RSTR,45,2011,8,8,0.0,0.752,0,1,normal,0
0.0,tcp,smtp,S0,0,0,72,14,0.561,0.179,0,0,probe,1
110.24,tcp,smtp,SF,218,1115,5,2,0.043,1.0,0,1,normal,0
55.97,tcp,telnet,SF,426,1460,9,4,0.06,0.773,0,1,normal,0
32.51,tcp,ssh,SF,1648,444,4,1,0.063,0.631,0,1,u2r,1
0.0,tcp,pop3,S0,714,622,1,9,0.083,0.679,0,1,normal,0
79.36,udp,telnet,SF,373,1366,6,1,0.0,1.0,0,1,normal,0
26.18,tcp,ftp,SF,312,426,4,7,0.053,1.0,0,1,normal,0
104.57,tcp,smtp,SF,95,516,4,3,0.047,0.857,0,1,normal,0
69.55,tcp,smtp,SF,1068,0,7,2,0.026,0.858,0,1,normal,0
0.0,tcp,ftp,S0,250,0,9,9,0.016,0.928,0,1,normal,0
75.72,tcp,dns,SF,351,947,2,8,0.0,0.935,0,1,normal,0
24.98,tcp,telnet,SF,592,590,5,6,0.027,1.0,0,1,normal,0
0.0,tcp,pop3,SF,510,816,5,1,0.054,0.789,0,1,normal,0
57.38,tcp,http,SF,616,942,3,7,0.077,0.786,0,1,normal,0
0.0,tcp,other,SF,551,613,4,3,0.065,1.0,0,1,normal,0
0.0,icmp,telnet,S0,26,1,328,157,0.787,0.94,0,0,dos,1
4.08,tcp,ftp,S0,11,0,446,177,0.968,0.924,0,0,dos,1
37.12,tcp,other,SF,262,1391,5,2,0.0,0.803,0,1,normal,0
0.53,tcp,smtp,S0,16,0,66,9,0.528,0.365,0,0,probe,1
4.23,tcp,pop3,REJ,61,7,357,274,0.819,0.975,0,0,dos,1
115.8,tcp,dns,SF,0,972,1,3,0.0,0.918,0,1,normal,0
45.92,tcp,ssh,SF,187,237,1,8,0.193,0.398,1,1,r2l,1
3.97,udp,other,S0,0,2,49,16,0.153,0.252,0,0,probe,1
1.89,tcp,telnet,SF,354,1530,6,9,0.0,0.917,0,1,normal,0
15.12,udp,smtp,SF,483,1595,2,7,0.0,0.574,0,1,normal,0
101.79,tcp,telnet,SF,937,950,6,6,0.026,1.0,0,1,normal,0
81.6,udp,ftp,SF,0,1107,3,4,0.013,0.892,0,1,normal,0
2.62,tcp,ftp,S0,29,3,426,412,0.759,1.0,0,0,dos,1
94.75,udp,ssh,SF,413,847,6,2,0.088,0.894,0,1,normal,0
85.38,udp,ftp,SF,68,633,6,2,0.031,0.841,0,1,normal,0
58.02,tcp,http,SF,544,598,3,3,0.091,1.0,0,1,normal,0
0.0,tcp,smtp,S0,10,0,67,14,0.765,0.234,0,0,probe,1
0.0,tcp,http,S0,344,1975,2,1,0.0,0.891,0,1,normal,0
0.0,tcp,smtp,S0,51,0,207,224,0.836,0.785,0,0,dos,1
17.95,tcp,ftp,RSTR,836,479,2,3,0.0,0.924,0,1,normal,0
43.7,tcp,smtp,SF,403,772,8,3,0.026,0.952,0,1,normal,0
41.23,tcp,ssh,SF,343,1206,5,3,0.001,0.957,0,1,normal,0
59.56,udp,ftp,S0,347,0,3,8,0.001,1.0,0,1,normal,0
96.63,tcp,pop3,REJ,429,597,3,9,0.039,0.826,0,1,normal,0
29.5,tcp,ssh,SF,785,769,4,4,0.029,0.904,0,1,normal,0
76.15,udp,ssh,SF,777,1706,6,5,0.088,1.0,0,1,normal,0
41.2,udp,http,SF,904,233,9,6,0.008,0.858,0,1,normal,0
0.0,tcp,http,REJ,68,0,429,432,0.798,0.903,0,0,dos,1
6.52,tcp,other,S0,57,3,197,192,1.0,0.963,0,0,dos,1
60.94,tcp,pop3,SF,708,946,9,7,0.055,0.958,0,1,normal,0
2.62,tcp,http,RSTR,33,0,457,338,0.92,0.865,0,0,dos,1
77.88,icmp,pop3,SF,0,1435,7,8,0.011,0.897,0,1,normal,0
47.75,tcp,other,SF,591,3200,9,2,0.0,0.934,0,1,normal,0
8.23,tcp,ftp,RSTR,0,1230,7,6,0.0,1.0,0,1,normal,0
83.46,udp,ssh,SF,479,854,5,6,0.004,0.896,0,1,normal,0
3.57,tcp,other,RSTR,125,4,317,177,0.884,0.916,0,0,dos,1
91.15,tcp,pop3,SF,2,506,5,9,0.077,0.778,0,1,normal,0
100.32,tcp,dns,REJ,504,255,9,2,0.0,0.768,0,1,normal,0
36.11,tcp,ssh,RSTO,0,1344,5,8,0.0,1.0,0,1,normal,0
34.32,tcp,ssh,SF,303,1437,8,7,0.014,1.0,0,1,normal,0
92.42,tcp,ftp,SF,731,1351,9,3,0.0,0.718,0,1,normal,0
10.31,udp,other,SF,670,895,2,5,0.02,0.78,0,1,normal,0
71.31,tcp,dns,SF,161,864,3,4,0.058,0.787,0,1,normal,0
22.38,tcp,ftp,S0,177,1079,6,1,0.018,0.937,0,1,normal,0
83.47,icmp,pop3,SF,786,1220,4,6,0.0,0.833,0,1,normal,0
0.0,udp,other,REJ,21,0,20,17,1.0,0.087,0,0,probe,1
52.02,udp,other,SF,734,559,3,5,0.003,1.0,0,1,normal,0
29.38,udp,ssh,SF,438,301,8,3,0.0,0.816,0,1,normal,0
70.49,tcp,smtp,S0,1210,599,1,8,0.037,0.947,0,1,normal,0
64.55,udp,http,SF,527,1141,8,4,0.029,0.889,0,1,normal,0
35.72,tcp,ssh,S0,765,652,5,7,0.0,0.934,0,1,normal,0
90.86,tcp,ssh,SF,1041,1179,2,7,0.091,0.684,0,1,normal,0
35.1,tcp,ssh,SF,764,1434,4,2,0.013,0.853,0,1,normal,0
40.69,tcp,other,SF,790,1538,7,5,0.06,0.927,0,1,normal,0
70.06,tcp,ftp,RSTR,490,1122,9,9,0.094,1.0,0,1,normal,0
76.32,tcp,smtp,SF,0,1287,8,4,0.073,0.99,0,1,normal,0
112.31,icmp,http,SF,333,679,3,6,0.0,0.847,0,1,normal,0
4.23,tcp,ssh,SF,520,2027,2,9,0.026,0.992,0,1,normal,0
88.34,tcp,telnet,SF,783,319,5,9,0.046,1.0,0,1,normal,0
0.0,tcp,other,S0,94,3,362,504,0.872,0.897,0,0,dos,1
55.78,tcp,other,SF,241,765,7,5,0.099,0.952,0,1,normal,0
0.0,tcp,pop3,S0,78,5,272,481,0.946,0.898,0,0,dos,1
74.52,icmp,other,SF,390,1151,9,6,0.044,0.803,0,1,normal,0
0.0,icmp,dns,SF,154,727,8,4,0.023,0.776,0,1,normal,0
69.73,udp,ftp,SF,831,1275,4,9,0.0,0.885,0,1,normal,0
0.45,tcp,ssh,S0,67,0,255,326,0.903,0.974,0,0,dos,1
65.89,tcp,smtp,RSTO,325,1800,6,1,0.008,0.903,0,1,normal,0
46.65,tcp,ftp,SF,812,997,3,5,0.02,0.897,0,1,normal,0
0.69,tcp,http,SF,458,1083,5,4,0.09,0.902,0,1,normal,0
0.0,tcp,smtp,SF,11,618,4,6,0.087,0.922,0,1,normal,0
45.34,tcp,http,SF,385,647,7,1,0.0,0.411,2,1,r2l,1
73.68,tcp,dns,SF,652,446,6,8,0.024,0.854,0,1,normal,0
19.17,tcp,telnet,SF,501,814,3,6,0.0,0.912,0,1,normal,0
91.53,tcp,dns,SF,540,387,7,8,0.035,1.0,0,1,normal,0
58.77,udp,pop3,SF,0,1012,3,9,0.068,1.0,0,1,normal,0
3.11,udp,http,S0,0,0,21,4,0.663,0.221,0,0,probe,1
0.62,tcp,dns,S0,27,0,243,220,0.811,1.0,0,0,dos,1
5.59,tcp,smtp,REJ,16,0,80,8,0.288,0.0,0,0,probe,1
41.0,tcp,telnet,REJ,920,983,6,8,0.057,0.764,0,1,normal,0
58.5,tcp,telnet,SF,563,1354,7,9,0.061,0.67,0,1,normal,0
53.12,udp,other,SF,557,2025,8,9,0.033,0.797,0,1,normal,0
86.93,tcp,ssh,RSTR,732,1638,8,5,0.02,1.0,0,1,normal,0
5.09,tcp,telnet,S0,28,2,90,6,0.423,0.306,0,0,probe,1
57.26,tcp,other,SF,653,662,6,4,0.001,0.978,0,1,normal,0
52.24,tcp,other,RSTR,166,1779,1,7,0.013,1.0,0,1,normal,0
25.61,udp,http,SF,669,1848,3,4,0.0,0.899,0,1,normal,0
1.87,tcp,ftp,S0,53,1,235,439,0.926,0.867,0,0,dos,1
122.38,tcp,ssh,REJ,326,1192,3,8,0.014,0.83,0,1,normal,0
1.17,tcp,http,RSTR,90,5,130,243,0.876,1.0,0,0,dos,1
2.04,tcp,pop3,S0,63,1,128,256,0.847,0.997,0,0,dos,1
3.88,udp,pop3,S0,38,7,295,326,0.783,1.0,0,0,dos,1
36.6,tcp,http,SF,449,644,7,7,0.046,0.961,0,1,normal,0
10.21,tcp,ssh,SF,404,1545,8,3,0.015,1.0,0,1,normal,0
15.72,udp,other,RSTR,572,1419,3,9,0.0,0.857,0,1,normal,0
3.83,tcp,pop3,S0,91,0,284,406,0.913,0.925,0,0,dos,1
38.99,tcp,dns,SF,213,224,14,3,0.156,0.678,2,1,r2l,1
37.07,udp,dns,SF,345,1195,9,6,0.038,0.909,0,1,normal,0
0.0,tcp,ftp,SF,179,829,7,3,0.0,0.84,0,1,normal,0
127.17,tcp,smtp,RSTO,397,489,7,8,0.0,1.0,0,1,normal,0
80.22,tcp,http,S0,866,539,4,4,0.011,1.0,0,1,normal,0
108.97,udp,other,SF,639,784,9,1,0.01,0.893,0,1,normal,0
120.39,udp,ssh,SF,985,1173,3,6,0.006,0.948,0,1,normal,0
3.91,tcp,ftp,REJ,24,0,428,144,0.819,0.942,0,0,dos,1
42.08,udp,smtp,SF,586,615,6,4,0.08,1.0,0,1,normal,0
95.64,tcp,pop3,SF,411,1285,3,5,0.0,0.819,0,1,normal,0
53.09,tcp,smtp,SF,0,477,5,9,0.033,0.682,0,1,normal,0
79.51,udp,smtp,SF,850,1918,4,9,0.0,0.986,0,1,normal,0
47.49,udp,ssh,SF,670,486,4,7,0.072,0.864,0,1,normal,0
93.85,tcp,telnet,SF,154,1729,2,7,0.061,0.882,0,1,normal,0
0.0,tcp,dns,SF,532,1705,2,4,0.0,0.85,0,1,normal,0
9.13,tcp,pop3,SF,282,102,9,9,0.0,0.905,0,1,normal,0
65.93,tcp,http,SF,557,1589,9,5,0.0,0.916,0,1,normal,0
0.0,tcp,telnet,RSTR,881,1770,3,6,0.056,0.948,0,1,normal,0
79.2,tcp,ssh,SF,261,0,9,9,0.009,1.0,0,1,normal,0
62.29,udp,ssh,SF,814,210,2,3,0.0,0.68,0,1,normal,0
34.78,tcp,pop3,SF,920,981,3,3,0.118,0.917,0,1,normal,0
100.71,tcp,http,SF,521,691,9,2,0.067,0.844,0,1,normal,0
106.97,tcp,ftp,SF,86,411,9,1,0.046,0.968,0,1,normal,0
77.53,udp,other,SF,53,1154,9,3,0.074,0.884,0,1,normal,0
0.57,udp,ssh,SF,39,0,58,9,0.77,0.202,0,0,probe,1
20.94,tcp,pop3,SF,283,586,3,9,0.05,1.0,0,1,normal,0
0.0,tcp,smtp,SF,1093,1639,7,4,0.0,0.782,0,1,normal,0
84.33,udp,smtp,SF,609,869,6,5,0.082,0.795,0,1,normal,0
2.44,tcp,smtp,S0,29,0,283,191,0.99,0.891,0,0,dos,1
6.56,tcp,ftp,SF,924,963,8,6,0.044,0.861,0,1,normal,0
6.92,udp,dns,REJ,20,1,30,2,0.592,0.063,0,0,probe,1
40.4,tcp,http,SF,684,0,8,4,0.11,0.908,0,1,normal,0
1.16,tcp,ftp,S0,21,3,258,140,0.981,0.971,0,0,dos,1
0.0,tcp,other,S0,524,107,3,7,0.008,0.989,0,1,normal,0
76.28,udp,pop3,REJ,243,1094,9,9,0.017,1.0,0,1,normal,0
39.69,udp,dns,SF,25,1014,9,8,0.0,0.945,0,1,normal,0
116.39,tcp,dns,SF,248,2099,3,6,0.0,0.747,0,1,normal,0
2.29,tcp,dns,RSTR,33,0,341,287,0.872,0.961,0,0,dos,1
1.45,tcp,dns,RSTR,0,0,456,328,1.0,0.981,0,0,dos,1
31.19,tcp,other,SF,404,649,3,1,0.0,0.952,0,1,normal,0
92.64,tcp,telnet,SF,187,561,1,3,0.0,0.828,0,1,normal,0
30.15,tcp,http,SF,651,1390,7,9,0.0,1.0,0,1,normal,0
89.15,tcp,telnet,SF,229,1776,8,6,0.057,0.779,0,1,normal,0
56.74,tcp,telnet,REJ,354,1397,7,2,0.037,0.693,0,1,normal,0
0.0,icmp,telnet,SF,608,487,8,2,0.083,0.98,0,1,normal,0
13.89,tcp,telnet,RSTR,0,449,7,3,0.0,0.999,0,1,normal,0
2.19,tcp,http,REJ,19,0,104,494,0.953,0.948,0,0,dos,1
0.0,tcp,smtp,S0,106,0,337,459,0.873,0.969,0,0,dos,1
0.0,tcp,telnet,S0,42,0,497,239,0.933,0.983,0,0,dos,1
63.56,tcp,pop3,SF,147,33,5,6,0.019,0.984,0,1,normal,0
6.46,tcp,dns,S0,27,3,42,9,0.785,0.127,0,0,probe,1
53.85,tcp,ssh,SF,541,1420,6,3,0.105,0.94,0,1,normal,0
50.94,tcp,pop3,SF,339,741,3,5,0.0,0.958,0,1,normal,0
7.04,tcp,pop3,SF,659,1193,7,8,0.112,0.91,0,1,normal,0
0.99,tcp,dns,SF,12,0,91,6,0.575,0.43,0,0,probe,1
108.28,tcp,dns,SF,790,442,5,3,0.05,0.981,0,1,normal,0
0.0,tcp,ssh,REJ,85,0,251,138,1.0,1.0,0,0,dos,1
4.75,udp,ssh,SF,888,907,8,6,0.048,0.821,0,1,normal,0
1.37,tcp,telnet,S0,107,3,123,472,0.841,0.978,0,0,dos,1
87.83,icmp,ftp,SF,989,1145,7,8,0.098,0.831,0,1,normal,0
0.0,tcp,telnet,REJ,4,0,75,5,0.543,0.352,0,0,probe,1
106.35,tcp,pop3,REJ,832,369,8,7,0.043,0.853,0,1,normal,0
37.54,udp,dns,SF,857,907,9,4,0.0,0.982,0,1,normal,0
1.18,tcp,other,S0,50,0,331,135,0.897,0.958,0,0,dos,1
0.0,tcp,dns,SF,754,2187,9,1,0.039,0.965,0,1,normal,0
35.75,tcp,ssh,SF,955,2149,3,4,0.036,0.622,0,1,normal,0
5.69,tcp,pop3,S0,62,7,360,222,0.804,0.876,0,0,dos,1
32.09,tcp,ftp,SF,468,610,8,9,0.0,0.895,0,1,normal,0
0.0,icmp,ssh,S0,74,0,249,137,0.88,1.0,0,0,dos,1
98.03,udp,pop3,REJ,609,837,2,1,0.108,0.873,0,1,normal,0
0.0,tcp,http,RSTR,24,2,198,200,0.823,0.932,0,0,dos,1
0.34,udp,http,RSTR,672,68,6,3,0.011,0.817,0,1,normal,0
100.43,tcp,dns,S0,1101,81,6,1,0.02,0.864,0,1,normal,0
3.65,tcp,dns,SF,23,0,90,7,0.506,0.175,0,0,probe,1
44.99,tcp,ssh,REJ,462,1522,7,1,0.03,1.0,0,1,normal,0
97.07,tcp,pop3,SF,0,110,1,5,0.07,0.695,0,1,normal,0
0.66,icmp,ftp,S0,994,124,3,8,0.0,0.785,0,1,normal,0
52.77,tcp,http,REJ,669,983,8,9,0.052,0.874,0,1,normal,0
0.0,udp,pop3,SF,428,1679,4,7,0.006,0.863,0,1,normal,0
62.92,tcp,smtp,SF,181,533,6,8,0.092,0.82,0,1,normal,0
4.85,tcp,other,S0,11,3,44,2,0.468,0.252,0,0,probe,1
43.98,tcp,other,SF,632,1420,9,6,0.062,0.7,0,1,normal,0
32.01,tcp,http,SF,536,1199,7,5,0.0,1.0,0,1,normal,0
19.44,udp,other,SF,129,837,6,3,0.096,0.889,0,1,normal,0
16.61,tcp,other,RSTR,543,1174,7,3,0.109,0.92,0,1,normal,0
79.48,udp,ssh,SF,605,1558,5,2,0.174,0.834,0,1,normal,0
30.83,tcp,dns,SF,128,190,10,6,0.095,0.485,2,1,r2l,1
50.48,tcp,ssh,RSTR,749,1060,3,7,0.067,0.936,0,1,normal,0
60.23,icmp,dns,RSTR,350,1018,3,9,0.05,0.946,0,1,normal,0
2.95,tcp,ftp,S0,93,0,468,225,0.978,0.955,0,0,dos,1
20.2,tcp,pop3,SF,615,1365,1,9,0.045,0.992,0,1,normal,0
33.68,tcp,ftp,SF,506,717,4,6,0.0,0.82,0,1,normal,0
99.68,tcp,ssh,SF,520,1130,8,6,0.0,0.904,0,1,normal,0
61.45,tcp,pop3,S0,214,1047,1,4,0.0,0.917,0,1,normal,0
18.61,udp,ftp,SF,554,1449,6,4,0.0,0.905,0,1,normal,0
4.36,icmp,other,REJ,52,3,355,131,0.992,1.0,0,0,dos,1
0.0,tcp,telnet,SF,546,1549,3,9,0.074,0.987,0,1,normal,0
48.87,tcp,other,SF,566,1431,7,9,0.03,0.862,0,1,normal,0
14.81,tcp,http,SF,799,865,4,6,0.08,0.851,0,1,normal,0
2.13,udp,ssh,REJ,41,0,495,314,1.0,0.959,0,0,dos,1
1.81,tcp,ssh,S0,86,5,335,343,0.922,0.948,0,0,dos,1
0.0,udp,telnet,S0,32,0,78,8,0.436,0.253,0,0,probe,1
59.97,tcp,pop3,SF,885,1775,9,2,0.051,0.731,0,1,normal,0
0.0,tcp,telnet,S0,24,0,236,108,0.974,0.847,0,0,dos,1
43.2,udp,ssh,SF,323,1209,3,6,0.004,0.814,0,1,normal,0
41.32,tcp,ssh,SF,114,1789,7,7,0.0,0.953,0,1,normal,0
69.65,udp,http,SF,257,1389,3,5,0.042,0.754,0,1,normal,0
0.0,tcp,pop3,S0,25,0,392,254,0.843,0.911,0,0,dos,1
120.18,tcp,other,SF,547,355,8,3,0.092,0.855,0,1,normal,0
16.1,udp,telnet,SF,142,1162,8,6,0.0,0.932,0,1,normal,0
71.65,icmp,smtp,SF,802,1059,2,6,0.025,0.75,0,1,normal,0
13.58,tcp,other,SF,1013,809,9,4,0.061,1.0,0,1,normal,0
123.29,icmp,ssh,SF,681,92,2,1,0.034,0.761,1,1,u2r,1
0.16,icmp,dns,REJ,41,0,148,510,0.84,0.884,0,0,dos,1
30.14,tcp,ftp,SF,688,1930,5,1,0.0,1.0,0,1,normal,0
4.37,udp,other,SF,662,740,9,8,0.059,0.869,0,1,normal,0
55.45,tcp,ssh,S0,776,565,7,4,0.004,0.887,0,1,normal,0
0.0,tcp,smtp,S0,45,0,445,151,0.804,0.976,0,0,dos,1
53.77,tcp,telnet,SF,0,1429,5,2,0.0,0.791,0,1,normal,0
4.84,udp,ftp,SF,462,108,4,4,0.031,0.814,0,1,normal,0
15.99,tcp,telnet,SF,230,232,9,4,0.0,0.975,0,1,normal,0
21.67,tcp,smtp,SF,562,1126,3,6,0.142,0.934,0,1,normal,0
51.22,tcp,other,SF,597,2455,9,6,0.023,1.0,0,1,normal,0
0.0,tcp,ftp,SF,0,1620,7,9,0.0,1.0,0,1,normal,0
32.25,udp,dns,SF,264,210,13,6,0.189,0.812,4,1,r2l,1
45.18,udp,smtp,SF,423,995,8,8,0.118,1.0,0,1,normal,0
62.31,tcp,pop3,SF,150,1207,1,5,0.08,0.852,0,1,normal,0
27.2,udp,http,S0,446,47,2,5,0.081,0.88,0,1,normal,0
53.04,tcp,smtp,SF,778,580,1,6,0.0,0.861,0,1,normal,0
37.57,tcp,smtp,SF,520,596,5,6,0.06,0.758,0,1,normal,0
68.36,udp,http,SF,864,659,8,7,0.105,0.749,0,1,normal,0
1.25,tcp,dns,RSTR,74,6,363,253,0.858,1.0,0,0,dos,1
55.55,tcp,ssh,REJ,706,1573,1,9,0.079,0.94,0,1,normal,0
9.39,tcp,dns,SF,156,566,10,6,0.111,0.895,3,1,r2l,1
78.68,tcp,other,S0,470,955,5,9,0.0,0.883,0,1,normal,0
56.96,tcp,other,REJ,689,1667,1,5,0.04,0.777,0,1,normal,0
89.57,tcp,ftp,SF,45,550,9,9,0.0,0.844,0,1,normal,0
3.21,tcp,ftp,S0,74,0,228,314,0.972,0.931,0,0,dos,1
0.71,tcp,telnet,S0,54,3,502,422,0.743,0.906,0,0,dos,1
73.28,tcp,telnet,SF,475,618,4,2,0.0,1.0,0,1,normal,0
72.24,icmp,smtp,SF,737,1523,2,9,0.0,0.876,0,1,normal,0
119.02,udp,ftp,SF,630,390,9,7,0.015,1.0,0,1,normal,0
10.42,tcp,other,SF,148,1279,3,2,0.015,0.954,0,1,normal,0
73.02,tcp,ftp,SF,896,627,3,4,0.0,0.942,0,1,u2r,1
50.36,tcp,other,SF,766,1121,3,4,0.0,0.966,0,1,normal,0
78.45,tcp,http,REJ,973,759,5,1,0.0,0.801,0,1,normal,0
26.94,tcp,other,SF,13,108,2,1,0.235,0.448,4,0,r2l,1
1.37,tcp,dns,S0,52,5,254,285,0.916,1.0,0,0,dos,1
0.0,tcp,other,RSTR,51,0,304,381,0.861,1.0,0,0,dos,1
48.03,tcp,dns,SF,407,444,9,6,0.086,0.908,0,1,normal,0
25.72,tcp,pop3,SF,1049,54,7,5,0.031,0.935,0,1,normal,0
82.87,tcp,ssh,RSTR,298,1316,6,5,0.0,0.921,0,1,normal,0
58.32,tcp,ssh,SF,126,1706,6,1,0.0,0.845,0,1,normal,0
52.43,tcp,ftp,SF,164,710,9,5,0.022,0.994,0,1,normal,0
46.35,tcp,http,SF,448,161,9,5,0.0,0.804,0,1,normal,0
75.2,tcp,pop3,SF,292,2005,2,3,0.037,0.976,0,1,normal,0
104.92,tcp,telnet,SF,971,602,9,1,0.0,0.861,0,1,normal,0
68.73,tcp,dns,SF,494,1163,8,2,0.0,1.0,0,1,normal,0
94.06,tcp,dns,SF,965,1160,1,3,0.035,0.932,0,1,normal,0
0.0,tcp,smtp,SF,13,288,3,3,0.004,0.734,0,1,normal,0
64.25,tcp,ftp,SF,1100,1002,3,5,0.111,1.0,0,1,normal,0
1.86,udp,ssh,S0,24,0,241,401,1.0,0.87,0,0,dos,1
3.5,tcp,telnet,S0,36,4,451,367,1.0,0.927,0,0,dos,1
35.84,tcp,telnet,SF,1060,1700,8,8,0.045,0.968,0,1,normal,0
41.3,tcp,http,SF,172,1581,5,3,0.0,0.966,0,1,normal,0
0.0,tcp,pop3,SF,743,316,8,3,0.0,0.914,0,1,normal,0
107.37,tcp,ssh,SF,934,1291,7,8,0.088,0.85,0,1,normal,0
42.11,tcp,other,SF,0,1434,6,8,0.0,0.758,0,1,normal,0
29.05,tcp,pop3,SF,303,734,2,4,0.078,0.783,4,1,r2l,1
143.33,tcp,telnet,SF,830,1407,4,9,0.066,0.764,0,1,normal,0
81.58,udp,smtp,SF,872,844,8,5,0.009,0.882,0,1,normal,0
3.62,tcp,ssh,S0,9,0,407,236,1.0,1.0,0,0,dos,1
62.92,tcp,smtp,RSTR,457,1006,4,8,0.008,0.905,0,1,normal,0
112.9,tcp,http,SF,695,590,3,3,0.015,0.818,0,1,normal,0
22.18,udp,ftp,RSTO,79,0,3,8,0.045,0.835,0,1,normal,0
2.44,tcp,other,REJ,34,0,20,12,0.432,0.165,0,0,probe,1
32.86,tcp,ssh,SF,0,410,7,1,0.0,0.983,0,1,normal,0
17.14,tcp,other,SF,505,1561,4,6,0.0,0.768,0,1,normal,0
1.01,tcp,http,S0,48,0,436,462,0.824,0.928,0,0,dos,1
61.72,tcp,telnet,SF,0,979,3,5,0.073,1.0,0,1,normal,0
4.24,udp,pop3,S0,25,4,390,233,0.908,0.876,0,0,dos,1
28.12,tcp,telnet,SF,489,693,6,1,0.0,0.956,0,1,normal,0
150.48,tcp,dns,SF,1095,1369,7,5,0.072,0.952,0,1,normal,0
88.84,tcp,dns,SF,349,1805,4,3,0.0,0.769,0,1,normal,0
193.11,tcp,dns,SF,605,398,4,4,0.094,0.748,0,1,u2r,1
0.0,udp,other,SF,910,1189,2,5,0.0,0.755,0,1,normal,0
27.79,tcp,ssh,SF,896,1357,6,1,0.0,1.0,0,1,normal,0
1.46,tcp,ssh,S0,19,3,76,17,0.516,0.06,0,0,probe,1
41.61,tcp,http,SF,218,1415,5,3,0.035,0.886,0,1,normal,0
1.18,tcp,http,REJ,38,6,275,179,0.84,0.861,0,0,dos,1
52.39,tcp,dns,SF,420,1302,9,8,0.057,0.892,0,1,normal,0
75.02,tcp,dns,SF,824,468,3,8,0.013,1.0,0,1,normal,0
0.0,tcp,http,REJ,28,0,105,164,0.945,0.982,0,0,dos,1
2.14,udp,ssh,S0,31,0,297,496,0.866,0.944,0,0,dos,1
0.0,tcp,other,SF,688,734,8,4,0.036,1.0,0,1,normal,0
96.14,tcp,smtp,SF,1589,1110,4,4,0.111,0.384,1,1,u2r,1
0.89,udp,telnet,REJ,0,3,68,19,0.431,0.111,0,0,probe,1
2.6,tcp,pop3,REJ,22,0,87,19,0.623,0.249,0,0,probe,1
67.91,tcp,ftp,REJ,715,1353,8,4,0.038,0.767,0,1,normal,0
100.64,tcp,ssh,SF,582,955,2,2,0.068,0.752,0,1,normal,0
34.79,udp,ftp,REJ,876,1398,7,7,0.01,0.962,0,1,normal,0
41.88,tcp,telnet,SF,1235,526,5,9,0.015,1.0,0,1,normal,0
45.63,udp,http,SF,394,1835,3,8,0.0,1.0,0,1,normal,0
63.45,tcp,other,SF,140,838,6,1,0.025,0.931,0,1,normal,0
130.33,tcp,smtp,SF,302,1156,6,7,0.031,0.816,0,1,normal,0
89.3,tcp,telnet,SF,735,1362,2,7,0.025,1.0,0,1,normal,0
19.33,tcp,dns,SF,189,1465,7,7,0.091,0.816,0,1,normal,0
97.97,tcp,other,SF,551,0,6,6,0.027,1.0,0,1,normal,0
15.57,tcp,telnet,SF,933,963,7,7,0.021,0.815,0,1,normal,0
7.56,udp,smtp,SF,291,379,8,5,0.034,0.577,3,0,r2l,1
0.6,tcp,telnet,REJ,21,5,210,129,0.748,0.937,0,0,dos,1
19.73,tcp,other,RSTR,572,1188,2,9,0.138,0.892,0,1,normal,0
23.23,icmp,smtp,S0,354,1970,4,2,0.014,0.652,0,1,normal,0
40.42,icmp,ftp,SF,345,568,8,1,0.096,1.0,0,1,normal,0
98.63,tcp,smtp,SF,26,1368,1,6,0.0,0.811,0,1,normal,0
0.0,udp,pop3,S0,40,0,183,391,1.0,0.941,0,0,dos,1
27.56,tcp,ssh,RSTR,0,769,4,4,0.0,0.875,0,1,normal,0
71.94,tcp,ftp,RSTR,320,344,1,7,0.0,0.941,0,1,normal,0
0.0,tcp,telnet,SF,299,2524,7,1,0.0,0.817,0,1,normal,0
0.0,tcp,smtp,S0,68,8,427,436,0.875,0.923,0,0,dos,1
7.07,tcp,telnet,SF,0,336,8,8,0.101,0.186,4,0,r2l,1
2.14,tcp,pop3,SF,8,0,56,12,0.821,0.255,0,0,probe,1
50.35,tcp,http,SF,118,556,3,1,0.085,0.877,0,1,normal,0
1.81,udp,dns,S0,4,5,441,150,0.953,0.997,0,0,dos,1
33.12,tcp,ftp,SF,417,1221,5,5,0.0,0.722,0,1,normal,0
97.21,tcp,telnet,SF,0,879,4,4,0.0,0.915,0,1,normal,0
5.64,udp,smtp,S0,30,0,47,8,0.337,0.3,0,0,probe,1
75.81,udp,smtp,SF,107,832,7,7,0.039,0.876,0,1,normal,0
9.05,tcp,ssh,SF,180,546,7,9,0.192,0.514,2,1,r2l,1
49.47,tcp,http,REJ,627,1172,3,7,0.0,0.9,0,1,normal,0
18.4,tcp,ssh,SF,646,0,5,6,0.054,0.901,0,1,normal,0
51.12,tcp,telnet,SF,987,688,2,7,0.055,1.0,0,1,normal,0
0.0,tcp,other,REJ,69,0,75,19,0.209,0.097,0,0,probe,1
52.96,tcp,ftp,SF,290,703,4,5,0.0,0.788,0,1,normal,0
0.33,icmp,ssh,S0,65,2,187,467,0.945,0.983,0,0,dos,1
67.58,tcp,http,SF,678,2485,7,6,0.056,0.93,0,1,normal,0
1.72,udp,telnet,RSTR,46,0,197,363,0.967,0.97,0,0,dos,1
142.73,udp,other,RSTO,788,1219,8,6,0.104,0.923,0,1,normal,0
68.46,icmp,dns,SF,501,1490,5,8,0.0,0.884,0,1,normal,0
0.71,tcp,dns,REJ,22,0,346,486,0.72,0.957,0,0,dos,1
1.83,tcp,telnet,S0,55,2,308,415,1.0,0.87,0,0,dos,1
41.26,udp,http,S0,357,0,3,6,0.0,1.0,0,1,normal,0
15.16,tcp,ftp,SF,950,908,3,4,0.14,1.0,0,1,normal,0
114.06,icmp,telnet,S0,154,595,7,5,0.05,1.0,0,1,normal,0
5.15,tcp,smtp,SF,241,359,6,8,0.11,0.463,2,0,r2l,1
80.74,tcp,http,SF,716,404,8,3,0.124,0.767,0,1,normal,0
0.0,tcp,smtp,REJ,59,0,169,493,0.845,0.869,0,0,dos,1
50.66,tcp,smtp,SF,217,2659,7,1,0.127,0.727,0,1,normal,0
3.04,tcp,dns,S0,21,3,197,198,1.0,0.927,0,0,dos,1
5.34,tcp,smtp,SF,618,0,3,1,0.033,0.845,0,1,normal,0
0.0,tcp,telnet,SF,784,1006,7,2,0.042,0.762,0,1,normal,0
0.0,tcp,telnet,SF,561,1722,3,9,0.0,0.79,0,1,normal,0
81.07,udp,ssh,SF,677,759,9,4,0.078,0.747,0,1,normal,0
75.44,tcp,ftp,SF,425,220,5,5,0.026,0.756,0,1,normal,0
18.66,tcp,pop3,SF,457,0,7,7,0.0,0.922,0,1,normal,0
0.0,udp,pop3,S0,42,0,349,475,1.0,0.923,0,0,dos,1
93.11,tcp,telnet,SF,797,991,7,1,0.0,0.896,0,1,normal,0
89.81,tcp,telnet,SF,547,950,1,8,0.081,0.794,0,1,normal,0
19.98,tcp,smtp,SF,214,359,10,3,0.0,0.477,4,0,r2l,1
49.1,udp,other,SF,376,1316,7,8,0.081,0.862,0,1,normal,0
58.7,tcp,other,SF,297,1,9,2,0.0,0.864,0,1,normal,0
44.34,tcp,dns,SF,0,52,1,1,0.148,0.627,2,0,r2l,1
2.65,udp,smtp,REJ,21,3,293,334,0.831,0.886,0,0,dos,1
1.53,tcp,other,S0,0,0,80,8,0.516,0.306,0,0,probe,1
2.4,tcp,pop3,S0,51,0,274,490,1.0,0.954,0,0,dos,1
95.57,tcp,pop3,SF,624,1382,1,9,0.0,0.983,0,1,normal,0
2.08,icmp,smtp,SF,104,297,4,9,0.024,0.911,0,1,normal,0
10.86,tcp,dns,SF,34,610,7,7,0.012,0.786,0,1,normal,0
4.66,tcp,dns,REJ,37,1,29,8,0.633,0.488,0,0,probe,1
0.0,tcp,dns,S0,0,0,164,297,0.819,0.973,0,0,dos,1
48.02,tcp,pop3,SF,15,369,8,7,0.034,0.98,0,1,normal,0
69.8,tcp,ftp,SF,771,954,7,6,0.019,0.866,0,1,normal,0
0.0,tcp,ftp,RSTR,641,1241,1,4,0.009,1.0,0,1,normal,0
21.14,udp,telnet,SF,464,929,3,4,0.048,0.916,0,1,normal,0
0.0,tcp,other,RSTR,0,9,228,353,0.869,1.0,0,0,dos,1
36.89,tcp,ftp,S0,906,1318,5,2,0.049,0.871,0,1,normal,0
9.9,udp,other,SF,545,1334,4,2,0.0,0.808,0,1,normal,0
0.78,tcp,smtp,SF,27,2,22,8,0.168,0.265,0,0,probe,1
51.07,udp,ftp,SF,355,1982,5,6,0.059,1.0,0,1,normal,0
78.11,udp,ftp,RSTR,603,698,8,8,0.0,0.962,0,1,normal,0
0.0,tcp,smtp,SF,1086,1841,5,2,0.0,0.781,0,1,normal,0
13.63,tcp,telnet,SF,261,1007,2,3,0.023,0.955,0,1,normal,0
61.81,tcp,other,SF,548,856,2,9,0.025,0.941,0,1,normal,0
0.0,tcp,ssh,RSTR,704,872,2,8,0.047,0.912,0,1,normal,0
42.4,udp,smtp,SF,378,1072,9,7,0.0,0.83,0,1,normal,0
0.0,tcp,pop3,SF,348,1126,2,9,0.0,0.822,0,1,normal,0
59.05,tcp,http,SF,476,2198,7,9,0.066,0.965,0,1,normal,0
88.54,udp,ftp,SF,495,1539,1,9,0.051,1.0,0,1,normal,0
25.22,udp,pop3,SF,356,7,3,7,0.0,0.869,2,1,r2l,1
94.9,tcp,other,SF,528,1240,7,5,0.107,0.712,0,1,normal,0
30.31,udp,telnet,SF,586,1221,6,4,0.0,0.919,0,1,normal,0
1.06,tcp,ftp,S0,40,1,346,491,0.789,0.958,0,0,dos,1
90.77,tcp,telnet,S0,970,934,5,2,0.026,1.0,0,1,normal,0
49.42,icmp,other,SF,410,225,4,2,0.053,0.965,0,1,normal,0
0.0,tcp,telnet,S0,79,0,199,392,0.923,0.942,0,0,dos,1
41.02,tcp,telnet,SF,356,1751,2,6,0.023,0.892,0,1,normal,0
2.2,udp,ssh,SF,350,583,9,9,0.0,0.825,0,1,normal,0
1.38,udp,http,S0,45,0,391,467,0.774,0.863,0,0,dos,1
34.01,tcp,other,SF,1165,1521,5,8,0.059,0.82,0,1,normal,0
20.83,tcp,other,S0,129,703,8,2,0.0,1.0,0,1,normal,0
0.0,tcp,smtp,RSTO,662,2100,6,6,0.037,0.789,0,1,normal,0
77.46,tcp,telnet,SF,651,1705,5,8,0.001,1.0,0,1,normal,0
0.15,tcp,telnet,S0,12,4,358,462,0.879,1.0,0,0,dos,1
63.17,tcp,dns,SF,525,1460,6,2,0.0,0.756,0,1,normal,0
87.03,tcp,http,SF,878,1349,8,1,0.021,0.874,0,1,normal,0
54.67,tcp,smtp,REJ,505,1746,4,9,0.045,0.91,0,1,normal,0
2.12,udp,ssh,S0,44,0,46,10,0.287,0.291,0,0,probe,1
26.37,icmp,smtp,SF,660,1623,8,8,0.0,0.962,0,1,normal,0
29.55,tcp,ssh,SF,597,1654,2,8,0.0,0.907,0,1,normal,0
81.67,tcp,telnet,SF,1093,2644,1,9,0.02,0.846,0,1,normal,0
48.12,tcp,smtp,SF,394,1081,3,6,0.0,0.819,0,1,normal,0
58.04,tcp,telnet,SF,524,645,5,7,0.0,0.805,0,1,normal,0
0.0,tcp,other,REJ,36,0,27,16,0.307,0.042,0,0,probe,1
105.92,tcp,ssh,RSTR,860,165,1,7,0.168,0.885,0,1,normal,0
14.92,tcp,other,SF,76,739,3,2,0.0,1.0,0,1,normal,0
0.0,tcp,telnet,SF,501,1215,6,9,0.006,1.0,0,1,normal,0
63.91,udp,pop3,RSTR,709,1214,7,8,0.0,0.813,0,1,normal,0
39.82,tcp,ftp,SF,350,1040,7,3,0.0,0.841,0,1,normal,0
3.42,tcp,smtp,RSTR,65,2,164,276,0.818,0.919,0,0,dos,1
37.47,tcp,smtp,REJ,691,844,1,7,0.025,0.957,0,1,normal,0
0.57,udp,http,REJ,17,4,280,411,1.0,0.939,0,0,dos,1
40.1,udp,other,SF,634,163,6,2,0.063,0.905,0,1,normal,0
12.97,icmp,telnet,SF,1061,89,3,7,0.005,0.913,0,1,normal,0
137.85,udp,http,SF,428,1216,6,4,0.0,0.679,0,1,normal,0
83.29,udp,smtp,SF,893,2491,5,6,0.0,0.797,0,1,normal,0
125.94,tcp,smtp,SF,908,611,4,4,0.014,1.0,0,1,normal,0
15.66,tcp,other,SF,152,308,1,4,0.057,0.646,1,0,r2l,1
4.41,udp,ftp,SF,24,0,74,12,0.38,0.074,0,0,probe,1
4.85,tcp,telnet,S0,84,5,279,365,0.87,0.933,0,0,dos,1
3.04,tcp,pop3,REJ,6,0,91,12,0.378,0.169,0,0,probe,1
76.46,tcp,telnet,SF,380,739,2,2,0.02,0.837,0,1,normal,0
62.47,udp,dns,SF,742,893,7,1,0.0,0.99,0,1,normal,0
43.63,tcp,other,SF,495,820,5,1,0.0,0.885,0,1,normal,0
0.0,udp,http,REJ,37,5,59,9,0.729,0.035,0,0,probe,1
62.43,tcp,pop3,SF,423,0,8,5,0.0,0.749,0,1,normal,0
71.62,udp,pop3,SF,362,817,6,2,0.019,0.868,0,1,normal,0
37.03,tcp,other,SF,54,619,4,7,0.033,0.883,0,1,normal,0
55.88,tcp,other,SF,626,1804,8,9,0.02,0.807,0,1,normal,0
1.4,tcp,other,REJ,37,0,235,115,0.932,0.939,0,0,dos,1
65.1,icmp,dns,SF,472,1083,8,2,0.017,1.0,0,1,normal,0
59.54,tcp,telnet,SF,344,305,2,5,0.032,0.876,0,1,normal,0
2.4,tcp,pop3,S0,94,0,229,192,0.722,0.991,0,0,dos,1
83.11,udp,telnet,SF,163,708,1,2,0.095,0.837,0,1,normal,0
80.17,icmp,other,SF,546,1260,4,2,0.003,0.797,0,1,normal,0
38.21,icmp,dns,SF,0,908,9,2,0.0,0.849,0,1,normal,0
23.73,tcp,dns,SF,0,2528,9,6,0.02,0.876,0,1,normal,0
43.49,udp,ssh,REJ,0,892,1,5,0.056,0.994,0,1,normal,0
12.67,tcp,smtp,RSTO,506,0,8,5,0.0,0.721,0,1,normal,0
0.0,udp,ftp,SF,1307,388,2,9,0.018,0.878,0,1,normal,0
86.04,tcp,ftp,SF,424,762,8,2,0.0,1.0,0,1,normal,0
84.39,tcp,ftp,SF,0,18,1,6,0.011,0.936,0,1,normal,0
2.0,icmp,smtp,SF,33,5,30,12,0.413,0.242,0,0,probe,1
52.81,icmp,smtp,SF,322,1605,2,1,0.049,0.766,0,1,normal,0
38.17,tcp,pop3,SF,807,592,2,5,0.0,0.852,0,1,normal,0
72.63,tcp,http,SF,782,903,4,7,0.03,1.0,0,1,normal,0
92.64,tcp,http,SF,193,1130,4,1,0.107,1.0,0,1,normal,0
9.85,tcp,smtp,S0,32,4,52,17,0.906,0.082,0,0,probe,1
31.73,tcp,smtp,SF,775,1754,6,1,0.0,0.905,0,1,normal,0
64.65,tcp,ftp,SF,217,357,9,7,0.0,0.81,0,1,normal,0
65.55,tcp,dns,SF,173,1415,6,3,0.042,0.815,0,1,normal,0
0.0,tcp,telnet,S0,55,0,397,207,0.906,0.831,0,0,dos,1
97.03,tcp,http,SF,462,630,3,8,0.018,0.867,0,1,normal,0
0.0,udp,pop3,S0,52,2,375,120,0.729,0.902,0,0,dos,1
104.17,tcp,http,SF,418,1618,8,5,0.042,0.795,0,1,normal,0
62.18,tcp,pop3,SF,0,1247,4,9,0.0,0.789,0,1,normal,0
1.04,tcp,ftp,S0,79,1,155,409,0.833,0.965,0,0,dos,1
126.15,udp,ftp,S0,570,1353,3,7,0.0,0.835,0,1,normal,0
104.72,icmp,http,SF,1180,1570,7,9,0.0,0.903,0,1,normal,0
85.07,tcp,dns,SF,238,667,3,6,0.094,0.987,0,1,normal,0
44.6,tcp,smtp,SF,715,625,6,8,0.036,0.852,0,1,normal,0
17.28,tcp,http,SF,918,1405,6,8,0.078,0.834,0,1,normal,0
62.84,tcp,other,SF,291,0,4,9,0.089,0.985,0,1,normal,0
93.01,tcp,pop3,SF,1092,1328,2,6,0.0,0.979,0,1,normal,0
0.0,tcp,http,SF,736,538,1,2,0.0,0.836,0,1,normal,0
64.75,tcp,smtp,SF,241,965,8,3,0.0,0.847,0,1,normal,0
0.0,tcp,pop3,S0,43,13,239,150,0.804,0.933,0,0,dos,1
52.58,tcp,other,SF,591,1332,8,3,0.0,0.888,0,1,normal,0
102.53,tcp,telnet,SF,619,1496,5,6,0.079,1.0,0,1,normal,0
5.68,tcp,dns,SF,790,814,9,9,0.0,0.89,0,1,normal,0
80.02,tcp,telnet,SF,872,1357,9,9,0.074,0.966,0,1,normal,0
162.0,udp,ssh,SF,341,1585,4,4,0.0,0.718,0,1,normal,0
0.93,tcp,telnet,S0,56,0,389,271,0.818,0.956,0,0,dos,1
1.63,tcp,ftp,S0,90,4,315,490,1.0,0.985,0,0,dos,1
29.91,udp,smtp,RSTR,472,593,5,6,0.0,0.946,0,1,normal,0
0.0,icmp,dns,S0,23,1,322,400,0.808,0.874,0,0,dos,1
1.26,tcp,http,S0,34,3,114,227,0.902,0.926,0,0,dos,1
0.09,tcp,telnet,S0,93,0,190,355,0.791,0.98,0,0,dos,1
2.47,udp,ssh,S0,89,0,263,226,0.995,1.0,0,0,dos,1
34.88,tcp,other,S0,475,1143,7,7,0.0,0.894,0,1,normal,0
0.0,tcp,pop3,SF,333,1103,6,7,0.0,0.712,0,1,normal,0
99.49,tcp,other,SF,366,1458,2,2,0.11,0.835,0,1,normal,0
26.77,tcp,other,REJ,553,823,4,9,0.0,0.747,0,1,normal,0
1.78,tcp,telnet,REJ,0,2,444,215,0.924,0.999,0,0,dos,1
131.45,tcp,http,S0,529,1091,5,6,0.0,0.762,0,1,normal,0
65.7,tcp,smtp,SF,283,541,6,9,0.038,0.98,0,1,normal,0
2.5,tcp,dns,REJ,25,5,360,196,0.994,0.868,0,0,dos,1
0.0,tcp,ftp,RSTO,0,407,9,1,0.042,0.849,0,1,normal,0
0.65,tcp,ssh,S0,43,2,426,337,0.923,0.861,0,0,dos,1
23.6,tcp,smtp,SF,351,1291,6,6,0.051,0.995,0,1,normal,0
12.97,udp,pop3,SF,0,0,4,9,0.03,0.983,0,1,normal,0
98.9,tcp,dns,SF,926,452,2,8,0.044,0.921,0,1,normal,0
9.31,tcp,ftp,SF,0,871,4,7,0.165,0.954,0,1,normal,0
0.0,tcp,smtp,SF,334,1284,6,7,0.083,0.832,0,1,normal,0
163.69,udp,http,SF,271,2250,2,2,0.018,0.786,0,1,normal,0
115.56,tcp,smtp,SF,637,1556,5,3,0.027,0.829,0,1,normal,0
53.49,icmp,ftp,SF,668,1187,4,4,0.038,0.827,0,1,normal,0
1.48,tcp,ssh,S0,44,0,406,296,0.941,0.961,0,0,dos,1
28.55,tcp,dns,SF,456,478,8,4,0.0,0.776,0,1,normal,0
76.54,udp,ssh,SF,528,2562,7,3,0.086,0.933,0,1,normal,0
36.08,udp,pop3,SF,323,1439,8,1,0.0,0.885,0,1,normal,0
2.1,icmp,telnet,SF,0,6,86,5,0.567,0.33,0,0,probe,1
0.98,tcp,http,RSTR,29,0,210,295,0.794,0.884,0,0,dos,1
35.36,tcp,ssh,S0,99,105,3,8,0.252,0.841,3,1,r2l,1
2.58,tcp,telnet,S0,8,5,71,13,0.36,0.213,0,0,probe,1
94.72,tcp,http,RSTO,0,822,4,6,0.0,0.939,0,1,normal,0
71.32,tcp,other,SF,697,833,5,3,0.0,0.991,0,1,normal,0
0.0,tcp,telnet,SF,518,1781,7,9,0.0,0.927,0,1,normal,0
0.0,tcp,smtp,S0,19,0,85,6,0.374,0.0,0,0,probe,1
42.03,tcp,ssh,SF,628,1380,3,3,0.031,0.741,0,1,normal,0
0.0,tcp,ssh,SF,411,693,9,7,0.055,1.0,0,1,normal,0
0.0,udp,ftp,REJ,3,0,62,3,0.584,0.155,0,0,probe,1
0.6,tcp,pop3,RSTR,0,4,499,275,1.0,0.934,0,0,dos,1
10.4,udp,dns,SF,372,473,14,1,0.123,0.521,4,0,r2l,1
91.92,tcp,pop3,SF,832,288,7,3,0.024,1.0,0,1,normal,0
113.72,tcp,pop3,SF,729,1235,8,3,0.0,0.963,0,1,normal,0
48.33,tcp,http,SF,333,1107,8,8,0.053,0.722,0,1,normal,0
105.92,tcp,http,REJ,469,564,5,3,0.0,0.803,0,1,normal,0
46.79,tcp,http,SF,850,376,5,1,0.027,0.834,0,1,normal,0
80.54,tcp,other,SF,19,707,1,2,0.095,0.911,0,1,normal,0
1.3,tcp,smtp,S0,0,7,379,305,0.838,0.881,0,0,dos,1
43.31,tcp,smtp,SF,833,1476,3,7,0.008,0.903,0,1,normal,0
0.0,udp,other,REJ,0,728,9,7,0.082,0.913,0,1,normal,0
2.03,tcp,ftp,REJ,95,0,261,415,0.789,0.889,0,0,dos,1
26.56,tcp,pop3,SF,347,581,1,1,0.076,0.926,0,1,normal,0
34.74,tcp,ssh,SF,599,636,7,6,0.0,1.0,0,1,normal,0
65.96,tcp,ssh,S0,890,0,4,5,0.058,0.9,0,1,normal,0
40.45,tcp,ftp,S0,431,1214,9,3,0.064,1.0,0,1,normal,0
3.95,udp,telnet,S0,32,0,244,312,0.91,0.943,0,0,dos,1
59.6,tcp,telnet,SF,214,63,3,7,0.0,0.902,0,1,normal,0
73.63,udp,ssh,SF,589,449,5,6,0.0,1.0,0,1,normal,0
15.86,tcp,telnet,SF,0,0,6,4,0.033,0.71,3,1,r2l,1
107.49,tcp,telnet,RSTR,504,356,7,9,0.0,0.924,0,1,normal,0
0.0,tcp,dns,S0,16,0,469,211,0.915,0.909,0,0,dos,1
0.0,tcp,ssh,SF,289,1230,4,2,0.046,0.774,0,1,normal,0
13.57,icmp,other,SF,0,80,5,5,0.039,0.497,1,1,r2l,1
0.0,udp,ftp,SF,424,1321,9,6,0.016,0.951,0,1,normal,0
33.37,tcp,pop3,SF,1023,1273,2,8,0.0,0.795,0,1,normal,0
0.0,tcp,other,SF,6,0,46,7,0.424,0.104,0,0,probe,1
0.0,tcp,pop3,REJ,21,0,39,8,0.417,0.189,0,0,probe,1
115.26,tcp,dns,SF,105,1707,5,3,0.068,0.897,0,1,normal,0
51.59,tcp,other,SF,745,1599,6,3,0.0,0.917,0,1,normal,0
43.76,tcp,ssh,SF,507,1462,8,1,0.069,0.689,0,1,normal,0
0.39,tcp,smtp,S0,39,0,237,326,0.873,0.878,0,0,dos,1
0.0,udp,ftp,S0,44,7,331,294,0.799,1.0,0,0,dos,1
86.85,tcp,ssh,SF,724,1599,3,5,0.049,0.927,0,1,normal,0
92.45,tcp,smtp,SF,683,1413,3,5,0.0,1.0,0,1,normal,0
89.87,udp,ftp,REJ,510,703,7,8,0.045,0.855,0,1,normal,0
0.71,tcp,smtp,REJ,0,0,421,133,1.0,0.923,0,0,dos,1
71.1,tcp,dns,S0,235,491,2,6,0.046,0.909,0,1,normal,0
52.18,udp,ssh,SF,872,1398,1,1,0.083,0.769,0,1,normal,0
0.0,tcp,dns,SF,797,250,4,1,0.107,1.0,1,1,u2r,1
47.76,tcp,ssh,SF,894,983,6,4,0.083,0.933,0,1,normal,0
55.99,tcp,pop3,SF,55,249,9,2,0.132,0.908,0,1,normal,0
6.65,tcp,other,SF,292,373,5,4,0.014,0.812,0,1,normal,0
78.48,tcp,other,SF,492,983,8,4,0.044,0.978,0,1,normal,0
0.0,tcp,telnet,S0,63,0,138,112,0.853,1.0,0,0,dos,1
40.91,tcp,pop3,SF,475,1843,2,5,0.0,0.707,0,1,normal,0
61.02,udp,smtp,SF,280,1144,2,3,0.0,0.752,0,1,normal,0
33.9,tcp,dns,SF,87,1703,4,7,0.011,0.903,0,1,normal,0
1.53,tcp,other,S0,28,2,452,411,0.842,1.0,0,0,dos,1
4.15,tcp,http,SF,611,797,3,4,0.0,0.908,0,1,normal,0
15.74,tcp,other,S0,599,538,1,6,0.024,1.0,0,1,normal,0
26.82,tcp,telnet,SF,764,2033,1,4,0.038,0.995,0,1,normal,0
76.37,tcp,pop3,SF,286,1668,2,8,0.0,0.938,0,1,normal,0
57.21,udp,other,SF,1528,749,1,3,0.019,0.597,1,1,u2r,1
2.91,tcp,ftp,S0,80,0,420,280,1.0,0.932,0,0,dos,1
1.14,udp,ssh,S0,96,0,264,400,0.916,0.962,0,0,dos,1
110.76,tcp,dns,SF,266,862,8,4,0.0,0.857,0,1,normal,0
60.18,tcp,telnet,SF,643,834,3,5,0.0,0.823,0,1,normal,0
19.18,tcp,telnet,SF,192,327,6,4,0.0,0.447,1,0,r2l,1
60.63,tcp,dns,SF,465,1368,8,8,0.05,0.745,0,1,normal,0
0.78,tcp,ftp,RSTR,82,0,415,478,0.793,1.0,0,0,dos,1
25.94,tcp,telnet,SF,385,720,4,4,0.004,0.786,0,1,normal,0
57.96,udp,pop3,SF,711,1610,3,9,0.054,0.837,0,1,normal,0
0.0,udp,ssh,SF,477,1042,6,1,0.104,0.929,0,1,normal,0
39.45,tcp,dns,SF,214,2182,8,3,0.073,0.812,0,1,normal,0
96.0,tcp,ftp,SF,199,371,1,8,0.0,0.924,0,1,normal,0
69.16,tcp,dns,SF,563,0,9,7,0.05,0.794,0,1,normal,0
90.61,tcp,telnet,SF,79,1146,7,2,0.036,0.925,0,1,normal,0
115.42,icmp,http,SF,302,641,8,6,0.044,0.768,0,1,normal,0
0.95,icmp,other,S0,24,0,89,15,0.388,0.43,0,0,probe,1
82.45,tcp,dns,SF,765,776,4,8,0.11,0.669,0,1,normal,0
0.37,udp,http,RSTR,50,0,122,240,0.935,0.972,0,0,dos,1
130.55,tcp,ftp,SF,615,2050,4,8,0.0,1.0,0,1,normal,0
0.0,tcp,pop3,REJ,795,759,9,8,0.065,0.984,0,1,normal,0
28.49,tcp,pop3,SF,904,1170,2,4,0.012,1.0,0,1,normal,0
2.0,tcp,ssh,REJ,8,4,34,5,0.924,0.185,0,0,probe,1
14.06,udp,ftp,SF,493,1428,1,7,0.0,0.91,0,1,normal,0
5.36,tcp,pop3,S0,0,6,65,6,0.587,0.0,0,0,probe,1
69.13,tcp,pop3,SF,126,437,3,8,0.0,0.884,0,1,normal,0
0.0,icmp,other,S0,95,0,227,407,0.854,0.96,0,0,dos,1
4.47,tcp,smtp,S0,16,0,509,146,1.0,1.0,0,0,dos,1
15.36,tcp,dns,SF,54,261,3,3,0.049,0.535,4,0,r2l,1
79.62,udp,ssh,SF,1190,1007,2,2,0.025,0.884,0,1,normal,0
27.35,tcp,smtp,SF,303,272,13,1,0.0,0.642,1,1,r2l,1
28.42,tcp,ssh,SF,670,176,4,3,0.0,0.913,0,1,normal,0
1.17,tcp,dns,REJ,31,4,265,455,0.959,0.975,0,0,dos,1
41.1,tcp,dns,SF,992,1246,2,4,0.0,0.952,0,1,normal,0
13.14,tcp,pop3,SF,401,1143,5,1,0.024,0.869,0,1,normal,0
22.73,tcp,pop3,REJ,215,923,9,2,0.005,0.757,0,1,normal,0
1.17,tcp,http,RSTR,51,11,214,281,0.983,0.981,0,0,dos,1
151.23,tcp,ssh,SF,245,1291,7,3,0.0,1.0,0,1,normal,0
98.61,tcp,pop3,SF,446,1565,4,1,0.0,0.822,0,1,normal,0
13.69,tcp,http,SF,914,559,5,7,0.01,0.922,0,1,normal,0
1.06,tcp,pop3,S0,73,0,396,253,0.826,0.928,0,0,dos,1
59.81,udp,pop3,SF,532,1948,2,8,0.0,1.0,0,1,normal,0
66.5,tcp,smtp,SF,517,623,3,8,0.0,1.0,0,1,normal,0
39.3,tcp,dns,REJ,930,687,3,9,0.046,0.815,0,1,normal,0
0.0,tcp,ftp,SF,414,859,2,5,0.044,0.74,0,1,normal,0
44.62,tcp,ftp,SF,870,618,4,8,0.068,0.955,0,1,normal,0
6.06,tcp,ssh,REJ,75,0,473,204,0.934,0.874,0,0,dos,1
2.42,tcp,http,REJ,41,5,398,271,0.896,0.929,0,0,dos,1
0.0,tcp,pop3,SF,451,485,6,7,0.033,0.862,0,1,normal,0
74.27,tcp,ftp,SF,571,18,3,9,0.039,0.855,0,1,normal,0
71.13,tcp,http,S0,120,2199,6,7,0.094,0.916,0,1,normal,0
0.0,udp,ftp,SF,473,242,4,5,0.0,0.932,0,1,normal,0
22.83,tcp,telnet,REJ,45,1311,4,4,0.0,0.92,0,1,normal,0
1.03,tcp,telnet,S0,40,3,304,291,0.89,0.904,0,0,dos,1
39.35,tcp,http,RSTO,602,544,7,4,0.038,0.926,0,1,normal,0
29.24,tcp,other,SF,651,745,6,7,0.031,0.993,0,1,normal,0
0.0,udp,ftp,SF,851,158,4,4,0.054,0.744,0,1,u2r,1
85.35,udp,ssh,REJ,913,1467,5,5,0.0,0.861,0,1,normal,0
0.0,tcp,smtp,RSTR,790,1960,7,6,0.0,1.0,0,1,normal,0
0.0,tcp,http,SF,471,684,6,1,0.008,0.714,0,1,normal,0
54.12,udp,http,SF,413,1764,3,5,0.0,0.975,0,1,normal,0
0.75,tcp,ssh,S0,37,0,269,236,0.8,1.0,0,0,dos,1
1.85,tcp,smtp,REJ,94,0,391,505,0.827,0.921,0,0,dos,1
83.16,tcp,ssh,SF,487,1320,6,4,0.0,0.982,0,1,normal,0
0.0,udp,telnet,SF,91,1778,2,6,0.084,0.918,0,1,normal,0
17.2,tcp,ftp,SF,68,0,1,3,0.0,0.864,0,1,normal,0
23.49,tcp,ssh,SF,889,1136,3,9,0.0,0.923,0,1,normal,0
41.83,udp,pop3,SF,0,201,3,5,0.015,0.95,0,1,normal,0
152.41,udp,telnet,SF,476,421,6,1,0.0,0.923,0,1,normal,0
102.69,icmp,ftp,SF,0,1765,6,8,0.0,1.0,0,1,normal,0
0.0,udp,other,S0,98,1,441,183,0.795,1.0,0,0,dos,1
0.33,tcp,other,S0,45,0,100,166,0.857,0.973,0,0,dos,1
98.9,tcp,other,SF,300,864,7,1,0.056,0.899,0,1,normal,0
52.77,tcp,telnet,SF,143,902,7,6,0.0,1.0,0,1,normal,0
71.61,tcp,pop3,SF,0,916,7,2,0.08,0.798,0,1,normal,0
108.14,tcp,pop3,SF,237,397,5,9,0.0,0.952,0,1,normal,0
20.8,tcp,dns,SF,457,2057,8,5,0.064,0.868,0,1,normal,0
21.77,udp,other,SF,391,571,4,4,0.04,0.72,0,1,normal,0
0.82,icmp,http,SF,14,0,74,7,0.848,0.316,0,0,probe,1
71.93,udp,ssh,SF,255,1274,1,9,0.0,0.789,0,1,normal,0
69.41,tcp,telnet,SF,645,1215,1,4,0.0,1.0,0,1,normal,0
61.74,tcp,dns,SF,1135,741,2,7,0.0,0.84,0,1,normal,0
0.0,udp,dns,RSTO,648,221,6,8,0.0,0.903,0,1,normal,0
108.72,tcp,ftp,SF,252,1283,5,5,0.068,0.999,0,1,normal,0
86.33,tcp,dns,S0,585,1072,9,2,0.0,0.886,0,1,normal,0
11.71,tcp,ssh,REJ,8,2,52,14,0.895,0.0,0,0,probe,1
1.06,udp,ftp,S0,79,0,406,281,0.961,0.906,0,0,dos,1
2.6,tcp,smtp,S0,0,4,46,1,0.268,0.0,0,0,probe,1
75.95,icmp,smtp,SF,755,1214,6,8,0.0,1.0,0,1,normal,0
69.94,tcp,telnet,REJ,818,943,7,3,0.049,0.772,0,1,normal,0
144.05,tcp,telnet,SF,830,0,9,3,0.005,0.788,0,1,normal,0
30.88,udp,ssh,SF,339,162,1,8,0.0,0.942,0,1,normal,0
30.83,tcp,ssh,SF,781,1220,8,3,0.0,1.0,0,1,normal,0
0.26,tcp,http,S0,47,0,342,172,0.77,1.0,0,0,dos,1
75.8,tcp,ftp,SF,544,2522,2,8,0.0,0.868,0,1,normal,0
74.91,tcp,pop3,REJ,1148,938,6,2,0.085,0.855,0,1,normal,0
102.22,tcp,dns,REJ,599,585,1,7,0.0,0.962,0,1,normal,0
63.66,tcp,ftp,SF,830,893,8,1,0.079,0.955,0,1,normal,0
96.99,tcp,telnet,SF,464,1232,8,1,0.042,0.936,0,1,normal,0
36.64,tcp,ssh,SF,0,742,5,9,0.02,0.814,0,1,normal,0
0.0,udp,other,SF,889,1859,6,3,0.038,1.0,0,1,normal,0
60.17,udp,pop3,SF,34,795,4,7,0.0,0.903,0,1,normal,0
20.46,tcp,http,SF,360,377,10,6,0.046,0.385,4,0,r2l,1
110.77,udp,telnet,S0,763,889,1,3,0.044,0.906,0,1,normal,0
5.22,tcp,telnet,SF,328,0,6,7,0.0,0.938,0,1,normal,0
26.44,tcp,ssh,SF,470,986,4,6,0.028,0.968,0,1,normal,0
0.0,tcp,ssh,S0,75,0,465,419,0.85,0.911,0,0,dos,1
89.76,tcp,dns,SF,225,0,6,2,0.008,0.905,0,1,normal,0
60.23,tcp,ftp,SF,643,1015,9,3,0.022,0.912,0,1,normal,0
127.94,tcp,telnet,SF,362,1260,3,2,0.0,1.0,0,1,normal,0
33.34,icmp,smtp,SF,274,777,8,8,0.056,1.0,0,1,normal,0
0.0,tcp,pop3,SF,391,928,8,6,0.0,0.827,0,1,normal,0
52.83,udp,other,SF,61,808,8,5,0.076,0.825,0,1,normal,0
32.75,tcp,http,SF,598,1472,9,9,0.029,0.846,0,1,normal,0
2.66,udp,telnet,S0,8,0,504,339,0.936,0.964,0,0,dos,1
72.84,udp,ftp,SF,565,947,9,2,0.09,0.989,0,1,normal,0
110.04,tcp,telnet,RSTO,1135,1679,9,3,0.0,1.0,0,1,normal,0
64.61,tcp,ssh,SF,512,1301,8,6,0.0,0.946,0,1,normal,0
0.0,tcp,pop3,SF,0,171,1,5,0.0,0.981,0,1,normal,0
25.21,tcp,http,SF,610,1503,4,6,0.017,0.767,0,1,normal,0
18.1,tcp,ftp,SF,480,1659,6,1,0.0,1.0,0,1,normal,0
10.87,tcp,http,SF,533,1152,4,3,0.0,0.827,0,1,normal,0
113.64,tcp,dns,SF,1078,62,2,1,0.103,0.609,1,1,u2r,1
75.9,tcp,telnet,SF,0,1433,1,1,0.0,1.0,0,1,normal,0
3.42,tcp,ftp,SF,25,0,59,7,0.489,0.16,0,0,probe,1
1.92,tcp,http,REJ,0,0,99,6,0.212,0.238,0,0,probe,1
24.89,tcp,ftp,SF,583,1539,2,3,0.025,0.8,0,1,normal,0
47.74,tcp,telnet,SF,285,644,7,2,0.0,0.873,0,1,normal,0
0.0,udp,smtp,SF,683,897,2,4,0.109,0.905,0,1,normal,0
0.0,tcp,http,SF,478,178,1,3,0.013,0.934,0,1,u2r,1
39.64,tcp,dns,SF,251,1562,6,5,0.0,0.86,0,1,normal,0
99.34,tcp,pop3,RSTO,643,1156,5,9,0.003,0.889,0,1,normal,0
51.12,udp,telnet,SF,0,1131,5,8,0.0,0.757,0,1,normal,0
0.25,udp,dns,S0,35,0,259,441,0.938,0.967,0,0,dos,1
33.5,tcp,pop3,RSTR,609,655,9,6,0.052,0.857,0,1,normal,0
50.01,tcp,http,SF,353,622,9,3,0.0,1.0,0,1,normal,0
78.35,tcp,http,SF,232,1091,8,3,0.013,0.792,0,1,normal,0
98.72,tcp,pop3,S0,297,574,9,5,0.0,0.838,0,1,normal,0
0.0,udp,telnet,S0,21,0,25,16,0.465,0.313,0,0,probe,1
1.47,tcp,telnet,S0,76,11,401,344,0.762,0.945,0,0,dos,1
0.0,tcp,smtp,SF,546,1227,7,5,0.0,0.909,0,1,normal,0
13.45,tcp,other,SF,623,784,6,3,0.017,0.852,0,1,normal,0
0.0,tcp,ftp,S0,90,0,239,341,0.711,0.903,0,0,dos,1
111.98,tcp,telnet,SF,766,1603,3,6,0.008,1.0,0,1,normal,0
65.35,icmp,other,SF,82,1377,3,9,0.01,0.85,0,1,normal,0
56.18,tcp,ftp,RSTR,123,1908,5,6,0.014,0.812,0,1,normal,0
146.51,tcp,ftp,SF,803,673,6,2,0.023,0.999,0,1,normal,0
29.43,tcp,other,SF,342,259,14,7,0.3,0.646,2,1,r2l,1
5.26,tcp,ssh,SF,744,1260,8,8,0.079,1.0,0,1,normal,0
78.73,tcp,telnet,RSTO,350,1334,2,2,0.0,0.889,0,1,normal,0
0.0,udp,other,S0,19,0,179,225,0.96,0.929,0,0,dos,1
14.03,tcp,ssh,SF,657,1093,9,1,0.065,0.735,0,1,normal,0
0.0,tcp,ssh,S0,37,0,302,303,0.749,0.976,0,0,dos,1
63.74,tcp,other,RSTR,579,901,4,4,0.029,1.0,0,1,normal,0
65.05,udp,dns,S0,138,679,1,4,0.0,1.0,0,1,normal,0
112.36,tcp,pop3,SF,280,522,5,4,0.039,0.868,0,1,normal,0
13.15,udp,dns,SF,1034,685,3,2,0.0,1.0,0,1,normal,0
0.0,tcp,ftp,SF,94,403,2,2,0.0,0.896,0,1,normal,0
0.0,tcp,ftp,SF,396,2208,6,1,0.024,1.0,0,1,normal,0
1.63,tcp,telnet,REJ,72,6,466,206,0.993,0.919,0,0,dos,1
4.2,udp,dns,S0,55,0,231,413,0.837,1.0,0,0,dos,1
47.52,udp,ssh,SF,350,802,5,3,0.029,0.836,0,1,normal,0
53.37,tcp,dns,SF,363,428,6,9,0.0,1.0,0,1,normal,0
68.78,tcp,other,SF,18,1482,6,8,0.066,0.884,0,1,normal,0
0.0,tcp,pop3,SF,499,1005,2,8,0.017,0.884,0,1,normal,0
44.1,tcp,ftp,SF,413,1262,5,3,0.0,0.8,0,1,normal,0
2.55,udp,other,S0,34,0,69,12,0.677,0.377,0,0,probe,1
23.72,udp,http,SF,270,167,11,7,0.0,0.806,4,0,r2l,1
57.09,tcp,dns,SF,528,1055,4,8,0.0,0.905,0,1,normal,0
2.09,tcp,smtp,S0,66,0,182,301,0.936,0.939,0,0,dos,1
14.64,tcp,other,SF,408,1102,1,6,0.014,1.0,0,1,normal,0
55.79,tcp,http,SF,162,337,8,3,0.0,0.913,0,1,normal,0
0.0,udp,http,S0,0,753,5,5,0.011,0.817,0,1,normal,0
24.53,icmp,smtp,SF,48,1196,1,7,0.0,0.904,0,1,normal,0
21.76,udp,telnet,SF,503,1690,4,1,0.091,0.886,0,1,normal,0
167.56,udp,smtp,SF,709,362,2,2,0.066,1.0,1,1,u2r,1
14.2,tcp,pop3,SF,372,1346,2,4,0.08,1.0,0,1,normal,0
137.92,tcp,ssh,SF,424,2288,7,1,0.092,0.823,0,1,normal,0
41.3,tcp,other,SF,975,773,6,1,0.0,1.0,0,1,normal,0
32.4,tcp,other,S0,166,372,9,4,0.127,0.482,1,0,r2l,1
84.19,udp,ssh,SF,441,1669,8,6,0.044,0.904,0,1,normal,0
1.73,udp,dns,S0,33,0,37,2,0.62,0.256,0,0,probe,1
5.01,tcp,pop3,RSTR,68,9,277,121,0.888,0.991,0,0,dos,1
27.77,tcp,other,SF,832,1231,4,5,0.0,0.771,0,1,normal,0
101.54,tcp,telnet,RSTR,301,1268,8,8,0.035,0.717,0,1,normal,0
24.04,tcp,other,SF,678,1428,8,6,0.036,0.816,0,1,normal,0
0.74,tcp,http,RSTR,110,0,266,114,0.981,0.96,0,0,dos,1
56.9,tcp,telnet,SF,264,648,4,2,0.0,0.798,0,1,normal,0
0.0,tcp,telnet,SF,553,3056,1,7,0.028,0.921,0,1,normal,0
90.0,tcp,smtp,SF,844,677,4,9,0.014,1.0,0,1,normal,0
0.0,tcp,ssh,RSTR,320,600,5,1,0.0,0.718,0,1,normal,0
0.0,udp,telnet,REJ,48,6,469,119,0.829,0.973,0,0,dos,1
3.11,tcp,ftp,S0,39,0,132,363,0.845,0.942,0,0,dos,1
68.89,tcp,dns,SF,254,632,1,6,0.055,0.954,0,1,normal,0
0.0,tcp,telnet,SF,2,622,9,2,0.01,1.0,0,1,normal,0
88.73,tcp,telnet,SF,329,2045,3,6,0.01,1.0,0,1,normal,0
1.67,udp,pop3,S0,70,8,202,130,0.873,0.919,0,0,dos,1
26.76,tcp,smtp,SF,1100,491,6,4,0.058,0.801,0,1,normal,0
0.3,tcp,dns,RSTR,53,0,328,225,0.751,0.913,0,0,dos,1
0.0,tcp,ssh,REJ,576,291,1,9,0.088,0.773,0,1,normal,0
22.61,udp,smtp,SF,468,1239,5,9,0.021,0.981,0,1,normal,0
6.93,udp,other,S0,36,0,66,17,0.713,0.19,0,0,probe,1
58.34,tcp,other,SF,679,1362,7,6,0.0,0.895,0,1,normal,0
20.65,tcp,dns,SF,522,719,8,9,0.016,0.729,0,1,normal,0
25.92,udp,ftp,SF,464,670,9,3,0.0,0.942,0,1,normal,0
0.0,tcp,dns,S0,472,0,6,3,0.0,0.999,0,1,normal,0
0.0,tcp,smtp,S0,154,421,9,9,0.197,0.775,2,1,r2l,1
0.56,tcp,dns,REJ,4,0,21,6,0.82,0.0,0,0,probe,1
0.0,tcp,http,S0,52,2,125,211,0.913,0.836,0,0,dos,1
55.21,icmp,smtp,SF,540,588,9,6,0.0,0.916,0,1,normal,0
30.63,udp,pop3,S0,534,883,2,6,0.098,0.889,0,1,normal,0
7.15,tcp,http,REJ,39,2,30,9,0.403,0.237,0,0,probe,1
67.35,icmp,http,SF,320,122,6,6,0.038,0.763,0,1,normal,0
0.0,udp,http,S0,229,618,4,3,0.159,0.215,2,0,r2l,1
68.47,udp,dns,SF,588,586,5,8,0.0,0.819,0,1,normal,0
0.0,tcp,smtp,SF,369,1103,7,4,0.0,0.926,0,1,normal,0
78.78,tcp,http,SF,670,160,9,3,0.008,0.678,0,1,normal,0
37.37,tcp,pop3,SF,592,1247,3,6,0.012,0.868,0,1,normal,0
0.0,tcp,dns,SF,548,1227,2,4,0.027,0.79,0,1,normal,0
47.91,tcp,other,SF,852,1421,8,5,0.04,0.928,0,1,normal,0
0.0,udp,ssh,S0,64,0,164,416,0.779,0.936,0,0,dos,1
3.51,tcp,telnet,REJ,655,1477,5,3,0.0,0.93,0,1,normal,0
107.4,tcp,http,SF,1011,1556,3,3,0.0,0.918,0,1,normal,0
34.84,tcp,ssh,SF,641,420,7,9,0.043,0.897,0,1,normal,0
4.84,tcp,dns,RSTR,29,0,289,320,0.993,0.949,0,0,dos,1
68.6,udp,dns,SF,481,385,7,7,0.052,0.824,0,1,normal,0
19.51,udp,ssh,SF,368,0,10,3,0.177,0.635,4,1,r2l,1
2.84,tcp,ssh,S0,0,1,39,9,0.39,0.157,0,0,probe,1
4.82,tcp,pop3,SF,578,603,3,8,0.049,0.852,0,1,normal,0
80.96,tcp,pop3,SF,564,1898,7,7,0.002,0.935,0,1,normal,0
0.0,tcp,http,S0,50,0,226,355,0.785,0.98,0,0,dos,1
48.92,tcp,http,RSTR,625,1552,3,5,0.0,1.0,0,1,normal,0
0.65,tcp,smtp,S0,42,3,263,401,0.885,0.991,0,0,dos,1
14.06,tcp,other,SF,700,180,5,8,0.0,0.938,0,1,normal,0
71.62,tcp,http,SF,90,1029,1,3,0.015,0.845,0,1,normal,0
33.4,tcp,pop3,SF,183,1473,3,9,0.004,0.912,0,1,normal,0
50.15,tcp,other,SF,0,1407,4,2,0.0,0.903,0,1,normal,0
1.93,tcp,telnet,S0,37,5,35,11,0.824,0.422,0,0,probe,1
0.0,tcp,pop3,SF,244,0,3,1,0.071,0.729,0,1,normal,0
0.0,tcp,smtp,S0,23,0,82,10,0.311,0.133,0,0,probe,1
33.38,tcp,other,SF,25,1045,5,6,0.099,0.859,0,1,normal,0
1.97,tcp,telnet,S0,57,0,259,418,0.779,0.885,0,0,dos,1
2.35,tcp,smtp,REJ,11,0,31,15,0.77,0.239,0,0,probe,1
97.9,tcp,ftp,SF,1005,1112,4,5,0.015,0.967,0,1,normal,0
54.13,tcp,dns,REJ,679,606,9,2,0.0,0.886,0,1,normal,0
0.0,tcp,other,S0,36,3,450,491,1.0,0.947,0,0,dos,1
0.0,tcp,ftp,RSTR,9,0,253,295,0.79,0.88,0,0,dos,1
36.06,tcp,dns,SF,478,1965,8,2,0.09,1.0,0,1,normal,0
0.0,tcp,ssh,SF,735,1507,3,7,0.0,0.993,0,1,normal,0
0.48,udp,ftp,REJ,64,0,199,268,0.898,0.861,0,0,dos,1
133.14,tcp,ftp,SF,400,793,5,1,0.076,0.951,0,1,normal,0
62.07,tcp,dns,SF,310,1263,1,3,0.058,0.855,0,1,normal,0
86.95,tcp,http,SF,512,540,8,6,0.0,0.876,0,1,normal,0
53.07,tcp,telnet,RSTR,758,1602,9,6,0.036,0.909,0,1,normal,0
0.0,tcp,ssh,S0,44,3,462,170,0.874,0.868,0,0,dos,1
10.9,tcp,pop3,SF,354,644,8,5,0.0,1.0,0,1,normal,0
5.13,icmp,telnet,S0,40,0,74,16,0.388,0.293,0,0,probe,1
11.15,tcp,dns,SF,0,1227,1,5,0.041,0.924,0,1,normal,0
15.89,tcp,ftp,SF,451,281,9,9,0.006,1.0,0,1,normal,0
66.73,tcp,http,SF,738,1093,1,4,0.0,0.933,0,1,normal,0
32.09,tcp,pop3,SF,193,1834,1,6,0.0,0.993,0,1,normal,0
1.37,tcp,smtp,S0,109,9,108,434,0.84,0.952,0,0,dos,1
62.88,tcp,ftp,SF,331,1295,6,9,0.015,0.847,0,1,normal,0
0.0,tcp,ssh,S0,88,4,408,506,0.866,0.915,0,0,dos,1
76.71,tcp,http,REJ,264,768,5,2,0.016,1.0,0,1,normal,0
161.9,tcp,dns,SF,643,1303,5,1,0.086,0.76,0,1,normal,0
43.65,tcp,dns,SF,655,0,3,4,0.058,0.77,0,1,normal,0
0.82,tcp,smtp,S0,81,5,365,377,0.848,1.0,0,0,dos,1
12.84,udp,dns,SF,914,209,4,2,0.0,0.677,0,1,normal,0
30.76,tcp,ftp,SF,846,1097,9,4,0.073,0.845,0,1,normal,0
71.22,udp,dns,S0,349,1008,8,2,0.0,0.969,0,1,normal,0
147.11,udp,other,SF,545,2259,3,1,0.0,0.89,0,1,normal,0
10.42,tcp,http,SF,783,1060,5,3,0.148,0.915,0,1,normal,0
3.61,tcp,smtp,SF,186,406,6,7,0.032,1.0,0,1,normal,0
0.0,tcp,ftp,SF,114,106,6,8,0.124,0.586,2,1,r2l,1
78.35,tcp,smtp,SF,501,1220,8,5,0.0,1.0,0,1,normal,0
83.16,udp,http,SF,809,1841,8,7,0.024,0.995,0,1,normal,0
82.15,tcp,ssh,SF,564,1373,6,8,0.093,0.969,0,1,normal,0
0.0,udp,smtp,S0,78,0,192,480,0.827,0.949,0,0,dos,1
86.46,tcp,smtp,SF,528,977,2,2,0.062,0.919,0,1,normal,0
59.09,tcp,ftp,SF,947,671,6,8,0.042,0.848,0,1,normal,0
0.0,tcp,other,REJ,8,0,452,447,0.867,0.978,0,0,dos,1
10.45,tcp,pop3,SF,1181,94,3,7,0.0,0.813,0,1,normal,0
117.77,tcp,smtp,SF,571,718,6,6,0.0,0.833,0,1,normal,0
42.39,tcp,pop3,SF,362,699,1,4,0.054,0.834,0,1,normal,0
128.42,tcp,telnet,RSTO,320,1391,2,6,0.0,0.713,0,1,normal,0
0.0,tcp,ftp,SF,28,0,64,2,0.414,0.415,0,0,probe,1
1.77,tcp,dns,REJ,62,0,507,256,0.894,0.897,0,0,dos,1
0.01,icmp,http,REJ,41,0,154,333,0.949,0.897,0,0,dos,1
4.51,icmp,telnet,RSTR,38,0,192,422,0.87,1.0,0,0,dos,1
2.82,tcp,http,S0,0,0,268,109,0.846,0.942,0,0,dos,1
70.3,tcp,ssh,SF,723,493,1,8,0.007,0.989,0,1,normal,0
57.73,tcp,pop3,SF,0,576,1,5,0.031,0.896,0,1,normal,0
119.94,tcp,smtp,S0,468,604,4,5,0.0,0.981,0,1,normal,0
0.0,tcp,pop3,S0,15,2,68,6,0.702,0.162,0,0,probe,1
0.0,tcp,ssh,REJ,23,0,30,18,0.407,0.104,0,0,probe,1
0.0,tcp,dns,RSTR,59,0,391,250,1.0,0.923,0,0,dos,1
97.25,tcp,smtp,SF,413,1606,9,7,0.119,0.727,0,1,normal,0
86.72,udp,ssh,SF,676,2136,9,6,0.081,0.872,0,1,normal,0
0.02,udp,ftp,RSTR,82,0,304,179,0.788,0.974,0,0,dos,1
65.45,tcp,telnet,SF,651,801,6,1,0.038,0.889,0,1,normal,0
53.35,tcp,telnet,SF,699,2053,6,1,0.0,0.836,0,1,normal,0
0.0,tcp,ftp,RSTO,928,0,4,2,0.091,0.801,0,1,normal,0
41.62,udp,pop3,SF,364,1144,5,7,0.115,0.789,0,1,normal,0
61.08,tcp,ssh,SF,0,888,7,8,0.0,0.932,0,1,normal,0
30.01,tcp,ssh,S0,206,538,3,5,0.12,0.799,2,0,r2l,1
0.0,tcp,pop3,REJ,11,0,391,377,0.841,0.894,0,0,dos,1
84.28,tcp,http,REJ,351,2047,2,4,0.0,0.931,0,1,normal,0
78.81,tcp,ssh,SF,0,0,2,6,0.051,0.902,0,1,normal,0
3.03,tcp,http,S0,37,1,76,18,0.808,0.564,0,0,probe,1
78.81,udp,dns,SF,0,1440,3,9,0.0,0.946,0,1,normal,0
80.42,tcp,smtp,SF,608,0,2,4,0.0,0.829,0,1,normal,0
112.64,tcp,http,S0,685,620,7,5,0.066,0.903,0,1,normal,0
71.44,icmp,smtp,SF,770,349,4,5,0.059,0.898,0,1,normal,0
32.88,tcp,http,SF,542,1361,7,4,0.0,0.844,0,1,normal,0
2.86,tcp,http,RSTR,32,0,167,455,1.0,0.946,0,0,dos,1
91.04,tcp,dns,SF,419,1225,6,4,0.122,0.894,0,1,normal,0
39.65,tcp,pop3,SF,689,147,8,6,0.002,1.0,0,1,normal,0
59.56,udp,pop3,S0,633,543,5,7,0.02,0.91,0,1,normal,0
117.29,udp,smtp,SF,793,1105,4,4,0.0,0.668,0,1,u2r,1
0.0,tcp,other,REJ,1072,1323,5,2,0.007,0.849,0,1,normal,0
0.0,udp,ftp,SF,264,1511,8,2,0.016,0.873,0,1,normal,0
41.68,udp,ssh,SF,0,1670,6,4,0.011,0.866,0,1,normal,0
29.69,tcp,dns,S0,411,208,10,1,0.0,0.684,2,0,r2l,1
1.8,tcp,http,S0,12,0,34,6,0.618,0.539,0,0,probe,1
6.45,tcp,pop3,SF,1076,1478,8,6,0.006,0.94,0,1,normal,0
47.34,tcp,http,SF,242,230,1,7,0.112,1.0,0,1,normal,0
34.37,tcp,smtp,SF,442,501,7,3,0.044,1.0,0,1,normal,0
3.27,tcp,smtp,S0,54,4,441,185,0.898,0.928,0,0,dos,1
3.11,tcp,smtp,S0,65,1,262,447,0.967,0.998,0,0,dos,1
11.84,tcp,smtp,SF,200,247,13,9,0.0,0.796,4,0,r2l,1
30.91,tcp,dns,SF,269,155,4,2,0.043,0.807,0,1,normal,0
7.93,icmp,telnet,SF,173,554,1,6,0.0,1.0,0,1,normal,0
85.22,tcp,http,SF,524,1572,5,5,0.004,0.821,0,1,normal,0
0.0,tcp,dns,S0,60,0,334,195,0.978,0.973,0,0,dos,1
65.97,tcp,ssh,SF,896,489,1,6,0.051,1.0,0,1,normal,0
68.08,tcp,telnet,SF,759,1368,1,4,0.0,0.833,0,1,normal,0
2.4,tcp,ssh,S0,37,0,228,468,0.831,0.954,0,0,dos,1
92.5,udp,smtp,SF,250,294,9,8,0.0,0.827,0,1,normal,0
0.0,icmp,smtp,S0,0,7,293,405,0.983,1.0,0,0,dos,1
105.66,tcp,pop3,SF,208,1509,3,1,0.091,0.851,0,1,normal,0
0.0,tcp,pop3,SF,68,692,5,2,0.035,0.977,0,1,normal,0
99.63,tcp,ftp,REJ,622,913,3,8,0.008,0.71,0,1,normal,0
19.1,tcp,smtp,SF,203,1043,7,1,0.0,1.0,0,1,normal,0
0.86,tcp,pop3,S0,35,0,131,101,0.89,0.907,0,0,dos,1
30.63,tcp,dns,SF,285,742,7,6,0.055,0.856,0,1,normal,0
7.04,udp,http,REJ,402,1667,4,5,0.0,0.963,0,1,normal,0
57.52,udp,pop3,SF,621,1495,2,8,0.037,0.906,0,1,normal,0
2.81,udp,other,REJ,61,0,454,482,0.845,1.0,0,0,dos,1
77.75,tcp,pop3,SF,1135,139,3,2,0.0,0.774,1,1,u2r,1
3.04,tcp,ftp,S0,70,0,353,176,0.95,0.996,0,0,dos,1
34.49,tcp,telnet,SF,504,1039,1,5,0.003,1.0,0,1,normal,0
0.0,icmp,telnet,SF,44,440,3,2,0.0,0.945,0,1,normal,0
0.0,tcp,pop3,SF,798,1803,6,3,0.053,0.981,0,1,normal,0
40.06,tcp,telnet,SF,793,673,1,1,0.14,0.999,0,1,normal,0
98.49,tcp,other,SF,275,1522,1,6,0.11,0.786,0,1,normal,0
18.55,tcp,other,SF,501,452,4,2,0.0,0.983,0,1,normal,0
88.16,tcp,ftp,SF,1357,1276,8,1,0.006,0.78,0,1,normal,0
4.35,tcp,other,S0,24,0,216,129,0.724,1.0,0,0,dos,1
43.93,tcp,ssh,SF,366,1353,5,4,0.0,0.903,0,1,normal,0
1.19,tcp,ssh,RSTR,74,0,340,486,0.908,0.998,0,0,dos,1
1.16,tcp,pop3,SF,48,0,86,13,0.476,0.286,0,0,probe,1
53.81,tcp,pop3,SF,754,509,8,6,0.0,0.786,0,1,normal,0
58.68,tcp,ssh,SF,0,795,4,8,0.062,0.905,0,1,normal,0
1.65,tcp,smtp,S0,0,0,179,155,0.965,0.884,0,0,dos,1
0.0,tcp,ssh,SF,115,2759,6,3,0.079,1.0,0,1,normal,0
98.81,tcp,pop3,SF,376,1418,6,4,0.01,0.818,0,1,normal,0
46.43,tcp,ssh,SF,746,1279,7,9,0.0,0.973,0,1,normal,0
3.22,tcp,http,S0,54,3,257,427,0.825,0.997,0,0,dos,1
2.84,udp,smtp,REJ,68,6,417,414,1.0,0.919,0,0,dos,1
0.8,tcp,http,S0,51,1,366,481,1.0,1.0,0,0,dos,1
48.55,udp,ftp,RSTR,693,1194,7,9,0.028,0.976,0,1,normal,0
105.55,udp,pop3,SF,770,411,4,9,0.08,0.765,0,1,normal,0
0.0,tcp,ssh,RSTR,68,0,340,158,1.0,0.913,0,0,dos,1
1.97,tcp,dns,S0,50,0,371,428,0.838,0.98,0,0,dos,1
51.98,tcp,pop3,SF,686,546,4,7,0.0,0.887,0,1,normal,0
219.99,tcp,other,SF,763,0,1,2,0.053,0.78,0,1,u2r,1
2.69,udp,telnet,S0,10,1,439,448,0.806,0.986,0,0,dos,1
0.0,tcp,ftp,SF,696,805,1,9,0.125,1.0,0,1,normal,0
99.88,icmp,telnet,SF,538,1274,6,6,0.0,0.748,0,1,normal,0
50.2,tcp,ftp,SF,492,685,8,8,0.0,0.975,0,1,normal,0
0.0,tcp,ftp,REJ,19,6,160,223,0.886,0.937,0,0,dos,1
142.86,icmp,other,SF,827,1602,2,7,0.092,0.922,0,1,normal,0
101.42,tcp,smtp,SF,610,1399,2,5,0.0,0.968,0,1,normal,0
67.63,tcp,ftp,SF,0,1547,2,9,0.003,0.883,0,1,normal,0
4.1,tcp,dns,REJ,89,5,151,182,0.881,0.997,0,0,dos,1
0.0,tcp,ssh,REJ,76,0,257,222,0.918,0.996,0,0,dos,1
0.85,tcp,dns,S0,0,5,307,126,0.877,0.981,0,0,dos,1
48.48,tcp,ftp,SF,732,404,1,4,0.085,0.795,0,1,normal,0
23.49,udp,ssh,SF,939,1043,1,7,0.0,0.926,0,1,normal,0
87.95,tcp,smtp,SF,353,2025,1,1,0.04,1.0,0,1,normal,0
71.52,tcp,http,SF,1180,242,9,8,0.083,0.934,0,1,normal,0
35.46,tcp,smtp,SF,361,184,5,6,0.0,1.0,0,1,normal,0
0.65,tcp,ssh,S0,245,290,4,9,0.057,0.56,2,1,r2l,1
7.94,tcp,smtp,SF,422,418,4,5,0.0,0.863,0,1,normal,0
133.8,udp,telnet,SF,565,693,2,8,0.108,0.972,0,1,normal,0
71.84,tcp,ftp,SF,147,1205,5,4,0.075,0.884,0,1,normal,0
0.1,udp,dns,S0,67,0,275,395,1.0,0.97,0,0,dos,1
89.8,tcp,pop3,SF,708,1388,2,1,0.008,0.959,0,1,normal,0
29.69,tcp,pop3,SF,0,259,4,4,0.0,0.983,0,1,normal,0
34.25,tcp,telnet,SF,448,0,8,8,0.067,0.851,0,1,normal,0
89.11,tcp,other,SF,400,1865,9,3,0.021,0.775,0,1,normal,0
36.31,tcp,telnet,SF,135,496,4,9,0.0,0.945,0,1,normal,0
78.28,tcp,ftp,SF,186,1414,6,8,0.039,0.985,0,1,normal,0
1.63,tcp,smtp,RSTR,64,0,464,211,1.0,1.0,0,0,dos,1
96.87,tcp,ssh,S0,427,2272,2,4,0.013,0.766,0,1,normal,0
47.44,tcp,pop3,SF,697,2187,8,7,0.059,0.988,0,1,normal,0
95.55,udp,pop3,SF,1115,81,9,3,0.0,1.0,0,1,normal,0
25.3,udp,other,SF,395,2558,1,4,0.0,0.996,0,1,normal,0
45.78,tcp,telnet,SF,247,901,5,2,0.112,0.987,0,1,normal,0
83.94,tcp,ssh,SF,422,920,8,5,0.092,0.856,0,1,normal,0
25.04,tcp,ftp,SF,1668,560,4,1,0.062,0.897,1,1,u2r,1
29.39,tcp,smtp,SF,1084,195,1,3,0.056,0.678,0,1,u2r,1
0.0,udp,smtp,REJ,40,10,132,148,0.91,1.0,0,0,dos,1
13.94,tcp,smtp,SF,0,438,8,3,0.086,0.866,0,1,normal,0
0.0,tcp,ftp,S0,20,2,377,377,0.779,0.954,0,0,dos,1
0.0,tcp,http,S0,20,2,53,14,0.181,0.069,0,0,probe,1
74.18,icmp,dns,SF,354,961,4,5,0.0,1.0,0,1,normal,0
144.17,udp,http,SF,652,882,1,5,0.0,0.9,0,1,normal,0
2.46,udp,dns,S0,79,5,195,319,0.94,0.951,0,0,dos,1
55.55,tcp,pop3,S0,290,94,9,5,0.03,0.758,2,0,r2l,1
33.51,udp,smtp,SF,535,551,9,1,0.0,1.0,0,1,normal,0
16.85,tcp,smtp,SF,708,620,5,2,0.001,0.874,0,1,normal,0
66.86,tcp,ssh,SF,252,909,6,8,0.011,0.858,0,1,normal,0
62.23,tcp,http,SF,818,1737,3,7,0.0,0.771,0,1,normal,0
2.13,tcp,other,S0,109,4,402,231,0.842,0.977,0,0,dos,1
52.75,tcp,dns,SF,602,1981,5,5,0.002,1.0,0,1,normal,0
5.99,udp,ftp,SF,0,0,84,5,0.205,0.0,0,0,probe,1
1.8,tcp,other,REJ,79,0,334,456,0.699,0.902,0,0,dos,1
74.24,udp,other,SF,79,920,7,2,0.05,0.743,0,1,normal,0
1.36,tcp,http,RSTR,73,8,510,280,1.0,0.965,0,0,dos,1
0.63,tcp,smtp,REJ,80,0,210,177,0.759,0.909,0,0,dos,1
46.91,tcp,ssh,RSTR,767,536,4,1,0.065,1.0,0,1,normal,0
0.0,tcp,dns,SF,113,1115,6,6,0.06,0.887,0,1,normal,0
3.0,tcp,dns,REJ,6,0,305,390,1.0,0.991,0,0,dos,1
60.04,tcp,dns,SF,579,1650,3,4,0.0,0.922,0,1,normal,0
9.84,tcp,ssh,SF,837,623,5,7,0.023,0.877,0,1,normal,0
62.92,tcp,dns,SF,511,850,8,2,0.0,0.819,0,1,normal,0
90.77,udp,pop3,SF,0,1175,7,7,0.008,0.786,0,1,normal,0
79.56,tcp,smtp,SF,433,1269,2,4,0.048,0.835,0,1,normal,0
89.02,icmp,telnet,SF,666,0,6,1,0.043,0.865,0,1,normal,0
47.95,tcp,pop3,SF,370,669,3,6,0.067,1.0,0,1,normal,0
73.49,tcp,ftp,SF,0,535,1,2,0.042,1.0,0,1,normal,0
0.47,tcp,ssh,S0,41,0,393,157,0.935,0.937,0,0,dos,1
4.59,tcp,other,SF,440,1402,8,7,0.055,1.0,0,1,normal,0
0.0,tcp,ftp,S0,19,0,50,14,0.486,0.391,0,0,probe,1
0.0,udp,pop3,REJ,27,0,74,8,0.438,0.148,0,0,probe,1
0.0,tcp,smtp,SF,449,1771,2,1,0.0,0.843,0,1,normal,0
78.85,tcp,ssh,SF,171,185,6,8,0.124,0.852,0,1,normal,0
31.49,udp,other,SF,451,2136,1,2,0.0,0.994,0,1,normal,0
0.74,tcp,telnet,S0,33,2,423,195,0.905,0.966,0,0,dos,1
65.35,tcp,dns,SF,366,1328,3,9,0.017,0.864,0,1,normal,0
55.87,tcp,dns,SF,226,1999,4,7,0.039,0.911,0,1,normal,0
48.74,udp,other,SF,566,2294,1,7,0.0,0.866,0,1,normal,0
101.67,tcp,http,SF,837,627,3,9,0.114,1.0,0,1,normal,0
0.38,tcp,telnet,S0,49,3,281,153,0.798,0.907,0,0,dos,1
3.23,tcp,http,REJ,0,0,267,290,0.993,0.936,0,0,dos,1
63.36,tcp,other,RSTR,560,786,8,9,0.044,0.824,0,1,normal,0
117.48,tcp,telnet,SF,548,1166,3,1,0.0,0.889,0,1,normal,0
80.06,tcp,other,SF,637,268,3,2,0.018,0.775,0,1,normal,0
98.78,tcp,smtp,SF,205,2870,3,3,0.035,0.985,0,1,normal,0
16.1,tcp,dns,SF,400,532,6,5,0.067,0.821,0,1,normal,0
89.47,udp,telnet,SF,342,0,4,3,0.0,0.901,0,1,normal,0
1.08,tcp,http,S0,17,0,24,8,0.643,0.083,0,0,probe,1
20.93,tcp,ftp,SF,547,1203,9,7,0.047,1.0,0,1,normal,0
0.0,tcp,ssh,RSTR,52,4,314,156,1.0,0.963,0,0,dos,1
61.55,udp,pop3,SF,705,525,8,4,0.022,1.0,0,1,normal,0
86.89,udp,ssh,RSTR,205,1125,6,3,0.025,0.887,0,1,normal,0
7.67,tcp,telnet,SF,222,979,9,4,0.0,0.997,0,1,normal,0
60.89,tcp,http,SF,510,377,6,4,0.0,0.841,0,1,normal,0
76.0,tcp,pop3,SF,302,799,3,5,0.0,1.0,0,1,normal,0
112.4,tcp,ssh,SF,427,181,2,1,0.0,0.918,1,1,u2r,1
0.0,tcp,smtp,REJ,50,9,435,129,0.649,0.978,0,0,dos,1
3.23,tcp,ftp,REJ,11,10,155,189,0.795,1.0,0,0,dos,1
34.25,tcp,smtp,SF,965,1158,6,6,0.0,0.991,0,1,normal,0
36.92,tcp,http,SF,971,597,8,8,0.044,0.895,0,1,normal,0
76.68,tcp,smtp,SF,140,599,2,2,0.0,0.853,0,1,normal,0
0.44,tcp,ssh,S0,26,0,38,5,0.359,0.0,0,0,probe,1
2.88,tcp,ftp,RSTR,26,4,286,282,0.924,0.917,0,0,dos,1
86.66,udp,ftp,SF,1042,278,8,6,0.001,0.887,0,1,normal,0
10.46,tcp,pop3,S0,635,322,8,9,0.056,0.924,4,0,r2l,1
58.65,tcp,http,SF,231,1176,7,2,0.029,0.975,0,1,normal,0
47.34,tcp,ssh,SF,0,1182,9,6,0.036,0.929,0,1,normal,0
13.94,udp,other,SF,305,1072,5,3,0.056,0.87,0,1,normal,0
106.21,tcp,smtp,SF,122,1180,2,5,0.0,0.852,0,1,normal,0
3.18,tcp,telnet,S0,32,1,29,3,0.324,0.383,0,0,probe,1
0.0,tcp,pop3,S0,70,0,505,420,0.86,1.0,0,0,dos,1
84.08,tcp,ftp,SF,709,168,1,3,0.013,0.934,0,1,normal,0
119.11,tcp,other,S0,274,443,5,7,0.024,0.942,0,1,normal,0
0.0,tcp,other,SF,456,821,7,4,0.094,0.92,0,1,normal,0
73.15,udp,ssh,SF,584,1635,7,8,0.029,1.0,0,1,normal,0
71.62,tcp,http,SF,597,432,2,8,0.074,0.917,0,1,normal,0
55.74,tcp,dns,SF,392,1169,1,4,0.012,0.833,0,1,normal,0
42.71,tcp,dns,SF,325,0,1,7,0.0,0.785,0,1,normal,0
31.0,tcp,dns,SF,522,1717,4,8,0.024,0.895,0,1,normal,0
0.0,tcp,dns,RSTR,585,1112,3,2,0.029,0.912,0,1,normal,0
0.52,tcp,other,S0,19,0,65,9,0.745,0.395,0,0,probe,1
80.95,tcp,pop3,SF,715,112,9,3,0.022,0.842,0,1,normal,0
74.68,tcp,ftp,SF,369,0,8,2,0.043,0.782,0,1,normal,0
15.89,udp,telnet,RSTR,0,793,7,3,0.025,0.763,0,1,normal,0
0.0,udp,http,REJ,17,2,248,297,0.682,0.945,0,0,dos,1
0.0,tcp,smtp,SF,678,471,7,3,0.063,0.951,0,1,normal,0
0.0,tcp,ssh,SF,1088,0,3,9,0.0,0.848,0,1,normal,0
1.22,tcp,ftp,RSTR,1,0,429,443,0.86,0.972,0,0,dos,1
0.27,udp,ssh,RSTR,0,1,319,110,0.814,0.94,0,0,dos,1
60.55,tcp,smtp,SF,822,540,2,8,0.008,0.949,0,1,normal,0
69.3,tcp,smtp,SF,356,1478,5,5,0.035,0.905,0,1,normal,0
18.98,tcp,telnet,SF,307,293,3,1,0.171,0.598,4,0,r2l,1
54.25,tcp,ftp,REJ,289,692,5,9,0.031,0.896,0,1,normal,0
23.68,tcp,smtp,SF,287,1431,6,1,0.0,0.875,0,1,normal,0
91.12,tcp,other,SF,610,1288,6,3,0.101,0.954,0,1,normal,0
102.39,tcp,dns,SF,117,1996,3,7,0.006,0.847,0,1,normal,0
0.0,tcp,ftp,SF,1160,1549,9,4,0.0,0.921,0,1,normal,0
0.0,icmp,other,SF,523,734,1,5,0.082,0.749,0,1,normal,0
54.32,tcp,dns,SF,360,1154,4,5,0.011,0.771,0,1,normal,0
70.37,tcp,other,SF,1042,147,2,1,0.036,0.883,0,1,normal,0
37.76,tcp,other,SF,576,1719,4,3,0.095,0.771,0,1,normal,0
0.0,tcp,pop3,REJ,35,0,293,348,0.789,0.906,0,0,dos,1
32.64,udp,http,RSTO,322,1169,4,7,0.0,0.689,0,1,normal,0
11.6,tcp,smtp,SF,524,707,5,3,0.052,0.784,0,1,normal,0
78.19,udp,ftp,SF,177,450,2,7,0.0,0.872,0,1,normal,0
53.25,tcp,http,S0,1016,1369,1,3,0.0,1.0,0,1,normal,0
84.51,tcp,telnet,SF,453,1580,4,3,0.06,0.877,0,1,normal,0
53.56,tcp,telnet,SF,97,1842,9,8,0.067,0.831,0,1,normal,0
5.21,udp,http,REJ,21,0,190,331,0.864,1.0,0,0,dos,1
99.75,tcp,telnet,SF,644,1815,5,5,0.073,0.854,0,1,normal,0
0.0,tcp,pop3,REJ,73,0,481,471,0.878,1.0,0,0,dos,1
0.93,tcp,ftp,RSTR,60,5,454,313,0.898,0.868,0,0,dos,1
75.41,tcp,smtp,SF,620,1437,3,7,0.0,0.962,0,1,normal,0
121.34,udp,http,SF,728,835,7,6,0.0,0.972,0,1,normal,0
2.63,udp,http,REJ,18,0,380,448,0.888,0.949,0,0,dos,1
0.0,udp,other,SF,221,672,5,3,0.04,0.784,0,1,normal,0
0.0,tcp,other,S0,16,0,60,9,0.912,0.262,0,0,probe,1
4.54,tcp,other,S0,76,0,100,220,0.849,1.0,0,0,dos,1
58.03,tcp,other,SF,535,299,4,8,0.0,0.938,0,1,normal,0
0.23,tcp,dns,REJ,53,0,366,394,0.884,0.916,0,0,dos,1
96.7,udp,http,SF,197,769,1,4,0.053,0.873,0,1,normal,0
21.84,tcp,ssh,SF,684,1347,4,1,0.056,0.867,0,1,normal,0
94.43,tcp,http,SF,633,547,9,6,0.006,0.917,0,1,normal,0
125.95,tcp,smtp,SF,448,1380,3,2,0.0,0.809,0,1,normal,0
3.92,tcp,other,S0,22,4,312,345,0.913,0.926,0,0,dos,1
5.8,tcp,smtp,S0,16,0,20,14,0.725,0.142,0,0,probe,1
70.74,tcp,ssh,SF,436,276,9,1,0.056,0.886,0,1,normal,0
0.0,icmp,other,SF,758,552,2,5,0.0,0.99,0,1,normal,0
45.29,tcp,pop3,REJ,662,1031,6,6,0.0,0.936,0,1,normal,0
3.99,udp,smtp,RSTO,705,546,8,4,0.0,0.847,0,1,normal,0
0.0,tcp,dns,SF,395,845,4,9,0.01,0.813,0,1,normal,0
55.61,tcp,ssh,SF,151,457,9,7,0.066,0.947,0,1,normal,0
1.19,tcp,telnet,S0,10,2,257,144,0.855,0.97,0,0,dos,1
63.18,tcp,ssh,SF,171,387,5,8,0.019,0.751,0,1,normal,0
0.0,tcp,telnet,SF,716,1149,2,9,0.014,1.0,0,1,normal,0
32.03,tcp,ssh,SF,439,677,5,4,0.044,0.797,0,1,normal,0
46.74,tcp,other,SF,262,1861,2,4,0.013,0.922,0,1,normal,0
23.91,tcp,http,SF,698,1087,1,8,0.0,0.801,0,1,normal,0
68.04,tcp,other,SF,782,222,4,5,0.064,0.868,0,1,normal,0
104.95,tcp,smtp,SF,950,870,7,2,0.033,0.857,0,1,normal,0
0.0,tcp,ssh,SF,138,564,11,3,0.168,0.851,1,1,r2l,1
69.41,tcp,telnet,SF,709,899,6,1,0.222,0.98,0,1,normal,0
48.17,tcp,smtp,SF,528,1107,3,7,0.009,0.868,0,1,normal,0
4.66,tcp,smtp,S0,68,2,377,192,1.0,0.967,0,0,dos,1
67.35,tcp,smtp,SF,303,1089,4,9,0.181,0.938,0,1,normal,0
203.58,tcp,pop3,SF,308,654,1,1,0.0,0.782,1,1,u2r,1
0.15,udp,http,RSTR,70,1862,1,8,0.015,0.887,0,1,normal,0
80.18,tcp,http,SF,0,1617,3,1,0.054,1.0,0,1,normal,0
32.82,tcp,ssh,SF,27,1229,5,4,0.008,0.948,0,1,normal,0
48.17,tcp,ssh,SF,794,721,6,5,0.0,0.911,0,1,normal,0
2.96,udp,telnet,S0,60,0,427,314,0.994,0.916,0,0,dos,1
17.66,tcp,ssh,RSTO,361,1562,8,1,0.0,0.809,0,1,normal,0
0.0,tcp,telnet,S0,58,1,189,352,0.775,0.95,0,0,dos,1
2.27,tcp,ssh,S0,45,3,425,232,1.0,0.921,0,0,dos,1
0.95,tcp,ftp,S0,34,4,257,491,0.971,0.881,0,0,dos,1
0.0,tcp,ftp,S0,11,0,40,19,0.496,0.119,0,0,probe,1
45.31,tcp,http,SF,664,737,4,3,0.005,0.79,0,1,normal,0
15.21,udp,pop3,RSTO,462,737,9,8,0.017,1.0,0,1,normal,0
2.63,udp,telnet,S0,24,3,220,400,1.0,0.944,0,0,dos,1
25.17,tcp,smtp,SF,601,761,1,8,0.033,0.957,0,1,normal,0
36.92,tcp,pop3,SF,447,1363,3,2,0.003,0.802,0,1,normal,0
65.74,tcp,ssh,SF,773,460,4,1,0.0,0.852,0,1,normal,0
41.95,tcp,smtp,SF,715,504,2,1,0.013,0.948,0,1,normal,0
1.12,tcp,ssh,S0,88,0,377,111,1.0,1.0,0,0,dos,1
87.75,tcp,other,SF,539,979,3,8,0.026,0.824,0,1,normal,0
53.24,tcp,ssh,REJ,712,1712,1,1,0.081,0.767,0,1,normal,0
27.63,tcp,http,S0,34,0,1,3,0.0,0.481,4,0,r2l,1
68.31,udp,ftp,SF,429,1926,2,7,0.0,0.889,0,1,normal,0
0.0,tcp,smtp,REJ,64,0,135,201,0.791,0.844,0,0,dos,1
58.54,tcp,ftp,SF,346,406,7,3,0.052,1.0,0,1,normal,0
21.44,tcp,pop3,SF,493,259,2,4,0.005,0.841,0,1,normal,0
27.9,tcp,other,SF,423,1174,2,5,0.082,1.0,0,1,normal,0
51.42,tcp,pop3,SF,291,1696,9,5,0.004,0.938,0,1,normal,0
67.57,icmp,http,SF,670,1254,2,3,0.06,0.933,0,1,normal,0
27.14,tcp,telnet,SF,27,1537,2,5,0.0,0.882,0,1,normal,0
123.67,icmp,smtp,SF,335,646,4,2,0.117,0.997,0,1,normal,0
0.0,udp,other,SF,0,544,1,8,0.069,0.878,0,1,normal,0
0.0,tcp,ftp,SF,722,967,6,5,0.114,1.0,0,1,normal,0
32.27,udp,other,SF,419,319,5,5,0.091,0.935,0,1,normal,0
0.0,tcp,telnet,RSTR,64,1,441,256,1.0,0.971,0,0,dos,1
2.07,udp,telnet,S0,42,0,35,17,0.304,0.555,0,0,probe,1
2.34,tcp,other,S0,66,0,388,345,0.88,0.984,0,0,dos,1
24.39,tcp,telnet,SF,437,793,1,8,0.0,0.983,0,1,normal,0
82.56,tcp,ftp,SF,534,2148,5,1,0.0,0.762,0,1,normal,0
97.87,tcp,http,REJ,774,226,7,4,0.101,0.814,0,1,normal,0
0.47,tcp,dns,S0,23,0,37,7,0.534,0.0,0,0,probe,1
17.55,tcp,other,SF,324,341,13,9,0.079,0.406,2,0,r2l,1
0.0,tcp,telnet,SF,435,1138,5,2,0.0,0.982,0,1,normal,0
51.73,tcp,pop3,SF,342,883,6,7,0.045,0.995,0,1,normal,0
0.0,tcp,pop3,S0,39,2,182,131,1.0,0.923,0,0,dos,1
91.53,tcp,ftp,SF,875,780,9,3,0.013,0.893,0,1,normal,0
33.62,tcp,smtp,SF,431,272,3,7,0.0,0.932,0,1,normal,0
36.31,tcp,dns,SF,674,1582,7,2,0.051,0.84,0,1,normal,0
2.41,icmp,pop3,RSTR,34,2,174,219,0.901,0.99,0,0,dos,1
0.0,icmp,http,S0,866,941,5,1,0.0,0.829,0,1,normal,0
0.0,tcp,smtp,SF,396,517,5,3,0.082,0.934,0,1,normal,0
31.23,udp,other,SF,436,1505,8,8,0.072,0.765,0,1,normal,0
26.11,udp,telnet,SF,88,616,1,2,0.0,0.826,0,1,normal,0
2.35,tcp,telnet,S0,19,0,52,9,0.756,0.0,0,0,probe,1
2.78,tcp,pop3,REJ,14,1,88,7,0.435,0.082,0,0,probe,1
78.9,tcp,dns,SF,476,1186,7,6,0.0,1.0,0,1,normal,0
17.86,tcp,other,SF,400,1430,8,1,0.0,0.949,0,1,normal,0
0.0,icmp,telnet,REJ,74,0,467,280,0.911,0.961,0,0,dos,1
1.59,tcp,ssh,S0,54,0,304,118,0.948,1.0,0,0,dos,1
17.56,tcp,dns,REJ,98,1695,7,5,0.021,1.0,0,1,normal,0
18.38,tcp,smtp,SF,602,0,4,9,0.0,0.837,0,1,normal,0
100.42,tcp,http,SF,210,813,7,9,0.045,1.0,0,1,normal,0
0.0,tcp,ftp,S0,8,0,151,412,0.909,1.0,0,0,dos,1
36.17,udp,smtp,SF,511,105,4,9,0.052,0.966,0,1,normal,0
52.53,tcp,smtp,SF,597,1704,7,1,0.0,0.637,0,1,normal,0
6.98,tcp,dns,SF,10,3,67,11,0.578,0.101,0,0,probe,1
87.04,tcp,ftp,SF,1058,926,1,4,0.036,0.802,0,1,normal,0
0.99,udp,other,SF,22,0,42,15,0.294,0.28,0,0,probe,1
55.17,tcp,telnet,SF,712,1116,3,7,0.135,0.866,0,1,normal,0
74.78,tcp,ssh,SF,371,1479,4,5,0.044,0.79,0,1,normal,0
1.08,udp,pop3,REJ,20,3,99,11,0.335,0.306,0,0,probe,1
28.27,udp,dns,S0,314,168,7,6,0.01,0.564,4,0,r2l,1
7.08,tcp,smtp,SF,22,577,10,2,0.068,0.636,3,1,r2l,1
0.0,tcp,dns,REJ,39,2,201,407,0.885,0.978,0,0,dos,1
81.52,tcp,ssh,S0,0,853,3,9,0.0,0.986,0,1,normal,0
0.0,tcp,pop3,SF,675,895,5,1,0.023,0.822,0,1,normal,0
62.94,tcp,telnet,SF,483,1565,2,6,0.029,0.856,0,1,normal,0
1.38,tcp,other,S0,17,1,83,9,0.664,0.357,0,0,probe,1
45.72,tcp,http,SF,503,784,5,5,0.0,0.654,0,1,normal,0
4.11,tcp,http,S0,65,0,108,125,0.718,0.97,0,0,dos,1
0.0,tcp,ftp,SF,11,2,56,4,0.378,0.026,0,0,probe,1
0.0,tcp,ftp,SF,371,449,4,9,0.005,0.736,4,0,r2l,1
0.0,tcp,ftp,S0,17,0,47,6,0.434,0.188,0,0,probe,1
93.55,udp,telnet,SF,516,1611,5,1,0.037,0.962,0,1,normal,0
0.0,udp,ssh,SF,264,1290,8,6,0.151,0.909,0,1,normal,0
175.39,tcp,telnet,SF,845,418,3,4,0.042,0.967,1,1,u2r,1
0.0,tcp,pop3,SF,308,1664,1,8,0.027,0.792,0,1,normal,0
9.5,udp,dns,SF,793,1753,7,2,0.045,0.83,0,1,normal,0
1.01,tcp,ssh,SF,289,388,3,8,0.0,0.353,3,1,r2l,1
63.86,tcp,ssh,SF,576,734,4,9,0.079,1.0,0,1,normal,0
70.6,tcp,http,SF,326,1426,6,1,0.0,0.952,0,1,normal,0
0.0,tcp,http,SF,706,1774,7,5,0.014,0.961,0,1,normal,0
21.38,tcp,pop3,SF,772,180,2,2,0.0,0.865,0,1,normal,0
4.28,tcp,other,S0,17,0,71,13,0.884,0.239,0,0,probe,1
0.0,tcp,ssh,SF,216,0,5,6,0.066,0.974,0,1,normal,0
27.58,tcp,telnet,SF,220,1934,2,3,0.023,1.0,0,1,normal,0
60.66,udp,smtp,SF,442,1762,9,4,0.0,0.79,0,1,normal,0
3.94,tcp,http,S0,40,1,37,5,0.706,0.294,0,0,probe,1
0.31,tcp,ftp,S0,22,0,79,9,0.347,0.038,0,0,probe,1
122.33,tcp,other,SF,437,987,5,1,0.0,0.831,0,1,normal,0
113.0,udp,ssh,RSTO,860,314,3,8,0.042,0.84,0,1,normal,0
4.81,udp,ftp,SF,376,1242,7,8,0.0,0.763,0,1,normal,0
122.08,tcp,other,SF,915,1021,3,6,0.01,0.904,0,1,normal,0
51.21,udp,other,SF,260,689,4,2,0.0,0.899,0,1,normal,0
24.23,tcp,other,REJ,756,831,1,2,0.0,0.754,0,1,normal,0
0.0,tcp,ftp,SF,1051,0,9,3,0.023,0.842,0,1,normal,0
10.07,udp,telnet,SF,854,207,9,6,0.059,0.776,0,1,normal,0
31.72,tcp,dns,SF,738,1792,4,5,0.0,0.956,0,1,normal,0
75.42,tcp,other,SF,209,2134,3,5,0.011,0.794,0,1,normal,0
78.08,tcp,smtp,SF,488,1139,2,5,0.0,0.993,0,1,normal,0
0.0,tcp,other,S0,13,0,352,134,0.87,0.945,0,0,dos,1
0.0,tcp,ftp,SF,532,1657,3,6,0.02,0.992,0,1,normal,0
25.13,tcp,ssh,SF,779,717,5,1,0.031,0.866,0,1,normal,0
60.67,icmp,dns,SF,849,636,3,1,0.006,0.923,1,1,u2r,1
0.0,tcp,ftp,SF,907,1329,2,3,0.076,0.989,0,1,normal,0
0.0,tcp,ftp,S0,11,1,43,19,0.566,0.361,0,0,probe,1
26.71,tcp,http,SF,0,1363,7,2,0.035,0.859,0,1,normal,0
0.0,tcp,telnet,S0,32,0,187,350,1.0,0.906,0,0,dos,1
44.02,tcp,http,SF,607,1069,9,2,0.026,0.73,0,1,normal,0
52.99,tcp,ssh,RSTR,451,1155,2,3,0.029,0.8,0,1,normal,0
0.68,tcp,http,S0,91,0,277,268,0.745,0.981,0,0,dos,1
1.14,tcp,dns,S0,58,0,126,158,1.0,0.966,0,0,dos,1
0.57,tcp,ssh,RSTO,0,2055,5,7,0.078,1.0,0,1,normal,0
2.48,tcp,dns,REJ,104,0,349,468,0.779,0.997,0,0,dos,1
73.03,tcp,pop3,SF,417,1192,1,8,0.0,0.839,0,1,normal,0
3.44,tcp,ssh,S0,42,3,44,11,0.477,0.238,0,0,probe,1
0.46,tcp,other,S0,20,0,450,324,1.0,1.0,0,0,dos,1
114.7,tcp,telnet,SF,303,1799,4,9,0.028,1.0,0,1,normal,0
0.0,udp,pop3,REJ,17,0,252,273,0.722,0.936,0,0,dos,1
17.99,icmp,http,S0,540,261,8,4,0.184,0.575,2,0,r2l,1
0.58,tcp,ftp,S0,19,0,351,176,0.93,0.943,0,0,dos,1
77.09,tcp,smtp,SF,615,574,1,9,0.022,0.845,0,1,normal,0
1.41,udp,dns,S0,9,0,297,464,0.928,0.88,0,0,dos,1
72.9,tcp,other,SF,782,2098,8,6,0.0,0.945,0,1,normal,0
115.53,udp,ssh,SF,285,397,4,1,0.1,0.799,0,1,normal,0
0.0,udp,http,REJ,18,2,44,1,0.422,0.138,0,0,probe,1
107.58,tcp,pop3,SF,390,544,7,5,0.113,0.896,0,1,normal,0
0.0,udp,other,S0,49,0,185,381,1.0,0.953,0,0,dos,1
93.79,tcp,ftp,REJ,462,403,8,1,0.0,0.916,0,1,normal,0
37.25,udp,http,S0,0,856,8,7,0.005,0.904,0,1,normal,0
29.22,tcp,pop3,SF,106,244,4,3,0.232,0.403,3,0,r2l,1
59.4,tcp,other,SF,997,0,6,4,0.025,0.954,0,1,normal,0
98.12,udp,telnet,SF,481,2946,7,5,0.073,0.949,0,1,normal,0
102.76,tcp,ssh,SF,490,660,1,6,0.0,1.0,0,1,normal,0
0.0,icmp,ssh,SF,0,863,3,5,0.114,0.779,0,1,normal,0
20.91,tcp,telnet,SF,371,613,5,7,0.0,1.0,0,1,normal,0
42.35,tcp,http,SF,417,1571,7,7,0.001,0.855,0,1,normal,0
2.46,tcp,dns,S0,0,0,59,7,0.133,0.338,0,0,probe,1
20.09,tcp,ftp,SF,348,281,2,2,0.224,0.487,3,1,r2l,1
0.0,udp,http,REJ,32,0,494,365,0.769,0.952,0,0,dos,1
113.03,icmp,other,SF,516,1902,9,6,0.0,0.956,0,1,normal,0
0.08,tcp,telnet,S0,47,0,316,502,0.848,1.0,0,0,dos,1
0.0,tcp,http,SF,620,965,9,6,0.0,0.911,0,1,normal,0
2.57,tcp,http,REJ,76,0,203,375,1.0,0.943,0,0,dos,1
95.65,tcp,other,SF,360,1527,1,4,0.007,0.838,0,1,normal,0
0.0,udp,telnet,REJ,30,0,73,19,0.636,0.335,0,0,probe,1
74.75,tcp,ftp,RSTR,772,675,8,5,0.0,0.773,0,1,normal,0
93.37,tcp,ssh,SF,747,1026,7,4,0.039,0.969,0,1,normal,0
157.11,tcp,dns,SF,1339,644,1,2,0.087,0.788,0,1,u2r,1
94.09,udp,dns,SF,939,1487,9,9,0.0,0.844,0,1,normal,0
0.72,tcp,other,S0,99,7,204,251,0.861,0.938,0,0,dos,1
4.05,tcp,pop3,REJ,0,3,47,16,0.638,0.313,0,0,probe,1
84.44,tcp,http,SF,461,728,7,9,0.0,0.808,0,1,normal,0
10.47,tcp,smtp,SF,1041,274,1,3,0.0,0.82,0,1,normal,0
67.01,udp,other,SF,435,1067,5,3,0.02,0.877,0,1,normal,0
2.63,tcp,dns,RSTR,0,0,105,490,1.0,0.877,0,0,dos,1
0.0,tcp,smtp,SF,205,16,3,7,0.0,0.456,2,0,r2l,1
30.31,tcp,dns,SF,553,1432,2,1,0.0,0.846,0,1,normal,0
3.53,udp,pop3,S0,102,0,193,446,0.872,0.999,0,0,dos,1
126.81,tcp,pop3,SF,983,1275,5,8,0.026,0.947,0,1,normal,0
8.6,tcp,pop3,SF,482,1618,5,5,0.024,0.948,0,1,normal,0
0.64,tcp,dns,S0,6,0,275,129,1.0,0.856,0,0,dos,1
3.78,tcp,ftp,SF,3,0,28,13,0.411,0.253,0,0,probe,1
3.63,tcp,telnet,SF,91,318,6,3,0.0,1.0,0,1,normal,0
30.1,tcp,other,SF,273,734,8,2,0.015,1.0,0,1,normal,0
93.77,udp,http,SF,883,1702,6,1,0.0,0.706,0,1,normal,0
40.61,tcp,telnet,SF,382,163,7,6,0.0,0.832,0,1,normal,0
68.38,tcp,other,SF,495,1286,7,7,0.0,0.857,0,1,normal,0
0.53,tcp,other,REJ,0,0,372,127,1.0,0.953,0,0,dos,1
56.33,tcp,smtp,SF,408,1420,3,3,0.063,0.916,0,1,normal,0
90.44,tcp,smtp,SF,833,952,9,5,0.058,1.0,0,1,normal,0
1.12,tcp,ftp,S0,30,0,262,388,1.0,0.968,0,0,dos,1
98.11,tcp,ftp,S0,772,1105,7,3,0.032,0.887,0,1,normal,0
38.51,tcp,telnet,SF,899,676,8,8,0.054,0.946,0,1,normal,0
3.91,tcp,pop3,REJ,0,0,51,4,0.473,0.011,0,0,probe,1
12.58,tcp,dns,SF,366,1743,3,8,0.0,0.963,0,1,normal,0
80.44,tcp,smtp,SF,701,1647,7,3,0.039,0.914,0,1,normal,0
131.01,udp,pop3,SF,613,1465,3,2,0.024,0.918,0,1,normal,0
3.09,tcp,telnet,SF,40,532,5,3,0.028,0.941,0,1,normal,0
0.0,tcp,ssh,SF,886,1041,6,9,0.01,0.981,0,1,normal,0
59.55,tcp,telnet,SF,248,2402,5,6,0.101,0.916,0,1,normal,0
56.44,tcp,telnet,SF,484,1003,2,6,0.053,1.0,0,1,normal,0
0.56,tcp,dns,SF,10,0,70,8,0.709,0.042,0,0,probe,1
65.92,tcp,dns,S0,682,1333,4,1,0.025,0.839,0,1,normal,0
24.7,tcp,dns,SF,807,1074,5,6,0.09,0.992,0,1,normal,0
70.1,tcp,other,SF,794,1116,9,4,0.0,0.92,0,1,normal,0
15.51,tcp,dns,SF,201,420,3,9,0.118,0.574,4,1,r2l,1
9.84,tcp,dns,SF,1048,1059,1,2,0.024,0.875,0,1,normal,0
1.02,tcp,ftp,S0,56,2,475,343,0.913,1.0,0,0,dos,1
0.0,tcp,ssh,SF,475,276,3,2,0.0,1.0,0,1,normal,0
10.44,udp,other,SF,200,451,11,1,0.226,0.649,1,1,r2l,1
66.36,tcp,http,SF,956,154,4,8,0.079,0.955,0,1,normal,0
50.23,tcp,ftp,SF,557,314,1,5,0.0,0.814,0,1,normal,0
57.03,tcp,telnet,SF,485,1389,2,3,0.0,0.951,0,1,normal,0
98.04,icmp,ftp,SF,895,1084,5,6,0.063,0.934,0,1,normal,0
0.14,tcp,other,S0,0,0,303,100,0.946,0.915,0,0,dos,1
66.75,tcp,other,SF,56,1436,4,3,0.0,1.0,0,1,normal,0
34.23,tcp,telnet,RSTR,66,1047,6,7,0.0,0.859,0,1,normal,0
83.08,tcp,pop3,RSTR,784,1596,2,7,0.03,0.866,0,1,normal,0
4.53,tcp,pop3,REJ,60,0,472,422,1.0,0.98,0,0,dos,1
11.66,tcp,http,RSTR,154,2269,8,9,0.039,0.943,0,1,normal,0
7.32,tcp,pop3,SF,791,255,1,3,0.055,0.553,1,1,u2r,1
3.71,tcp,dns,S0,96,0,149,443,0.742,0.939,0,0,dos,1
39.06,tcp,smtp,SF,828,1060,5,5,0.0,1.0,0,1,normal,0
2.5,tcp,telnet,REJ,77,11,335,404,0.901,0.964,0,0,dos,1
112.22,udp,ftp,SF,962,1150,2,7,0.051,1.0,0,1,normal,0
89.69,tcp,ftp,SF,475,1470,1,3,0.073,0.943,0,1,normal,0
24.55,udp,smtp,REJ,0,1016,3,2,0.008,0.866,0,1,normal,0
62.72,tcp,http,SF,4,1942,4,3,0.067,1.0,0,1,normal,0
107.19,tcp,ftp,SF,117,1273,5,3,0.0,0.829,0,1,normal,0
32.88,tcp,dns,SF,688,926,9,9,0.042,0.721,0,1,normal,0
2.6,tcp,other,RSTR,44,0,208,189,0.952,1.0,0,0,dos,1
40.64,tcp,ftp,SF,477,1174,6,4,0.111,0.935,0,1,normal,0
58.65,tcp,other,SF,472,1523,7,9,0.0,1.0,0,1,normal,0
91.15,tcp,http,SF,462,1718,9,1,0.046,0.91,0,1,normal,0
12.06,tcp,ssh,REJ,915,1084,8,4,0.096,0.923,0,1,normal,0
1.35,udp,pop3,REJ,43,5,193,281,0.899,0.965,0,0,dos,1
33.27,tcp,dns,SF,1171,989,9,7,0.09,0.941,0,1,normal,0
27.59,udp,ftp,SF,751,0,3,5,0.0,0.929,0,1,normal,0
63.18,tcp,dns,S0,835,838,1,1,0.035,0.901,0,1,normal,0
3.67,tcp,ssh,S0,90,0,167,216,0.769,0.922,0,0,dos,1
110.8,tcp,dns,SF,425,1380,6,4,0.071,0.861,0,1,normal,0
0.29,tcp,ftp,RSTR,63,0,248,134,0.745,0.926,0,0,dos,1
60.58,tcp,smtp,SF,729,327,1,6,0.0,0.854,0,1,normal,0
65.87,tcp,other,SF,0,1075,3,6,0.026,0.757,0,1,normal,0
55.18,udp,smtp,SF,520,938,8,2,0.0,0.759,0,1,normal,0
58.01,tcp,dns,SF,1039,454,3,7,0.043,0.893,0,1,normal,0
55.32,udp,dns,SF,1013,958,5,1,0.079,0.842,0,1,normal,0
0.0,tcp,smtp,SF,750,2067,7,3,0.0,0.756,0,1,normal,0
25.62,tcp,pop3,SF,395,1313,1,5,0.0,1.0,0,1,normal,0
60.6,tcp,smtp,SF,697,1230,4,2,0.107,0.769,0,1,normal,0
0.38,tcp,smtp,SF,637,1569,3,3,0.0,0.668,0,1,normal,0
22.7,tcp,ssh,SF,55,568,6,7,0.0,0.881,0,1,normal,0
7.28,tcp,smtp,SF,686,1847,5,4,0.0,0.87,0,1,normal,0
0.0,tcp,dns,SF,749,198,2,9,0.05,0.932,0,1,normal,0
42.04,tcp,pop3,SF,1172,705,6,9,0.0,1.0,0,1,normal,0
5.42,tcp,http,SF,24,0,78,17,0.21,0.363,0,0,probe,1
6.25,tcp,http,SF,725,1614,8,3,0.003,0.736,0,1,normal,0
49.58,tcp,pop3,SF,581,1255,2,6,0.048,1.0,0,1,normal,0
7.15,tcp,http,SF,257,1114,3,2,0.0,0.96,0,1,normal,0
54.97,tcp,other,S0,0,193,11,6,0.075,0.663,3,0,r2l,1
0.0,tcp,smtp,SF,391,1379,2,8,0.09,0.866,0,1,normal,0
29.82,tcp,other,SF,599,1085,2,7,0.066,0.887,0,1,normal,0
106.44,icmp,other,SF,285,240,7,1,0.038,0.999,0,1,normal,0
16.66,tcp,http,RSTO,792,384,5,8,0.029,0.895,0,1,normal,0
2.51,tcp,ftp,S0,0,14,237,425,0.852,0.85,0,0,dos,1
25.55,udp,ftp,S0,384,517,9,6,0.066,0.866,0,1,normal,0
80.23,udp,ftp,REJ,184,1707,6,8,0.017,1.0,0,1,normal,0
35.4,tcp,ftp,SF,895,765,2,9,0.0,1.0,0,1,normal,0
11.12,tcp,other,SF,59,371,7,4,0.0,0.265,4,0,r2l,1
0.0,tcp,ssh,S0,38,0,496,104,0.98,0.91,0,0,dos,1
0.0,tcp,dns,REJ,21,2,51,15,0.308,0.075,0,0,probe,1
2.92,udp,other,S0,28,0,221,241,1.0,0.984,0,0,dos,1
0.0,tcp,http,REJ,37,0,80,7,0.274,0.165,0,0,probe,1
138.35,tcp,telnet,SF,518,2045,5,2,0.0,1.0,0,1,normal,0
80.96,tcp,http,SF,0,583,8,5,0.0,0.919,0,1,normal,0
69.4,udp,smtp,S0,820,1581,1,7,0.051,0.882,0,1,normal,0
142.58,tcp,ssh,SF,145,1203,5,1,0.04,0.886,0,1,normal,0
1.34,tcp,http,S0,77,0,508,345,0.984,0.941,0,0,dos,1
17.65,tcp,ssh,SF,962,1562,9,8,0.044,0.962,0,1,normal,0
128.94,tcp,dns,SF,763,800,2,5,0.096,0.945,0,1,normal,0
9.73,tcp,http,SF,199,1383,3,5,0.105,0.987,0,1,normal,0
39.6,udp,telnet,SF,338,448,1,2,0.0,0.868,0,1,normal,0
0.0,udp,dns,SF,15,707,5,8,0.021,0.862,0,1,normal,0
53.88,tcp,dns,SF,420,963,1,1,0.039,0.787,0,1,normal,0
70.13,tcp,telnet,SF,393,1463,5,5,0.0,0.977,0,1,normal,0
71.24,udp,ftp,SF,36,1488,8,3,0.018,0.772,0,1,normal,0
77.34,tcp,other,SF,189,1156,6,4,0.028,0.901,0,1,normal,0
39.4,tcp,http,SF,45,1215,4,9,0.02,0.92,0,1,normal,0
1.0,tcp,dns,S0,55,6,431,116,0.973,0.949,0,0,dos,1
0.0,tcp,ftp,SF,684,1627,9,4,0.0,0.82,0,1,normal,0
82.68,tcp,ssh,SF,0,746,7,1,0.0,0.896,0,1,normal,0
2.86,tcp,smtp,S0,17,0,80,5,0.4,0.212,0,0,probe,1
0.0,tcp,telnet,S0,39,0,291,354,1.0,0.936,0,0,dos,1
56.44,tcp,smtp,SF,438,34,4,4,0.04,0.983,0,1,normal,0
33.93,tcp,other,SF,0,359,7,9,0.0,0.866,0,1,normal,0
41.41,tcp,telnet,SF,373,2486,1,2,0.0,0.908,0,1,normal,0
0.26,tcp,other,REJ,9,1,199,351,0.943,0.895,0,0,dos,1
78.64,udp,dns,SF,898,1427,1,5,0.075,0.954,0,1,normal,0
5.08,tcp,pop3,S0,36,0,21,7,0.4,0.251,0,0,probe,1
0.33,tcp,other,S0,55,15,131,450,1.0,1.0,0,0,dos,1
52.54,tcp,dns,SF,656,1316,4,1,0.0,0.804,0,1,normal,0
78.49,tcp,smtp,SF,241,462,1,6,0.0,0.887,0,1,normal,0
0.0,tcp,ssh,SF,30,3,30,17,0.354,0.202,0,0,probe,1
4.67,tcp,smtp,REJ,60,0,324,295,1.0,0.97,0,0,dos,1
0.0,tcp,dns,S0,66,5,110,208,0.924,0.955,0,0,dos,1
52.79,tcp,telnet,SF,735,150,2,6,0.0,0.838,0,1,normal,0
1.08,tcp,other,S0,16,0,299,455,0.869,0.852,0,0,dos,1
1.36,tcp,dns,S0,26,1,453,461,0.747,0.938,0,0,dos,1
22.41,udp,other,SF,0,322,8,4,0.042,0.822,2,0,r2l,1
38.52,tcp,dns,SF,685,1027,7,1,0.124,0.832,0,1,normal,0
70.39,tcp,http,SF,888,167,3,5,0.0,0.89,0,1,normal,0
6.83,tcp,smtp,SF,131,549,6,5,0.14,0.829,0,1,normal,0
2.0,tcp,http,S0,33,2,180,294,0.781,0.947,0,0,dos,1
0.0,tcp,dns,REJ,26,0,74,15,0.484,0.397,0,0,probe,1
63.54,tcp,ssh,SF,983,853,2,1,0.041,0.838,0,1,normal,0
28.35,tcp,telnet,S0,1297,1112,7,4,0.0,0.932,0,1,normal,0
0.0,tcp,telnet,SF,175,1042,3,6,0.028,0.787,0,1,normal,0
33.0,tcp,telnet,SF,989,0,6,8,0.01,0.879,0,1,normal,0
0.0,tcp,dns,REJ,124,0,125,161,0.986,0.951,0,0,dos,1
87.4,tcp,dns,SF,249,449,9,6,0.056,0.846,0,1,normal,0
55.36,tcp,smtp,SF,573,649,5,1,0.0,0.987,0,1,normal,0
8.22,udp,other,S0,13,1,70,12,0.467,0.306,0,0,probe,1
24.71,tcp,ftp,REJ,279,1548,1,1,0.015,0.887,0,1,normal,0
44.22,tcp,other,SF,582,394,7,2,0.04,0.866,0,1,normal,0
2.91,tcp,ftp,RSTO,159,539,8,9,0.0,1.0,0,1,normal,0
65.14,tcp,telnet,SF,998,1272,9,1,0.0,1.0,0,1,normal,0
40.22,tcp,dns,SF,606,702,2,7,0.055,0.888,0,1,normal,0
78.82,tcp,ssh,SF,699,1342,2,1,0.0,0.828,0,1,normal,0
30.67,tcp,ssh,SF,793,1859,1,8,0.0,0.939,0,1,normal,0
0.0,tcp,other,SF,858,696,8,8,0.073,0.714,0,1,normal,0
81.42,tcp,dns,SF,372,1747,2,7,0.055,0.939,0,1,normal,0
0.0,tcp,ssh,SF,327,701,5,5,0.034,0.87,0,1,normal,0
46.65,tcp,dns,SF,301,305,3,5,0.029,0.836,0,1,normal,0
0.0,udp,ftp,SF,257,893,4,4,0.069,1.0,0,1,normal,0
71.46,tcp,dns,SF,469,1719,2,8,0.045,0.833,0,1,normal,0
0.0,tcp,dns,REJ,18,5,498,343,0.846,0.946,0,0,dos,1
92.97,tcp,dns,SF,635,2557,2,9,0.0,0.992,0,1,normal,0
88.28,udp,ftp,SF,0,555,4,7,0.007,1.0,0,1,normal,0
76.82,icmp,ftp,SF,545,2186,2,2,0.008,1.0,0,1,normal,0
76.03,tcp,dns,SF,363,689,2,5,0.062,0.872,0,1,normal,0
98.12,tcp,other,SF,168,1713,1,4,0.076,0.943,0,1,normal,0
27.64,tcp,other,RSTR,540,966,2,6,0.009,0.875,0,1,normal,0
81.55,tcp,other,SF,284,430,9,5,0.072,1.0,0,1,normal,0
0.0,tcp,ssh,S0,33,5,273,188,1.0,0.998,0,0,dos,1
67.54,udp,http,SF,389,1132,6,5,0.014,0.83,0,1,normal,0
7.91,tcp,smtp,SF,418,572,7,5,0.0,0.88,0,1,normal,0
3.47,icmp,ftp,S0,70,0,390,502,0.875,0.969,0,0,dos,1
72.47,tcp,smtp,SF,451,1521,1,8,0.021,0.848,0,1,normal,0
57.6,tcp,smtp,SF,642,1697,2,1,0.0,0.951,0,1,normal,0
92.43,tcp,telnet,SF,203,606,8,9,0.045,1.0,0,1,normal,0
14.55,tcp,http,SF,647,268,8,1,0.0,1.0,0,1,normal,0
0.0,tcp,ssh,S0,10,0,81,19,0.58,0.231,0,0,probe,1
122.28,tcp,ftp,S0,763,1558,7,3,0.039,0.839,0,1,normal,0
19.54,udp,smtp,SF,924,837,6,9,0.0,1.0,0,1,normal,0
2.93,udp,other,REJ,73,0,332,301,0.801,0.97,0,0,dos,1
30.16,tcp,other,SF,775,1004,8,8,0.08,0.802,0,1,normal,0
56.63,tcp,ftp,SF,189,1317,7,3,0.059,0.834,0,1,normal,0
52.51,tcp,other,SF,739,214,6,9,0.024,1.0,0,1,normal,0
64.73,udp,smtp,S0,944,1475,8,9,0.0,0.81,0,1,normal,0
65.4,tcp,ssh,SF,0,491,6,4,0.057,0.829,0,1,normal,0
51.26,tcp,other,SF,607,856,6,1,0.058,0.79,0,1,normal,0
25.63,tcp,dns,SF,640,811,1,8,0.031,1.0,0,1,normal,0
1.22,udp,dns,REJ,74,9,143,280,0.996,0.921,0,0,dos,1
32.0,udp,ftp,SF,610,832,3,2,0.08,0.948,0,1,normal,0
0.0,icmp,http,S0,32,0,145,284,1.0,0.847,0,0,dos,1
57.38,tcp,pop3,SF,454,0,1,8,0.058,0.956,0,1,normal,0
107.12,tcp,smtp,SF,126,720,2,2,0.071,0.773,0,1,u2r,1
74.16,tcp,ssh,SF,894,1812,2,6,0.0,0.949,0,1,normal,0
2.64,udp,other,S0,4,0,175,424,0.933,0.923,0,0,dos,1
0.0,icmp,other,S0,70,1,224,314,0.619,0.81,0,0,dos,1
118.8,tcp,dns,SF,0,705,6,7,0.067,0.866,0,1,normal,0
65.01,tcp,other,SF,241,409,6,1,0.057,0.709,0,1,normal,0
0.0,tcp,ssh,S0,42,0,418,329,1.0,0.924,0,0,dos,1
0.0,udp,telnet,S0,73,0,139,172,0.926,0.99,0,0,dos,1
0.0,udp,smtp,SF,289,602,4,9,0.032,0.909,0,1,normal,0
0.0,tcp,http,REJ,60,6,193,429,0.871,0.896,0,0,dos,1
64.81,tcp,ssh,SF,1276,292,7,2,0.0,1.0,0,1,normal,0
85.16,tcp,http,SF,199,1154,7,5,0.019,0.96,0,1,normal,0
27.55,tcp,other,SF,614,455,5,7,0.024,0.953,0,1,normal,0
2.35,tcp,dns,REJ,62,0,103,496,0.871,0.91,0,0,dos,1
86.07,tcp,http,SF,122,2227,2,1,0.009,0.885,0,1,normal,0
25.38,tcp,ftp,SF,779,19,7,9,0.0,0.864,0,1,normal,0
14.44,tcp,dns,SF,373,1276,5,2,0.083,0.843,0,1,normal,0
0.0,icmp,pop3,SF,998,1019,3,2,0.0,0.898,0,1,normal,0
33.97,tcp,pop3,SF,817,2260,4,1,0.005,0.844,0,1,normal,0
31.56,udp,http,SF,273,1043,2,6,0.034,0.858,0,1,normal,0
1.03,udp,telnet,S0,24,2,282,321,0.882,0.936,0,0,dos,1
3.3,tcp,smtp,RSTR,215,1145,3,6,0.0,0.925,0,1,normal,0
130.89,tcp,ssh,SF,253,396,4,3,0.038,0.874,0,1,normal,0
38.43,icmp,http,SF,97,712,4,8,0.048,0.957,0,1,normal,0
37.22,tcp,ssh,SF,784,1664,6,8,0.031,0.812,0,1,normal,0
61.54,tcp,ssh,SF,506,0,1,6,0.036,0.944,0,1,normal,0
86.51,tcp,ssh,SF,1098,865,8,4,0.048,0.836,0,1,normal,0
22.06,udp,dns,SF,310,1314,3,6,0.0,0.914,0,1,normal,0
46.25,tcp,http,SF,915,537,7,5,0.004,1.0,0,1,normal,0
153.37,icmp,http,RSTO,590,1175,7,5,0.024,0.69,0,1,normal,0
0.0,tcp,ftp,REJ,87,0,407,252,0.789,0.991,0,0,dos,1
7.21,tcp,ssh,SF,462,1085,9,3,0.054,0.921,0,1,normal,0
0.0,tcp,telnet,SF,202,1060,7,1,0.049,0.973,0,1,normal,0
88.78,udp,other,SF,712,1462,3,6,0.03,0.748,0,1,normal,0
90.82,tcp,smtp,SF,565,1469,6,2,0.001,0.884,0,1,normal,0
0.0,tcp,http,SF,121,516,9,3,0.054,0.796,0,1,normal,0
58.08,tcp,pop3,SF,518,1399,3,6,0.066,0.832,0,1,normal,0
179.11,tcp,smtp,SF,767,899,5,1,0.078,0.951,0,1,normal,0
64.25,tcp,dns,SF,0,420,9,8,0.0,0.892,0,1,normal,0
28.15,tcp,telnet,SF,368,412,5,3,0.0,0.927,0,1,normal,0
2.11,tcp,ftp,SF,583,228,4,6,0.009,0.87,0,1,normal,0
48.1,tcp,ftp,SF,91,491,8,4,0.0,0.671,2,0,r2l,1
39.92,tcp,ftp,SF,980,1722,1,5,0.0,0.791,0,1,normal,0
112.73,tcp,ssh,REJ,446,575,1,4,0.037,0.77,0,1,normal,0
5.73,tcp,smtp,SF,732,1770,2,4,0.0,0.787,0,1,normal,0
12.82,tcp,pop3,SF,221,798,2,6,0.017,0.898,0,1,normal,0
44.73,udp,http,SF,651,1279,4,2,0.059,0.932,0,1,normal,0
0.0,tcp,http,RSTO,0,1791,9,9,0.0,0.868,0,1,normal,0
62.56,tcp,smtp,SF,636,427,9,3,0.092,0.763,0,1,normal,0
70.14,udp,ssh,SF,564,1308,9,1,0.031,0.836,0,1,normal,0
44.83,tcp,dns,SF,432,1202,8,5,0.0,0.873,0,1,normal,0
90.27,tcp,other,SF,604,708,6,5,0.0,0.765,0,1,normal,0
14.29,udp,http,SF,223,1571,9,2,0.082,0.973,0,1,normal,0
2.42,tcp,ftp,S0,128,0,238,194,0.843,0.937,0,0,dos,1
0.06,tcp,http,SF,535,1438,3,5,0.0,0.965,0,1,normal,0
26.1,tcp,ftp,SF,344,125,7,9,0.13,0.624,3,1,r2l,1
3.04,udp,ftp,REJ,21,2,59,10,0.097,0.363,0,0,probe,1
126.92,icmp,pop3,SF,458,899,2,1,0.0,0.867,0,1,normal,0
26.54,tcp,telnet,SF,664,703,4,5,0.0,0.872,0,1,normal,0
4.04,tcp,telnet,REJ,50,0,353,270,0.775,0.906,0,0,dos,1
45.71,tcp,smtp,SF,559,312,3,6,0.049,0.876,0,1,normal,0
77.95,tcp,telnet,SF,675,919,5,8,0.0,0.81,0,1,normal,0
18.85,udp,dns,SF,193,441,8,1,0.0,0.84,0,1,normal,0
48.19,tcp,dns,SF,77,364,9,9,0.0,0.966,0,1,normal,0
4.76,udp,dns,REJ,20,8,292,276,0.966,0.912,0,0,dos,1
0.0,tcp,smtp,RSTR,104,0,484,335,0.974,0.995,0,0,dos,1
5.31,tcp,ssh,S0,57,0,150,100,0.784,0.925,0,0,dos,1
0.0,tcp,ftp,S0,14,4,294,320,1.0,0.902,0,0,dos,1
0.0,icmp,http,S0,518,744,5,3,0.0,0.967,0,1,normal,0
77.08,tcp,pop3,RSTO,391,682,1,7,0.029,0.947,0,1,normal,0
100.42,tcp,http,SF,175,88,4,3,0.032,0.777,0,1,u2r,1
2.75,tcp,other,S0,153,171,13,1,0.243,0.691,2,1,r2l,1
1.29,tcp,pop3,RSTR,80,4,390,361,0.846,0.947,0,0,dos,1
0.27,tcp,ftp,S0,13,6,100,191,0.744,0.957,0,0,dos,1
58.0,tcp,smtp,SF,827,601,1,8,0.0,0.942,0,1,normal,0
62.43,icmp,pop3,SF,0,346,1,5,0.0,0.962,0,1,normal,0
2.22,tcp,http,S0,68,0,402,137,0.862,1.0,0,0,dos,1
22.86,udp,ssh,SF,568,0,5,3,0.0,0.899,0,1,normal,0
0.0,tcp,telnet,SF,479,149,6,9,0.096,0.986,0,1,normal,0
38.45,tcp,telnet,SF,578,1057,6,2,0.066,0.871,0,1,normal,0
30.56,tcp,smtp,SF,1218,814,6,3,0.14,1.0,0,1,normal,0
0.0,tcp,ftp,SF,343,537,3,8,0.075,1.0,0,1,normal,0
0.0,udp,ftp,SF,645,1132,3,3,0.0,0.686,0,1,normal,0
24.97,tcp,other,SF,521,0,3,5,0.047,1.0,0,1,normal,0
73.04,tcp,dns,SF,527,1523,7,9,0.015,0.899,0,1,normal,0
13.03,tcp,http,SF,276,1196,5,9,0.0,0.736,0,1,normal,0
43.81,tcp,ssh,REJ,212,878,2,8,0.014,0.94,0,1,normal,0
7.61,tcp,ssh,S0,772,1226,5,6,0.0,1.0,0,1,normal,0
59.96,tcp,ftp,SF,399,0,5,6,0.069,0.757,0,1,normal,0
0.0,tcp,smtp,SF,47,1157,4,8,0.0,0.919,0,1,normal,0
75.95,udp,other,SF,533,618,6,2,0.032,0.9,0,1,normal,0
19.07,tcp,other,RSTR,527,1791,3,8,0.0,0.943,0,1,normal,0
1.37,tcp,smtp,REJ,85,0,345,367,1.0,0.961,0,0,dos,1
61.45,tcp,telnet,SF,1018,1158,4,5,0.011,0.801,0,1,normal,0
86.52,tcp,ftp,RSTR,477,375,8,1,0.023,0.82,0,1,normal,0
73.56,tcp,other,SF,573,1111,9,7,0.017,0.942,0,1,normal,0
42.04,tcp,pop3,SF,432,1428,7,3,0.031,0.979,0,1,normal,0
2.1,tcp,http,S0,67,0,486,358,0.996,0.96,0,0,dos,1
38.39,tcp,dns,S0,297,782,6,2,0.196,0.575,1,1,r2l,1
0.0,tcp,ftp,RSTO,506,610,1,3,0.0,0.825,0,1,normal,0
6.02,tcp,ssh,SF,190,169,9,1,0.045,0.487,2,0,r2l,1
59.23,tcp,smtp,SF,288,1633,2,6,0.0,0.789,0,1,normal,0
106.02,tcp,ssh,SF,938,581,7,8,0.108,1.0,0,1,normal,0
60.41,tcp,ftp,SF,626,1377,4,1,0.103,0.901,0,1,normal,0
125.38,tcp,ssh,SF,661,1061,5,1,0.035,0.839,0,1,normal,0
68.35,udp,dns,SF,265,2189,5,7,0.018,0.864,0,1,normal,0
53.75,tcp,http,SF,654,831,3,7,0.0,0.841,0,1,normal,0
84.68,tcp,other,SF,353,1590,2,6,0.15,0.811,0,1,normal,0
18.95,tcp,http,SF,370,1464,5,9,0.0,0.87,0,1,normal,0
37.59,udp,other,SF,488,1038,5,3,0.014,0.909,0,1,normal,0
66.66,tcp,smtp,SF,220,1290,9,7,0.078,0.987,0,1,normal,0
59.43,tcp,smtp,SF,397,626,4,9,0.0,0.804,0,1,normal,0
108.18,icmp,telnet,SF,1054,846,5,5,0.028,0.729,0,1,normal,0
98.92,udp,pop3,RSTR,423,673,4,5,0.0,0.913,0,1,normal,0
84.72,tcp,smtp,SF,497,124,6,9,0.013,0.833,0,1,normal,0
2.44,tcp,http,S0,51,0,294,368,0.724,0.995,0,0,dos,1
40.27,tcp,dns,REJ,730,1090,9,7,0.0,0.9,0,1,normal,0
76.62,tcp,dns,SF,690,1599,2,5,0.0,0.941,0,1,normal,0
42.54,tcp,other,SF,4,75,7,1,0.225,0.75,4,0,r2l,1
73.12,tcp,ftp,SF,481,119,1,3,0.0,0.948,0,1,normal,0
11.96,tcp,telnet,SF,596,2133,4,7,0.035,0.878,0,1,normal,0
37.56,tcp,telnet,SF,552,720,5,4,0.011,0.89,0,1,normal,0
167.36,tcp,other,SF,871,1683,7,8,0.0,0.953,0,1,normal,0
28.23,tcp,other,SF,49,161,8,3,0.021,0.857,0,1,normal,0
71.56,tcp,ssh,SF,675,1464,2,4,0.0,1.0,0,1,normal,0
61.59,tcp,http,REJ,440,0,6,8,0.039,0.861,0,1,normal,0
8.95,tcp,ssh,S0,1,2,34,14,0.487,0.08,0,0,probe,1
19.72,tcp,ssh,SF,565,1235,3,5,0.089,0.726,0,1,normal,0
94.0,tcp,other,SF,167,570,2,9,0.0,0.752,0,1,normal,0
3.15,tcp,dns,REJ,29,0,310,436,0.828,0.902,0,0,dos,1
54.55,udp,dns,SF,0,1667,2,9,0.0,0.927,0,1,normal,0
5.89,udp,smtp,REJ,23,0,26,7,0.47,0.047,0,0,probe,1
59.99,tcp,smtp,SF,435,669,9,4,0.027,0.851,0,1,normal,0
35.99,tcp,dns,SF,59,643,2,1,0.0,0.892,0,1,normal,0
5.57,udp,http,S0,38,0,92,16,0.463,0.403,0,0,probe,1
128.24,udp,ftp,SF,0,1098,5,8,0.0,0.668,0,1,normal,0
1.85,udp,ftp,S0,26,3,153,202,0.85,0.998,0,0,dos,1
110.73,tcp,other,SF,622,1677,4,7,0.025,0.909,0,1,normal,0
0.0,tcp,other,S0,61,6,419,173,0.849,0.921,0,0,dos,1
41.43,tcp,pop3,SF,87,0,7,9,0.0,1.0,0,1,normal,0
113.04,tcp,dns,SF,376,1020,6,2,0.05,0.873,0,1,normal,0
3.42,tcp,http,SF,956,0,2,3,0.0,0.878,0,1,normal,0
10.02,tcp,ftp,SF,434,430,4,5,0.356,0.54,4,1,r2l,1
53.32,udp,pop3,SF,229,1302,8,4,0.048,1.0,0,1,normal,0
97.28,tcp,dns,SF,547,1064,4,8,0.012,0.827,0,1,normal,0
3.67,tcp,http,SF,7,0,81,15,0.459,0.055,0,0,probe,1
16.92,icmp,pop3,SF,343,1528,2,2,0.071,0.789,0,1,normal,0
97.53,icmp,ftp,SF,613,1048,1,8,0.022,0.991,0,1,normal,0
0.0,icmp,smtp,SF,804,1208,3,6,0.0,1.0,0,1,normal,0
0.0,tcp,ftp,SF,812,1574,3,6,0.0,0.957,0,1,normal,0
78.63,tcp,dns,SF,363,849,9,7,0.022,1.0,0,1,normal,0
150.03,tcp,smtp,SF,325,6,8,8,0.004,0.778,0,1,normal,0
34.09,tcp,other,SF,513,1042,8,9,0.0,0.891,0,1,normal,0
25.21,udp,ssh,SF,419,853,1,3,0.159,0.793,0,1,normal,0
63.59,udp,telnet,SF,404,1210,5,1,0.072,0.93,0,1,normal,0
14.08,udp,telnet,SF,710,1668,6,5,0.032,0.764,0,1,normal,0
2.72,tcp,dns,REJ,33,0,220,278,0.95,1.0,0,0,dos,1
8.52,tcp,ssh,SF,263,755,5,5,0.005,0.955,0,1,normal,0
69.63,tcp,ftp,RSTO,431,1525,8,9,0.0,1.0,0,1,normal,0
68.36,tcp,other,SF,231,1222,6,3,0.089,0.778,0,1,normal,0
89.13,tcp,pop3,RSTR,527,490,9,8,0.003,0.695,0,1,normal,0
2.35,icmp,telnet,S0,22,0,177,168,1.0,0.982,0,0,dos,1
11.52,tcp,http,RSTO,585,1409,1,9,0.0,0.857,0,1,normal,0
1.11,tcp,ftp,S0,0,2,437,339,0.926,0.962,0,0,dos,1
66.58,tcp,pop3,SF,596,764,8,1,0.034,0.787,0,1,normal,0
0.29,tcp,ssh,RSTR,43,4,423,360,0.88,1.0,0,0,dos,1
2.08,tcp,ssh,S0,63,0,288,151,0.963,0.924,0,0,dos,1
2.47,tcp,smtp,SF,317,497,7,5,0.0,0.847,0,1,normal,0
26.27,udp,dns,SF,16,36,7,2,0.184,1.0,2,0,r2l,1
1.32,udp,ftp,S0,80,0,392,493,0.907,1.0,0,0,dos,1
0.0,udp,pop3,SF,270,1500,6,4,0.107,0.883,0,1,normal,0
63.72,tcp,ftp,SF,350,1024,9,4,0.041,0.95,0,1,normal,0
48.55,tcp,dns,SF,556,634,3,4,0.195,0.86,0,1,normal,0
18.28,tcp,ssh,RSTO,769,492,4,1,0.079,0.991,0,1,normal,0
85.24,tcp,telnet,SF,958,1144,2,9,0.0,0.833,0,1,normal,0
118.11,tcp,other,SF,377,1142,5,8,0.0,0.755,0,1,normal,0
89.43,tcp,other,SF,838,529,2,7,0.0,0.846,0,1,normal,0
80.63,udp,dns,SF,434,1396,6,8,0.0,0.944,0,1,normal,0
94.3,tcp,http,SF,455,0,4,9,0.053,0.847,0,1,normal,0
86.74,tcp,http,SF,225,1282,2,6,0.074,1.0,0,1,normal,0
69.31,tcp,dns,SF,334,223,2,6,0.009,0.953,0,1,normal,0
0.0,icmp,ssh,REJ,107,0,160,505,0.742,0.973,0,0,dos,1
15.07,tcp,other,S0,0,913,6,2,0.031,0.904,0,1,normal,0
4.77,tcp,http,S0,14,0,33,8,0.743,0.112,0,0,probe,1
5.11,tcp,ssh,S0,90,0,143,119,0.741,1.0,0,0,dos,1
0.0,udp,telnet,S0,43,6,188,460,0.866,0.96,0,0,dos,1
10.21,tcp,pop3,SF,662,473,3,3,0.005,0.842,0,1,normal,0
0.34,icmp,smtp,S0,78,0,160,246,0.865,1.0,0,0,dos,1
4.66,udp,ssh,REJ,33,1,57,17,0.466,0.319,0,0,probe,1
6.97,tcp,pop3,RSTR,56,0,329,404,0.901,0.951,0,0,dos,1
64.57,tcp,other,SF,87,575,5,4,0.0,1.0,0,1,normal,0
60.74,udp,http,SF,183,996,4,8,0.0,0.991,0,1,normal,0
52.27,icmp,ssh,S0,986,1919,9,4,0.105,0.755,0,1,normal,0
47.03,tcp,other,SF,753,1174,2,2,0.031,0.769,0,1,normal,0
50.58,udp,ftp,SF,396,875,4,8,0.0,1.0,0,1,normal,0
0.0,tcp,telnet,REJ,28,2,230,445,0.988,0.972,0,0,dos,1
62.82,tcp,http,S0,750,1172,5,2,0.037,0.891,0,1,normal,0
130.75,tcp,other,SF,249,0,1,3,0.167,0.884,0,1,normal,0
0.0,tcp,ssh,REJ,35,0,51,10,0.541,0.179,0,0,probe,1
49.07,tcp,telnet,SF,322,0,1,5,0.035,0.752,0,1,normal,0
8.98,tcp,pop3,SF,677,1547,5,9,0.0,0.882,0,1,normal,0
3.35,udp,smtp,S0,43,6,379,187,0.762,0.978,0,0,dos,1
1.87,tcp,dns,REJ,68,5,508,333,0.98,0.941,0,0,dos,1
57.24,tcp,ssh,SF,974,677,3,7,0.027,1.0,0,1,normal,0
90.56,tcp,ftp,SF,353,618,4,9,0.027,1.0,0,1,normal,0
53.81,tcp,ssh,S0,475,1258,1,7,0.043,0.579,0,1,normal,0
69.98,udp,telnet,S0,900,2358,7,2,0.011,0.977,0,1,normal,0
5.02,tcp,http,REJ,94,0,354,111,0.859,0.961,0,0,dos,1
0.0,tcp,dns,S0,70,0,302,321,0.943,1.0,0,0,dos,1
38.3,tcp,pop3,SF,802,1115,4,7,0.106,1.0,0,1,normal,0
34.1,icmp,smtp,SF,0,614,9,8,0.0,0.981,0,1,normal,0
10.53,tcp,dns,RSTO,387,981,3,3,0.091,0.9,0,1,normal,0
147.15,udp,ssh,SF,272,1272,9,1,0.0,0.725,0,1,normal,0
22.14,tcp,ftp,SF,719,656,3,4,0.064,0.969,0,1,normal,0
40.21,tcp,telnet,SF,680,755,7,8,0.021,0.88,0,1,normal,0
1.39,udp,ftp,S0,45,0,117,207,0.924,0.962,0,0,dos,1
0.0,tcp,ssh,SF,605,1551,6,4,0.0,1.0,0,1,normal,0
38.17,tcp,pop3,SF,545,1347,3,2,0.069,0.877,0,1,normal,0
0.0,tcp,telnet,SF,470,185,2,5,0.0,0.978,0,1,normal,0
0.0,tcp,other,REJ,44,0,110,222,0.833,0.889,0,0,dos,1
32.57,tcp,ftp,S0,0,278,12,9,0.127,0.664,2,0,r2l,1
99.33,tcp,pop3,SF,368,831,7,3,0.003,0.925,0,1,normal,0
44.93,tcp,smtp,SF,247,0,1,3,0.0,0.876,0,1,normal,0
3.06,tcp,ftp,S0,99,0,453,236,0.874,0.963,0,0,dos,1
26.38,tcp,http,SF,674,0,6,3,0.023,0.734,0,1,normal,0
89.89,tcp,http,SF,175,610,3,9,0.038,0.892,0,1,normal,0
53.77,tcp,other,SF,461,784,9,2,0.0,0.775,0,1,normal,0
12.51,udp,http,S0,10,0,84,18,0.622,0.081,0,0,probe,1
17.3,udp,telnet,S0,369,1493,5,1,0.013,1.0,0,1,normal,0
51.1,tcp,ftp,SF,254,547,8,1,0.018,0.878,0,1,normal,0
67.99,tcp,smtp,SF,649,1124,4,5,0.048,1.0,0,1,normal,0
87.38,udp,telnet,SF,297,298,4,4,0.0,0.961,0,1,normal,0
125.07,tcp,ftp,SF,419,1153,2,4,0.0,0.815,0,1,normal,0
3.1,tcp,http,REJ,52,11,114,240,0.83,1.0,0,0,dos,1
4.04,udp,pop3,S0,9,0,269,231,0.995,0.954,0,0,dos,1
48.67,tcp,other,SF,606,402,2,8,0.051,0.879,0,1,normal,0
37.47,udp,pop3,SF,621,1824,7,3,0.06,0.94,0,1,normal,0
0.0,tcp,pop3,REJ,47,2,296,445,0.889,0.935,0,0,dos,1
1.77,tcp,telnet,REJ,45,1,221,471,0.847,1.0,0,0,dos,1
99.5,tcp,ftp,SF,573,872,7,7,0.013,0.761,0,1,normal,0
51.72,tcp,pop3,SF,124,719,4,3,0.08,0.902,0,1,normal,0
21.88,tcp,ftp,RSTO,100,944,2,1,0.0,0.97,0,1,normal,0
111.61,tcp,pop3,RSTO,474,1400,1,6,0.0,0.87,0,1,normal,0
30.74,tcp,smtp,SF,918,0,4,9,0.0,0.845,0,1,normal,0
70.02,tcp,telnet,SF,312,1159,9,9,0.031,0.754,0,1,normal,0
58.2,tcp,ssh,REJ,245,284,1,8,0.001,0.967,0,1,normal,0
4.55,tcp,pop3,S0,64,0,402,378,0.944,0.99,0,0,dos,1
5.42,tcp,telnet,S0,80,0,183,488,1.0,1.0,0,0,dos,1
1.53,icmp,ftp,S0,33,0,510,340,0.88,0.84,0,0,dos,1
49.66,tcp,telnet,SF,330,68,4,3,0.06,0.903,0,1,normal,0
36.29,tcp,ssh,SF,330,782,6,1,0.0,0.869,0,1,normal,0
66.67,tcp,smtp,SF,0,1239,3,7,0.044,0.876,0,1,normal,0
104.6,tcp,ssh,SF,0,1872,9,8,0.009,0.901,0,1,normal,0
65.19,tcp,ftp,SF,196,1889,9,5,0.074,0.891,0,1,normal,0
29.73,tcp,ssh,SF,441,1367,7,8,0.024,0.88,0,1,normal,0
7.87,tcp,other,S0,334,305,6,8,0.063,0.408,3,0,r2l,1
2.55,udp,smtp,S0,63,0,475,370,0.953,0.919,0,0,dos,1
32.24,tcp,smtp,SF,360,1849,5,4,0.025,0.891,0,1,normal,0
1.28,tcp,pop3,S0,30,0,360,429,1.0,1.0,0,0,dos,1
57.83,udp,pop3,SF,906,873,8,2,0.133,0.899,0,1,normal,0
33.51,tcp,other,SF,1142,1247,5,9,0.036,0.934,0,1,normal,0
79.52,tcp,pop3,SF,672,596,5,4,0.0,0.751,0,1,normal,0
40.34,tcp,pop3,SF,947,693,7,1,0.018,0.984,0,1,normal,0
44.89,tcp,telnet,SF,1104,717,1,4,0.0,0.863,0,1,normal,0
10.78,tcp,ssh,SF,1119,1227,6,7,0.0,0.871,0,1,normal,0
36.87,tcp,pop3,S0,988,798,8,4,0.101,0.879,0,1,normal,0
122.69,udp,telnet,SF,1570,568,1,3,0.0,0.75,0,1,u2r,1
63.24,udp,other,SF,604,376,8,4,0.075,0.852,0,1,normal,0
60.98,icmp,ftp,SF,43,1506,6,8,0.0,0.886,0,1,normal,0
39.69,tcp,ftp,SF,516,879,2,9,0.0,0.951,0,1,normal,0
16.9,icmp,other,SF,498,743,4,5,0.038,0.767,0,1,normal,0
24.25,tcp,ftp,SF,543,435,6,5,0.051,0.848,0,1,normal,0
10.14,tcp,smtp,SF,592,106,8,7,0.037,0.78,0,1,normal,0
1.01,tcp,telnet,S0,21,0,24,9,0.504,0.409,0,0,probe,1
5.26,tcp,pop3,SF,301,879,1,8,0.091,0.974,0,1,normal,0
102.45,tcp,other,SF,313,1459,6,3,0.032,0.901,0,1,normal,0
43.88,tcp,pop3,SF,485,1333,2,9,0.038,0.843,0,1,normal,0
4.86,tcp,smtp,S0,115,1,189,385,0.769,1.0,0,0,dos,1
22.11,udp,ssh,SF,144,0,2,9,0.0,0.896,0,1,normal,0
51.8,tcp,other,SF,507,919,1,3,0.011,0.985,0,1,normal,0
0.0,tcp,dns,SF,993,0,2,2,0.047,0.753,1,1,u2r,1
34.43,tcp,other,SF,20,861,7,4,0.0,0.889,0,1,normal,0
34.82,tcp,http,SF,576,789,7,4,0.022,0.987,0,1,normal,0
115.06,tcp,pop3,REJ,590,918,9,9,0.0,0.702,0,1,normal,0
9.37,tcp,http,SF,1116,335,3,5,0.057,1.0,0,1,normal,0
73.9,tcp,telnet,SF,1129,266,2,2,0.027,0.753,1,1,u2r,1
65.26,tcp,dns,SF,386,513,4,2,0.032,0.901,0,1,normal,0
56.88,tcp,smtp,SF,455,372,1,7,0.0,0.992,0,1,normal,0
51.68,tcp,dns,SF,274,898,5,3,0.008,0.781,0,1,normal,0
65.75,tcp,telnet,REJ,299,1445,8,5,0.073,0.861,0,1,normal,0
47.74,tcp,telnet,SF,615,683,6,7,0.078,0.739,0,1,normal,0
0.0,tcp,pop3,S0,37,0,435,406,0.971,0.967,0,0,dos,1
0.0,tcp,http,SF,314,2063,8,8,0.0,0.961,0,1,normal,0
0.0,udp,dns,S0,41,0,94,5,0.708,0.175,0,0,probe,1
2.42,tcp,smtp,REJ,93,6,380,320,0.723,0.941,0,0,dos,1
103.9,tcp,pop3,SF,536,1345,2,8,0.033,0.825,0,1,normal,0
0.01,tcp,pop3,REJ,0,6,241,200,1.0,0.966,0,0,dos,1
0.25,tcp,http,RSTR,119,2,114,179,1.0,0.984,0,0,dos,1
98.01,tcp,dns,SF,37,1906,3,1,0.0,0.791,0,1,normal,0
0.0,udp,ssh,SF,381,44,6,2,0.022,0.793,0,1,normal,0
0.0,tcp,ssh,RSTR,781,1671,1,2,0.023,0.721,0,1,normal,0
42.05,tcp,telnet,SF,312,1115,6,9,0.0,0.561,0,1,normal,0
0.0,tcp,other,S0,78,0,469,424,0.914,1.0,0,0,dos,1
47.85,tcp,telnet,SF,367,1002,4,3,0.044,0.847,0,1,normal,0
51.65,udp,ftp,SF,786,2069,4,7,0.054,0.936,0,1,normal,0
26.2,tcp,dns,SF,1496,232,9,4,0.0,0.89,0,1,normal,0
59.3,tcp,http,SF,1022,1831,3,2,0.068,0.693,0,1,normal,0
0.91,tcp,pop3,S0,106,4,419,405,1.0,0.895,0,0,dos,1
0.89,tcp,dns,S0,62,1,430,143,1.0,0.888,0,0,dos,1
0.0,udp,pop3,S0,41,0,164,425,0.929,0.899,0,0,dos,1
0.0,tcp,smtp,S0,593,774,5,8,0.0,0.813,0,1,normal,0
0.0,tcp,http,SF,683,889,5,2,0.052,1.0,0,1,normal,0
0.0,tcp,pop3,S0,51,4,376,486,0.756,1.0,0,0,dos,1
128.99,tcp,ftp,SF,673,1408,5,1,0.0,0.674,0,1,normal,0
0.0,tcp,pop3,SF,1008,1626,1,2,0.036,0.892,0,1,normal,0
38.22,tcp,ssh,SF,262,1294,9,5,0.0,0.874,0,1,normal,0
47.53,udp,pop3,SF,324,1467,1,5,0.016,0.961,0,1,normal,0
124.02,tcp,http,SF,35,1634,7,7,0.0,0.997,0,1,normal,0
5.13,tcp,pop3,S0,905,1827,5,2,0.0,0.858,0,1,normal,0
72.98,tcp,dns,SF,446,338,3,8,0.0,0.883,0,1,normal,0
0.3,tcp,other,S0,51,4,111,456,1.0,0.973,0,0,dos,1
15.55,tcp,telnet,SF,765,188,4,8,0.0,0.906,0,1,normal,0
127.66,udp,ftp,SF,412,1617,8,6,0.071,1.0,0,1,normal,0
3.36,udp,pop3,S0,60,0,483,123,0.906,0.999,0,0,dos,1
50.14,tcp,ftp,SF,72,755,3,5,0.0,0.758,0,1,normal,0
0.0,tcp,telnet,SF,202,1708,3,8,0.0,0.947,0,1,normal,0
1.49,tcp,dns,SF,0,45,12,7,0.358,0.216,2,0,r2l,1
2.3,tcp,other,S0,80,0,124,489,0.956,0.958,0,0,dos,1
76.57,tcp,pop3,SF,359,1037,9,2,0.0,0.858,0,1,normal,0
2.31,tcp,smtp,S0,85,0,198,463,0.84,0.956,0,0,dos,1
29.0,tcp,ssh,SF,966,0,2,6,0.036,0.794,0,1,normal,0
56.26,tcp,smtp,SF,451,1601,8,1,0.0,0.772,0,1,normal,0
80.61,udp,dns,SF,379,1533,5,8,0.021,0.86,0,1,normal,0
51.74,udp,http,SF,746,1098,7,2,0.0,1.0,0,1,normal,0
49.33,tcp,ftp,SF,696,977,4,2,0.0,0.841,0,1,normal,0
103.65,udp,pop3,SF,388,755,3,3,0.0,0.788,0,1,normal,0
2.98,tcp,telnet,REJ,53,0,169,319,0.909,0.984,0,0,dos,1
100.94,icmp,telnet,SF,386,1996,5,2,0.029,0.937,0,1,normal,0
87.23,udp,http,SF,416,353,3,4,0.071,0.778,0,1,normal,0
2.03,tcp,dns,S0,103,7,506,487,0.793,0.935,0,0,dos,1
100.53,tcp,ftp,SF,403,484,4,4,0.0,0.652,1,1,u2r,1
50.0,icmp,ftp,RSTR,914,855,7,9,0.07,0.78,0,1,normal,0
0.0,tcp,ssh,REJ,15,0,32,18,0.61,0.151,0,0,probe,1
0.0,tcp,smtp,S0,35,3,380,432,1.0,1.0,0,0,dos,1
0.0,tcp,telnet,SF,486,882,5,5,0.098,1.0,0,1,normal,0
0.0,tcp,ssh,SF,0,226,7,6,0.0,0.89,0,1,normal,0
48.88,udp,ssh,SF,167,1075,7,2,0.0,1.0,0,1,normal,0
113.97,tcp,dns,SF,253,1181,9,4,0.0,0.883,0,1,normal,0
42.65,udp,ftp,SF,663,995,5,5,0.052,0.967,0,1,normal,0
51.36,tcp,dns,SF,780,732,4,3,0.0,0.707,0,1,normal,0
1.29,tcp,other,S0,62,0,405,174,0.866,0.975,0,0,dos,1
17.49,tcp,http,SF,944,1077,1,2,0.0,0.936,0,1,normal,0
36.96,tcp,ssh,SF,606,712,4,8,0.028,0.976,0,1,normal,0
1.78,tcp,dns,RSTR,17,0,296,349,0.895,1.0,0,0,dos,1
34.5,udp,http,SF,227,44,2,1,0.112,0.823,2,0,r2l,1
0.85,tcp,ssh,S0,44,3,185,474,0.757,0.959,0,0,dos,1
28.93,tcp,ssh,SF,466,1022,4,4,0.0,0.903,0,1,normal,0
55.27,udp,smtp,SF,68,483,2,5,0.0,0.834,0,1,normal,0
0.0,tcp,telnet,SF,800,1066,3,5,0.086,0.916,0,1,normal,0
86.7,tcp,dns,SF,386,1115,3,5,0.07,1.0,0,1,normal,0
0.0,udp,smtp,SF,182,569,2,2,0.0,0.881,0,1,normal,0
1.1,tcp,ftp,REJ,0,4,42,10,0.449,0.067,0,0,probe,1
53.81,tcp,telnet,S0,982,530,6,1,0.01,0.886,0,1,normal,0
59.81,tcp,telnet,SF,748,644,3,3,0.125,1.0,0,1,normal,0
0.0,tcp,other,SF,276,1403,3,8,0.01,0.98,0,1,normal,0
0.0,udp,http,S0,14,834,1,9,0.039,0.866,0,1,normal,0
81.51,tcp,telnet,SF,563,2140,7,3,0.033,0.723,0,1,normal,0
4.34,icmp,telnet,S0,89,0,297,102,0.909,0.984,0,0,dos,1
80.05,udp,http,SF,458,974,5,9,0.012,1.0,0,1,normal,0
3.13,tcp,ftp,RSTR,58,4,301,395,0.858,0.913,0,0,dos,1
86.78,tcp,ftp,RSTO,877,1026,6,7,0.0,0.991,0,1,normal,0
32.61,tcp,ftp,SF,893,1789,9,6,0.0,0.949,0,1,normal,0
142.48,tcp,telnet,SF,873,242,1,2,0.048,0.747,1,1,u2r,1
50.31,tcp,http,SF,339,1380,8,7,0.0,0.851,0,1,normal,0
0.0,tcp,pop3,SF,883,1345,2,5,0.0,0.936,0,1,normal,0
13.4,tcp,http,SF,742,416,6,1,0.023,0.958,0,1,normal,0
0.0,tcp,other,REJ,286,1638,8,2,0.11,0.795,0,1,normal,0
7.95,tcp,ssh,SF,758,1387,2,2,0.013,0.883,0,1,normal,0
0.24,tcp,telnet,S0,427,933,4,1,0.0,0.883,0,1,normal,0
62.28,tcp,pop3,SF,333,1665,1,5,0.0,1.0,0,1,normal,0
85.0,tcp,smtp,RSTO,381,547,5,2,0.0,0.8,0,1,normal,0
14.89,icmp,telnet,SF,0,270,5,1,0.0,0.978,0,1,normal,0
0.0,tcp,http,S0,56,0,162,224,0.793,0.966,0,0,dos,1
0.0,tcp,smtp,S0,59,0,387,412,1.0,0.995,0,0,dos,1
113.69,tcp,http,SF,351,1838,3,7,0.1,0.935,0,1,normal,0
35.02,tcp,telnet,SF,168,1217,8,9,0.018,0.85,0,1,normal,0
91.68,tcp,http,SF,549,1053,8,7,0.0,0.849,0,1,normal,0
30.15,tcp,pop3,SF,285,997,8,5,0.027,0.931,0,1,normal,0
60.96,icmp,other,SF,959,858,7,9,0.0,0.844,0,1,normal,0
2.08,tcp,smtp,REJ,75,0,141,490,0.87,1.0,0,0,dos,1
66.03,tcp,other,RSTO,0,781,8,6,0.105,1.0,0,1,normal,0
67.04,tcp,telnet,SF,546,1127,1,2,0.009,0.773,0,1,normal,0
62.06,tcp,pop3,SF,862,1490,8,9,0.059,0.769,0,1,normal,0
0.0,tcp,dns,S0,13,6,314,389,0.835,0.905,0,0,dos,1
89.71,tcp,pop3,SF,449,1460,6,3,0.0,1.0,0,1,normal,0
19.37,udp,pop3,RSTO,816,878,5,8,0.057,0.958,0,1,normal,0
0.0,tcp,dns,SF,215,134,7,4,0.137,0.807,2,0,r2l,1
29.72,udp,ssh,SF,108,1712,4,8,0.046,0.862,0,1,normal,0
40.56,tcp,http,SF,727,647,5,8,0.049,0.915,0,1,normal,0
33.82,tcp,http,SF,606,468,1,6,0.0,0.81,0,1,normal,0
45.91,tcp,smtp,SF,411,1138,5,9,0.0,1.0,0,1,normal,0
60.01,udp,ftp,SF,612,1134,1,6,0.069,0.903,0,1,normal,0
0.0,udp,dns,SF,679,1427,2,7,0.025,0.899,0,1,normal,0
34.27,tcp,telnet,SF,555,2045,5,2,0.003,0.85,0,1,normal,0
42.3,tcp,pop3,SF,540,334,6,9,0.0,0.852,0,1,normal,0
2.77,tcp,pop3,S0,23,0,303,227,0.865,0.966,0,0,dos,1
0.0,icmp,http,S0,108,9,120,149,0.795,0.938,0,0,dos,1
4.46,tcp,smtp,S0,17,0,37,4,0.554,0.197,0,0,probe,1
21.27,tcp,http,S0,306,512,14,4,0.0,0.577,1,0,r2l,1
0.0,tcp,smtp,S0,77,2,361,415,0.787,0.887,0,0,dos,1
86.49,tcp,telnet,SF,843,1868,4,9,0.013,0.972,0,1,normal,0
121.79,tcp,smtp,SF,151,1306,1,7,0.0,0.95,0,1,normal,0
37.02,tcp,smtp,SF,464,1144,6,5,0.066,1.0,0,1,normal,0
37.08,udp,pop3,SF,849,1758,9,3,0.057,1.0,0,1,normal,0
107.06,tcp,ssh,SF,740,979,8,9,0.054,0.759,0,1,normal,0
85.33,tcp,telnet,REJ,784,0,6,3,0.0,0.833,0,1,normal,0
63.91,tcp,ssh,RSTO,386,706,9,5,0.071,0.878,0,1,normal,0
88.82,udp,ftp,SF,787,1080,4,6,0.027,0.72,0,1,normal,0
1.76,tcp,smtp,REJ,53,0,461,193,1.0,0.839,0,0,dos,1
60.22,tcp,telnet,SF,541,1191,3,7,0.035,0.987,0,1,normal,0
9.92,tcp,telnet,SF,735,1429,2,8,0.067,0.901,0,1,normal,0
101.5,udp,telnet,S0,352,753,4,6,0.081,0.73,0,1,normal,0
87.82,tcp,ftp,SF,888,1773,3,6,0.045,1.0,0,1,normal,0
2.86,tcp,other,SF,293,454,2,7,0.051,1.0,0,1,normal,0
29.67,tcp,ftp,SF,328,2068,5,2,0.0,0.71,0,1,normal,0
13.73,udp,smtp,SF,202,272,7,4,0.092,0.988,0,1,normal,0
0.0,tcp,telnet,SF,140,1302,7,4,0.0,0.968,0,1,normal,0
47.56,tcp,other,SF,270,451,1,2,0.037,0.819,0,1,normal,0
67.5,udp,dns,SF,744,535,2,2,0.088,0.814,1,1,u2r,1
0.5,tcp,ssh,RSTR,93,0,452,428,0.918,0.855,0,0,dos,1
8.6,tcp,ssh,SF,304,1378,2,3,0.057,0.888,0,1,normal,0
55.2,tcp,ssh,SF,1616,905,2,4,0.004,0.933,0,1,normal,0
100.29,udp,ftp,SF,320,1426,9,4,0.0,0.942,0,1,normal,0
0.0,tcp,ssh,S0,52,0,405,504,0.93,0.927,0,0,dos,1
72.95,tcp,pop3,SF,213,834,4,8,0.0,0.927,0,1,normal,0
0.0,tcp,telnet,S0,62,0,238,195,0.891,0.963,0,0,dos,1
0.0,tcp,other,SF,27,3,76,6,0.583,0.286,0,0,probe,1
65.79,tcp,pop3,SF,707,2170,2,3,0.112,0.911,0,1,normal,0
0.0,tcp,pop3,SF,0,1684,9,4,0.0,0.884,0,1,normal,0
24.28,udp,smtp,SF,1066,869,2,2,0.064,0.99,0,1,normal,0
56.25,tcp,ssh,SF,764,508,1,7,0.0,0.975,0,1,normal,0
15.62,tcp,telnet,SF,347,2022,8,1,0.007,0.876,0,1,normal,0
2.03,tcp,ssh,S0,82,0,340,326,0.777,0.878,0,0,dos,1
0.0,tcp,dns,SF,548,1520,9,8,0.002,0.819,0,1,normal,0
138.79,tcp,other,SF,209,1058,9,1,0.008,0.733,0,1,normal,0
0.0,udp,ssh,SF,474,1184,4,8,0.0,1.0,0,1,normal,0
0.0,udp,http,S0,26,0,78,18,0.693,0.243,0,0,probe,1
113.55,udp,ssh,SF,165,589,4,3,0.046,0.911,0,1,normal,0
89.13,tcp,dns,SF,0,1171,2,6,0.047,0.981,0,1,normal,0
82.85,udp,http,SF,1098,621,8,8,0.041,0.655,0,1,normal,0
96.96,tcp,pop3,SF,340,565,4,8,0.072,0.877,0,1,normal,0
0.0,tcp,ftp,S0,20,0,490,238,0.869,0.893,0,0,dos,1
17.29,udp,dns,SF,186,398,11,7,0.014,0.68,4,0,r2l,1
2.57,udp,ssh,S0,86,5,400,300,0.917,0.897,0,0,dos,1
0.0,tcp,http,S0,64,5,167,509,0.88,0.87,0,0,dos,1
86.14,udp,other,SF,48,1592,4,9,0.042,0.674,0,1,normal,0
36.59,tcp,other,SF,302,448,1,3,0.043,0.866,0,1,normal,0
45.32,tcp,pop3,SF,477,2069,6,2,0.064,0.913,0,1,normal,0
0.0,tcp,other,SF,301,1322,5,9,0.0,1.0,0,1,normal,0
13.37,tcp,other,SF,386,2048,4,3,0.088,0.814,0,1,normal,0
0.38,tcp,smtp,S0,1,4,498,192,0.934,0.922,0,0,dos,1
0.29,tcp,pop3,SF,0,42,7,2,0.0,0.892,0,1,normal,0
56.47,tcp,pop3,SF,389,651,7,4,0.091,0.849,0,1,normal,0
21.13,udp,smtp,SF,784,695,8,5,0.0,1.0,0,1,normal,0
2.13,tcp,ftp,S0,40,0,474,178,0.969,0.934,0,0,dos,1
0.0,tcp,pop3,S0,58,5,231,439,0.793,0.973,0,0,dos,1
81.51,tcp,ssh,SF,737,161,9,2,0.0,0.844,0,1,normal,0
2.43,tcp,telnet,S0,70,8,371,342,0.67,0.881,0,0,dos,1
1.1,tcp,other,S0,49,0,503,482,0.896,1.0,0,0,dos,1
46.77,udp,other,SF,281,1887,5,2,0.004,0.892,0,1,normal,0
1.53,tcp,ftp,REJ,7,0,150,359,0.862,0.865,0,0,dos,1
42.83,tcp,other,SF,333,0,2,8,0.083,0.588,0,1,normal,0
74.03,udp,ssh,SF,453,539,9,5,0.0,0.987,0,1,normal,0
65.6,tcp,telnet,SF,1011,1912,7,9,0.0,0.742,0,1,normal,0
110.59,tcp,pop3,SF,624,1115,8,3,0.002,0.921,0,1,normal,0
0.0,tcp,telnet,SF,276,848,4,5,0.04,0.742,0,1,normal,0
22.78,udp,ssh,S0,947,1722,3,3,0.063,1.0,0,1,normal,0
13.98,udp,smtp,SF,791,750,5,9,0.062,0.939,0,1,normal,0
32.06,tcp,ssh,REJ,345,1336,4,9,0.08,0.857,0,1,normal,0
41.66,tcp,other,SF,448,1178,7,7,0.075,0.903,0,1,normal,0
98.02,tcp,ssh,SF,155,456,8,2,0.004,0.743,0,1,normal,0
70.94,tcp,ftp,SF,545,298,1,8,0.004,0.976,0,1,normal,0
88.02,udp,ssh,SF,356,688,9,1,0.0,0.904,0,1,normal,0
0.84,icmp,ftp,S0,56,1,396,427,0.812,0.939,0,0,dos,1
4.38,tcp,ssh,S0,63,5,384,271,0.887,0.858,0,0,dos,1
145.63,tcp,pop3,RSTR,769,1388,2,7,0.049,0.785,0,1,normal,0
0.0,tcp,other,S0,76,0,219,148,0.998,0.955,0,0,dos,1
143.9,tcp,pop3,SF,576,1268,2,5,0.0,0.924,0,1,normal,0
24.3,udp,pop3,SF,388,575,5,8,0.187,0.719,3,0,r2l,1
20.82,tcp,pop3,SF,909,1053,2,7,0.029,0.909,0,1,normal,0
95.54,tcp,ssh,SF,279,1019,9,6,0.0,0.7,0,1,normal,0
70.21,tcp,ssh,SF,687,1165,7,4,0.002,1.0,0,1,normal,0
45.29,tcp,smtp,SF,174,1864,9,5,0.04,0.715,0,1,normal,0
51.74,udp,smtp,SF,289,766,1,1,0.035,0.739,0,1,normal,0
0.64,tcp,pop3,SF,61,1129,6,4,0.076,0.682,0,1,normal,0
73.17,tcp,other,S0,670,1349,9,7,0.013,0.614,0,1,normal,0
59.55,tcp,other,SF,87,1721,4,9,0.076,0.731,0,1,normal,0
0.16,tcp,telnet,S0,21,4,247,116,0.88,0.957,0,0,dos,1
63.2,icmp,telnet,SF,46,1146,4,9,0.017,0.922,0,1,normal,0
3.47,tcp,http,RSTR,51,1,167,471,0.519,0.895,0,0,dos,1
103.13,udp,other,SF,0,545,5,3,0.021,0.875,0,1,normal,0
44.86,tcp,smtp,SF,158,223,9,8,0.344,0.538,1,1,r2l,1
10.85,tcp,http,SF,582,223,5,2,0.052,0.887,0,1,normal,0
4.19,udp,http,REJ,29,2,186,338,1.0,0.926,0,0,dos,1
1.61,icmp,ftp,REJ,9,4,54,5,0.156,0.29,0,0,probe,1
0.31,tcp,http,S0,87,3,366,177,0.865,0.904,0,0,dos,1
1.78,tcp,http,REJ,37,4,254,265,1.0,1.0,0,0,dos,1
0.0,tcp,telnet,SF,179,1062,8,3,0.0,0.82,0,1,normal,0
1.23,tcp,dns,REJ,59,1,120,408,0.935,0.967,0,0,dos,1
57.85,tcp,telnet,SF,519,401,9,6,0.0,0.896,0,1,normal,0
66.86,tcp,other,SF,412,839,6,6,0.0,0.911,0,1,normal,0
39.73,udp,other,SF,362,561,1,1,0.022,0.544,1,1,u2r,1
53.04,udp,ssh,SF,806,819,5,3,0.0,0.945,0,1,normal,0
11.21,tcp,pop3,RSTO,0,331,6,8,0.047,0.733,0,1,normal,0
0.0,udp,dns,REJ,18,0,41,14,0.652,0.241,0,0,probe,1
44.73,tcp,ftp,SF,544,1635,2,1,0.021,0.968,0,1,normal,0
115.96,tcp,ssh,SF,527,0,9,4,0.059,0.794,0,1,normal,0
59.15,tcp,telnet,SF,303,457,5,5,0.0,0.776,0,1,normal,0
1.43,tcp,ssh,RSTR,31,5,168,476,0.812,0.89,0,0,dos,1
2.03,tcp,http,S0,36,0,114,234,0.847,0.975,0,0,dos,1
27.21,tcp,smtp,SF,879,1268,4,2,0.0,1.0,0,1,normal,0
123.04,tcp,telnet,SF,572,1319,4,3,0.066,1.0,0,1,normal,0
72.15,tcp,pop3,SF,555,99,5,6,0.0,0.798,0,1,normal,0
16.95,tcp,smtp,SF,0,2036,3,8,0.095,1.0,0,1,normal,0
0.0,tcp,ssh,SF,701,766,2,2,0.02,0.804,0,1,normal,0
0.0,tcp,smtp,S0,196,141,8,5,0.015,0.643,1,0,r2l,1
31.13,tcp,telnet,SF,685,1610,9,1,0.018,0.891,0,1,normal,0
76.91,tcp,http,SF,0,155,1,3,0.055,1.0,0,1,normal,0
147.79,tcp,http,SF,213,1229,9,9,0.054,0.836,0,1,normal,0
77.17,tcp,telnet,SF,112,1317,7,7,0.084,0.881,0,1,normal,0
70.01,tcp,ssh,SF,681,980,5,5,0.03,0.931,0,1,normal,0
24.22,icmp,telnet,REJ,813,367,4,8,0.085,0.954,0,1,normal,0
66.47,tcp,telnet,SF,355,1738,4,3,0.0,0.902,0,1,normal,0
0.22,tcp,ftp,REJ,0,0,44,18,0.476,0.156,0,0,probe,1
122.51,tcp,dns,SF,564,1258,2,3,0.017,0.882,0,1,normal,0
0.0,udp,http,SF,566,968,4,8,0.03,0.932,0,1,normal,0
1.86,udp,http,S0,42,0,213,479,0.967,0.97,0,0,dos,1
155.05,udp,http,SF,866,577,8,3,0.054,0.957,0,1,normal,0
0.0,tcp,dns,SF,270,414,9,9,0.0,0.775,0,1,normal,0
80.31,tcp,dns,SF,808,2218,8,4,0.0,0.999,0,1,normal,0
66.46,udp,other,S0,731,884,4,4,0.0,0.901,0,1,normal,0
43.72,udp,pop3,SF,600,86,6,6,0.0,0.932,0,1,normal,0
48.88,tcp,smtp,SF,525,871,1,5,0.025,0.954,0,1,normal,0
27.85,tcp,ssh,SF,396,1181,5,7,0.034,1.0,0,1,normal,0
83.76,tcp,smtp,SF,195,1500,4,1,0.039,0.693,0,1,normal,0
52.48,tcp,dns,S0,168,1407,7,6,0.074,0.932,0,1,normal,0
0.0,udp,ssh,REJ,564,1125,8,4,0.0,0.892,0,1,normal,0
4.46,tcp,ssh,SF,109,2251,7,1,0.06,1.0,0,1,normal,0
4.75,tcp,dns,REJ,0,0,44,17,0.331,0.208,0,0,probe,1
11.33,tcp,ssh,SF,139,1195,7,1,0.0,0.918,0,1,normal,0
101.57,tcp,ftp,SF,1095,1257,6,8,0.035,0.864,0,1,normal,0
61.33,tcp,ftp,SF,637,1063,7,9,0.016,0.977,0,1,normal,0
80.7,tcp,smtp,SF,788,1615,3,9,0.0,0.797,0,1,normal,0
58.01,tcp,http,REJ,865,877,1,4,0.037,0.916,0,1,normal,0
67.91,tcp,ftp,SF,953,1688,1,2,0.094,0.829,0,1,normal,0
62.45,tcp,pop3,SF,288,36,2,9,0.089,1.0,0,1,normal,0
43.46,tcp,other,SF,107,1161,8,8,0.027,1.0,0,1,normal,0
2.61,tcp,smtp,RSTR,49,0,216,231,0.644,1.0,0,0,dos,1
86.54,tcp,http,SF,921,1384,3,3,0.097,1.0,0,1,normal,0
0.36,tcp,dns,REJ,47,0,346,107,0.868,0.987,0,0,dos,1
56.73,tcp,pop3,SF,853,240,7,5,0.0,0.936,0,1,normal,0
15.87,udp,http,SF,248,1667,6,1,0.0,0.964,0,1,normal,0
56.46,tcp,dns,SF,796,1190,2,4,0.0,0.849,0,1,normal,0
55.21,tcp,http,SF,1010,1520,1,6,0.069,0.981,0,1,normal,0
0.0,tcp,pop3,S0,53,0,204,199,0.852,0.965,0,0,dos,1
22.33,tcp,dns,SF,312,1488,1,6,0.031,0.766,0,1,normal,0
51.22,tcp,pop3,SF,330,0,3,6,0.021,0.985,0,1,normal,0
75.09,icmp,dns,SF,604,1708,4,3,0.062,0.896,0,1,normal,0
54.95,tcp,http,RSTO,416,343,3,4,0.008,0.901,0,1,normal,0
2.55,tcp,ssh,S0,46,5,416,380,1.0,0.937,0,0,dos,1
50.42,tcp,smtp,SF,690,2051,8,7,0.106,1.0,0,1,normal,0
1.57,tcp,smtp,S0,14,0,396,505,0.927,0.956,0,0,dos,1
0.0,tcp,pop3,S0,60,3,323,431,0.851,0.983,0,0,dos,1
38.26,udp,dns,SF,441,1670,7,3,0.0,0.708,0,1,normal,0
47.72,tcp,http,SF,989,1247,1,1,0.0,0.976,0,1,normal,0
104.56,tcp,ssh,SF,420,487,9,2,0.0,1.0,0,1,normal,0
55.05,tcp,smtp,SF,1005,931,4,9,0.091,0.958,0,1,normal,0
35.28,tcp,smtp,SF,634,407,7,5,0.025,0.875,0,1,normal,0
4.3,tcp,other,RSTR,59,0,178,217,0.622,1.0,0,0,dos,1
19.78,tcp,telnet,SF,395,608,10,3,0.118,0.645,2,1,r2l,1
34.04,tcp,http,SF,64,1371,5,8,0.031,0.927,0,1,normal,0
6.12,udp,smtp,S0,19,0,46,1,0.187,0.215,0,0,probe,1
70.03,udp,telnet,SF,415,221,3,1,0.05,0.95,1,1,u2r,1
105.33,icmp,pop3,SF,822,961,3,6,0.022,0.789,0,1,normal,0
4.34,udp,smtp,S0,75,0,161,231,0.943,0.936,0,0,dos,1
3.47,tcp,dns,SF,266,1121,3,3,0.0,1.0,0,1,normal,0
65.21,udp,other,SF,743,85,3,2,0.069,0.951,0,1,normal,0
44.19,udp,ssh,SF,620,1414,7,4,0.0,0.811,0,1,normal,0
18.35,tcp,smtp,SF,956,458,4,5,0.078,0.919,0,1,normal,0
0.0,tcp,dns,S0,4,0,245,453,0.847,0.928,0,0,dos,1
49.91,icmp,ftp,SF,733,705,2,1,0.061,0.852,0,1,normal,0
2.23,icmp,telnet,S0,14,0,332,314,0.848,0.91,0,0,dos,1
87.17,tcp,ftp,SF,449,1126,9,1,0.0,1.0,0,1,normal,0
30.05,tcp,dns,SF,283,2250,9,3,0.012,0.684,0,1,normal,0
27.13,tcp,http,SF,465,279,8,8,0.039,0.886,0,1,normal,0
82.73,icmp,http,SF,528,869,7,3,0.0,0.929,0,1,normal,0
95.48,tcp,other,SF,487,1027,9,3,0.053,0.827,0,1,normal,0
48.54,tcp,other,SF,475,1665,4,2,0.055,0.856,0,1,normal,0
93.25,tcp,pop3,SF,357,1054,2,9,0.039,0.798,0,1,normal,0
37.98,tcp,http,SF,791,1965,8,2,0.0,0.921,0,1,normal,0
29.43,tcp,dns,SF,375,1325,8,8,0.161,0.882,0,1,normal,0
47.26,tcp,smtp,SF,72,1142,6,3,0.022,0.957,0,1,normal,0
161.16,tcp,other,SF,523,474,5,9,0.039,0.977,0,1,normal,0
25.32,tcp,other,S0,780,690,6,5,0.0,0.807,0,1,normal,0
0.45,udp,smtp,S0,38,9,232,205,0.931,0.937,0,0,dos,1
19.03,tcp,telnet,SF,704,1200,9,9,0.0,0.807,0,1,normal,0
2.54,udp,http,REJ,25,7,80,5,0.409,0.387,0,0,probe,1
77.68,tcp,telnet,SF,204,1498,3,5,0.058,0.993,0,1,normal,0
114.48,tcp,dns,SF,789,516,8,2,0.002,0.772,0,1,normal,0
0.0,tcp,ftp,REJ,19,1,53,19,0.382,0.037,0,0,probe,1
0.0,udp,ssh,S0,112,0,338,129,0.966,0.855,0,0,dos,1
160.38,udp,telnet,SF,486,527,3,2,0.0,1.0,0,1,normal,0
34.14,udp,dns,SF,598,1070,2,3,0.011,0.818,0,1,normal,0
37.44,tcp,other,SF,464,696,2,4,0.0,0.899,0,1,normal,0
0.0,tcp,http,REJ,549,364,8,3,0.0,0.929,0,1,normal,0
1.23,tcp,telnet,REJ,29,3,148,418,0.77,0.927,0,0,dos,1
0.0,tcp,smtp,SF,567,376,4,7,0.152,0.915,0,1,normal,0
125.74,tcp,http,SF,529,1797,1,5,0.0,0.855,0,1,normal,0
99.34,tcp,dns,SF,1072,295,7,7,0.086,0.906,0,1,normal,0
88.83,tcp,dns,SF,133,243,9,6,0.01,0.948,0,1,normal,0
43.32,udp,dns,SF,606,847,6,2,0.046,0.738,0,1,normal,0
4.51,tcp,dns,SF,939,682,8,7,0.0,0.877,0,1,normal,0
3.37,tcp,http,SF,33,1,22,4,0.23,0.279,0,0,probe,1
19.29,tcp,pop3,SF,194,1921,8,2,0.012,0.757,0,1,normal,0
42.06,tcp,other,SF,311,1423,1,1,0.004,0.867,0,1,normal,0
101.55,udp,ssh,SF,457,1293,5,7,0.0,0.751,0,1,normal,0
75.21,tcp,telnet,SF,0,1234,8,2,0.0,0.946,0,1,normal,0
33.56,udp,ftp,SF,314,879,4,9,0.133,1.0,0,1,normal,0
5.5,udp,other,SF,644,467,1,2,0.01,0.765,0,1,normal,0
0.0,tcp,telnet,SF,291,405,11,7,0.102,0.677,2,0,r2l,1
102.18,udp,ftp,SF,934,893,4,4,0.157,0.766,1,1,u2r,1
1.89,tcp,other,RSTR,78,2,258,203,0.884,0.999,0,0,dos,1
0.0,tcp,other,S0,86,0,248,412,0.721,0.899,0,0,dos,1
59.51,udp,other,SF,1290,2162,2,5,0.0,0.823,0,1,normal,0
0.0,tcp,http,SF,178,1885,5,3,0.0,0.976,0,1,normal,0
0.0,tcp,telnet,SF,0,614,9,3,0.0,0.892,0,1,normal,0
0.0,tcp,smtp,REJ,48,0,488,268,0.895,0.932,0,0,dos,1
2.58,tcp,ssh,SF,177,1126,6,4,0.14,0.914,0,1,normal,0
44.8,tcp,dns,SF,763,1161,1,8,0.0,0.864,0,1,normal,0
77.21,udp,pop3,SF,66,1020,8,2,0.025,0.875,0,1,normal,0
61.93,tcp,pop3,SF,660,1481,5,9,0.03,0.827,0,1,normal,0
0.0,tcp,ssh,REJ,563,673,5,2,0.026,0.862,0,1,normal,0
26.97,tcp,pop3,SF,96,1613,6,9,0.109,0.785,0,1,normal,0
0.0,tcp,smtp,SF,572,1384,2,9,0.0,0.803,0,1,normal,0
113.44,tcp,ftp,SF,345,898,4,8,0.0,0.92,0,1,normal,0
0.67,tcp,other,REJ,72,1,151,106,0.969,0.937,0,0,dos,1
11.29,udp,telnet,RSTO,744,8,5,7,0.025,0.95,0,1,normal,0
65.93,udp,smtp,SF,450,723,4,5,0.023,0.88,0,1,normal,0
50.71,tcp,other,SF,151,0,6,6,0.058,0.909,0,1,normal,0
68.12,tcp,dns,SF,876,1046,4,8,0.008,0.782,0,1,normal,0
0.0,icmp,ftp,REJ,61,1,100,168,0.839,0.952,0,0,dos,1
103.31,tcp,pop3,SF,318,1870,8,4,0.031,0.859,0,1,normal,0
0.0,tcp,other,REJ,5,0,66,16,0.7,0.343,0,0,probe,1
105.01,udp,pop3,SF,151,1119,4,4,0.0,0.96,0,1,normal,0
37.08,tcp,telnet,SF,355,899,5,2,0.05,1.0,0,1,normal,0
12.96,icmp,telnet,SF,284,318,11,1,0.16,0.663,4,0,r2l,1
44.59,tcp,ssh,SF,772,595,8,9,0.01,0.787,0,1,normal,0
1.02,udp,telnet,S0,39,6,157,248,0.882,0.96,0,0,dos,1
54.62,tcp,pop3,SF,367,523,6,5,0.041,0.88,0,1,normal,0
26.26,udp,http,RSTO,678,1012,4,5,0.057,0.977,0,1,normal,0
30.82,tcp,ftp,SF,667,1307,1,9,0.057,0.968,0,1,normal,0
62.97,tcp,ssh,SF,0,1340,3,7,0.0,0.826,0,1,normal,0
1.71,tcp,ftp,S0,95,0,104,369,0.841,0.984,0,0,dos,1
20.03,udp,telnet,SF,982,1519,1,5,0.033,0.867,0,1,normal,0
44.26,tcp,other,SF,401,2019,8,8,0.098,0.827,0,1,normal,0
51.12,tcp,ftp,REJ,756,1505,9,4,0.0,0.93,0,1,normal,0
17.53,udp,other,SF,679,949,7,5,0.035,0.833,0,1,normal,0
0.0,udp,ftp,SF,740,2275,4,4,0.0,0.97,0,1,normal,0
26.66,udp,smtp,SF,204,255,12,6,0.046,0.637,1,0,r2l,1
77.49,tcp,ssh,SF,588,1955,1,2,0.0,0.921,0,1,normal,0
16.29,tcp,smtp,RSTR,716,1205,1,5,0.0,0.849,0,1,normal,0
0.0,udp,http,SF,183,1497,4,5,0.034,0.95,0,1,normal,0
33.82,tcp,telnet,REJ,676,1555,5,2,0.045,0.896,0,1,normal,0
0.0,tcp,http,SF,404,61,8,7,0.03,0.717,0,1,normal,0
0.0,udp,http,S0,44,0,297,374,0.856,0.97,0,0,dos,1
0.0,tcp,other,SF,902,557,3,1,0.0,0.853,0,1,normal,0
1.15,tcp,telnet,RSTR,17,0,458,140,0.744,0.939,0,0,dos,1
0.0,tcp,pop3,SF,396,1272,6,6,0.068,0.795,0,1,normal,0
51.7,udp,http,SF,840,1959,4,3,0.0,0.968,0,1,normal,0
0.0,tcp,ssh,S0,0,3,66,17,0.527,0.133,0,0,probe,1
0.68,udp,telnet,REJ,26,0,175,477,0.831,0.919,0,0,dos,1
3.63,tcp,smtp,S0,45,1,28,5,0.461,0.214,0,0,probe,1
62.22,tcp,other,S0,423,1608,1,8,0.071,0.859,0,1,normal,0
0.0,tcp,ssh,SF,944,429,4,2,0.055,0.997,1,1,u2r,1
0.0,tcp,dns,REJ,15,0,342,252,0.789,0.992,0,0,dos,1
2.11,tcp,pop3,REJ,40,7,438,470,1.0,0.897,0,0,dos,1
55.85,tcp,ssh,SF,833,621,6,3,0.0,0.827,0,1,normal,0
26.93,udp,http,SF,339,290,2,7,0.195,0.556,4,1,r2l,1
42.9,udp,dns,SF,1117,1820,5,9,0.0,1.0,0,1,normal,0
2.28,tcp,ssh,RSTR,98,0,195,139,0.945,1.0,0,0,dos,1
77.95,tcp,other,SF,407,1609,4,8,0.0,0.853,0,1,normal,0
2.17,tcp,ssh,RSTR,54,2,236,269,0.813,0.819,0,0,dos,1
0.0,udp,ftp,REJ,56,0,199,239,0.828,0.991,0,0,dos,1
9.43,tcp,smtp,SF,181,1389,2,5,0.027,1.0,0,1,normal,0
16.5,udp,ftp,SF,341,533,3,7,0.045,0.934,0,1,normal,0
90.16,tcp,dns,S0,998,117,6,1,0.084,1.0,0,1,normal,0
1.7,tcp,http,S0,18,7,118,139,0.797,0.918,0,0,dos,1
2.72,tcp,ftp,S0,10,6,263,487,0.923,1.0,0,0,dos,1
1.16,udp,telnet,S0,28,3,167,429,0.969,0.992,0,0,dos,1
3.2,tcp,telnet,REJ,27,0,427,338,0.865,1.0,0,0,dos,1
85.59,tcp,dns,SF,0,990,3,2,0.0,0.947,0,1,normal,0
12.49,tcp,smtp,RSTO,218,1392,9,2,0.0,0.77,0,1,normal,0
4.21,tcp,dns,SF,180,602,6,3,0.078,1.0,0,1,normal,0
2.94,tcp,telnet,S0,31,0,78,15,0.348,0.108,0,0,probe,1
20.36,tcp,telnet,SF,341,913,5,5,0.034,0.833,0,1,normal,0
1.75,tcp,other,REJ,35,0,30,6,0.289,0.321,0,0,probe,1
92.63,udp,http,SF,359,661,1,2,0.099,0.667,1,1,u2r,1
100.19,tcp,smtp,SF,592,1191,8,8,0.046,0.967,0,1,normal,0
0.72,udp,smtp,S0,26,0,276,230,0.887,0.93,0,0,dos,1
56.4,tcp,pop3,SF,486,1660,1,3,0.0,1.0,0,1,normal,0
99.13,tcp,http,SF,1148,424,5,2,0.051,0.895,0,1,normal,0
88.52,tcp,pop3,SF,448,665,2,6,0.0,0.857,0,1,normal,0
0.0,udp,ssh,SF,97,270,7,3,0.004,0.962,0,1,normal,0
48.39,tcp,ssh,SF,556,1448,3,2,0.038,1.0,0,1,normal,0
69.93,tcp,ssh,RSTO,286,687,4,8,0.056,0.848,0,1,normal,0
8.84,udp,smtp,SF,0,365,7,2,0.038,0.784,0,1,normal,0
101.96,tcp,smtp,SF,348,1256,3,7,0.045,0.794,0,1,normal,0
58.4,tcp,other,S0,926,1220,2,1,0.0,0.793,0,1,normal,0
11.04,tcp,ftp,SF,694,1609,2,9,0.034,0.714,0,1,normal,0
5.63,tcp,dns,RSTR,56,0,146,143,0.917,0.914,0,0,dos,1
56.98,tcp,smtp,SF,623,581,6,2,0.004,0.856,0,1,normal,0
86.29,tcp,other,SF,1011,246,3,1,0.009,0.839,0,1,normal,0
36.05,tcp,pop3,SF,1490,573,2,4,0.01,1.0,1,1,u2r,1
0.45,tcp,ftp,S0,41,0,298,240,0.795,0.889,0,0,dos,1
0.0,tcp,other,RSTO,1055,837,3,3,0.087,0.82,0,1,normal,0
0.0,tcp,telnet,S0,28,1,461,297,0.786,0.898,0,0,dos,1
56.85,udp,smtp,RSTR,652,276,5,4,0.02,0.804,0,1,normal,0
1.66,udp,smtp,S0,29,0,226,362,0.875,0.989,0,0,dos,1
26.9,udp,ftp,SF,122,1267,8,5,0.0,0.865,0,1,normal,0
72.57,tcp,smtp,SF,452,1759,6,3,0.011,0.809,0,1,normal,0
76.11,tcp,dns,SF,314,868,9,2,0.0,0.907,0,1,normal,0
0.0,tcp,ftp,S0,50,0,268,152,0.803,0.886,0,0,dos,1
49.25,tcp,ssh,SF,667,825,7,7,0.045,0.99,0,1,normal,0
81.79,tcp,ssh,SF,1233,1031,8,3,0.0,0.942,0,1,normal,0
53.8,tcp,dns,REJ,446,963,7,8,0.008,0.966,0,1,normal,0
0.82,tcp,telnet,S0,16,0,330,314,0.927,0.953,0,0,dos,1
35.2,tcp,pop3,SF,701,285,9,4,0.073,0.857,0,1,normal,0
111.92,tcp,smtp,SF,361,1148,4,8,0.007,0.847,0,1,normal,0
23.59,udp,smtp,SF,206,2144,6,7,0.0,0.668,0,1,normal,0
0.94,tcp,pop3,RSTR,43,0,499,479,0.977,0.902,0,0,dos,1
20.73,tcp,ssh,SF,279,1757,4,2,0.004,0.817,0,1,normal,0
0.0,tcp,pop3,S0,19,0,71,18,0.649,0.243,0,0,probe,1
54.6,tcp,pop3,SF,316,1078,8,6,0.0,0.821,0,1,normal,0
55.2,tcp,ssh,SF,862,780,4,6,0.061,0.858,0,1,normal,0
57.86,tcp,pop3,SF,706,1274,7,3,0.075,0.906,0,1,normal,0
94.32,udp,http,SF,346,720,1,1,0.0,1.0,0,1,normal,0
106.79,tcp,http,SF,238,218,4,4,0.032,0.923,0,1,normal,0
17.5,tcp,pop3,RSTR,178,1230,1,3,0.0,1.0,0,1,normal,0
1.85,tcp,http,S0,0,0,54,7,0.521,0.26,0,0,probe,1
0.0,tcp,telnet,SF,705,2305,1,4,0.0,0.843,0,1,normal,0
27.09,tcp,other,SF,394,962,3,5,0.093,0.772,0,1,normal,0
27.88,udp,telnet,SF,322,1929,2,6,0.0,0.789,0,1,normal,0
118.76,udp,other,RSTO,295,1119,3,4,0.068,0.846,0,1,normal,0
92.43,tcp,telnet,SF,56,1168,1,6,0.0,0.941,0,1,normal,0
89.11,udp,ssh,SF,663,450,8,6,0.054,0.988,0,1,normal,0
50.32,tcp,ssh,REJ,1318,1100,8,7,0.0,0.905,0,1,normal,0
55.35,udp,telnet,SF,62,1835,1,9,0.047,0.949,0,1,normal,0
3.74,tcp,other,SF,6,3,55,4,0.791,0.413,0,0,probe,1
9.39,tcp,smtp,SF,231,1105,5,7,0.075,1.0,0,1,normal,0
1.18,tcp,ftp,REJ,1,0,88,6,0.516,0.111,0,0,probe,1
47.88,udp,telnet,SF,403,404,9,6,0.049,0.794,0,1,normal,0
2.69,tcp,smtp,REJ,51,0,221,205,0.858,0.97,0,0,dos,1
26.63,tcp,dns,SF,477,1289,6,2,0.057,0.8,0,1,normal,0
0.0,udp,http,RSTR,466,1772,1,6,0.056,0.996,0,1,normal,0
0.11,tcp,pop3,S0,75,0,357,413,0.724,0.956,0,0,dos,1
144.07,tcp,pop3,SF,162,1202,9,5,0.002,0.827,0,1,normal,0
111.74,tcp,pop3,SF,1054,1376,8,4,0.027,0.941,0,1,normal,0
3.47,tcp,ssh,RSTR,47,0,452,222,1.0,0.887,0,0,dos,1
101.56,tcp,dns,SF,1346,337,7,4,0.0,0.911,0,1,normal,0
102.88,udp,ftp,SF,687,354,3,7,0.0,0.905,0,1,normal,0
28.45,tcp,pop3,REJ,536,2081,1,3,0.008,0.74,0,1,normal,0
22.02,tcp,dns,SF,817,586,4,5,0.0,0.836,0,1,normal,0
157.93,tcp,ssh,SF,1235,408,3,3,0.045,0.636,1,1,u2r,1
17.95,tcp,telnet,SF,447,1816,7,7,0.0,0.943,0,1,normal,0
18.17,tcp,telnet,SF,604,25,9,5,0.053,0.942,0,1,normal,0
17.31,udp,http,S0,362,705,8,2,0.0,0.851,0,1,normal,0
0.66,tcp,ssh,S0,9,2,66,10,0.516,0.0,0,0,probe,1
2.92,tcp,ftp,S0,51,0,509,134,0.899,0.977,0,0,dos,1
78.9,icmp,pop3,SF,359,1121,9,4,0.085,0.848,0,1,normal,0
11.21,tcp,pop3,SF,362,559,2,4,0.0,0.538,2,0,r2l,1
107.96,icmp,ssh,SF,118,1126,1,6,0.011,1.0,0,1,normal,0
2.11,icmp,http,S0,7,1,59,6,0.657,0.33,0,0,probe,1
81.62,icmp,ssh,SF,1103,280,4,3,0.108,0.902,0,1,normal,0
86.51,tcp,telnet,SF,561,1831,4,5,0.095,0.881,0,1,normal,0
0.0,tcp,ssh,S0,47,603,7,5,0.0,0.865,0,1,normal,0
165.42,tcp,ssh,SF,1586,807,1,4,0.058,0.759,0,1,u2r,1
6.77,tcp,other,REJ,30,0,90,7,0.626,0.16,0,0,probe,1
0.0,udp,pop3,SF,1072,703,8,4,0.082,0.738,0,1,normal,0
11.01,tcp,pop3,SF,735,425,4,7,0.047,0.868,0,1,normal,0
8.65,udp,ssh,SF,768,847,2,5,0.0,0.806,0,1,normal,0
42.64,icmp,http,SF,947,1922,3,3,0.0,0.968,0,1,normal,0
66.96,tcp,other,REJ,219,1047,6,7,0.046,0.728,0,1,normal,0
4.32,tcp,ftp,SF,402,982,7,7,0.011,0.892,0,1,normal,0
0.0,tcp,pop3,SF,62,1865,8,1,0.091,0.709,0,1,normal,0
0.0,tcp,telnet,SF,342,1023,6,5,0.059,0.909,0,1,normal,0
0.39,tcp,http,SF,27,0,42,13,0.172,0.12,0,0,probe,1
77.96,tcp,smtp,SF,223,1556,3,5,0.0,0.794,0,1,normal,0
11.7,tcp,pop3,SF,190,1034,8,7,0.0,0.761,0,1,normal,0
0.0,tcp,http,SF,415,2078,9,7,0.0,0.856,0,1,normal,0
133.0,tcp,smtp,SF,890,1271,1,8,0.008,0.722,0,1,normal,0
45.41,icmp,smtp,SF,74,1194,2,5,0.018,1.0,0,1,normal,0
1.48,icmp,other,REJ,75,1,190,294,0.782,0.888,0,0,dos,1
61.83,tcp,ftp,SF,873,1996,3,7,0.055,0.962,0,1,normal,0
31.13,tcp,telnet,RSTO,469,1611,7,7,0.0,0.961,0,1,normal,0
3.18,tcp,dns,S0,0,0,185,328,0.732,0.955,0,0,dos,1
100.45,tcp,smtp,RSTO,351,712,8,7,0.0,0.891,0,1,normal,0
0.0,tcp,pop3,SF,467,915,7,8,0.065,0.895,0,1,normal,0
1.67,udp,dns,REJ,56,0,482,397,0.829,0.878,0,0,dos,1
71.53,tcp,pop3,SF,37,576,3,9,0.04,0.975,0,1,normal,0
41.1,tcp,telnet,SF,396,790,8,7,0.0,1.0,0,1,normal,0
0.0,tcp,other,S0,33,0,204,312,1.0,0.964,0,0,dos,1
0.0,icmp,telnet,S0,0,3,65,15,0.855,0.129,0,0,probe,1
76.75,tcp,other,SF,6,194,6,2,0.011,1.0,0,1,normal,0
70.49,tcp,http,RSTO,319,1200,2,9,0.053,0.774,0,1,normal,0
0.0,tcp,other,S0,95,0,482,481,0.992,1.0,0,0,dos,1
56.19,tcp,ssh,SF,273,814,5,1,0.013,0.881,0,1,normal,0
82.4,tcp,ftp,SF,589,1296,4,8,0.0,0.861,0,1,normal,0
26.25,tcp,http,SF,456,843,9,5,0.061,0.961,0,1,normal,0
1.51,tcp,ssh,S0,50,0,163,370,0.911,0.917,0,0,dos,1
150.42,tcp,other,SF,0,1552,4,7,0.0,0.957,0,1,normal,0
77.76,tcp,http,SF,0,1455,5,2,0.046,0.987,0,1,normal,0
0.0,tcp,ssh,S0,356,868,8,8,0.0,0.966,0,1,normal,0
75.24,tcp,pop3,SF,552,94,3,7,0.0,0.913,0,1,normal,0
0.0,udp,pop3,S0,24,4,21,14,0.611,0.178,0,0,probe,1
4.46,tcp,ssh,SF,500,976,6,8,0.138,0.846,0,1,normal,0
31.01,tcp,pop3,RSTR,1204,360,3,8,0.035,0.893,0,1,normal,0
5.34,tcp,telnet,SF,39,1,33,14,0.457,0.268,0,0,probe,1
28.6,tcp,other,SF,344,908,5,3,0.044,0.925,0,1,normal,0
51.39,tcp,other,SF,791,867,4,7,0.07,0.968,0,1,normal,0
50.99,tcp,ftp,SF,313,879,4,4,0.0,0.883,0,1,normal,0
0.77,udp,dns,S0,60,0,312,236,0.955,1.0,0,0,dos,1
2.1,tcp,ssh,S0,5,0,201,506,0.905,0.873,0,0,dos,1
1.64,tcp,dns,S0,21,5,342,223,1.0,0.879,0,0,dos,1
13.91,tcp,telnet,SF,192,1531,7,8,0.0,0.74,0,1,normal,0
17.49,tcp,telnet,SF,916,517,1,9,0.0,0.853,0,1,normal,0
55.3,udp,ssh,SF,416,1662,1,1,0.011,1.0,0,1,normal,0
30.24,tcp,ftp,SF,0,184,12,2,0.037,0.391,2,0,r2l,1
72.78,tcp,pop3,SF,473,1203,2,5,0.0,0.77,0,1,normal,0
0.0,tcp,other,SF,972,749,6,2,0.0,0.744,0,1,normal,0
1.46,tcp,smtp,S0,20,0,114,378,1.0,0.968,0,0,dos,1
95.43,tcp,http,SF,636,0,5,6,0.022,0.798,0,1,normal,0
49.69,tcp,ftp,SF,752,268,9,5,0.097,0.875,0,1,normal,0
11.23,tcp,other,SF,294,0,2,9,0.018,0.932,0,1,normal,0
52.73,tcp,pop3,SF,365,0,9,9,0.022,0.894,0,1,normal,0
403.86,udp,telnet,SF,920,323,1,3,0.052,0.949,1,1,u2r,1
73.44,tcp,pop3,SF,923,987,8,8,0.04,0.78,0,1,normal,0
113.62,tcp,ftp,SF,742,787,4,2,0.044,0.735,0,1,u2r,1
62.17,tcp,other,SF,1140,535,8,3,0.0,0.862,0,1,normal,0
20.0,tcp,http,S0,268,0,1,3,0.06,0.796,0,1,normal,0
2.61,tcp,dns,S0,13,0,83,4,0.456,0.056,0,0,probe,1
3.48,tcp,telnet,S0,74,0,290,143,1.0,1.0,0,0,dos,1
63.61,tcp,ftp,SF,633,650,1,3,0.0,0.868,0,1,normal,0
97.26,tcp,dns,SF,700,1408,9,8,0.028,0.818,0,1,normal,0
6.47,tcp,pop3,S0,49,5,80,14,0.546,0.115,0,0,probe,1
0.0,tcp,ssh,REJ,49,4,192,330,0.874,1.0,0,0,dos,1
63.1,icmp,other,SF,659,0,3,8,0.0,1.0,0,1,normal,0
88.28,tcp,ssh,SF,724,37,2,6,0.0,0.938,0,1,normal,0
45.49,tcp,ssh,SF,138,0,7,6,0.054,0.778,0,1,normal,0
42.0,tcp,ftp,SF,509,444,9,9,0.025,1.0,0,1,normal,0
66.5,tcp,ftp,SF,338,827,9,2,0.0,0.807,0,1,normal,0
8.5,udp,pop3,SF,847,719,1,3,0.064,0.885,0,1,normal,0
137.94,tcp,ssh,SF,370,328,6,9,0.049,0.911,0,1,normal,0
131.39,tcp,ssh,SF,232,888,5,2,0.019,0.959,0,1,normal,0
39.45,udp,other,SF,585,555,8,8,0.021,0.956,0,1,normal,0
112.79,tcp,ssh,SF,48,382,4,1,0.016,0.97,0,1,normal,0
0.0,tcp,ftp,SF,529,1110,5,2,0.101,0.902,0,1,normal,0
4.2,tcp,dns,SF,334,310,4,2,0.0,0.942,0,1,normal,0
0.0,udp,pop3,REJ,67,0,164,102,1.0,0.907,0,0,dos,1
23.07,udp,http,SF,718,1979,9,5,0.078,0.799,0,1,normal,0
36.04,udp,ftp,SF,67,738,1,6,0.04,1.0,0,1,normal,0
0.0,udp,pop3,SF,868,1108,4,7,0.083,0.897,0,1,normal,0
0.0,udp,ssh,SF,250,1364,7,4,0.018,0.974,0,1,normal,0
0.0,tcp,smtp,SF,476,787,5,5,0.0,0.87,0,1,normal,0
59.73,udp,telnet,SF,615,1974,2,9,0.043,0.86,0,1,normal,0
86.18,udp,smtp,SF,506,486,3,1,0.0,0.939,0,1,normal,0
117.91,tcp,ssh,SF,869,648,5,5,0.037,0.906,0,1,normal,0
21.74,udp,ftp,SF,279,1500,8,9,0.058,0.858,0,1,normal,0
123.5,tcp,dns,REJ,199,1720,5,3,0.0,0.988,0,1,normal,0
16.13,tcp,ssh,SF,303,1169,8,4,0.0,1.0,0,1,normal,0
74.01,tcp,smtp,REJ,514,1193,3,9,0.041,0.989,0,1,normal,0
98.53,udp,pop3,SF,0,1388,7,1,0.0,0.715,0,1,normal,0
1.87,tcp,pop3,S0,32,8,332,423,0.818,0.985,0,0,dos,1
71.98,tcp,http,SF,32,1261,9,9,0.0,1.0,0,1,normal,0
111.98,icmp,other,SF,749,1798,3,2,0.151,0.964,0,1,normal,0
58.49,icmp,ssh,S0,319,444,5,9,0.034,0.825,0,1,normal,0
62.74,tcp,pop3,SF,392,1188,3,5,0.005,0.792,0,1,normal,0
0.0,tcp,ftp,S0,0,0,408,435,0.85,0.954,0,0,dos,1
67.72,udp,ftp,SF,814,1358,4,1,0.113,0.877,0,1,normal,0
127.16,udp,ssh,SF,345,215,5,5,0.023,0.777,0,1,normal,0
30.99,tcp,pop3,REJ,981,576,1,7,0.154,0.878,0,1,normal,0
0.16,tcp,smtp,REJ,10,0,421,183,0.986,0.988,0,0,dos,1
13.43,tcp,other,SF,727,1603,5,7,0.0,1.0,0,1,normal,0
5.3,tcp,smtp,REJ,18,2,74,5,0.479,0.185,0,0,probe,1
3.4,tcp,ssh,SF,1377,586,3,1,0.0,0.722,0,1,u2r,1
0.0,tcp,smtp,S0,4,3,338,490,0.915,0.97,0,0,dos,1
110.06,tcp,smtp,SF,694,1683,2,2,0.0,0.952,0,1,normal,0
50.77,tcp,telnet,SF,644,659,4,9,0.08,0.678,0,1,normal,0
76.61,tcp,ssh,SF,677,1367,5,7,0.088,0.901,0,1,normal,0
0.93,udp,ssh,S0,1,0,220,450,1.0,0.881,0,0,dos,1
36.06,tcp,other,RSTO,1144,856,9,7,0.0,0.904,0,1,normal,0
27.95,tcp,http,SF,645,974,1,3,0.084,0.968,0,1,normal,0
30.2,udp,pop3,SF,349,443,8,8,0.031,0.985,0,1,normal,0
0.7,udp,dns,S0,70,9,193,382,0.885,0.962,0,0,dos,1
2.9,tcp,smtp,RSTR,57,11,216,122,0.856,0.965,0,0,dos,1
34.69,udp,pop3,SF,374,1017,9,8,0.017,0.945,0,1,normal,0
45.78,tcp,ssh,REJ,688,1280,8,1,0.031,0.873,0,1,normal,0
0.0,udp,dns,RSTR,15,5,229,381,0.875,0.977,0,0,dos,1
1.9,udp,http,REJ,17,5,225,108,0.853,0.979,0,0,dos,1
3.31,tcp,other,REJ,41,1,123,489,1.0,0.964,0,0,dos,1
23.08,tcp,dns,S0,1159,952,4,9,0.054,1.0,0,1,normal,0
40.84,tcp,ftp,SF,821,554,9,9,0.0,0.811,0,1,normal,0
1.2,udp,pop3,S0,44,0,174,117,0.882,0.925,0,0,dos,1
99.59,tcp,ssh,SF,148,752,9,5,0.052,0.868,0,1,normal,0
84.1,tcp,telnet,SF,409,1409,9,4,0.024,0.894,0,1,normal,0
31.47,tcp,http,SF,783,1544,2,1,0.01,0.818,0,1,normal,0
62.33,tcp,ftp,SF,587,1752,2,6,0.0,0.948,0,1,normal,0
0.0,tcp,dns,S0,54,1,158,348,0.838,1.0,0,0,dos,1
119.18,tcp,ftp,SF,421,1897,9,6,0.0,0.73,0,1,normal,0
19.77,tcp,other,SF,1037,0,5,7,0.014,1.0,0,1,normal,0
59.47,tcp,dns,REJ,25,497,9,6,0.029,0.767,0,1,normal,0
4.88,udp,pop3,S0,18,2,36,16,0.886,0.3,0,0,probe,1
0.0,tcp,other,S0,34,1,273,166,0.934,0.895,0,0,dos,1
29.89,tcp,ftp,SF,119,493,4,7,0.0,0.864,0,1,normal,0
0.0,tcp,dns,S0,64,1,160,201,0.784,1.0,0,0,dos,1
64.44,tcp,dns,SF,717,657,4,1,0.009,1.0,0,1,normal,0
0.0,udp,ssh,REJ,65,0,115,107,0.733,0.928,0,0,dos,1
0.0,udp,other,REJ,3,0,384,307,1.0,0.942,0,0,dos,1
19.99,tcp,dns,SF,919,567,7,9,0.087,0.979,0,1,normal,0
24.69,udp,other,SF,508,208,8,4,0.198,0.844,4,0,r2l,1
59.01,udp,other,S0,59,1660,9,6,0.055,1.0,0,1,normal,0
42.72,tcp,other,SF,13,203,1,9,0.0,0.816,0,1,normal,0
6.02,tcp,http,SF,462,1371,6,2,0.088,0.751,0,1,normal,0
2.07,udp,telnet,REJ,96,0,131,424,1.0,0.975,0,0,dos,1
57.03,tcp,ftp,SF,263,1683,5,3,0.003,1.0,0,1,normal,0
7.5,icmp,ftp,SF,753,514,9,7,0.0,0.912,0,1,normal,0
1.41,udp,other,SF,409,651,2,9,0.038,0.895,0,1,normal,0
219.31,udp,ssh,SF,935,0,4,3,0.0,0.859,1,1,u2r,1
136.03,tcp,http,SF,83,1511,1,5,0.097,0.877,0,1,normal,0
152.57,tcp,ftp,SF,710,1705,4,7,0.0,0.858,0,1,normal,0
37.75,icmp,ssh,RSTO,880,1039,4,1,0.0,1.0,0,1,normal,0
4.37,udp,other,S0,69,0,504,299,0.957,0.96,0,0,dos,1
63.96,tcp,telnet,SF,262,1454,1,5,0.0,1.0,0,1,normal,0
2.88,tcp,pop3,SF,632,799,3,8,0.0,0.935,0,1,normal,0
3.93,tcp,smtp,SF,209,357,5,5,0.106,0.458,2,0,r2l,1
31.93,icmp,ssh,SF,695,2023,5,2,0.0,0.908,0,1,normal,0
5.47,tcp,http,SF,568,945,2,2,0.063,0.887,0,1,normal,0
3.47,tcp,pop3,REJ,9,1,80,2,0.494,0.346,0,0,probe,1
116.81,tcp,other,S0,173,0,9,1,0.016,1.0,0,1,normal,0
61.98,udp,pop3,SF,950,860,7,8,0.0,0.941,0,1,normal,0
53.54,udp,ftp,REJ,182,902,7,3,0.118,0.848,0,1,normal,0
5.04,tcp,dns,REJ,119,5,319,130,0.813,0.957,0,0,dos,1
0.0,tcp,telnet,SF,38,0,90,2,0.683,0.241,0,0,probe,1
0.0,tcp,ssh,SF,515,234,1,2,0.049,0.896,0,1,normal,0
25.69,tcp,other,SF,556,169,4,7,0.0,0.92,0,1,normal,0
21.93,tcp,dns,SF,601,187,3,2,0.0,0.864,0,1,normal,0
55.06,icmp,dns,SF,811,0,1,4,0.017,1.0,0,1,normal,0
49.94,tcp,pop3,SF,182,645,7,8,0.046,0.902,0,1,normal,0
71.38,tcp,ssh,SF,500,1320,5,5,0.042,0.924,0,1,normal,0
21.46,tcp,dns,SF,293,452,6,6,0.065,0.921,0,1,normal,0
92.24,udp,pop3,SF,793,153,3,6,0.044,0.673,0,1,normal,0
72.34,udp,http,SF,1050,1886,6,1,0.076,1.0,0,1,normal,0
48.46,tcp,other,SF,330,261,3,3,0.134,0.795,0,1,normal,0
57.63,tcp,smtp,SF,957,1096,4,6,0.0,0.841,0,1,normal,0
43.82,tcp,ssh,SF,521,462,6,4,0.0,0.815,0,1,normal,0
31.74,tcp,telnet,SF,950,11,7,6,0.0,0.82,0,1,normal,0
21.26,udp,smtp,SF,310,259,7,9,0.0,0.809,0,1,normal,0
72.26,tcp,ftp,SF,744,888,8,8,0.02,0.897,0,1,normal,0
8.26,tcp,ftp,SF,419,469,1,6,0.0,1.0,0,1,normal,0
0.89,tcp,pop3,S0,16,0,200,251,0.98,0.912,0,0,dos,1
4.83,tcp,dns,RSTR,37,0,432,473,0.896,0.981,0,0,dos,1
0.0,tcp,pop3,S0,52,0,379,288,0.835,0.888,0,0,dos,1
39.09,udp,http,SF,225,474,1,3,0.082,0.903,0,1,normal,0
2.43,tcp,telnet,S0,7,0,53,7,0.382,0.13,0,0,probe,1
0.0,udp,smtp,SF,337,953,4,2,0.025,0.699,0,1,normal,0
106.73,tcp,dns,SF,483,893,3,7,0.038,1.0,0,1,normal,0
93.21,tcp,ftp,SF,401,1740,2,8,0.108,0.971,0,1,normal,0
24.76,tcp,ssh,SF,824,1353,5,4,0.062,0.808,0,1,normal,0
74.38,tcp,ssh,SF,297,523,1,2,0.044,0.843,0,1,normal,0
104.16,tcp,telnet,SF,999,333,3,7,0.105,0.746,0,1,normal,0
1.62,udp,pop3,RSTR,18,0,211,344,0.925,1.0,0,0,dos,1
115.45,tcp,http,SF,682,2722,1,4,0.0,0.89,0,1,normal,0
28.22,tcp,other,SF,1171,1898,7,7,0.0,0.815,0,1,normal,0
2.74,tcp,http,S0,82,9,364,348,0.853,0.881,0,0,dos,1
21.07,udp,smtp,SF,736,858,2,4,0.069,0.649,0,1,normal,0
80.58,udp,pop3,SF,610,714,1,4,0.011,0.931,0,1,normal,0
34.35,udp,other,SF,462,1154,2,5,0.007,0.959,0,1,normal,0
0.0,tcp,http,SF,476,1549,1,1,0.0,0.945,0,1,normal,0
140.39,tcp,other,SF,624,793,3,2,0.037,0.592,1,1,u2r,1
87.65,tcp,ftp,SF,965,925,1,3,0.031,0.884,0,1,normal,0
1.6,udp,ftp,S0,85,0,116,207,0.81,1.0,0,0,dos,1
48.69,tcp,ssh,SF,624,1376,1,7,0.069,1.0,0,1,normal,0
1.17,tcp,ftp,S0,39,0,210,219,1.0,0.925,0,0,dos,1
1.51,tcp,ftp,S0,78,0,480,386,1.0,0.857,0,0,dos,1
11.2,tcp,smtp,SF,878,328,6,2,0.122,0.806,0,1,normal,0
43.64,tcp,ssh,SF,100,1227,7,8,0.03,0.847,0,1,normal,0
0.0,tcp,smtp,SF,229,852,8,9,0.0,1.0,0,1,normal,0
86.02,tcp,other,SF,246,813,2,5,0.002,0.977,0,1,normal,0
0.0,tcp,smtp,S0,22,0,395,440,0.933,0.972,0,0,dos,1
15.72,tcp,http,SF,323,487,3,7,0.02,1.0,0,1,normal,0
45.95,tcp,smtp,SF,0,2358,2,2,0.024,1.0,0,1,normal,0
6.23,tcp,smtp,S0,11,0,68,11,0.682,0.0,0,0,probe,1
79.23,tcp,smtp,SF,878,654,6,8,0.0,1.0,0,1,normal,0
10.63,tcp,telnet,SF,311,820,8,1,0.017,0.872,0,1,normal,0
4.18,tcp,http,S0,9,0,49,1,0.341,0.09,0,0,probe,1
6.05,tcp,ssh,REJ,7,0,68,1,0.84,0.16,0,0,probe,1
56.7,udp,ssh,SF,236,1038,5,3,0.087,0.789,0,1,normal,0
37.18,tcp,dns,SF,775,106,6,2,0.0,0.836,0,1,normal,0
41.92,tcp,ssh,SF,218,474,4,5,0.088,0.94,4,0,r2l,1
0.0,icmp,http,S0,99,8,331,256,0.823,0.969,0,0,dos,1
25.07,udp,http,SF,58,306,3,3,0.0,0.814,0,1,normal,0
13.72,tcp,ssh,SF,639,1008,7,8,0.0,0.927,0,1,normal,0
30.44,tcp,http,SF,413,1199,7,8,0.19,0.907,0,1,normal,0
0.0,icmp,pop3,S0,22,0,163,449,1.0,0.981,0,0,dos,1
1.72,tcp,telnet,RSTR,103,4,255,117,0.887,0.967,0,0,dos,1
86.4,tcp,http,SF,324,238,9,8,0.048,0.99,0,1,normal,0
119.13,icmp,smtp,SF,919,1497,4,8,0.047,1.0,0,1,normal,0
95.01,udp,http,SF,336,1273,5,4,0.012,0.956,0,1,normal,0
37.03,tcp,telnet,SF,673,1326,2,3,0.0,0.846,0,1,normal,0
85.44,tcp,ssh,SF,81,872,8,2,0.078,0.989,0,1,normal,0
50.18,tcp,dns,SF,368,1756,5,3,0.0,0.74,0,1,normal,0
50.4,tcp,ftp,SF,811,1560,8,6,0.007,0.975,0,1,normal,0
2.64,udp,smtp,S0,16,0,478,204,1.0,0.987,0,0,dos,1
43.68,tcp,smtp,SF,767,825,4,5,0.0,0.953,0,1,normal,0
26.72,tcp,pop3,SF,677,1859,5,4,0.091,0.781,0,1,normal,0
0.0,udp,ftp,SF,0,0,62,2,0.014,0.161,0,0,probe,1
3.23,tcp,telnet,REJ,70,0,322,287,0.787,1.0,0,0,dos,1
9.59,tcp,telnet,RSTR,650,60,8,7,0.0,1.0,0,1,normal,0
60.94,tcp,ftp,SF,76,971,7,4,0.124,0.775,0,1,normal,0
1.36,tcp,ftp,REJ,85,10,224,459,0.964,0.956,0,0,dos,1
22.56,tcp,telnet,SF,498,739,5,9,0.008,0.747,0,1,normal,0
27.16,tcp,pop3,SF,473,2144,4,2,0.007,0.864,0,1,normal,0
75.79,udp,ftp,S0,762,1544,6,7,0.079,0.849,0,1,normal,0
0.0,tcp,telnet,SF,223,868,1,1,0.078,0.908,0,1,normal,0
2.32,tcp,smtp,RSTR,56,2,396,362,0.993,0.888,0,0,dos,1
65.13,tcp,ftp,SF,828,1419,4,2,0.0,0.808,0,1,normal,0
40.03,tcp,other,SF,697,1552,5,1,0.0,0.865,0,1,normal,0
21.31,udp,http,SF,1022,1447,9,6,0.079,0.844,0,1,normal,0
38.09,udp,pop3,SF,549,1681,9,8,0.0,0.927,0,1,normal,0
80.63,tcp,dns,SF,311,734,6,7,0.0,0.926,0,1,normal,0
1.49,tcp,telnet,RSTR,50,0,434,150,0.861,0.921,0,0,dos,1
57.43,udp,ftp,SF,241,647,9,9,0.048,1.0,0,1,normal,0
155.51,tcp,ssh,SF,576,1250,4,4,0.0,0.899,0,1,normal,0
1.72,udp,ftp,SF,116,179,3,1,0.048,1.0,0,1,normal,0
5.3,tcp,ssh,S0,32,0,218,378,0.819,1.0,0,0,dos,1
22.47,tcp,pop3,SF,772,2467,9,9,0.0,0.839,0,1,normal,0
0.83,tcp,pop3,S0,14,3,59,9,0.362,0.268,0,0,probe,1
49.89,tcp,ssh,SF,569,1361,1,5,0.069,0.975,0,1,normal,0
88.99,tcp,http,RSTO,340,602,8,1,0.008,0.854,0,1,normal,0
21.09,tcp,dns,SF,0,322,8,8,0.052,0.965,0,1,normal,0
77.27,tcp,http,SF,713,676,6,8,0.003,0.794,0,1,normal,0
10.37,tcp,other,SF,49,232,3,9,0.189,0.472,3,1,r2l,1
21.26,icmp,ftp,SF,236,245,1,8,0.174,0.615,1,1,r2l,1
2.34,udp,telnet,SF,548,1517,2,4,0.077,0.956,0,1,normal,0
12.6,udp,dns,REJ,238,1872,4,2,0.056,0.703,0,1,normal,0
30.43,tcp,http,S0,509,1350,7,7,0.0,0.634,0,1,normal,0
38.76,tcp,dns,RSTO,628,203,4,6,0.012,0.934,0,1,normal,0
0.0,tcp,http,REJ,0,0,268,145,0.969,0.937,0,0,dos,1
0.0,tcp,smtp,S0,27,1,84,17,0.231,0.0,0,0,probe,1
0.0,tcp,ssh,REJ,0,490,6,7,0.071,1.0,0,1,normal,0
84.74,tcp,ssh,SF,825,250,1,4,0.014,0.995,0,1,normal,0
3.18,udp,other,REJ,12,0,208,428,1.0,0.857,0,0,dos,1
28.64,tcp,pop3,SF,413,1442,3,8,0.016,0.907,0,1,normal,0
21.16,tcp,dns,SF,604,646,5,5,0.04,0.728,0,1,normal,0
94.98,tcp,http,SF,309,1208,7,8,0.029,0.876,0,1,normal,0
2.87,tcp,other,REJ,62,4,171,453,0.949,0.894,0,0,dos,1
29.5,tcp,pop3,SF,0,87,3,3,0.0,0.835,1,1,u2r,1
35.11,udp,ftp,SF,266,1232,2,2,0.014,1.0,0,1,normal,0
45.71,tcp,smtp,SF,721,1006,1,7,0.0,0.877,0,1,normal,0
59.75,tcp,ssh,SF,435,0,2,2,0.091,0.911,0,1,normal,0
124.19,tcp,dns,SF,860,323,9,5,0.0,0.892,0,1,normal,0
30.4,tcp,dns,REJ,786,164,4,7,0.0,1.0,0,1,normal,0
3.55,udp,smtp,S0,108,1,402,431,0.93,1.0,0,0,dos,1
36.93,udp,http,SF,927,1155,2,1,0.021,1.0,0,1,normal,0
124.21,tcp,pop3,SF,503,976,9,8,0.147,0.839,0,1,normal,0
0.0,tcp,other,SF,890,2132,5,4,0.0,0.983,0,1,normal,0
130.4,tcp,other,SF,702,1391,9,1,0.0,0.865,0,1,normal,0
2.3,udp,smtp,RSTR,4,5,250,496,0.982,1.0,0,0,dos,1
24.35,tcp,ftp,RSTO,833,1153,6,8,0.019,0.882,0,1,normal,0
0.0,tcp,other,SF,227,2051,8,2,0.0,0.97,0,1,normal,0
0.0,udp,telnet,S0,42,4,81,3,0.393,0.22,0,0,probe,1
0.0,icmp,ftp,SF,378,0,7,8,0.039,0.959,0,1,normal,0
72.27,icmp,ssh,SF,294,1150,3,2,0.0,1.0,0,1,normal,0
66.06,tcp,telnet,SF,231,1296,3,1,0.0,0.885,0,1,normal,0
58.64,tcp,smtp,SF,464,941,3,8,0.028,1.0,0,1,normal,0
42.92,tcp,ssh,SF,0,1117,6,5,0.0,1.0,0,1,normal,0
0.0,udp,ssh,RSTR,48,0,172,497,0.805,0.966,0,0,dos,1
30.54,tcp,other,SF,920,900,7,1,0.005,0.884,0,1,normal,0
56.43,tcp,ssh,SF,1298,1986,1,1,0.0,0.839,0,1,normal,0
1.73,tcp,other,S0,57,0,234,231,0.845,0.98,0,0,dos,1
15.95,tcp,ssh,SF,544,2052,7,8,0.0,1.0,0,1,normal,0
122.02,udp,pop3,SF,782,516,1,3,0.0,0.791,0,1,normal,0
76.47,tcp,other,SF,161,938,2,4,0.004,0.824,0,1,normal,0
45.65,tcp,ftp,SF,533,1545,2,1,0.037,0.92,0,1,normal,0
63.45,tcp,telnet,SF,878,1505,5,6,0.0,1.0,0,1,normal,0
8.44,tcp,ftp,S0,701,0,7,5,0.0,0.781,0,1,normal,0
77.23,udp,ftp,S0,425,1575,8,4,0.072,0.981,0,1,normal,0
50.21,tcp,ftp,SF,240,1259,2,4,0.056,0.866,0,1,normal,0
3.23,tcp,smtp,SF,31,1900,9,4,0.0,0.807,0,1,normal,0
67.0,udp,dns,SF,361,1921,6,6,0.014,0.907,0,1,normal,0
20.54,tcp,http,SF,137,1778,4,3,0.036,0.998,0,1,normal,0
80.03,tcp,pop3,SF,198,1174,8,7,0.0,0.805,0,1,normal,0
93.28,tcp,telnet,SF,279,779,7,9,0.0,0.715,0,1,normal,0
74.17,tcp,smtp,RSTO,1156,182,8,7,0.014,0.84,0,1,normal,0
51.51,tcp,pop3,RSTR,922,1346,5,6,0.0,1.0,0,1,normal,0
72.55,tcp,ftp,SF,765,957,7,8,0.003,0.952,0,1,normal,0
22.4,tcp,ftp,SF,760,1125,2,7,0.046,0.895,0,1,normal,0
0.0,tcp,dns,SF,761,0,2,5,0.092,0.868,0,1,normal,0
0.39,tcp,telnet,RSTR,45,0,429,109,0.823,0.864,0,0,dos,1
38.12,tcp,other,SF,806,2308,2,4,0.022,1.0,0,1,normal,0
33.24,tcp,telnet,SF,905,1083,8,5,0.016,0.725,0,1,normal,0
0.0,tcp,smtp,SF,35,0,83,1,0.486,0.25,0,0,probe,1
56.66,tcp,other,SF,546,306,6,6,0.077,0.873,0,1,normal,0
4.32,tcp,pop3,REJ,14,1,71,17,0.242,0.196,0,0,probe,1
0.0,tcp,telnet,S0,8,9,281,165,0.777,1.0,0,0,dos,1
81.57,tcp,dns,SF,889,0,9,8,0.0,1.0,0,1,normal,0
23.67,udp,ftp,SF,1059,716,2,7,0.0,0.904,0,1,normal,0
73.44,icmp,pop3,SF,209,1483,9,2,0.0,0.875,0,1,normal,0
3.11,tcp,pop3,REJ,26,0,38,11,0.606,0.0,0,0,probe,1
31.18,tcp,smtp,SF,0,1266,7,3,0.0,0.986,0,1,normal,0
0.54,tcp,other,REJ,69,0,100,449,0.995,0.885,0,0,dos,1
25.13,tcp,other,RSTR,263,1123,1,3,0.0,0.953,0,1,normal,0
45.76,tcp,dns,RSTR,629,1184,8,9,0.1,0.843,0,1,normal,0
41.78,tcp,telnet,SF,915,592,2,4,0.007,0.977,0,1,normal,0
21.2,tcp,pop3,SF,0,1340,4,2,0.042,0.818,0,1,normal,0
95.36,tcp,other,SF,851,2433,9,7,0.094,0.975,0,1,normal,0
0.83,tcp,ssh,REJ,31,1,96,4,0.601,0.0,0,0,probe,1
25.55,tcp,telnet,SF,226,684,1,6,0.0,0.72,0,1,normal,0
3.36,tcp,other,S0,30,0,64,11,0.388,0.136,0,0,probe,1
197.57,udp,pop3,SF,479,155,2,2,0.08,0.668,0,1,u2r,1
0.0,tcp,ftp,SF,31,70,1,6,0.011,0.859,0,1,normal,0
64.55,tcp,telnet,SF,540,1158,3,9,0.097,0.826,0,1,normal,0
13.65,tcp,dns,SF,113,252,5,9,0.0,0.808,0,1,normal,0
107.66,tcp,ssh,SF,687,1138,5,2,0.0,0.795,0,1,normal,0
201.33,tcp,ssh,SF,1420,659,3,3,0.032,0.737,0,1,u2r,1
4.25,tcp,http,REJ,67,0,71,4,0.413,0.394,0,0,probe,1
7.68,tcp,ftp,SF,27,4,21,12,0.391,0.324,0,0,probe,1
0.0,udp,pop3,SF,720,684,2,3,0.038,0.824,0,1,normal,0
12.49,tcp,smtp,SF,531,1721,1,3,0.01,0.854,0,1,normal,0
0.0,udp,ftp,SF,897,1166,4,4,0.0,0.932,0,1,normal,0
0.46,tcp,pop3,S0,19,0,78,5,0.308,0.135,0,0,probe,1
140.34,tcp,ftp,SF,480,1225,4,4,0.034,0.824,0,1,normal,0
5.0,tcp,http,SF,603,1266,9,1,0.0,0.806,0,1,normal,0
61.51,tcp,telnet,SF,425,563,3,8,0.047,0.996,0,1,normal,0
49.22,tcp,pop3,SF,289,856,7,6,0.125,0.831,0,1,normal,0
81.9,tcp,other,SF,0,1571,4,2,0.068,0.719,0,1,normal,0
58.31,tcp,pop3,SF,455,241,8,7,0.033,0.956,0,1,normal,0
0.0,tcp,smtp,REJ,19,0,405,417,0.951,0.929,0,0,dos,1
0.0,tcp,smtp,S0,68,5,206,279,0.918,0.974,0,0,dos,1
77.85,tcp,ssh,SF,270,627,5,5,0.0,0.916,0,1,normal,0
1.71,tcp,other,S0,28,0,492,421,1.0,0.931,0,0,dos,1
21.68,tcp,telnet,SF,354,410,2,6,0.025,0.803,0,1,normal,0
0.0,tcp,http,S0,49,4,113,302,0.986,0.962,0,0,dos,1
55.9,tcp,other,SF,709,1628,7,2,0.113,1.0,0,1,normal,0
77.53,tcp,pop3,RSTR,827,1177,6,6,0.016,0.871,0,1,normal,0
1.58,tcp,telnet,SF,773,900,5,3,0.027,0.895,0,1,normal,0
58.64,tcp,http,SF,0,811,4,2,0.064,0.82,0,1,normal,0
25.68,udp,http,SF,668,709,5,7,0.004,0.869,0,1,normal,0
1.46,icmp,smtp,S0,46,0,303,325,0.991,0.945,0,0,dos,1
0.0,udp,other,S0,19,0,497,240,1.0,0.894,0,0,dos,1
20.72,udp,http,SF,975,1299,8,9,0.054,0.936,0,1,normal,0
76.6,tcp,other,SF,488,607,3,4,0.021,0.966,0,1,normal,0
3.97,udp,http,S0,24,2,225,102,0.807,0.932,0,0,dos,1
11.5,tcp,telnet,SF,238,1596,5,8,0.006,0.855,0,1,normal,0
7.23,tcp,ssh,REJ,89,1138,3,6,0.028,1.0,0,1,normal,0
27.8,tcp,ssh,SF,0,843,8,8,0.062,0.868,0,1,normal,0
4.03,udp,smtp,SF,556,1573,7,7,0.035,0.758,0,1,normal,0
66.25,tcp,http,SF,728,917,6,2,0.016,0.972,0,1,normal,0
93.49,udp,ssh,SF,577,850,4,3,0.036,0.9,0,1,normal,0
71.63,icmp,telnet,SF,0,836,9,7,0.069,0.897,0,1,normal,0
33.85,tcp,smtp,SF,741,1055,3,8,0.044,0.91,0,1,normal,0
0.0,udp,ftp,S0,6,0,411,436,0.766,0.935,0,0,dos,1
41.09,tcp,ssh,RSTO,717,1310,9,4,0.039,0.999,0,1,normal,0
36.9,tcp,smtp,SF,1022,1181,3,9,0.0,0.913,0,1,normal,0
0.0,udp,pop3,REJ,4,0,49,5,0.42,0.395,0,0,probe,1
0.68,udp,dns,REJ,88,2,379,111,0.866,0.889,0,0,dos,1
69.89,tcp,http,SF,226,1546,6,1,0.129,1.0,0,1,normal,0
73.49,tcp,pop3,SF,439,1130,2,1,0.005,0.929,0,1,normal,0
0.0,tcp,pop3,SF,319,946,4,9,0.05,0.866,0,1,normal,0
39.54,tcp,ssh,SF,370,530,4,8,0.0,0.952,0,1,normal,0
30.47,tcp,pop3,SF,433,747,7,5,0.009,0.748,0,1,normal,0
0.0,udp,other,S0,85,0,443,157,0.873,0.979,0,0,dos,1
3.37,tcp,pop3,SF,1,2,28,5,0.269,0.167,0,0,probe,1
2.8,tcp,dns,S0,13,5,42,4,0.495,0.26,0,0,probe,1
113.84,tcp,pop3,SF,210,1410,1,2,0.065,0.846,0,1,normal,0
0.0,udp,smtp,SF,18,0,12,8,0.221,0.981,1,1,r2l,1
0.56,tcp,ssh,SF,42,0,57,13,0.775,0.509,0,0,probe,1
90.23,udp,http,SF,423,981,7,7,0.0,0.765,0,1,normal,0
57.47,tcp,http,SF,801,1258,5,9,0.103,1.0,0,1,normal,0
73.54,tcp,pop3,SF,205,227,1,1,0.0,0.655,0,1,normal,0
138.99,tcp,http,SF,565,1061,7,9,0.01,0.896,0,1,normal,0
46.68,udp,pop3,SF,598,789,6,3,0.044,0.872,0,1,normal,0
58.0,tcp,dns,SF,0,509,9,5,0.05,0.683,0,1,normal,0
43.73,tcp,pop3,SF,913,927,4,1,0.068,0.933,0,1,normal,0
92.76,tcp,smtp,RSTO,408,661,8,5,0.098,1.0,0,1,normal,0
76.28,udp,http,SF,1138,1622,4,3,0.0,0.878,0,1,normal,0
27.38,tcp,telnet,SF,304,869,6,3,0.071,0.84,0,1,normal,0
5.71,tcp,smtp,S0,8,2,80,15,0.629,0.111,0,0,probe,1
141.85,tcp,pop3,SF,977,734,1,3,0.049,0.574,1,1,u2r,1
0.0,tcp,ssh,SF,997,1373,4,8,0.065,1.0,0,1,normal,0
17.65,udp,ssh,SF,434,175,8,3,0.03,0.945,0,1,normal,0
0.0,tcp,smtp,RSTR,44,0,476,219,0.695,0.872,0,0,dos,1
3.14,tcp,dns,SF,809,0,6,7,0.078,0.918,0,1,normal,0
18.5,icmp,ssh,S0,0,0,14,1,0.254,0.496,1,0,r2l,1
1.11,tcp,dns,S0,49,0,313,342,0.873,0.844,0,0,dos,1
61.73,udp,telnet,SF,913,366,1,1,0.132,0.828,0,1,normal,0
40.75,udp,pop3,SF,446,1245,5,2,0.0,1.0,0,1,normal,0
32.97,tcp,ftp,SF,623,1052,2,4,0.0,1.0,0,1,normal,0
58.98,tcp,ssh,REJ,149,766,3,5,0.0,0.783,0,1,normal,0
13.45,udp,telnet,SF,213,1200,4,3,0.0,0.863,0,1,normal,0
0.0,tcp,ftp,S0,61,0,213,362,1.0,0.904,0,0,dos,1
0.0,tcp,telnet,SF,933,1384,1,4,0.074,0.933,0,1,normal,0
73.97,tcp,http,SF,126,1677,2,6,0.003,0.767,0,1,normal,0
5.99,tcp,ssh,SF,185,931,1,6,0.048,1.0,0,1,normal,0
37.35,tcp,dns,SF,1166,418,7,8,0.0,1.0,0,1,normal,0
59.94,tcp,pop3,SF,148,1020,2,3,0.0,0.861,0,1,normal,0
66.13,udp,dns,SF,739,623,1,1,0.03,0.825,0,1,normal,0
70.65,tcp,telnet,SF,912,834,6,9,0.0,0.926,0,1,normal,0
0.21,udp,other,REJ,37,0,140,433,0.753,0.984,0,0,dos,1
50.24,tcp,ssh,SF,565,495,3,2,0.018,0.902,0,1,normal,0
10.44,tcp,ftp,SF,332,418,4,5,0.046,0.773,0,1,normal,0
0.94,udp,ftp,REJ,30,0,344,137,0.942,0.859,0,0,dos,1
75.7,tcp,other,S0,1089,967,2,6,0.043,0.795,0,1,normal,0
1.85,tcp,smtp,RSTR,18,0,405,477,0.886,0.979,0,0,dos,1
0.25,tcp,smtp,SF,812,1528,2,3,0.0,0.768,0,1,normal,0
0.0,tcp,smtp,S0,36,0,305,107,0.946,0.945,0,0,dos,1
52.47,tcp,ftp,SF,514,471,9,9,0.0,0.765,0,1,normal,0
0.0,tcp,pop3,SF,198,542,1,9,0.078,1.0,0,1,normal,0
0.0,tcp,smtp,S0,57,0,501,232,1.0,0.907,0,0,dos,1
95.57,tcp,ftp,REJ,663,506,8,7,0.059,0.804,0,1,normal,0
2.98,tcp,smtp,RSTR,88,9,245,390,1.0,0.943,0,0,dos,1
17.12,tcp,ftp,SF,792,374,6,9,0.024,0.89,0,1,normal,0
20.37,tcp,pop3,RSTR,412,1088,7,9,0.056,0.811,0,1,normal,0
6.45,tcp,http,SF,988,1247,3,8,0.038,0.813,0,1,normal,0
0.0,tcp,telnet,S0,87,1,210,190,0.83,0.89,0,0,dos,1
0.0,tcp,http,RSTR,1,0,140,110,0.579,0.894,0,0,dos,1
70.62,tcp,ssh,SF,323,929,9,8,0.023,0.725,0,1,normal,0
89.65,tcp,ssh,SF,191,1154,3,3,0.055,0.919,0,1,normal,0
106.04,tcp,http,SF,698,1014,9,4,0.003,0.908,0,1,normal,0
50.89,tcp,ftp,SF,873,1017,2,8,0.0,0.77,0,1,normal,0
0.0,tcp,dns,RSTR,51,5,142,215,0.738,0.961,0,0,dos,1
74.99,tcp,http,SF,283,1072,7,8,0.0,1.0,0,1,normal,0
118.43,tcp,other,RSTR,795,1338,1,9,0.027,0.887,0,1,normal,0
30.7,tcp,telnet,SF,1221,1245,5,8,0.0,1.0,0,1,normal,0
0.0,tcp,other,SF,491,1273,5,6,0.011,0.752,0,1,normal,0
0.0,tcp,pop3,SF,393,1724,4,6,0.04,0.761,0,1,normal,0
33.37,tcp,http,SF,696,738,9,5,0.041,0.899,0,1,normal,0
19.22,udp,http,SF,724,980,6,9,0.098,0.951,0,1,normal,0
49.27,tcp,pop3,SF,54,107,13,5,0.196,0.648,3,1,r2l,1
67.49,tcp,dns,SF,209,779,6,4,0.057,1.0,0,1,normal,0
2.46,tcp,other,S0,59,9,256,349,0.893,0.916,0,0,dos,1
57.75,udp,http,RSTO,231,1577,8,8,0.079,0.907,0,1,normal,0
4.92,tcp,ssh,REJ,665,1536,9,4,0.078,0.935,0,1,normal,0
0.0,tcp,ssh,S0,68,0,263,331,0.93,0.979,0,0,dos,1
1.79,icmp,telnet,S0,806,0,4,6,0.031,0.876,0,1,normal,0
121.46,tcp,dns,RSTO,54,295,9,2,0.007,0.967,0,1,normal,0
72.52,tcp,telnet,SF,544,1123,6,1,0.0,1.0,0,1,normal,0
31.88,tcp,smtp,S0,440,1877,4,2,0.0,0.903,0,1,normal,0
7.3,tcp,ssh,REJ,0,0,81,4,0.472,0.089,0,0,probe,1
35.07,tcp,http,SF,739,1070,1,5,0.122,0.812,0,1,normal,0
55.47,tcp,pop3,SF,678,1018,3,5,0.085,0.823,0,1,normal,0
37.32,tcp,ssh,SF,805,809,9,6,0.0,1.0,0,1,normal,0
132.36,tcp,dns,SF,344,838,5,9,0.044,0.92,0,1,normal,0
4.51,tcp,dns,RSTR,38,2,175,173,1.0,0.965,0,0,dos,1
59.37,tcp,http,SF,628,2040,2,7,0.002,1.0,0,1,normal,0
0.86,tcp,pop3,SF,1,0,57,8,0.244,0.143,0,0,probe,1
60.8,tcp,http,SF,189,1365,4,5,0.069,0.968,0,1,normal,0
129.74,tcp,smtp,RSTO,653,1488,7,5,0.008,0.788,0,1,normal,0
99.0,icmp,smtp,SF,699,1426,7,6,0.091,0.932,0,1,normal,0
78.03,tcp,telnet,SF,33,1163,6,8,0.0,0.955,0,1,normal,0
3.41,udp,http,S0,55,0,155,134,0.768,0.87,0,0,dos,1
40.43,tcp,smtp,SF,614,438,8,4,0.03,0.939,0,1,normal,0
143.87,tcp,http,SF,0,1388,4,1,0.041,0.926,0,1,normal,0
0.0,icmp,ssh,S0,1,0,40,19,0.15,0.162,0,0,probe,1
62.03,tcp,pop3,SF,295,98,8,9,0.0,0.782,0,1,normal,0
3.79,tcp,dns,SF,286,1189,3,8,0.052,0.762,0,1,normal,0
2.35,tcp,http,S0,34,6,172,388,0.959,0.941,0,0,dos,1
23.2,icmp,ssh,SF,1043,1648,1,1,0.0,0.973,0,1,normal,0
4.04,tcp,other,REJ,4,0,245,469,1.0,1.0,0,0,dos,1
15.41,tcp,ssh,SF,764,161,6,5,0.047,1.0,0,1,normal,0
14.67,tcp,telnet,SF,538,1639,6,1,0.057,0.907,0,1,normal,0
50.29,tcp,pop3,SF,0,1443,6,3,0.0,0.759,0,1,normal,0
10.51,tcp,telnet,SF,399,126,2,6,0.026,1.0,0,1,normal,0
1.38,udp,smtp,S0,25,0,207,207,0.848,1.0,0,0,dos,1
53.98,icmp,other,SF,28,1609,6,6,0.086,0.734,0,1,normal,0
0.09,tcp,pop3,REJ,0,9,318,396,0.916,1.0,0,0,dos,1
91.92,tcp,ssh,SF,1053,285,4,6,0.057,0.957,0,1,normal,0
66.03,icmp,telnet,SF,134,387,8,9,0.054,0.714,0,1,normal,0
80.43,tcp,telnet,SF,0,2003,5,7,0.009,0.872,0,1,normal,0
31.84,tcp,http,REJ,602,1020,7,7,0.0,1.0,0,1,normal,0
42.96,tcp,ftp,SF,451,1059,5,4,0.03,0.806,0,1,normal,0
0.0,tcp,other,SF,885,2247,7,8,0.003,0.796,0,1,normal,0
0.0,tcp,dns,S0,34,0,39,14,0.677,0.226,0,0,probe,1
0.0,tcp,other,RSTO,38,719,1,3,0.103,0.839,0,1,normal,0
53.28,icmp,other,SF,828,1223,2,8,0.0,0.742,0,1,normal,0
28.17,tcp,http,S0,494,382,7,1,0.0,0.799,0,1,normal,0
3.04,tcp,smtp,S0,92,4,196,237,0.934,0.91,0,0,dos,1
13.72,tcp,ssh,SF,694,1474,1,4,0.039,1.0,0,1,normal,0
45.42,icmp,telnet,SF,304,585,9,1,0.0,0.801,0,1,normal,0
52.25,tcp,pop3,SF,0,1650,7,8,0.0,0.908,0,1,normal,0
47.67,udp,other,SF,557,661,3,6,0.034,0.918,0,1,normal,0
0.0,tcp,smtp,SF,358,723,5,9,0.023,0.805,0,1,normal,0
45.22,tcp,smtp,SF,1152,190,3,2,0.0,1.0,0,1,normal,0
102.49,tcp,ssh,SF,362,660,5,6,0.0,0.938,0,1,normal,0
42.28,tcp,telnet,SF,448,1482,7,6,0.012,0.949,0,1,normal,0
5.89,tcp,pop3,S0,371,392,7,2,0.167,0.641,4,0,r2l,1
63.98,tcp,telnet,SF,421,988,4,8,0.082,0.914,0,1,normal,0
80.31,tcp,ssh,SF,592,1335,5,3,0.028,0.768,0,1,normal,0
0.93,tcp,pop3,RSTR,38,1,238,392,0.979,0.865,0,0,dos,1
54.37,udp,smtp,SF,619,493,5,1,0.082,0.965,0,1,normal,0
51.67,udp,pop3,RSTR,626,663,5,1,0.0,0.9,0,1,normal,0
60.2,tcp,pop3,SF,446,1002,1,8,0.0,0.788,0,1,normal,0
0.0,tcp,http,SF,616,339,1,5,0.077,0.828,0,1,normal,0
94.31,udp,pop3,SF,0,325,2,4,0.0,0.784,0,1,normal,0
125.77,tcp,ftp,RSTO,795,1273,9,3,0.061,0.788,0,1,normal,0
0.71,udp,pop3,RSTR,29,3,373,136,0.794,0.946,0,0,dos,1
1.04,udp,ftp,REJ,38,0,194,191,0.978,0.961,0,0,dos,1
12.61,tcp,ftp,SF,630,907,2,3,0.035,0.976,0,1,normal,0
66.59,tcp,other,RSTO,315,307,2,7,0.014,0.847,0,1,normal,0
0.0,tcp,http,SF,767,677,9,3,0.0,1.0,0,1,normal,0
68.04,tcp,other,SF,1156,432,5,2,0.021,0.794,0,1,normal,0
36.68,tcp,pop3,SF,780,0,8,3,0.06,0.795,0,1,normal,0
66.67,udp,other,RSTO,342,1676,7,5,0.033,0.961,0,1,normal,0
90.64,tcp,telnet,SF,655,1354,5,1,0.073,0.845,0,1,normal,0
3.68,tcp,pop3,S0,34,1,62,4,0.516,0.205,0,0,probe,1
54.66,tcp,smtp,SF,571,1169,8,7,0.042,0.864,0,1,normal,0
7.1,tcp,smtp,SF,376,503,6,8,0.028,0.831,0,1,normal,0
74.96,tcp,other,SF,855,507,1,7,0.027,0.83,0,1,normal,0
121.61,tcp,dns,REJ,930,1375,8,2,0.0,0.839,0,1,normal,0
33.84,udp,other,SF,393,611,9,3,0.046,1.0,0,1,normal,0
72.92,tcp,ftp,SF,605,1525,2,7,0.049,1.0,0,1,normal,0
56.68,tcp,http,SF,367,349,5,9,0.0,0.932,0,1,normal,0
1.41,tcp,dns,S0,92,0,186,148,0.699,0.857,0,0,dos,1
7.95,icmp,pop3,S0,43,5,41,13,0.261,0.042,0,0,probe,1
28.44,tcp,http,SF,408,1549,3,2,0.021,0.99,0,1,normal,0
10.84,tcp,ssh,SF,223,2183,5,6,0.0,1.0,0,1,normal,0
46.27,udp,other,SF,278,1410,9,2,0.151,0.987,0,1,normal,0
41.06,udp,http,SF,0,0,4,9,0.0,0.906,0,1,normal,0
138.8,tcp,ssh,SF,877,640,1,3,0.012,0.928,1,1,u2r,1
132.3,tcp,dns,SF,191,1516,4,8,0.155,0.873,0,1,normal,0
36.02,tcp,ssh,SF,639,582,4,5,0.0,0.754,0,1,normal,0
0.77,tcp,dns,SF,44,0,99,9,0.374,0.204,0,0,probe,1
58.21,tcp,pop3,S0,308,1567,1,2,0.041,0.908,0,1,normal,0
0.0,udp,ftp,SF,743,1006,3,5,0.025,0.787,0,1,normal,0
84.7,tcp,dns,SF,491,1103,4,3,0.075,0.922,0,1,normal,0
34.15,tcp,http,SF,520,351,7,6,0.032,0.91,0,1,normal,0
0.0,tcp,smtp,SF,592,267,7,7,0.035,1.0,0,1,normal,0
23.36,udp,smtp,S0,210,289,12,7,0.329,0.472,4,1,r2l,1
82.36,tcp,dns,SF,893,944,7,3,0.067,0.778,0,1,normal,0
122.43,tcp,http,SF,0,1543,3,4,0.0,1.0,0,1,normal,0
6.24,icmp,smtp,S0,420,1057,5,2,0.016,0.94,0,1,normal,0
56.59,tcp,other,SF,12,1168,9,7,0.016,1.0,0,1,normal,0
24.54,tcp,telnet,SF,769,1187,7,3,0.0,0.844,0,1,normal,0
1.7,icmp,other,REJ,28,0,374,397,0.844,0.849,0,0,dos,1
54.24,udp,dns,SF,875,924,2,5,0.0,0.947,0,1,normal,0
83.14,tcp,smtp,SF,895,46,7,5,0.071,0.951,0,1,normal,0
37.26,tcp,http,SF,334,1152,1,1,0.0,1.0,0,1,normal,0
70.2,tcp,ftp,SF,329,918,2,4,0.031,0.889,0,1,normal,0
0.0,icmp,ssh,SF,947,741,2,2,0.015,0.758,0,1,normal,0
0.0,udp,ssh,S0,16,5,140,472,0.854,1.0,0,0,dos,1
0.0,tcp,pop3,SF,326,875,1,1,0.0,0.926,0,1,normal,0
0.5,tcp,http,S0,17,13,333,212,0.834,0.985,0,0,dos,1
1.63,tcp,ftp,S0,35,3,439,344,0.925,1.0,0,0,dos,1
140.88,tcp,dns,SF,179,1180,2,5,0.0,1.0,0,1,normal,0
20.25,udp,pop3,SF,360,654,2,8,0.0,1.0,0,1,normal,0
2.2,tcp,other,RSTR,0,0,161,138,0.837,0.971,0,0,dos,1
12.5,tcp,pop3,SF,150,434,8,1,0.0,0.822,1,0,r2l,1
47.34,tcp,telnet,SF,637,776,2,6,0.004,0.978,0,1,normal,0
16.73,tcp,http,REJ,594,1346,6,2,0.01,0.739,0,1,normal,0
0.0,tcp,pop3,SF,71,1355,1,4,0.014,0.752,0,1,normal,0
4.0,tcp,pop3,S0,16,0,315,106,0.772,0.889,0,0,dos,1
0.0,icmp,http,SF,17,5,36,9,0.606,0.369,0,0,probe,1
3.14,tcp,ssh,REJ,28,1,21,10,0.514,0.189,0,0,probe,1
127.56,icmp,http,SF,1097,431,7,6,0.037,1.0,0,1,normal,0
17.48,udp,telnet,RSTO,326,912,5,3,0.019,0.989,0,1,normal,0
1.14,tcp,ftp,S0,75,5,109,338,0.998,0.933,0,0,dos,1
60.27,tcp,other,SF,713,1344,4,6,0.086,0.854,0,1,normal,0
5.69,tcp,telnet,REJ,41,3,36,6,0.578,0.289,0,0,probe,1
14.13,tcp,http,SF,532,830,9,3,0.0,0.713,0,1,normal,0
1.67,udp,pop3,S0,17,0,359,406,0.879,1.0,0,0,dos,1
10.5,tcp,pop3,RSTR,194,1450,5,4,0.05,0.847,0,1,normal,0
54.4,tcp,http,SF,308,442,6,2,0.08,0.925,0,1,normal,0
63.93,tcp,ftp,SF,581,486,7,4,0.029,0.918,0,1,normal,0
3.53,tcp,http,S0,93,0,113,229,0.946,0.896,0,0,dos,1
110.51,tcp,pop3,SF,23,1075,6,3,0.004,0.963,0,1,normal,0
2.25,udp,ssh,S0,45,6,369,204,0.95,1.0,0,0,dos,1
11.62,udp,other,SF,0,1391,8,7,0.0,0.802,0,1,normal,0
20.7,udp,other,SF,241,782,7,1,0.031,0.777,0,1,normal,0
0.0,tcp,pop3,SF,573,918,9,1,0.022,0.907,0,1,normal,0
24.0,tcp,ftp,SF,546,248,9,1,0.114,0.358,3,0,r2l,1
0.97,tcp,dns,S0,66,5,461,265,0.925,0.897,0,0,dos,1
2.05,tcp,ssh,S0,32,3,223,486,1.0,0.917,0,0,dos,1
0.97,tcp,dns,S0,69,0,115,260,0.927,0.972,0,0,dos,1
56.94,tcp,smtp,SF,324,918,8,1,0.007,0.877,0,1,normal,0
0.0,udp,ftp,REJ,44,0,90,6,0.433,0.384,0,0,probe,1
27.26,tcp,ssh,SF,448,69,9,6,0.035,0.954,0,1,normal,0
75.7,tcp,dns,SF,210,87,2,7,0.0,0.903,0,1,normal,0
48.19,tcp,ftp,SF,312,1036,4,6,0.0,0.925,0,1,normal,0
0.0,tcp,pop3,RSTO,558,544,2,4,0.032,0.879,0,1,normal,0
1.92,tcp,dns,S0,53,7,114,127,0.855,0.971,0,0,dos,1
2.84,tcp,pop3,SF,667,935,3,4,0.0,0.88,0,1,normal,0
2.69,tcp,ssh,REJ,75,0,444,317,1.0,0.922,0,0,dos,1
4.77,tcp,http,SF,98,106,4,4,0.103,0.398,4,1,r2l,1
61.47,tcp,dns,SF,656,1034,7,4,0.152,0.849,0,1,normal,0
75.52,udp,smtp,SF,1208,1715,2,3,0.0,0.936,0,1,normal,0
61.54,udp,telnet,RSTO,716,671,5,5,0.044,0.9,0,1,normal,0
0.0,tcp,dns,SF,763,1763,2,5,0.028,0.977,0,1,normal,0
0.0,tcp,other,REJ,27,7,275,206,0.906,0.975,0,0,dos,1
18.77,tcp,smtp,SF,467,16,2,5,0.006,0.841,0,1,normal,0
11.95,tcp,ssh,SF,412,0,9,5,0.036,0.96,0,1,normal,0
102.18,tcp,ssh,RSTO,1077,600,9,4,0.011,0.898,0,1,normal,0
149.6,tcp,telnet,SF,388,1280,3,3,0.075,0.848,0,1,normal,0
70.28,tcp,ftp,REJ,724,699,3,5,0.028,1.0,0,1,normal,0
102.45,tcp,ssh,SF,347,741,9,7,0.048,0.889,0,1,normal,0
13.79,tcp,telnet,SF,328,1394,8,1,0.015,0.932,0,1,normal,0
4.52,tcp,pop3,REJ,40,0,75,7,0.616,0.179,0,0,probe,1
16.41,tcp,pop3,SF,401,619,1,1,0.0,0.958,0,1,normal,0
42.12,udp,http,SF,685,606,2,1,0.032,0.891,0,1,normal,0
83.38,tcp,other,S0,648,1613,7,9,0.013,0.753,0,1,normal,0
59.28,tcp,smtp,SF,582,0,7,3,0.016,0.77,0,1,normal,0
4.75,udp,ftp,SF,756,0,7,6,0.0,0.909,0,1,normal,0
0.0,tcp,ssh,S0,100,0,119,159,0.562,0.983,0,0,dos,1
86.32,tcp,telnet,SF,671,1186,1,9,0.0,0.963,0,1,normal,0
73.34,udp,dns,SF,362,1191,2,6,0.0,1.0,0,1,normal,0
26.19,tcp,http,SF,186,1116,5,4,0.064,0.74,0,1,normal,0
86.82,tcp,dns,SF,607,1446,1,1,0.057,0.785,0,1,normal,0
0.0,tcp,pop3,SF,432,555,4,8,0.065,0.91,0,1,normal,0
2.61,icmp,http,S0,32,7,148,458,0.892,0.957,0,0,dos,1
3.77,udp,http,REJ,0,5,99,13,0.514,0.345,0,0,probe,1
53.51,tcp,ftp,SF,443,1776,2,6,0.0,0.976,0,1,normal,0
11.68,tcp,dns,S0,367,486,6,8,0.174,0.402,3,0,r2l,1
98.3,tcp,ftp,SF,34,739,1,6,0.019,0.903,0,1,normal,0
29.92,tcp,pop3,SF,636,2000,8,6,0.048,0.897,0,1,normal,0
0.0,tcp,pop3,RSTR,34,0,129,328,0.896,0.938,0,0,dos,1
22.78,tcp,ssh,SF,837,1318,7,3,0.0,0.877,0,1,normal,0
95.8,udp,ssh,SF,580,754,5,9,0.0,0.832,0,1,normal,0
32.3,udp,ssh,SF,162,560,7,5,0.0,0.774,0,1,normal,0
0.0,tcp,pop3,SF,539,299,7,7,0.0,0.968,0,1,normal,0
52.7,tcp,pop3,SF,422,791,4,7,0.031,0.834,0,1,normal,0
7.12,tcp,telnet,S0,19,2,51,6,0.502,0.059,0,0,probe,1
47.33,tcp,smtp,SF,654,1429,4,5,0.099,0.921,0,1,normal,0
3.21,udp,ftp,SF,26,3,75,8,0.501,0.403,0,0,probe,1
3.31,tcp,telnet,SF,1,554,6,2,0.0,1.0,0,1,normal,0
59.48,tcp,other,REJ,385,1482,9,4,0.001,0.858,0,1,normal,0
45.8,udp,dns,SF,569,1265,4,8,0.051,1.0,0,1,normal,0
74.91,icmp,dns,SF,287,588,5,9,0.006,0.823,0,1,normal,0
20.58,tcp,smtp,SF,650,1451,1,5,0.0,0.781,0,1,normal,0
38.29,tcp,ftp,SF,438,1520,2,9,0.065,0.773,0,1,normal,0
0.0,tcp,ssh,SF,0,1995,8,1,0.059,0.996,0,1,normal,0
28.96,tcp,dns,REJ,238,817,3,8,0.049,0.9,0,1,normal,0
39.93,tcp,http,SF,221,318,6,5,0.01,0.59,3,0,r2l,1
52.76,tcp,pop3,RSTO,688,1397,2,1,0.065,0.925,0,1,normal,0
109.7,icmp,smtp,SF,0,902,8,8,0.01,0.939,0,1,normal,0
39.98,udp,ftp,SF,148,462,1,1,0.0,0.85,0,1,normal,0
24.46,tcp,ftp,SF,794,1363,6,8,0.051,0.884,0,1,normal,0
25.39,udp,telnet,SF,479,1457,3,4,0.12,0.856,0,1,normal,0
0.9,tcp,other,S0,111,0,394,242,0.783,1.0,0,0,dos,1
0.0,tcp,http,SF,601,2296,8,9,0.061,0.928,0,1,normal,0
67.54,tcp,ftp,REJ,846,1393,9,7,0.061,0.886,0,1,normal,0
99.22,tcp,smtp,SF,196,915,6,5,0.0,1.0,0,1,normal,0
52.05,udp,smtp,SF,758,1921,6,6,0.0,1.0,0,1,normal,0
89.45,tcp,ftp,SF,769,1459,8,3,0.115,0.777,0,1,normal,0
7.44,tcp,telnet,S0,7,2,37,19,0.092,0.364,0,0,probe,1
71.4,tcp,http,SF,542,2307,2,9,0.059,0.802,0,1,normal,0
117.03,tcp,ftp,SF,238,1189,2,7,0.0,0.785,0,1,normal,0
0.1,udp,smtp,S0,28,3,373,421,0.983,1.0,0,0,dos,1
0.0,tcp,http,RSTR,857,851,7,4,0.124,1.0,0,1,normal,0
0.0,tcp,pop3,S0,11,0,154,236,0.859,0.937,0,0,dos,1
0.0,tcp,other,REJ,25,0,375,255,1.0,0.835,0,0,dos,1
46.75,tcp,pop3,SF,398,187,6,3,0.118,0.913,0,1,normal,0
19.45,tcp,pop3,REJ,295,0,7,8,0.0,0.999,0,1,normal,0
0.38,tcp,http,S0,26,6,478,417,0.857,0.766,0,0,dos,1
13.7,tcp,dns,SF,87,1465,5,6,0.023,0.926,0,1,normal,0
6.09,tcp,other,SF,771,619,7,6,0.055,0.732,0,1,normal,0
92.14,tcp,pop3,S0,636,1822,5,8,0.047,0.902,0,1,normal,0
2.75,tcp,pop3,REJ,40,0,158,418,1.0,0.998,0,0,dos,1
61.28,tcp,pop3,REJ,709,1837,8,9,0.062,1.0,0,1,normal,0
85.74,udp,other,SF,598,733,6,1,0.039,0.873,0,1,normal,0
75.8,tcp,dns,SF,707,1153,5,6,0.056,1.0,0,1,normal,0
35.52,tcp,telnet,SF,889,1893,7,7,0.023,0.758,0,1,normal,0
66.47,tcp,other,SF,1115,2546,3,4,0.009,0.82,0,1,normal,0
4.83,tcp,dns,SF,503,1633,6,9,0.0,0.827,0,1,normal,0
44.73,icmp,other,SF,814,0,3,6,0.065,0.842,0,1,normal,0
75.04,tcp,pop3,SF,1002,977,9,5,0.009,0.971,0,1,normal,0
0.0,tcp,ssh,SF,480,707,5,8,0.051,0.939,0,1,normal,0
72.62,tcp,http,SF,737,628,3,5,0.032,0.699,0,1,normal,0
108.35,tcp,telnet,SF,367,0,4,1,0.0,1.0,0,1,normal,0
2.71,tcp,ftp,S0,59,3,339,474,0.717,0.948,0,0,dos,1
99.62,tcp,dns,SF,618,1176,8,4,0.0,1.0,0,1,normal,0
62.78,tcp,smtp,SF,285,1095,6,3,0.002,0.886,0,1,normal,0
41.18,tcp,other,SF,284,254,5,3,0.0,0.851,0,1,normal,0
87.83,tcp,telnet,SF,218,2041,9,6,0.082,0.884,0,1,normal,0
42.01,tcp,pop3,SF,1613,0,9,4,0.042,0.943,0,1,normal,0
16.51,tcp,ftp,SF,322,321,10,3,0.032,0.491,3,0,r2l,1
21.36,tcp,ssh,SF,165,1113,9,2,0.036,0.944,0,1,normal,0
29.12,tcp,telnet,SF,653,39,6,2,0.084,0.74,0,1,normal,0
3.56,tcp,dns,RSTR,72,0,206,130,0.983,1.0,0,0,dos,1
125.6,tcp,dns,SF,227,1138,4,4,0.004,1.0,0,1,normal,0
8.84,tcp,http,SF,189,1312,4,6,0.034,0.817,0,1,normal,0
5.0,tcp,telnet,SF,711,209,5,9,0.092,0.81,0,1,normal,0
0.0,tcp,http,S0,6,1,36,6,0.155,0.073,0,0,probe,1
25.72,udp,dns,SF,972,767,7,2,0.0,0.903,0,1,normal,0
61.9,icmp,telnet,SF,577,640,4,3,0.015,0.966,0,1,normal,0
3.8,tcp,pop3,RSTR,49,0,449,335,0.854,0.968,0,0,dos,1
0.34,udp,http,S0,26,2,469,399,0.935,0.925,0,0,dos,1
224.03,tcp,ssh,SF,542,478,1,1,0.043,0.672,1,1,u2r,1
0.0,tcp,ftp,SF,414,1605,5,1,0.0,0.744,0,1,normal,0
0.0,tcp,http,SF,32,3,47,19,0.729,0.143,0,0,probe,1
117.04,udp,ftp,SF,450,0,8,5,0.073,0.971,0,1,normal,0
4.11,udp,other,RSTR,46,4,284,176,0.862,1.0,0,0,dos,1
2.86,tcp,other,S0,32,0,63,6,0.424,0.283,0,0,probe,1
0.0,tcp,http,SF,551,869,5,9,0.0,0.82,0,1,normal,0
115.97,tcp,ftp,REJ,1280,767,4,8,0.011,0.748,0,1,normal,0
0.0,tcp,pop3,SF,537,1645,2,3,0.0,0.743,0,1,normal,0
1.61,tcp,http,REJ,45,0,286,115,0.928,0.963,0,0,dos,1
62.62,tcp,http,SF,586,971,1,2,0.025,0.753,0,1,normal,0
0.57,tcp,http,S0,98,0,201,473,0.926,0.937,0,0,dos,1
94.56,icmp,other,SF,1089,1326,5,5,0.0,1.0,0,1,normal,0
20.47,tcp,pop3,SF,644,725,4,5,0.0,0.923,0,1,normal,0
40.3,tcp,ftp,S0,685,1124,3,2,0.059,0.985,0,1,normal,0
4.01,udp,smtp,S0,43,0,85,19,0.584,0.108,0,0,probe,1
0.0,icmp,ssh,SF,598,1538,2,6,0.048,0.908,0,1,normal,0
0.0,tcp,ssh,SF,490,345,8,4,0.103,0.919,0,1,normal,0
122.71,icmp,telnet,S0,440,303,3,7,0.0,0.835,0,1,normal,0
9.32,tcp,telnet,S0,7,0,80,4,0.11,0.188,0,0,probe,1
1.31,tcp,pop3,S0,18,0,399,246,0.892,1.0,0,0,dos,1
0.23,tcp,smtp,SF,301,818,2,7,0.02,0.942,0,1,normal,0
83.13,tcp,http,SF,0,1288,5,1,0.0,0.961,0,1,normal,0
72.09,tcp,smtp,SF,701,291,7,1,0.0,0.975,0,1,normal,0
75.99,tcp,http,SF,146,1006,6,6,0.046,0.926,0,1,normal,0
0.77,tcp,smtp,S0,75,1,121,355,1.0,0.953,0,0,dos,1
47.5,tcp,dns,SF,659,833,6,1,0.0,0.772,0,1,normal,0
11.47,tcp,smtp,SF,514,723,7,7,0.086,0.812,0,1,normal,0
0.58,tcp,http,S0,7,1,402,410,0.89,1.0,0,0,dos,1
0.0,tcp,http,SF,515,1585,1,8,0.016,0.75,0,1,normal,0
49.54,tcp,pop3,SF,590,1055,8,4,0.0,0.862,0,1,normal,0
44.42,icmp,ftp,SF,385,792,1,8,0.0,0.895,0,1,normal,0
0.0,tcp,other,SF,0,379,6,9,0.019,0.88,0,1,normal,0
80.44,tcp,ftp,S0,399,1633,7,6,0.026,0.811,0,1,normal,0
50.46,icmp,http,SF,579,2036,1,2,0.073,0.875,0,1,normal,0
44.97,tcp,pop3,SF,571,833,7,1,0.0,0.81,0,1,normal,0
70.85,tcp,telnet,SF,352,1821,1,6,0.033,1.0,0,1,normal,0
106.01,tcp,dns,SF,696,1235,2,2,0.0,0.841,0,1,normal,0
72.54,tcp,telnet,SF,839,331,2,1,0.012,0.955,0,1,normal,0
61.04,tcp,smtp,SF,1039,1004,6,6,0.0,0.722,0,1,normal,0
46.62,tcp,ftp,SF,776,371,4,8,0.072,0.968,0,1,normal,0
76.16,tcp,pop3,SF,310,116,7,7,0.055,0.882,0,1,normal,0
24.48,tcp,pop3,SF,421,1541,1,7,0.069,0.73,0,1,normal,0
63.93,tcp,telnet,SF,614,1176,5,4,0.038,0.851,0,1,normal,0
3.47,tcp,telnet,S0,17,7,477,264,1.0,0.989,0,0,dos,1
57.43,udp,pop3,SF,772,1697,3,6,0.011,1.0,0,1,normal,0
0.0,tcp,ftp,S0,26,5,432,400,0.781,0.908,0,0,dos,1
0.0,tcp,pop3,SF,839,958,6,8,0.02,0.949,0,1,normal,0
41.32,udp,other,SF,1129,1204,3,5,0.025,1.0,0,1,normal,0
47.62,icmp,pop3,SF,55,942,6,3,0.0,0.958,0,1,normal,0
112.37,tcp,dns,SF,219,602,2,5,0.08,0.872,0,1,normal,0
1.96,udp,ftp,S0,51,0,114,489,1.0,0.886,0,0,dos,1
3.06,tcp,ssh,S0,108,8,343,445,0.903,1.0,0,0,dos,1
0.93,udp,dns,S0,21,1,149,159,0.863,0.878,0,0,dos,1
56.0,tcp,http,SF,405,1397,2,8,0.0,0.878,0,1,normal,0
78.11,tcp,pop3,RSTR,490,557,5,8,0.051,0.836,0,1,normal,0
38.3,udp,smtp,SF,459,473,6,3,0.007,0.853,0,1,normal,0
82.3,tcp,pop3,SF,1083,589,5,3,0.023,0.952,0,1,normal,0
61.09,udp,ssh,SF,1063,1204,3,5,0.01,1.0,0,1,normal,0
18.92,tcp,http,RSTO,142,2212,8,2,0.0,0.883,0,1,normal,0
0.0,udp,smtp,SF,491,0,7,3,0.042,0.972,0,1,normal,0
0.9,tcp,pop3,REJ,59,0,366,134,0.876,0.91,0,0,dos,1
0.0,tcp,telnet,REJ,708,1435,3,3,0.024,0.901,0,1,normal,0
37.99,tcp,other,SF,440,1013,8,5,0.0,0.916,0,1,normal,0
77.13,tcp,telnet,SF,0,340,3,3,0.013,0.63,0,1,normal,0
4.73,tcp,other,S0,19,0,55,15,0.828,0.324,0,0,probe,1
101.87,udp,dns,SF,450,0,4,9,0.0,0.981,0,1,normal,0
57.56,tcp,smtp,SF,0,365,2,5,0.0,0.971,0,1,normal,0
61.8,tcp,pop3,SF,113,1792,7,7,0.069,0.802,0,1,normal,0
18.57,udp,pop3,SF,718,270,3,7,0.004,1.0,0,1,normal,0
60.11,tcp,ftp,SF,460,1699,1,3,0.023,0.996,0,1,normal,0
0.91,tcp,smtp,S0,20,3,43,3,0.33,0.181,0,0,probe,1
0.0,tcp,pop3,SF,2,0,69,13,0.815,0.0,0,0,probe,1
9.78,tcp,ssh,S0,28,0,91,7,0.499,0.368,0,0,probe,1
44.13,tcp,telnet,SF,1025,1682,9,3,0.042,0.893,0,1,normal,0
2.88,tcp,http,S0,70,7,347,111,0.944,0.91,0,0,dos,1
7.78,icmp,pop3,SF,257,1954,7,2,0.0,0.874,0,1,normal,0
27.86,tcp,telnet,SF,547,0,3,8,0.0,1.0,0,1,normal,0
103.5,tcp,http,SF,688,190,5,1,0.065,0.921,0,1,normal,0
86.69,udp,dns,REJ,409,802,3,4,0.068,1.0,0,1,normal,0
85.17,tcp,ftp,SF,874,807,2,3,0.0,0.919,0,1,normal,0
0.0,tcp,smtp,S0,316,477,12,7,0.261,0.64,2,1,r2l,1
0.0,tcp,ssh,RSTR,41,0,429,217,0.946,0.968,0,0,dos,1
67.84,tcp,http,SF,102,1205,6,8,0.0,1.0,0,1,normal,0
28.73,tcp,smtp,REJ,577,760,1,5,0.0,0.811,0,1,normal,0
104.83,tcp,telnet,SF,155,993,6,7,0.011,0.923,0,1,normal,0
0.0,icmp,http,SF,661,1420,8,6,0.0,1.0,0,1,normal,0
101.07,tcp,dns,SF,469,854,4,4,0.052,0.946,0,1,normal,0
18.66,tcp,other,SF,619,723,3,8,0.053,0.798,0,1,normal,0
19.46,tcp,http,SF,355,1157,4,4,0.069,0.88,0,1,normal,0
0.0,tcp,ftp,S0,113,0,282,503,0.968,0.971,0,0,dos,1
0.0,tcp,ftp,S0,66,3,506,172,1.0,0.976,0,0,dos,1
63.83,tcp,other,SF,1100,530,9,7,0.018,0.977,0,1,normal,0
3.37,tcp,telnet,S0,46,8,172,418,0.894,0.897,0,0,dos,1
117.25,udp,other,SF,64,1735,7,6,0.081,0.746,0,1,normal,0
27.86,tcp,ftp,SF,437,823,8,9,0.087,0.92,0,1,normal,0
39.23,tcp,pop3,SF,584,1585,7,9,0.0,0.908,0,1,normal,0
89.65,icmp,ssh,SF,1060,1687,2,1,0.088,0.928,0,1,normal,0
42.94,tcp,telnet,REJ,246,427,4,9,0.05,0.867,0,1,normal,0
36.83,tcp,telnet,SF,587,0,7,7,0.0,0.786,0,1,normal,0
81.64,tcp,other,SF,0,1758,9,3,0.049,0.89,0,1,normal,0
1.11,tcp,dns,REJ,47,1,53,11,0.32,0.176,0,0,probe,1
0.0,tcp,telnet,SF,514,543,9,5,0.0,0.969,0,1,normal,0
33.69,udp,smtp,SF,849,924,3,6,0.0,0.899,0,1,normal,0
141.47,tcp,ftp,SF,988,758,2,2,0.034,0.512,0,1,u2r,1
8.61,tcp,smtp,S0,402,1615,2,3,0.065,0.844,0,1,normal,0
9.22,udp,smtp,REJ,779,804,8,4,0.0,0.797,0,1,normal,0
0.0,tcp,telnet,S0,8,0,94,13,0.445,0.34,0,0,probe,1
30.38,tcp,smtp,RSTR,253,16,2,3,0.015,1.0,0,1,normal,0
97.93,tcp,other,REJ,373,62,2,3,0.0,0.705,0,1,normal,0
54.61,tcp,ftp,SF,462,1432,3,4,0.0,1.0,0,1,normal,0
64.35,tcp,smtp,SF,285,1274,2,8,0.02,0.865,0,1,normal,0
0.6,tcp,smtp,S0,44,0,152,221,0.841,0.912,0,0,dos,1
65.62,tcp,telnet,RSTR,1228,855,6,6,0.019,0.838,0,1,normal,0
119.33,udp,other,SF,607,135,6,3,0.0,0.768,0,1,normal,0
3.6,tcp,dns,RSTR,2,4,269,103,1.0,0.908,0,0,dos,1
24.88,tcp,dns,SF,267,8,1,1,0.16,0.638,4,1,r2l,1
13.66,tcp,other,SF,40,552,2,2,0.08,0.909,0,1,normal,0
86.16,tcp,pop3,SF,787,629,8,7,0.123,0.992,0,1,normal,0
2.84,tcp,http,S0,1,0,90,12,0.471,0.132,0,0,probe,1
10.26,tcp,smtp,SF,227,2746,1,9,0.001,0.962,0,1,normal,0
46.54,tcp,dns,SF,142,444,8,9,0.0,0.964,0,1,normal,0
32.62,tcp,ftp,SF,267,894,4,3,0.0,1.0,0,1,normal,0
0.54,udp,pop3,S0,64,0,496,274,0.953,0.927,0,0,dos,1
106.5,tcp,smtp,SF,1017,1215,3,9,0.019,0.797,0,1,normal,0
115.97,tcp,telnet,RSTR,147,1180,5,6,0.0,0.915,0,1,normal,0
3.71,tcp,pop3,RSTR,14,0,462,212,0.941,0.987,0,0,dos,1
76.53,udp,pop3,SF,517,101,7,3,0.081,0.679,0,1,normal,0
77.01,tcp,pop3,SF,517,212,9,9,0.0,1.0,0,1,normal,0
0.0,tcp,ftp,RSTO,7,319,3,9,0.0,0.791,0,1,normal,0
1.37,tcp,telnet,SF,16,0,20,15,0.293,0.446,0,0,probe,1
53.99,tcp,telnet,SF,747,96,1,6,0.0,0.927,0,1,normal,0
9.69,tcp,other,S0,660,1470,5,6,0.052,0.741,0,1,normal,0
23.16,tcp,smtp,SF,209,1913,2,7,0.004,0.839,0,1,normal,0
62.71,tcp,ftp,SF,74,2065,3,4,0.0,1.0,0,1,normal,0
3.06,tcp,pop3,SF,16,1,71,2,0.479,0.161,0,0,probe,1
33.78,tcp,ssh,SF,184,1094,5,3,0.0,0.909,0,1,normal,0
57.1,udp,other,SF,1566,2121,5,4,0.01,0.872,0,1,normal,0
2.93,tcp,ssh,RSTR,70,0,135,394,0.914,0.894,0,0,dos,1
106.34,tcp,smtp,SF,512,1864,1,4,0.044,0.694,0,1,normal,0
60.63,tcp,ssh,SF,1196,1413,1,1,0.0,0.951,0,1,normal,0
3.41,udp,http,S0,24,0,438,302,0.907,1.0,0,0,dos,1
2.28,udp,smtp,SF,782,829,4,7,0.0,0.811,0,1,normal,0
6.81,udp,dns,SF,811,922,6,2,0.001,0.826,0,1,normal,0
56.89,tcp,ssh,SF,358,497,9,4,0.002,0.878,0,1,normal,0
45.98,tcp,telnet,SF,1117,1112,2,1,0.063,0.836,0,1,normal,0
0.0,tcp,ftp,REJ,261,666,2,1,0.081,0.893,0,1,normal,0
1.34,icmp,ftp,SF,948,457,7,2,0.0,0.763,0,1,normal,0
0.13,tcp,other,S0,62,0,292,201,1.0,0.958,0,0,dos,1
2.77,tcp,pop3,S0,0,0,70,14,0.389,0.087,0,0,probe,1
0.0,tcp,pop3,RSTR,61,8,473,190,0.91,0.974,0,0,dos,1
37.99,icmp,ssh,SF,478,787,3,3,0.001,0.82,0,1,normal,0
11.96,tcp,pop3,SF,949,1076,5,7,0.072,0.927,0,1,normal,0
2.43,tcp,smtp,S0,40,0,68,11,0.238,0.055,0,0,probe,1
65.24,udp,ssh,RSTO,602,926,3,2,0.003,0.881,0,1,normal,0
0.0,tcp,ssh,REJ,42,0,142,491,0.757,0.87,0,0,dos,1
1.7,tcp,http,S0,6,0,314,347,0.858,0.915,0,0,dos,1
63.08,tcp,pop3,SF,486,1450,5,7,0.0,0.85,0,1,normal,0
98.64,tcp,other,SF,3,480,1,8,0.0,0.958,0,1,normal,0
43.7,udp,http,SF,141,825,4,9,0.048,0.921,0,1,normal,0
54.83,tcp,telnet,SF,547,643,3,6,0.004,1.0,0,1,normal,0
65.83,tcp,http,SF,271,608,5,7,0.0,1.0,0,1,normal,0
49.48,tcp,other,SF,721,2500,6,6,0.028,0.868,0,1,normal,0
3.51,udp,ssh,REJ,42,4,311,206,0.923,0.947,0,0,dos,1
83.95,udp,http,SF,186,1384,8,7,0.062,0.713,0,1,normal,0
33.61,tcp,smtp,SF,606,247,6,1,0.127,1.0,0,1,normal,0
1.35,tcp,http,REJ,20,4,331,173,0.824,0.938,0,0,dos,1
2.98,tcp,pop3,S0,20,0,152,178,0.798,0.979,0,0,dos,1
8.15,udp,other,S0,81,399,9,5,0.186,0.628,1,0,r2l,1
32.97,icmp,http,SF,366,1253,9,4,0.0,1.0,0,1,normal,0
3.58,tcp,telnet,REJ,12,2,90,13,0.652,0.678,0,0,probe,1
0.0,tcp,other,RSTR,55,0,104,479,1.0,0.985,0,0,dos,1
3.18,udp,http,REJ,74,0,258,466,0.761,0.947,0,0,dos,1
61.32,tcp,http,SF,157,560,4,3,0.015,0.794,0,1,normal,0
49.28,tcp,http,SF,0,1242,5,5,0.012,0.931,0,1,normal,0
119.8,tcp,ssh,SF,54,2031,1,4,0.058,1.0,0,1,normal,0
4.84,tcp,dns,RSTR,611,1588,2,5,0.018,0.994,0,1,normal,0
71.11,udp,other,SF,596,1031,2,2,0.06,0.925,0,1,normal,0
3.58,tcp,ftp,S0,13,1,27,6,0.647,0.006,0,0,probe,1
36.0,udp,telnet,SF,278,769,6,2,0.045,1.0,0,1,normal,0
0.82,tcp,http,REJ,14,0,71,3,0.436,0.234,0,0,probe,1
34.27,tcp,smtp,REJ,0,1857,6,9,0.0,0.967,0,1,normal,0
0.0,tcp,smtp,REJ,21,0,168,127,0.731,0.977,0,0,dos,1
23.32,tcp,pop3,RSTO,417,1435,5,4,0.014,0.938,0,1,normal,0
48.6,tcp,other,SF,369,1479,5,6,0.097,0.982,0,1,normal,0
137.69,tcp,http,S0,385,2566,9,9,0.015,0.883,0,1,normal,0
0.45,icmp,http,REJ,21,0,83,4,0.626,0.423,0,0,probe,1
0.0,udp,pop3,SF,439,362,4,5,0.01,0.823,0,1,normal,0
38.58,tcp,ftp,SF,200,972,2,2,0.034,1.0,0,1,normal,0
1.11,tcp,ftp,S0,12,1,29,17,0.53,0.185,0,0,probe,1
82.3,tcp,other,RSTR,645,988,3,5,0.0,0.83,0,1,normal,0
98.71,udp,pop3,SF,465,397,1,2,0.058,0.771,0,1,normal,0
81.06,udp,ssh,SF,33,1002,7,4,0.0,0.8,0,1,normal,0
13.7,tcp,pop3,REJ,886,390,4,9,0.0,0.951,0,1,normal,0
41.6,udp,ftp,SF,381,284,1,3,0.03,0.681,0,1,normal,0
100.98,tcp,other,SF,315,461,9,2,0.0,0.915,0,1,normal,0
52.13,tcp,telnet,SF,693,1074,8,2,0.0,0.88,0,1,normal,0
39.55,tcp,other,SF,497,751,6,9,0.096,0.923,0,1,normal,0
0.15,tcp,telnet,S0,1,3,399,485,0.861,0.879,0,0,dos,1
0.0,tcp,http,SF,310,303,3,3,0.0,0.763,0,1,u2r,1
0.0,tcp,other,SF,573,910,2,3,0.037,0.658,0,1,normal,0
0.0,tcp,smtp,SF,1028,1537,3,2,0.0,0.913,0,1,normal,0
71.56,tcp,other,SF,405,1232,5,9,0.009,0.876,0,1,normal,0
0.0,tcp,pop3,REJ,59,0,228,125,0.653,0.89,0,0,dos,1
38.25,tcp,other,REJ,866,1681,1,8,0.007,0.887,0,1,normal,0
27.32,tcp,pop3,SF,771,1047,5,6,0.013,1.0,0,1,normal,0
0.0,tcp,other,SF,0,393,5,8,0.003,0.867,0,1,normal,0
64.74,tcp,telnet,SF,425,325,8,6,0.045,0.932,0,1,normal,0
2.76,tcp,pop3,S0,55,0,441,415,0.861,0.858,0,0,dos,1
58.85,udp,smtp,SF,533,514,2,8,0.038,0.756,0,1,normal,0
30.52,tcp,ftp,SF,604,1025,9,4,0.048,0.903,0,1,normal,0
82.43,tcp,ssh,SF,581,912,2,7,0.021,1.0,0,1,normal,0
0.0,tcp,smtp,SF,996,1330,2,7,0.078,0.976,0,1,normal,0
42.83,udp,ssh,SF,540,350,4,6,0.022,0.962,0,1,normal,0
1.45,tcp,pop3,S0,71,12,292,508,0.761,0.834,0,0,dos,1
0.0,udp,smtp,REJ,515,754,6,8,0.085,0.917,0,1,normal,0
42.62,tcp,other,RSTO,709,933,4,9,0.026,0.842,0,1,normal,0
15.62,udp,dns,RSTO,608,1272,8,3,0.071,0.894,0,1,normal,0
54.52,tcp,ftp,SF,280,155,5,2,0.0,0.965,0,1,normal,0
0.0,tcp,ftp,S0,13,0,69,5,0.705,0.473,0,0,probe,1
138.52,tcp,ftp,SF,0,337,1,3,0.024,0.791,0,1,normal,0
28.38,tcp,http,SF,387,323,2,4,0.0,1.0,0,1,normal,0
21.18,tcp,ftp,SF,0,1068,7,7,0.0,0.665,0,1,normal,0
17.53,tcp,pop3,S0,307,353,10,6,0.161,0.355,1,0,r2l,1
0.0,tcp,telnet,REJ,38,2,356,394,0.866,0.939,0,0,dos,1
48.17,tcp,smtp,REJ,286,633,7,7,0.075,0.73,0,1,normal,0
60.26,tcp,dns,SF,410,1504,3,6,0.09,0.829,0,1,normal,0
0.81,icmp,ftp,REJ,17,3,338,287,0.785,0.944,0,0,dos,1
0.64,tcp,telnet,S0,55,9,295,265,1.0,0.984,0,0,dos,1
0.0,udp,pop3,SF,872,497,5,9,0.045,0.846,0,1,normal,0
4.78,tcp,ssh,S0,13,9,268,488,0.902,0.957,0,0,dos,1
149.76,tcp,http,SF,719,1499,1,2,0.044,0.936,0,1,normal,0
89.5,tcp,http,SF,925,527,1,8,0.065,0.887,0,1,normal,0
18.7,udp,ftp,SF,785,965,8,8,0.101,0.929,0,1,normal,0
56.34,tcp,smtp,S0,472,2610,4,1,0.039,0.957,0,1,normal,0
35.34,tcp,dns,REJ,906,1117,6,9,0.018,0.76,0,1,normal,0
5.56,tcp,pop3,SF,565,454,6,1,0.013,0.808,0,1,normal,0
1.45,tcp,pop3,S0,88,4,236,320,0.876,0.889,0,0,dos,1
0.0,tcp,ftp,REJ,97,1,122,234,1.0,0.881,0,0,dos,1
46.73,udp,dns,S0,469,1621,7,4,0.0,1.0,0,1,normal,0
15.2,tcp,smtp,SF,131,0,1,3,0.0,0.689,0,1,normal,0
70.57,tcp,telnet,SF,0,894,7,1,0.038,0.749,0,1,normal,0
70.86,tcp,other,RSTO,392,1123,5,5,0.055,0.954,0,1,normal,0
81.31,udp,telnet,SF,674,689,6,6,0.007,0.861,0,1,normal,0
0.07,tcp,smtp,REJ,29,0,339,470,0.889,0.982,0,0,dos,1
68.67,tcp,ssh,SF,50,1237,5,4,0.0,0.999,0,1,normal,0
66.02,tcp,other,SF,737,1755,2,2,0.0,1.0,0,1,normal,0
0.97,udp,pop3,S0,62,4,364,116,1.0,0.938,0,0,dos,1
36.6,tcp,telnet,RSTR,279,403,7,4,0.108,1.0,0,1,normal,0
85.42,tcp,ssh,SF,102,0,9,7,0.008,0.925,0,1,normal,0
33.93,tcp,ftp,REJ,623,2095,5,2,0.0,0.832,0,1,normal,0
6.89,tcp,other,REJ,5,0,66,9,0.582,0.0,0,0,probe,1
96.06,tcp,pop3,SF,421,1409,1,4,0.01,0.972,0,1,normal,0
27.26,tcp,ftp,SF,66,0,9,2,0.085,0.942,0,1,normal,0
63.18,tcp,ssh,SF,351,0,2,2,0.034,0.754,0,1,normal,0
66.05,tcp,pop3,SF,54,1407,3,8,0.019,0.781,0,1,normal,0
87.8,tcp,telnet,SF,986,1842,9,5,0.018,0.915,0,1,normal,0
80.65,udp,ssh,SF,692,1202,5,4,0.04,0.816,0,1,normal,0
75.25,tcp,telnet,SF,890,2025,7,5,0.021,0.686,0,1,normal,0
1.79,tcp,other,REJ,26,0,101,276,0.901,0.978,0,0,dos,1
8.04,tcp,ssh,SF,209,225,1,1,0.0,0.835,0,1,normal,0
4.38,tcp,dns,S0,3,0,92,16,0.67,0.329,0,0,probe,1
83.01,tcp,dns,SF,439,129,9,6,0.068,0.974,0,1,normal,0
1.27,tcp,smtp,S0,0,0,102,359,1.0,0.966,0,0,dos,1
0.0,tcp,http,RSTR,628,1761,4,9,0.063,0.886,0,1,normal,0
36.3,udp,pop3,SF,512,514,6,6,0.039,0.956,0,1,normal,0
2.18,tcp,dns,S0,35,1,101,189,0.851,0.899,0,0,dos,1
0.88,tcp,ftp,S0,82,3,217,228,0.955,0.999,0,0,dos,1
85.93,tcp,telnet,SF,184,1833,7,2,0.007,1.0,0,1,normal,0
114.35,tcp,http,SF,1054,2224,1,5,0.03,0.939,0,1,normal,0
95.42,udp,other,RSTR,1063,892,3,2,0.019,0.833,0,1,normal,0
56.33,tcp,http,REJ,658,953,6,9,0.011,0.916,0,1,normal,0
123.45,tcp,ftp,SF,728,974,7,7,0.0,0.868,0,1,normal,0
0.0,tcp,dns,RSTR,68,6,256,480,1.0,0.953,0,0,dos,1
26.93,udp,smtp,SF,135,641,4,4,0.08,0.774,0,1,normal,0
104.83,udp,pop3,SF,394,1378,5,5,0.021,0.978,0,1,normal,0
50.9,tcp,http,SF,430,1149,9,2,0.018,0.807,0,1,normal,0
34.39,udp,ssh,SF,299,880,1,1,0.0,0.664,1,1,u2r,1
58.09,tcp,telnet,SF,618,432,5,5,0.058,1.0,0,1,normal,0
75.79,tcp,ftp,SF,234,1287,2,5,0.057,1.0,0,1,normal,0
55.84,tcp,ssh,SF,333,957,8,5,0.061,1.0,0,1,normal,0
119.41,tcp,dns,S0,536,1716,3,4,0.007,0.897,0,1,normal,0
115.47,tcp,other,SF,356,1685,6,8,0.052,0.769,0,1,normal,0
75.43,tcp,dns,SF,555,97,2,7,0.02,0.933,0,1,normal,0
72.97,udp,smtp,RSTR,0,1324,6,2,0.0,0.814,0,1,normal,0
0.33,tcp,telnet,S0,22,0,43,6,0.539,0.089,0,0,probe,1
118.77,tcp,dns,REJ,225,1130,9,5,0.0,0.829,0,1,normal,0
32.52,tcp,dns,SF,497,460,7,3,0.057,0.809,0,1,normal,0
26.64,udp,ssh,SF,595,1207,7,6,0.0,0.863,0,1,normal,0
117.59,tcp,telnet,SF,1112,979,6,6,0.032,0.936,0,1,normal,0
93.54,tcp,telnet,SF,486,651,9,1,0.083,1.0,0,1,normal,0
69.32,tcp,dns,REJ,114,1939,5,8,0.0,0.829,0,1,normal,0
11.69,tcp,ssh,REJ,383,2015,7,6,0.0,1.0,0,1,normal,0
0.0,tcp,telnet,SF,756,595,1,3,0.088,0.763,0,1,normal,0
39.05,udp,other,SF,707,1005,8,9,0.0,0.856,0,1,normal,0
24.24,icmp,http,SF,712,708,9,4,0.0,0.91,0,1,normal,0
68.37,tcp,pop3,SF,546,1295,8,7,0.005,0.825,0,1,normal,0
10.51,tcp,other,SF,1266,1077,7,1,0.002,0.94,0,1,normal,0
11.46,tcp,http,RSTO,11,1130,2,2,0.011,1.0,0,1,normal,0
34.07,tcp,dns,SF,146,1241,8,6,0.0,0.89,0,1,normal,0
32.28,tcp,http,SF,346,1008,5,1,0.106,0.906,0,1,normal,0
0.42,tcp,ftp,REJ,2,1,60,15,0.632,0.399,0,0,probe,1
88.41,udp,other,SF,751,1543,2,2,0.112,0.84,0,1,normal,0
43.31,icmp,other,SF,964,169,6,6,0.0,0.841,0,1,normal,0
0.0,udp,telnet,SF,1056,0,1,4,0.0,0.908,1,1,u2r,1
29.26,tcp,dns,SF,333,318,7,1,0.14,0.88,1,1,r2l,1
23.99,tcp,http,SF,169,834,3,7,0.044,0.83,0,1,normal,0
44.96,udp,smtp,REJ,668,1279,6,8,0.031,0.975,0,1,normal,0
0.0,tcp,ftp,S0,71,7,440,440,0.942,0.954,0,0,dos,1
30.45,tcp,dns,S0,0,234,7,6,0.107,0.813,3,0,r2l,1
1.33,tcp,dns,REJ,89,0,303,129,1.0,0.947,0,0,dos,1
32.5,tcp,dns,SF,661,599,7,8,0.0,0.827,0,1,normal,0
27.9,tcp,ftp,SF,528,1276,2,7,0.084,0.826,0,1,normal,0
36.51,udp,other,SF,0,752,14,7,0.005,0.362,4,1,r2l,1
0.0,tcp,ssh,SF,357,1280,2,4,0.003,0.673,0,1,normal,0
59.39,icmp,other,SF,178,940,5,6,0.02,0.963,0,1,normal,0
6.13,tcp,http,RSTR,45,5,223,180,0.968,0.871,0,0,dos,1
11.73,tcp,ftp,SF,1056,169,4,6,0.002,0.978,0,1,normal,0
20.67,tcp,http,REJ,208,1250,2,4,0.106,0.82,0,1,normal,0
92.04,udp,pop3,SF,202,1371,4,1,0.0,0.943,0,1,normal,0
17.87,tcp,http,SF,582,708,2,1,0.001,0.98,0,1,normal,0
41.98,tcp,pop3,SF,710,0,8,4,0.0,0.722,0,1,normal,0
43.33,tcp,telnet,SF,911,988,4,7,0.054,0.757,0,1,normal,0
36.42,tcp,ssh,SF,595,840,3,9,0.139,0.937,0,1,normal,0
25.22,icmp,dns,SF,915,823,9,8,0.003,0.84,0,1,normal,0
97.5,tcp,dns,REJ,317,914,3,8,0.0,0.703,0,1,normal,0
2.93,tcp,other,REJ,34,0,60,10,0.022,0.53,0,0,probe,1
80.98,tcp,ftp,REJ,1036,869,2,6,0.007,0.899,0,1,normal,0
10.76,udp,dns,SF,34,630,9,4,0.0,0.641,3,1,r2l,1
14.25,tcp,pop3,SF,731,263,5,3,0.0,0.911,0,1,normal,0
79.25,tcp,ftp,SF,0,1261,3,9,0.055,0.919,0,1,normal,0
0.0,tcp,http,S0,61,0,387,123,0.936,1.0,0,0,dos,1
0.25,icmp,dns,S0,36,0,418,344,0.802,0.998,0,0,dos,1
0.0,tcp,other,SF,646,1031,2,3,0.104,0.897,0,1,normal,0
91.23,tcp,smtp,SF,298,683,2,9,0.047,0.828,0,1,normal,0
21.69,udp,dns,SF,266,891,7,3,0.0,0.835,0,1,normal,0
64.91,tcp,other,S0,614,1003,8,8,0.037,0.816,0,1,normal,0
98.92,tcp,telnet,SF,574,863,7,8,0.0,0.966,0,1,normal,0
0.0,tcp,other,SF,872,1183,4,9,0.0,0.974,0,1,normal,0
11.69,tcp,other,SF,1260,451,7,2,0.0,1.0,0,1,normal,0
0.0,tcp,other,S0,49,0,359,265,0.974,0.878,0,0,dos,1
103.44,tcp,smtp,REJ,546,1799,2,7,0.03,0.804,0,1,normal,0
1.95,tcp,smtp,S0,44,1,119,444,1.0,0.986,0,0,dos,1
0.61,tcp,smtp,S0,50,0,254,147,0.994,0.917,0,0,dos,1
201.37,tcp,pop3,SF,582,0,2,4,0.0,0.792,1,1,u2r,1
57.83,tcp,dns,SF,704,1359,8,7,0.062,0.829,0,1,normal,0
44.83,tcp,telnet,SF,560,1565,3,2,0.087,0.993,0,1,normal,0
41.53,tcp,ftp,SF,188,619,2,2,0.019,0.811,0,1,normal,0
16.09,udp,telnet,SF,892,1140,9,1,0.018,0.923,0,1,normal,0
54.13,tcp,ssh,SF,218,1407,4,3,0.011,0.915,0,1,normal,0
0.0,tcp,http,S0,66,0,508,459,0.753,0.943,0,0,dos,1
9.79,tcp,ftp,SF,495,1301,4,7,0.006,0.98,0,1,normal,0
42.52,udp,smtp,REJ,213,2303,7,8,0.0,0.739,0,1,normal,0
1.06,udp,telnet,RSTR,31,0,429,479,0.836,0.946,0,0,dos,1
0.0,tcp,http,S0,56,10,155,317,0.873,0.938,0,0,dos,1
71.58,icmp,ssh,SF,146,928,2,5,0.038,0.829,0,1,normal,0
104.36,udp,dns,SF,327,412,5,4,0.02,1.0,0,1,normal,0
116.45,tcp,ftp,SF,807,1588,7,3,0.032,0.791,0,1,normal,0
2.72,tcp,ssh,S0,7,0,198,168,0.996,0.991,0,0,dos,1
20.21,tcp,pop3,SF,877,461,7,5,0.012,0.923,0,1,normal,0
87.65,tcp,ftp,SF,704,684,2,3,0.098,0.803,0,1,normal,0
104.99,tcp,other,SF,512,892,7,4,0.02,1.0,0,1,normal,0
57.68,udp,ftp,SF,953,919,1,3,0.0,1.0,0,1,normal,0
1.06,udp,ssh,S0,31,0,503,152,0.737,0.991,0,0,dos,1
74.49,tcp,other,SF,582,480,2,6,0.0,0.705,0,1,normal,0
74.54,tcp,pop3,SF,99,561,5,8,0.083,0.854,0,1,normal,0
67.91,udp,ssh,SF,29,636,9,5,0.0,0.917,0,1,normal,0
78.85,tcp,ftp,REJ,375,1604,8,4,0.076,0.899,0,1,normal,0
1.75,udp,http,S0,34,0,240,166,1.0,0.943,0,0,dos,1
92.16,tcp,other,SF,1071,1532,2,4,0.0,0.951,0,1,normal,0
0.0,tcp,http,S0,12,0,152,165,0.935,0.963,0,0,dos,1
0.0,tcp,dns,S0,53,1,276,272,0.815,0.947,0,0,dos,1
52.8,tcp,telnet,SF,932,654,1,6,0.0,0.849,0,1,normal,0
3.03,udp,ssh,S0,0,0,224,159,0.886,0.927,0,0,dos,1
50.63,udp,http,SF,0,866,4,9,0.0,0.911,0,1,normal,0
67.38,icmp,http,REJ,624,1083,1,1,0.097,0.912,0,1,normal,0
69.09,tcp,pop3,RSTR,1096,1206,8,5,0.046,1.0,0,1,normal,0
43.02,tcp,other,SF,355,1631,1,2,0.072,1.0,0,1,normal,0
12.53,tcp,ssh,REJ,712,1172,3,7,0.109,1.0,0,1,normal,0
25.29,tcp,ssh,SF,224,543,4,3,0.0,0.805,0,1,normal,0
2.49,tcp,pop3,S0,18,2,462,416,0.87,1.0,0,0,dos,1
31.68,udp,other,SF,124,1622,4,2,0.065,0.851,0,1,normal,0
1.92,tcp,pop3,S0,9,0,93,15,0.024,0.138,0,0,probe,1
0.0,tcp,telnet,SF,804,1353,3,6,0.056,0.863,0,1,normal,0
1.57,udp,pop3,SF,387,2079,5,5,0.0,1.0,0,1,normal,0
15.51,tcp,ftp,SF,383,0,9,3,0.001,1.0,0,1,normal,0
15.69,tcp,http,SF,208,1494,7,5,0.071,0.857,0,1,normal,0
22.0,tcp,other,SF,235,1634,1,9,0.011,0.97,0,1,normal,0
1.97,tcp,ftp,S0,5,4,56,2,0.383,0.102,0,0,probe,1
0.59,tcp,smtp,S0,17,0,29,19,0.346,0.123,0,0,probe,1
41.95,tcp,ftp,SF,477,1493,5,1,0.077,1.0,0,1,normal,0
98.5,tcp,pop3,SF,262,763,6,4,0.0,0.854,0,1,normal,0
33.7,tcp,dns,SF,538,533,6,3,0.008,0.994,0,1,normal,0
94.22,udp,smtp,SF,275,819,3,8,0.076,0.749,0,1,normal,0
45.08,tcp,ftp,RSTR,652,311,9,8,0.0,0.84,0,1,normal,0
100.77,tcp,telnet,SF,729,669,6,6,0.0,0.882,0,1,normal,0
0.0,udp,ssh,S0,59,0,440,381,0.845,1.0,0,0,dos,1
122.71,tcp,ftp,SF,537,0,1,8,0.108,0.911,0,1,normal,0
67.3,tcp,ftp,SF,530,891,8,1,0.028,0.919,0,1,normal,0
57.57,tcp,smtp,RSTO,331,1089,2,6,0.017,0.906,0,1,normal,0
3.44,udp,dns,S0,28,0,39,3,0.23,0.306,0,0,probe,1
109.07,tcp,pop3,SF,434,1174,6,6,0.057,0.917,0,1,normal,0
27.5,tcp,ftp,RSTR,308,1173,8,1,0.006,1.0,0,1,normal,0
40.05,icmp,telnet,SF,319,1266,7,5,0.0,0.745,0,1,normal,0
0.0,udp,http,S0,51,3,336,327,0.844,1.0,0,0,dos,1
0.0,tcp,smtp,S0,30,0,301,416,0.906,0.929,0,0,dos,1
0.0,tcp,other,SF,0,288,6,3,0.076,1.0,0,1,normal,0
41.31,icmp,http,SF,925,157,5,8,0.06,0.619,0,1,normal,0
0.0,tcp,http,RSTR,76,0,418,498,0.797,0.974,0,0,dos,1
62.08,tcp,ftp,SF,451,0,6,8,0.045,0.814,0,1,normal,0
41.79,udp,dns,SF,540,1722,3,7,0.046,0.908,0,1,normal,0
2.24,tcp,pop3,SF,162,0,12,7,0.208,0.524,1,1,r2l,1
10.15,tcp,smtp,SF,319,665,2,4,0.062,0.884,0,1,normal,0
13.16,tcp,other,REJ,733,306,3,2,0.008,1.0,0,1,normal,0
99.4,tcp,pop3,RSTR,469,1579,8,3,0.011,0.94,0,1,normal,0
0.0,tcp,ssh,S0,61,6,341,223,0.983,0.838,0,0,dos,1
2.14,udp,other,REJ,57,0,188,112,0.924,0.93,0,0,dos,1
57.34,tcp,ftp,SF,322,1614,3,7,0.0,0.762,0,1,normal,0
72.53,tcp,dns,SF,466,60,5,9,0.066,0.997,0,1,normal,0
3.97,udp,other,S0,21,0,93,13,0.639,0.072,0,0,probe,1
0.0,tcp,dns,S0,80,2,127,215,0.9,0.935,0,0,dos,1
69.79,udp,telnet,SF,627,0,1,2,0.031,1.0,0,1,normal,0
42.41,tcp,dns,SF,258,481,8,2,0.0,1.0,0,1,normal,0
2.56,tcp,ftp,S0,0,0,66,19,0.75,0.029,0,0,probe,1
7.93,tcp,other,SF,336,391,6,4,0.018,0.773,0,1,normal,0
2.17,tcp,http,SF,137,920,6,9,0.079,1.0,0,1,normal,0
0.0,tcp,ssh,SF,526,1566,7,1,0.073,0.825,0,1,normal,0
0.0,tcp,ssh,RSTR,58,0,271,216,0.966,1.0,0,0,dos,1
28.83,tcp,other,SF,1116,573,8,5,0.009,0.959,0,1,normal,0
23.07,tcp,other,SF,0,1698,7,2,0.0,1.0,0,1,normal,0
54.14,tcp,pop3,SF,160,790,3,5,0.0,0.634,0,1,normal,0
61.51,udp,pop3,SF,594,2028,7,2,0.013,1.0,0,1,normal,0
79.35,udp,dns,SF,561,345,5,7,0.016,0.857,0,1,normal,0
42.16,udp,telnet,SF,1158,1526,2,1,0.0,0.924,0,1,normal,0
66.61,udp,smtp,SF,512,774,8,9,0.0,0.883,0,1,normal,0
273.4,tcp,pop3,SF,1755,502,1,1,0.101,0.761,1,1,u2r,1
0.1,tcp,ftp,S0,714,1025,9,6,0.0,1.0,0,1,normal,0
0.0,tcp,smtp,REJ,31,0,197,327,0.773,0.957,0,0,dos,1
16.94,icmp,dns,SF,418,1314,4,5,0.0,0.88,0,1,normal,0
35.01,udp,pop3,SF,674,1177,1,2,0.064,0.875,0,1,normal,0
42.58,icmp,smtp,SF,69,1357,2,8,0.066,0.806,0,1,normal,0
15.53,tcp,pop3,S0,455,319,3,5,0.0,0.92,0,1,normal,0
90.69,tcp,ssh,SF,292,1005,3,6,0.024,0.908,0,1,normal,0
38.19,tcp,ftp,S0,891,368,6,9,0.041,0.85,0,1,normal,0
19.61,udp,pop3,SF,66,860,12,8,0.367,0.417,1,0,r2l,1
88.45,tcp,ftp,SF,515,261,2,7,0.088,1.0,0,1,normal,0
5.34,tcp,ftp,S0,22,3,53,13,0.412,0.448,0,0,probe,1
69.0,tcp,other,SF,131,1943,1,4,0.042,0.952,0,1,normal,0
32.42,tcp,pop3,SF,403,32,7,4,0.105,0.88,0,1,normal,0
12.13,tcp,other,REJ,613,1470,3,2,0.0,0.912,0,1,normal,0
75.28,tcp,telnet,SF,565,1926,4,2,0.075,0.955,0,1,normal,0
52.89,tcp,ftp,SF,371,417,1,5,0.0,1.0,0,1,normal,0
77.48,tcp,ssh,SF,423,1922,6,5,0.062,0.946,0,1,normal,0
66.28,tcp,ssh,SF,157,277,8,9,0.027,0.625,0,1,normal,0
2.22,tcp,ssh,S0,36,0,302,143,0.756,0.935,0,0,dos,1
118.84,udp,http,SF,0,1941,3,3,0.082,0.991,0,1,normal,0
0.0,udp,http,S0,34,408,12,9,0.063,0.338,4,1,r2l,1
116.72,udp,smtp,SF,54,481,2,4,0.012,0.989,0,1,normal,0
75.62,tcp,ssh,SF,519,1904,6,4,0.037,0.936,0,1,normal,0
72.46,tcp,telnet,SF,570,888,8,6,0.0,0.909,0,1,normal,0
44.76,tcp,dns,SF,243,1090,6,9,0.048,1.0,0,1,normal,0
0.0,tcp,ssh,REJ,31,0,332,152,0.777,0.991,0,0,dos,1
0.0,tcp,telnet,RSTR,5,0,353,376,0.919,0.876,0,0,dos,1
18.21,tcp,dns,SF,468,1102,5,2,0.09,0.872,0,1,normal,0
81.43,udp,other,SF,688,1834,8,6,0.0,0.929,0,1,normal,0
1.26,udp,dns,S0,0,0,277,146,1.0,0.978,0,0,dos,1
9.26,udp,dns,SF,570,1247,9,6,0.04,0.841,0,1,normal,0
70.93,udp,http,SF,864,988,4,4,0.0,0.923,0,1,normal,0
67.29,tcp,dns,REJ,155,1433,8,5,0.099,1.0,0,1,normal,0
55.12,tcp,ssh,SF,677,999,6,9,0.092,1.0,0,1,normal,0
0.0,tcp,ssh,SF,0,1391,3,8,0.069,1.0,0,1,normal,0
78.09,udp,pop3,SF,725,840,2,5,0.001,0.777,0,1,normal,0
4.51,tcp,http,S0,24,0,60,10,0.662,0.237,0,0,probe,1
0.0,tcp,http,SF,510,744,3,2,0.047,0.865,0,1,normal,0
0.0,udp,ftp,S0,22,0,69,18,0.293,0.3,0,0,probe,1
0.97,tcp,telnet,REJ,60,0,413,175,0.946,0.981,0,0,dos,1
53.52,tcp,smtp,SF,406,1209,7,3,0.0,0.955,0,1,normal,0
0.0,udp,pop3,SF,479,1233,3,3,0.017,0.756,0,1,normal,0
9.57,icmp,other,SF,223,1643,9,2,0.017,0.739,0,1,normal,0
0.0,tcp,smtp,S0,66,0,142,151,0.993,0.869,0,0,dos,1
0.0,udp,telnet,SF,413,1369,4,3,0.011,0.956,0,1,normal,0
0.0,tcp,ftp,REJ,25,3,77,8,0.75,0.183,0,0,probe,1
49.86,tcp,ssh,SF,772,1014,1,4,0.053,0.806,0,1,normal,0
57.71,tcp,smtp,SF,1004,1868,4,7,0.022,0.877,0,1,normal,0
89.41,udp,other,SF,784,1030,2,4,0.037,0.971,0,1,normal,0
120.9,tcp,other,SF,624,831,4,4,0.128,0.982,0,1,normal,0
56.64,udp,http,SF,582,472,1,5,0.0,0.951,0,1,normal,0
71.74,icmp,pop3,RSTR,344,1169,9,5,0.0,0.869,0,1,normal,0
23.98,tcp,ftp,SF,420,1549,3,4,0.0,1.0,0,1,normal,0
39.78,tcp,http,SF,510,1768,8,3,0.0,0.988,0,1,normal,0
0.0,tcp,telnet,RSTR,79,744,4,8,0.035,0.876,0,1,normal,0
0.0,tcp,telnet,SF,0,1761,3,7,0.0,0.877,0,1,normal,0
104.7,tcp,ftp,SF,600,1788,5,3,0.0,0.857,0,1,normal,0
63.15,tcp,other,SF,109,562,9,7,0.0,0.976,0,1,normal,0
0.0,tcp,dns,S0,39,0,221,209,0.836,1.0,0,0,dos,1
0.0,tcp,smtp,RSTR,312,1015,4,1,0.03,0.761,0,1,normal,0
50.7,udp,telnet,SF,694,1383,1,7,0.09,1.0,0,1,normal,0
40.27,tcp,telnet,SF,524,344,7,2,0.037,0.977,0,1,normal,0
116.34,tcp,smtp,SF,390,1099,9,1,0.0,1.0,0,1,normal,0
0.0,tcp,dns,S0,64,1,293,256,0.784,0.92,0,0,dos,1
0.0,tcp,other,RSTO,388,50,6,3,0.03,1.0,0,1,normal,0
34.08,tcp,http,SF,732,513,7,3,0.0,0.905,0,1,normal,0
27.21,tcp,pop3,SF,886,911,8,9,0.024,0.904,0,1,normal,0
0.0,udp,http,SF,401,982,3,4,0.074,0.837,0,1,normal,0
0.0,tcp,ssh,SF,402,1619,8,4,0.054,0.78,0,1,normal,0
115.71,udp,dns,SF,140,1555,4,6,0.009,0.941,0,1,normal,0
31.43,tcp,telnet,SF,722,940,1,3,0.022,0.983,0,1,normal,0
33.31,tcp,smtp,SF,527,1090,3,4,0.045,0.748,1,1,u2r,1
76.05,tcp,smtp,SF,433,713,6,9,0.151,0.962,0,1,normal,0
56.89,tcp,pop3,SF,299,2108,6,5,0.0,0.971,0,1,normal,0
3.68,udp,http,S0,18,0,58,10,0.229,0.0,0,0,probe,1
57.92,tcp,dns,S0,10,0,4,3,0.177,0.832,4,1,r2l,1
49.75,tcp,ftp,RSTO,604,1036,7,1,0.024,0.857,0,1,normal,0
7.21,tcp,http,REJ,28,3,33,4,0.757,0.163,0,0,probe,1
38.14,udp,http,REJ,31,448,2,9,0.062,0.801,0,1,normal,0
1.53,tcp,http,S0,88,12,286,324,0.845,0.931,0,0,dos,1
0.0,tcp,pop3,SF,48,1248,5,3,0.0,0.855,0,1,normal,0
44.33,tcp,ftp,SF,244,1243,8,3,0.0,0.994,0,1,normal,0
49.7,tcp,telnet,SF,671,415,4,9,0.0,0.855,0,1,normal,0
2.12,tcp,other,RSTR,10,0,219,258,0.776,0.921,0,0,dos,1
17.81,tcp,http,SF,21,1692,5,3,0.021,1.0,0,1,normal,0
0.0,tcp,http,SF,1011,996,3,1,0.0,0.826,0,1,normal,0
0.0,tcp,telnet,SF,385,1582,4,4,0.0,0.859,0,1,normal,0
82.58,tcp,ftp,SF,762,1410,4,5,0.048,0.929,0,1,normal,0
0.34,udp,telnet,S0,26,0,71,14,0.43,0.205,0,0,probe,1
66.38,udp,http,S0,0,398,5,1,0.092,1.0,0,1,normal,0
40.09,udp,ftp,SF,794,0,5,6,0.039,0.89,0,1,normal,0
65.87,udp,telnet,RSTO,787,1652,5,3,0.043,0.973,0,1,normal,0
121.81,tcp,http,SF,419,461,8,9,0.002,0.94,0,1,normal,0
2.61,tcp,http,SF,541,1116,1,8,0.018,1.0,0,1,normal,0
44.47,tcp,other,SF,668,2075,8,5,0.092,0.881,0,1,normal,0
104.41,icmp,telnet,SF,320,679,2,2,0.035,1.0,0,1,normal,0
70.22,tcp,ssh,SF,200,0,4,3,0.065,0.744,0,1,normal,0
35.14,tcp,http,SF,696,1534,6,7,0.016,0.944,0,1,normal,0
0.13,tcp,dns,REJ,46,1,355,445,0.771,0.888,0,0,dos,1
24.42,tcp,smtp,SF,0,1413,8,1,0.0,0.765,0,1,normal,0
121.17,tcp,ssh,SF,115,0,2,1,0.033,1.0,0,1,normal,0
1.05,udp,ssh,REJ,28,0,61,14,0.228,0.128,0,0,probe,1
0.0,udp,other,S0,827,593,1,9,0.031,0.828,0,1,normal,0
53.38,tcp,http,SF,607,1050,3,4,0.04,0.79,0,1,normal,0
0.0,tcp,other,S0,30,0,28,16,0.745,0.0,0,0,probe,1
4.6,udp,http,SF,641,1373,1,2,0.019,0.796,0,1,normal,0
0.0,udp,smtp,S0,197,429,6,7,0.072,0.774,4,0,r2l,1
24.07,icmp,http,SF,147,1247,5,9,0.0,0.859,0,1,normal,0
63.41,tcp,dns,RSTO,586,985,6,5,0.0,0.781,0,1,normal,0
64.53,tcp,http,SF,421,128,2,2,0.0,1.0,0,1,normal,0
46.27,tcp,ssh,SF,425,1379,2,4,0.086,0.946,0,1,normal,0
165.68,tcp,smtp,SF,622,378,3,1,0.137,0.538,1,1,u2r,1
10.61,icmp,ssh,SF,109,0,6,7,0.057,1.0,0,1,normal,0
19.83,tcp,dns,SF,123,370,6,9,0.159,0.439,1,1,r2l,1
60.31,tcp,dns,SF,257,1740,1,9,0.009,0.94,0,1,normal,0
0.0,tcp,smtp,S0,16,2,51,2,0.526,0.199,0,0,probe,1
8.43,tcp,telnet,SF,166,119,11,2,0.08,0.521,4,0,r2l,1
75.0,tcp,ssh,SF,331,0,3,9,0.11,0.957,0,1,normal,0
0.0,tcp,smtp,SF,929,671,1,1,0.055,0.914,1,1,u2r,1
1.62,tcp,telnet,RSTR,10,0,397,310,0.986,0.99,0,0,dos,1
22.01,tcp,smtp,SF,135,630,3,2,0.163,0.941,0,1,normal,0
57.58,udp,http,SF,442,1749,9,9,0.017,0.837,0,1,normal,0
115.17,udp,telnet,SF,462,928,3,2,0.0,0.923,0,1,normal,0
24.96,tcp,smtp,SF,321,196,2,6,0.053,0.888,0,1,normal,0
124.01,tcp,ssh,SF,888,1436,3,5,0.093,0.826,0,1,normal,0
30.43,tcp,telnet,SF,445,992,9,7,0.012,0.958,0,1,normal,0
110.45,tcp,ssh,SF,389,1794,8,3,0.0,0.958,0,1,normal,0
42.93,tcp,smtp,SF,639,694,3,9,0.022,0.716,0,1,normal,0
42.57,tcp,pop3,SF,491,215,3,6,0.013,0.708,0,1,normal,0
29.33,tcp,smtp,SF,118,297,6,8,0.112,1.0,0,1,normal,0
0.08,tcp,other,REJ,2,0,88,9,0.493,0.181,0,0,probe,1
0.0,udp,dns,SF,37,23,4,4,0.128,0.538,3,0,r2l,1
5.41,tcp,ftp,REJ,61,0,50,17,0.599,0.0,0,0,probe,1
47.71,udp,other,SF,239,898,6,8,0.005,1.0,0,1,normal,0
64.29,tcp,ssh,SF,80,892,6,4,0.037,0.9,0,1,normal,0
3.07,icmp,http,S0,40,0,63,5,0.469,0.341,0,0,probe,1
24.06,tcp,smtp,SF,105,1260,6,8,0.011,0.8,0,1,normal,0
37.29,udp,ftp,SF,362,1277,3,4,0.0,0.802,0,1,normal,0
115.38,tcp,telnet,SF,383,1119,5,7,0.0,0.731,0,1,normal,0
34.89,tcp,smtp,SF,825,399,4,1,0.096,0.816,0,1,normal,0
13.1,tcp,ftp,SF,739,1419,8,2,0.034,0.925,0,1,normal,0
84.86,icmp,http,SF,222,997,3,6,0.03,0.973,0,1,normal,0
1.4,tcp,smtp,REJ,15,0,351,179,0.687,0.945,0,0,dos,1
35.63,tcp,http,REJ,342,1426,5,2,0.006,0.849,0,1,normal,0
71.95,tcp,pop3,SF,938,0,7,4,0.022,1.0,0,1,normal,0
66.15,tcp,dns,SF,576,1393,5,4,0.034,0.833,0,1,normal,0
99.19,udp,other,SF,436,1383,7,6,0.005,0.763,0,1,normal,0
1.24,tcp,dns,S0,0,2,376,474,0.868,0.976,0,0,dos,1
36.38,tcp,ftp,SF,263,0,9,4,0.04,0.978,0,1,normal,0
29.31,tcp,ftp,SF,1027,1106,8,6,0.0,1.0,0,1,normal,0
21.41,tcp,telnet,REJ,359,1493,3,2,0.01,0.81,0,1,normal,0
0.0,tcp,ftp,S0,62,0,101,380,0.986,0.874,0,0,dos,1
0.0,icmp,smtp,SF,149,0,4,8,0.071,0.445,1,0,r2l,1
62.16,tcp,ftp,SF,161,1505,9,5,0.053,0.929,0,1,normal,0
151.5,tcp,ftp,SF,913,279,9,3,0.0,1.0,0,1,normal,0
2.66,tcp,smtp,S0,24,0,21,19,0.157,0.169,0,0,probe,1
58.29,tcp,telnet,SF,1081,1137,8,8,0.046,0.913,0,1,normal,0
54.42,tcp,smtp,REJ,666,1329,5,2,0.046,0.821,0,1,normal,0
40.43,tcp,ssh,SF,357,1328,1,5,0.059,0.812,0,1,normal,0
40.07,udp,smtp,SF,306,1704,9,6,0.039,0.787,0,1,normal,0
52.49,tcp,pop3,SF,402,1492,4,7,0.013,0.938,0,1,normal,0
96.64,tcp,ftp,SF,420,1020,2,1,0.0,0.759,0,1,normal,0
32.36,tcp,ftp,SF,800,0,8,6,0.023,0.562,0,1,normal,0
10.61,udp,smtp,SF,1044,1654,8,6,0.02,0.782,0,1,normal,0
34.49,tcp,http,SF,608,2546,2,1,0.033,0.817,0,1,normal,0
0.0,udp,pop3,SF,516,988,1,2,0.071,0.8,0,1,normal,0
0.0,tcp,http,REJ,8,10,506,369,0.817,0.995,0,0,dos,1
0.0,tcp,ftp,S0,45,0,116,184,0.838,1.0,0,0,dos,1
65.23,tcp,telnet,SF,350,2071,1,5,0.012,0.864,0,1,normal,0
0.0,udp,smtp,SF,567,503,1,5,0.084,0.878,0,1,normal,0
125.22,tcp,http,SF,291,924,1,8,0.036,0.884,0,1,normal,0
94.9,udp,telnet,SF,420,1274,2,6,0.0,0.843,0,1,normal,0
70.88,tcp,other,SF,517,0,9,4,0.0,0.99,0,1,normal,0
25.41,icmp,http,SF,233,960,2,4,0.073,1.0,0,1,normal,0
0.0,udp,dns,REJ,55,0,153,495,0.885,0.945,0,0,dos,1
0.04,tcp,smtp,REJ,111,1,427,165,0.872,0.948,0,0,dos,1
0.0,udp,pop3,S0,28,0,150,112,0.961,0.891,0,0,dos,1
76.31,tcp,telnet,RSTO,645,815,6,5,0.03,0.911,0,1,normal,0
2.72,tcp,dns,RSTR,96,4,326,337,0.8,0.973,0,0,dos,1
2.54,tcp,http,S0,68,0,330,110,0.981,0.951,0,0,dos,1
0.0,tcp,dns,SF,0,5,44,13,0.849,0.276,0,0,probe,1
1.12,udp,http,RSTR,94,1,378,199,0.861,0.882,0,0,dos,1
0.0,tcp,http,REJ,31,0,333,258,0.793,0.97,0,0,dos,1
0.0,tcp,smtp,S0,83,0,356,430,1.0,1.0,0,0,dos,1
61.52,tcp,dns,SF,78,1381,9,5,0.012,0.785,0,1,normal,0
1.34,tcp,telnet,SF,544,1431,6,6,0.056,0.945,0,1,normal,0
63.99,tcp,telnet,SF,19,655,9,4,0.093,0.925,0,1,normal,0
112.97,tcp,http,SF,646,2267,6,1,0.0,0.975,0,1,normal,0
67.33,tcp,ftp,SF,698,1986,3,1,0.046,0.812,0,1,normal,0
24.18,tcp,dns,SF,742,1758,1,9,0.0,1.0,0,1,normal,0
18.13,udp,smtp,SF,306,1117,8,2,0.0,0.904,0,1,normal,0
35.69,udp,ssh,S0,160,1770,5,4,0.098,0.877,0,1,normal,0
18.51,tcp,dns,SF,279,300,1,6,0.12,0.666,2,0,r2l,1
0.0,tcp,other,SF,786,304,1,8,0.0,0.85,0,1,normal,0
52.1,tcp,telnet,SF,1036,703,7,7,0.032,0.98,0,1,normal,0
37.19,tcp,other,SF,577,1608,5,9,0.018,1.0,0,1,normal,0
30.41,tcp,telnet,SF,185,0,8,5,0.009,0.939,0,1,normal,0
145.7,udp,dns,SF,540,878,3,3,0.0,0.908,0,1,normal,0
25.5,tcp,other,SF,574,1297,9,4,0.054,0.817,0,1,normal,0
60.45,udp,ssh,SF,0,295,8,2,0.0,0.789,0,1,normal,0
11.7,tcp,dns,SF,327,290,8,2,0.079,1.0,0,1,normal,0
75.24,tcp,smtp,RSTR,527,540,6,7,0.039,0.885,0,1,normal,0
54.07,udp,http,SF,912,544,8,7,0.092,0.77,0,1,normal,0
1.95,udp,dns,S0,0,0,22,8,0.313,0.477,0,0,probe,1
0.0,tcp,smtp,S0,31,0,62,19,0.287,0.119,0,0,probe,1
104.05,tcp,other,SF,1095,1372,4,1,0.023,0.903,0,1,normal,0
0.0,udp,ssh,S0,25,0,171,416,1.0,0.97,0,0,dos,1
0.0,tcp,smtp,S0,97,6,304,119,0.95,1.0,0,0,dos,1
0.0,tcp,telnet,S0,71,0,456,227,0.956,0.926,0,0,dos,1
19.04,tcp,telnet,SF,159,120,3,7,0.028,0.833,0,1,normal,0
29.69,tcp,ssh,SF,511,923,9,9,0.0,0.953,0,1,normal,0
54.65,tcp,smtp,SF,425,215,5,6,0.063,0.8,0,1,normal,0
50.98,tcp,dns,SF,170,1705,9,6,0.03,0.965,0,1,normal,0
22.39,tcp,pop3,SF,452,846,4,8,0.037,0.947,0,1,normal,0
43.23,tcp,ftp,SF,182,362,4,2,0.0,0.935,0,1,normal,0
7.22,tcp,other,SF,480,1478,2,4,0.0,0.832,0,1,normal,0
0.71,tcp,ssh,S0,39,0,439,265,0.725,0.948,0,0,dos,1
8.45,udp,ftp,SF,540,1472,9,3,0.038,0.878,0,1,normal,0
114.62,udp,other,SF,908,618,3,3,0.0,0.661,0,1,u2r,1
0.0,tcp,ssh,REJ,0,5,454,433,0.816,0.903,0,0,dos,1
1.9,tcp,ftp,REJ,64,6,213,429,0.868,1.0,0,0,dos,1
3.11,tcp,ssh,S0,17,1,155,241,0.923,0.927,0,0,dos,1
36.93,tcp,telnet,SF,464,1972,2,9,0.0,1.0,0,1,normal,0
5.9,tcp,ftp,RSTO,0,1376,8,3,0.008,0.858,0,1,normal,0
1.28,tcp,smtp,REJ,0,1,86,2,0.587,0.24,0,0,probe,1
22.97,udp,dns,SF,668,667,5,6,0.055,0.788,0,1,normal,0
18.39,tcp,http,SF,374,693,8,5,0.022,0.792,0,1,normal,0
19.18,tcp,dns,SF,941,137,5,8,0.0,0.833,0,1,normal,0
49.95,tcp,telnet,RSTO,26,2237,6,6,0.0,0.86,0,1,normal,0
50.69,tcp,telnet,SF,582,0,7,7,0.0,0.938,0,1,normal,0
26.65,tcp,ssh,SF,99,304,4,8,0.063,0.882,0,1,normal,0
95.44,udp,dns,RSTR,112,567,4,3,0.0,0.818,0,1,normal,0
48.64,tcp,ftp,SF,699,216,1,7,0.088,0.951,0,1,normal,0
26.8,tcp,ssh,SF,289,1967,7,2,0.085,0.928,0,1,normal,0
39.89,tcp,telnet,SF,703,1097,8,9,0.032,0.806,0,1,normal,0
63.16,tcp,http,SF,484,1363,5,2,0.0,0.852,0,1,normal,0
3.74,udp,pop3,SF,548,2007,1,4,0.0,0.846,0,1,normal,0
70.63,udp,http,SF,731,924,3,9,0.031,0.728,0,1,normal,0
107.04,tcp,ssh,SF,426,1028,6,1,0.0,0.875,0,1,normal,0
3.9,tcp,other,S0,61,1,386,389,1.0,1.0,0,0,dos,1
25.3,icmp,other,SF,728,1004,9,6,0.06,0.851,0,1,normal,0
0.61,tcp,pop3,RSTR,16,8,196,395,0.898,0.9,0,0,dos,1
13.43,tcp,ftp,SF,637,932,1,1,0.0,0.945,0,1,normal,0
77.48,tcp,other,SF,503,1034,4,8,0.0,0.95,0,1,normal,0
83.19,tcp,ssh,SF,667,645,2,4,0.0,0.84,0,1,normal,0
3.7,tcp,pop3,REJ,0,0,81,13,0.227,0.034,0,0,probe,1
0.0,tcp,smtp,SF,126,905,2,9,0.117,0.835,0,1,normal,0
84.57,tcp,ssh,SF,111,1424,6,1,0.001,0.851,0,1,normal,0
3.03,tcp,other,SF,595,2218,3,1,0.015,1.0,0,1,normal,0
56.97,tcp,dns,SF,375,549,6,6,0.061,0.907,0,1,normal,0
0.03,tcp,telnet,REJ,83,0,491,223,0.889,0.962,0,0,dos,1
0.0,tcp,pop3,SF,818,124,4,1,0.095,0.802,1,1,u2r,1
20.87,tcp,dns,SF,0,391,3,2,0.083,0.744,0,1,normal,0
3.28,udp,smtp,SF,487,314,8,7,0.0,0.707,0,1,normal,0
64.15,udp,ftp,SF,303,773,7,5,0.0,0.75,0,1,normal,0
16.45,tcp,smtp,SF,399,9,8,9,0.007,0.809,4,1,r2l,1
84.9,tcp,ftp,SF,301,2418,7,5,0.004,1.0,0,1,normal,0
77.93,tcp,http,RSTO,681,533,3,6,0.094,0.885,0,1,normal,0
39.65,tcp,telnet,S0,263,201,1,7,0.262,0.407,1,1,r2l,1
12.03,udp,http,SF,330,367,3,9,0.09,0.965,3,0,r2l,1
61.43,tcp,smtp,SF,31,1947,9,7,0.017,0.781,0,1,normal,0
76.52,tcp,other,SF,285,260,7,4,0.056,0.677,0,1,normal,0
73.73,udp,telnet,SF,463,1483,6,7,0.048,1.0,0,1,normal,0
0.0,udp,http,S0,87,0,266,287,0.899,0.902,0,0,dos,1
81.42,tcp,dns,SF,485,985,9,9,0.009,0.987,0,1,normal,0
0.0,tcp,telnet,SF,550,1420,4,2,0.0,0.82,0,1,normal,0
36.36,tcp,smtp,SF,369,1070,2,3,0.021,0.749,0,1,normal,0
61.14,tcp,ssh,S0,553,818,7,6,0.0,0.856,0,1,normal,0
122.89,tcp,ftp,SF,312,1665,7,6,0.038,1.0,0,1,normal,0
5.18,tcp,http,S0,18,0,496,457,0.953,0.851,0,0,dos,1
19.53,udp,pop3,REJ,396,978,7,4,0.0,0.905,0,1,normal,0
61.88,tcp,ftp,REJ,756,772,4,4,0.014,0.907,0,1,normal,0
1.35,tcp,ssh,REJ,67,0,225,162,1.0,1.0,0,0,dos,1
49.18,udp,pop3,RSTO,235,0,8,8,0.092,0.842,0,1,normal,0
0.0,udp,http,S0,731,1704,2,4,0.022,0.947,0,1,normal,0
5.1,udp,ftp,SF,21,0,60,6,0.584,0.1,0,0,probe,1
106.87,tcp,pop3,SF,1109,1489,9,3,0.077,0.947,0,1,normal,0
2.33,tcp,other,REJ,3,0,80,19,0.569,0.166,0,0,probe,1
26.22,udp,smtp,SF,50,655,2,7,0.0,0.82,0,1,normal,0
30.4,tcp,pop3,SF,538,1452,2,2,0.008,0.929,0,1,normal,0
39.24,tcp,ssh,S0,924,1922,4,1,0.031,0.925,0,1,normal,0
0.0,tcp,http,SF,540,1618,2,7,0.049,0.929,0,1,normal,0
32.55,udp,http,SF,766,860,9,4,0.029,0.948,0,1,normal,0
0.0,udp,telnet,SF,620,1071,9,2,0.037,0.802,0,1,normal,0
20.3,tcp,ssh,SF,322,1468,1,3,0.0,0.951,0,1,normal,0
45.99,tcp,http,SF,217,2058,7,7,0.0,1.0,0,1,normal,0
3.04,tcp,smtp,S0,45,5,293,251,0.907,0.918,0,0,dos,1
21.93,tcp,telnet,SF,506,573,5,8,0.038,0.91,0,1,normal,0
50.84,tcp,other,SF,325,732,6,4,0.061,0.976,0,1,normal,0
4.69,udp,other,SF,810,765,6,1,0.0,0.801,0,1,normal,0
85.9,tcp,smtp,SF,755,1500,3,4,0.071,0.749,0,1,normal,0
0.0,tcp,dns,SF,585,966,8,9,0.052,1.0,0,1,normal,0
86.47,icmp,smtp,SF,1266,484,6,8,0.011,0.795,0,1,normal,0
15.76,tcp,ftp,SF,171,1403,4,6,0.022,0.861,0,1,normal,0
27.5,tcp,telnet,SF,878,323,7,7,0.07,0.903,0,1,normal,0
64.91,udp,ssh,SF,928,1212,4,1,0.075,1.0,0,1,normal,0
0.0,tcp,other,S0,76,3,327,308,0.922,0.942,0,0,dos,1
48.42,tcp,telnet,SF,158,1445,6,6,0.02,0.988,0,1,normal,0
38.27,tcp,smtp,SF,325,2445,5,5,0.079,0.968,0,1,normal,0
44.97,tcp,telnet,SF,258,1236,4,6,0.045,0.943,0,1,normal,0
0.0,udp,ftp,REJ,56,2,460,301,1.0,0.917,0,0,dos,1
36.37,tcp,ftp,SF,260,685,7,2,0.0,0.987,0,1,normal,0
41.12,tcp,ssh,SF,0,800,4,2,0.061,0.868,0,1,normal,0
20.89,tcp,dns,SF,780,1738,4,4,0.033,0.804,0,1,normal,0
0.0,tcp,ftp,SF,292,1163,2,7,0.072,1.0,0,1,normal,0
44.26,udp,pop3,SF,348,1548,2,4,0.04,0.976,0,1,normal,0
98.78,udp,other,SF,669,253,8,5,0.016,0.884,0,1,normal,0
4.47,tcp,http,RSTR,67,0,504,381,0.919,1.0,0,0,dos,1
1.94,tcp,dns,S0,0,0,77,3,0.371,0.352,0,0,probe,1
101.27,tcp,telnet,SF,845,1160,8,1,0.01,0.667,0,1,normal,0
53.6,tcp,ftp,SF,259,505,1,5,0.007,0.803,0,1,normal,0
21.39,tcp,dns,SF,732,1407,2,6,0.0,0.84,0,1,normal,0
12.82,icmp,dns,SF,245,1771,1,1,0.023,0.948,0,1,normal,0
0.0,tcp,ftp,SF,273,1284,4,1,0.055,1.0,0,1,normal,0
0.0,tcp,ssh,S0,72,9,425,464,0.89,0.956,0,0,dos,1
0.0,udp,smtp,SF,912,2088,5,6,0.078,0.993,0,1,normal,0
0.0,tcp,telnet,SF,54,696,4,4,0.077,0.778,0,1,normal,0
94.85,tcp,ssh,SF,1302,1103,3,5,0.028,1.0,0,1,normal,0
0.0,tcp,ssh,SF,997,84,3,1,0.036,0.524,0,1,u2r,1
46.62,udp,ssh,SF,411,735,2,4,0.0,0.902,0,1,normal,0
1.35,udp,ssh,S0,19,0,193,236,0.854,0.924,0,0,dos,1
0.91,udp,http,REJ,60,0,507,342,0.886,0.93,0,0,dos,1
49.24,tcp,telnet,SF,174,819,6,6,0.023,1.0,0,1,normal,0
84.73,tcp,ssh,SF,358,0,9,9,0.044,0.947,0,1,normal,0
55.84,tcp,ftp,SF,659,787,7,6,0.03,0.936,0,1,normal,0
45.14,tcp,dns,SF,0,436,7,5,0.0,0.934,0,1,normal,0
102.54,tcp,other,SF,278,1008,5,7,0.034,0.653,0,1,normal,0
84.5,udp,other,SF,638,1316,9,8,0.033,0.884,0,1,normal,0
0.49,udp,http,S0,68,3,439,175,0.952,1.0,0,0,dos,1
0.0,tcp,ssh,S0,21,8,442,193,0.846,1.0,0,0,dos,1
99.16,udp,http,SF,734,833,3,4,0.0,1.0,0,1,normal,0
84.35,tcp,smtp,SF,836,1408,3,6,0.0,0.864,0,1,normal,0
83.2,tcp,ssh,SF,783,191,9,2,0.039,1.0,0,1,normal,0
78.96,udp,ssh,SF,529,95,3,3,0.07,0.859,0,1,normal,0
47.43,udp,dns,REJ,578,1729,2,7,0.0,0.868,0,1,normal,0
114.02,tcp,http,SF,441,579,9,9,0.058,0.824,0,1,normal,0
0.23,tcp,pop3,S0,78,1,197,349,0.859,0.959,0,0,dos,1
34.48,tcp,telnet,SF,711,2298,8,1,0.0,0.741,0,1,normal,0
0.0,tcp,telnet,S0,14,0,458,486,0.802,0.901,0,0,dos,1
27.84,tcp,telnet,SF,619,227,2,7,0.013,0.911,0,1,normal,0
67.12,udp,http,SF,994,1035,5,2,0.02,0.824,0,1,normal,0
0.0,tcp,pop3,REJ,104,5,146,267,0.883,0.901,0,0,dos,1
75.34,udp,http,SF,806,835,7,9,0.001,1.0,0,1,normal,0
11.08,tcp,ftp,REJ,909,456,7,8,0.0,0.824,0,1,normal,0
1.27,udp,ssh,S0,27,0,249,128,0.893,0.912,0,0,dos,1
48.3,tcp,ssh,SF,513,0,9,7,0.0,0.885,0,1,normal,0
68.97,tcp,ftp,SF,456,333,9,9,0.0,0.83,0,1,normal,0
110.04,tcp,other,SF,344,809,5,4,0.0,0.879,0,1,normal,0
52.79,tcp,http,SF,358,1049,7,2,0.008,0.962,0,1,normal,0
24.42,tcp,other,S0,377,980,2,5,0.0,0.856,0,1,normal,0
0.89,udp,other,S0,33,0,436,410,0.801,0.995,0,0,dos,1
0.0,tcp,dns,SF,469,1212,6,4,0.018,0.858,0,1,normal,0
101.1,tcp,telnet,SF,569,296,4,7,0.0,0.939,0,1,normal,0
0.0,tcp,ssh,SF,603,751,1,8,0.0,0.878,0,1,normal,0
63.74,udp,http,SF,823,1680,4,8,0.0,0.988,0,1,normal,0
0.93,tcp,pop3,S0,64,0,211,128,1.0,0.89,0,0,dos,1
4.21,tcp,ftp,SF,588,1677,3,4,0.0,0.795,0,1,normal,0
27.02,icmp,telnet,SF,0,784,2,9,0.018,0.855,0,1,normal,0
42.33,udp,telnet,SF,416,903,4,9,0.0,0.966,0,1,normal,0
5.76,tcp,ssh,REJ,62,2,284,264,0.818,0.899,0,0,dos,1
15.04,udp,ssh,SF,671,1496,4,6,0.0,0.962,0,1,normal,0
79.26,udp,telnet,SF,220,971,8,2,0.046,0.951,0,1,normal,0
2.27,tcp,http,S0,14,0,21,4,0.737,0.284,0,0,probe,1
0.0,udp,dns,SF,747,385,7,9,0.0,1.0,0,1,normal,0
96.78,tcp,dns,SF,923,240,9,1,0.076,0.857,0,1,normal,0
0.93,tcp,pop3,REJ,65,0,346,324,0.792,0.984,0,0,dos,1
0.0,udp,http,SF,41,4,64,6,0.752,0.067,0,0,probe,1
103.86,tcp,other,SF,729,2618,8,3,0.0,0.806,0,1,normal,0
2.39,udp,dns,S0,21,0,65,5,0.246,0.179,0,0,probe,1
47.38,tcp,http,SF,909,1287,4,1,0.065,0.848,0,1,normal,0
40.26,tcp,telnet,S0,192,294,1,8,0.262,0.807,4,1,r2l,1
33.69,udp,smtp,S0,269,553,5,1,0.0,1.0,0,1,normal,0
60.93,tcp,ftp,SF,808,220,5,4,0.069,0.964,0,1,normal,0
24.54,tcp,telnet,SF,275,595,9,5,0.041,0.728,0,1,normal,0
1.8,udp,other,REJ,8,0,365,508,0.845,0.949,0,0,dos,1
29.94,tcp,ssh,SF,319,651,3,9,0.111,0.685,2,0,r2l,1
0.0,udp,dns,SF,1068,1180,1,9,0.032,0.819,0,1,normal,0
70.28,tcp,dns,SF,399,499,4,9,0.0,0.922,0,1,normal,0
50.01,tcp,ftp,SF,514,906,7,5,0.031,0.945,0,1,normal,0
103.61,tcp,smtp,SF,425,686,1,6,0.013,0.787,0,1,normal,0
1.92,tcp,other,S0,74,2,478,427,0.912,0.961,0,0,dos,1
77.92,tcp,ftp,SF,393,1674,1,2,0.0,0.862,0,1,normal,0
34.48,tcp,smtp,S0,222,248,12,9,0.232,0.588,4,1,r2l,1
2.84,tcp,ftp,S0,11,0,87,11,0.461,0.234,0,0,probe,1
35.98,tcp,ftp,SF,650,1655,8,2,0.0,0.987,0,1,normal,0
40.69,tcp,dns,SF,746,1459,1,5,0.023,1.0,0,1,normal,0
184.39,icmp,pop3,SF,607,245,2,4,0.0,0.836,0,1,u2r,1
0.0,tcp,http,S0,122,0,483,412,0.986,0.892,0,0,dos,1
2.06,tcp,telnet,S0,63,2,281,156,0.878,0.897,0,0,dos,1
30.05,tcp,ftp,SF,204,1614,3,3,0.056,0.861,0,1,normal,0
48.26,tcp,other,SF,759,724,1,1,0.097,0.749,0,1,normal,0
0.0,tcp,smtp,RSTR,17,4,410,510,0.844,0.941,0,0,dos,1
5.52,tcp,dns,SF,439,649,1,5,0.062,0.93,0,1,normal,0
23.71,tcp,smtp,SF,632,773,4,8,0.0,0.858,0,1,normal,0
1.56,udp,ftp,S0,38,0,299,241,0.736,0.998,0,0,dos,1
0.0,tcp,ftp,SF,570,1182,5,2,0.0,0.911,0,1,normal,0
0.0,tcp,ssh,SF,0,0,4,4,0.066,1.0,0,1,normal,0
94.93,tcp,smtp,SF,611,1256,2,9,0.0,1.0,0,1,normal,0
0.0,tcp,ssh,REJ,39,7,162,465,0.939,0.946,0,0,dos,1
96.18,tcp,ftp,SF,491,670,6,2,0.091,1.0,0,1,normal,0
77.65,tcp,http,SF,257,582,6,1,0.045,0.92,0,1,normal,0
51.7,tcp,ftp,S0,290,534,5,9,0.0,0.437,3,1,r2l,1
58.26,tcp,pop3,SF,788,1194,2,3,0.075,0.933,0,1,normal,0
128.19,tcp,pop3,SF,1120,689,1,8,0.014,0.898,0,1,normal,0
0.0,icmp,smtp,S0,50,0,185,402,0.834,0.97,0,0,dos,1
106.87,tcp,pop3,SF,389,413,4,4,0.0,0.643,0,1,normal,0
204.2,tcp,other,SF,1364,235,1,1,0.004,0.636,0,1,u2r,1
2.44,tcp,dns,S0,97,0,260,235,0.973,0.901,0,0,dos,1
125.21,tcp,other,SF,256,269,9,2,0.082,0.745,0,1,normal,0
48.51,udp,pop3,SF,1016,1806,4,7,0.014,0.782,0,1,normal,0
0.0,tcp,http,SF,431,131,1,7,0.0,0.832,0,1,normal,0
112.56,tcp,smtp,SF,369,314,9,5,0.013,0.866,0,1,normal,0
54.75,tcp,ssh,SF,263,1443,5,2,0.014,0.951,0,1,normal,0
11.78,tcp,pop3,SF,0,111,1,7,0.0,0.861,0,1,normal,0
44.12,udp,telnet,S0,94,88,6,2,0.048,0.74,2,0,r2l,1
40.76,tcp,ssh,REJ,827,1574,7,4,0.037,0.933,0,1,normal,0
2.01,tcp,http,S0,31,3,381,314,0.75,0.936,0,0,dos,1
124.25,tcp,dns,SF,0,1146,8,6,0.012,0.832,0,1,normal,0
5.69,tcp,telnet,SF,429,840,5,4,0.059,0.947,0,1,normal,0
37.86,tcp,ftp,SF,775,1045,7,1,0.0,0.894,0,1,normal,0
31.31,udp,other,REJ,0,646,4,3,0.0,0.937,0,1,normal,0
20.57,tcp,http,SF,62,1012,5,3,0.01,0.974,0,1,normal,0
71.94,tcp,pop3,SF,35,766,8,3,0.032,0.849,0,1,normal,0
0.0,udp,ftp,S0,42,6,287,420,0.805,0.934,0,0,dos,1
143.81,tcp,telnet,SF,710,1176,2,8,0.026,0.958,0,1,normal,0
23.53,tcp,smtp,SF,545,1438,5,5,0.0,0.636,0,1,normal,0
1.37,icmp,dns,RSTR,19,0,253,351,1.0,0.931,0,0,dos,1
55.1,tcp,telnet,SF,279,1266,8,1,0.0,1.0,0,1,normal,0
64.43,tcp,smtp,SF,52,343,6,4,0.0,0.789,0,1,normal,0
75.23,tcp,http,S0,593,720,2,5,0.107,0.988,0,1,normal,0
75.65,tcp,ssh,SF,118,1246,7,2,0.0,0.981,0,1,normal,0
39.99,tcp,http,SF,228,989,1,2,0.023,0.93,0,1,normal,0
54.47,tcp,telnet,SF,233,1005,1,9,0.0,0.896,0,1,normal,0
45.99,udp,ftp,REJ,525,2046,2,9,0.01,0.805,0,1,normal,0
45.15,tcp,pop3,SF,541,842,8,7,0.0,0.844,0,1,normal,0
44.86,tcp,ssh,SF,892,369,5,8,0.0,0.876,0,1,normal,0
11.1,tcp,http,SF,70,395,12,6,0.214,0.565,4,0,r2l,1
138.26,udp,ssh,SF,300,1473,9,7,0.074,0.85,0,1,normal,0
74.35,tcp,telnet,SF,399,0,7,3,0.039,0.968,0,1,normal,0
0.0,udp,dns,SF,19,0,43,1,0.607,0.187,0,0,probe,1
135.78,tcp,ftp,SF,380,2032,3,6,0.092,0.964,0,1,normal,0
76.53,tcp,telnet,SF,484,1251,7,1,0.044,0.98,0,1,normal,0
120.21,udp,telnet,SF,688,560,5,2,0.06,0.799,0,1,normal,0
2.66,udp,ssh,S0,27,2,229,167,0.897,0.93,0,0,dos,1
61.63,icmp,dns,SF,354,1964,2,8,0.024,0.875,0,1,normal,0
80.99,tcp,ftp,SF,547,537,2,5,0.057,0.932,0,1,normal,0
99.2,tcp,ftp,SF,0,81,3,2,0.057,0.536,1,1,u2r,1
28.93,tcp,other,SF,0,950,2,4,0.098,0.898,0,1,normal,0
0.56,tcp,http,S0,68,0,266,391,1.0,0.857,0,0,dos,1
114.1,tcp,other,REJ,522,352,7,2,0.0,0.806,0,1,normal,0
27.51,tcp,other,SF,805,1388,5,9,0.0,0.665,0,1,normal,0
2.0,udp,smtp,S0,72,5,258,358,0.847,0.921,0,0,dos,1
21.0,tcp,dns,SF,911,85,3,2,0.013,1.0,1,1,u2r,1
0.0,udp,other,SF,644,1600,3,7,0.0,0.878,0,1,normal,0
130.19,tcp,pop3,SF,718,247,5,7,0.0,0.931,0,1,normal,0
1.0,udp,ftp,S0,94,0,351,158,1.0,1.0,0,0,dos,1
0.0,udp,ftp,SF,763,2030,2,3,0.0,1.0,0,1,normal,0
3.28,udp,pop3,S0,36,0,66,8,0.725,0.142,0,0,probe,1
27.9,tcp,dns,SF,78,1225,2,4,0.085,0.821,0,1,normal,0
69.12,tcp,other,SF,533,1597,2,2,0.019,0.957,0,1,normal,0
0.0,tcp,ftp,RSTR,109,0,321,327,1.0,1.0,0,0,dos,1
1.98,tcp,pop3,S0,9,0,44,2,0.139,0.179,0,0,probe,1
0.0,tcp,pop3,SF,852,1771,6,9,0.065,0.887,0,1,normal,0
0.04,tcp,pop3,S0,78,4,222,413,0.96,0.936,0,0,dos,1
0.0,icmp,http,SF,548,959,2,7,0.0,0.763,0,1,normal,0
143.69,tcp,smtp,SF,766,617,9,3,0.0,0.905,0,1,normal,0
43.08,tcp,dns,SF,372,710,2,7,0.025,0.728,0,1,normal,0
0.0,tcp,ftp,S0,39,3,140,135,0.845,0.92,0,0,dos,1
39.15,tcp,ssh,SF,662,1237,9,6,0.073,0.914,0,1,normal,0
0.5,tcp,http,SF,379,1162,8,1,0.014,0.762,0,1,normal,0
1.81,tcp,telnet,REJ,26,0,123,338,0.765,0.996,0,0,dos,1
43.68,tcp,smtp,SF,526,1171,3,5,0.0,0.779,0,1,normal,0
32.84,tcp,telnet,SF,568,315,6,7,0.005,0.956,0,1,normal,0
0.0,udp,telnet,SF,401,610,6,9,0.0,1.0,0,1,normal,0
2.41,udp,http,REJ,62,0,191,399,1.0,1.0,0,0,dos,1
92.35,tcp,telnet,SF,777,292,1,9,0.063,0.756,0,1,normal,0
1.22,tcp,pop3,S0,18,0,350,297,0.923,0.941,0,0,dos,1
80.31,icmp,http,S0,389,990,7,4,0.09,0.943,0,1,normal,0
74.74,udp,ftp,SF,467,975,1,9,0.05,0.794,0,1,normal,0
0.0,icmp,smtp,RSTR,65,5,204,432,1.0,0.989,0,0,dos,1
104.09,udp,ssh,SF,638,703,6,2,0.027,0.766,0,1,normal,0
26.31,tcp,smtp,SF,652,1203,8,2,0.036,1.0,0,1,normal,0
118.1,tcp,http,SF,420,875,5,5,0.001,0.846,0,1,normal,0
14.26,tcp,dns,SF,506,1379,6,1,0.0,0.932,0,1,normal,0
61.6,udp,smtp,SF,868,806,4,5,0.046,0.81,0,1,normal,0
40.21,tcp,ftp,SF,75,585,3,2,0.053,0.488,4,1,r2l,1
53.0,tcp,other,SF,485,1965,9,1,0.015,0.83,0,1,normal,0
62.88,tcp,ssh,SF,984,1271,5,1,0.03,0.835,0,1,normal,0
35.94,tcp,ssh,SF,0,978,7,1,0.098,0.978,0,1,normal,0
27.98,udp,smtp,SF,420,766,7,3,0.0,0.869,0,1,normal,0
31.96,tcp,pop3,SF,0,1597,4,9,0.059,1.0,0,1,normal,0
2.07,tcp,ftp,REJ,16,0,68,11,0.492,0.485,0,0,probe,1
34.25,udp,ftp,S0,271,710,2,3,0.061,0.962,0,1,normal,0
0.0,tcp,other,REJ,27,6,242,121,0.905,0.958,0,0,dos,1
20.73,tcp,pop3,SF,691,2216,9,7,0.013,0.977,0,1,normal,0
99.37,tcp,ftp,SF,536,1226,7,1,0.0,0.81,0,1,normal,0
5.72,tcp,smtp,S0,17,1,78,7,0.646,0.402,0,0,probe,1
23.21,udp,http,SF,861,137,1,5,0.052,0.792,0,1,normal,0
0.0,tcp,telnet,S0,96,5,263,355,0.819,0.913,0,0,dos,1
0.0,tcp,telnet,RSTR,83,6,301,375,0.813,0.904,0,0,dos,1
4.24,tcp,telnet,SF,39,6,46,1,0.173,0.154,0,0,probe,1
71.03,tcp,pop3,SF,1037,575,6,6,0.0,0.65,0,1,normal,0
26.44,tcp,dns,SF,642,1395,4,3,0.0,0.975,0,1,normal,0
63.92,tcp,dns,REJ,996,1146,5,9,0.088,0.632,0,1,normal,0
77.28,tcp,ssh,SF,573,359,2,3,0.0,0.769,0,1,u2r,1
10.7,tcp,ssh,SF,679,1164,7,4,0.0,1.0,0,1,normal,0
6.44,icmp,smtp,SF,288,1452,2,3,0.106,1.0,0,1,normal,0
0.0,tcp,telnet,SF,637,0,2,1,0.072,0.934,0,1,normal,0
0.0,icmp,http,SF,889,1023,2,4,0.108,0.827,0,1,normal,0
22.91,tcp,ssh,SF,671,1290,5,1,0.0,0.74,0,1,normal,0
23.27,tcp,telnet,SF,641,1199,6,9,0.0,0.874,0,1,normal,0
45.29,tcp,ssh,SF,272,148,8,5,0.047,0.978,0,1,normal,0
1.43,tcp,http,S0,96,6,458,310,0.985,1.0,0,0,dos,1
7.98,tcp,smtp,SF,349,854,8,3,0.0,1.0,0,1,normal,0
85.72,udp,ssh,SF,222,1752,6,8,0.0,0.841,0,1,normal,0
10.11,tcp,other,SF,0,1351,3,5,0.147,0.835,0,1,normal,0
1.73,tcp,other,SF,587,1357,8,2,0.079,0.857,0,1,normal,0
101.95,tcp,other,RSTR,310,983,7,5,0.0,0.857,0,1,normal,0
28.75,tcp,ftp,S0,0,839,3,5,0.01,1.0,0,1,normal,0
0.0,tcp,pop3,SF,402,1143,2,6,0.046,0.848,0,1,normal,0
62.75,tcp,ftp,SF,594,1270,7,1,0.068,0.839,0,1,normal,0
47.16,tcp,ssh,SF,684,1485,7,6,0.088,1.0,0,1,normal,0
69.53,tcp,ftp,SF,528,1822,8,3,0.004,0.659,0,1,normal,0
0.0,tcp,ssh,SF,1367,569,7,9,0.042,0.615,0,1,normal,0
48.18,tcp,http,SF,634,561,1,1,0.0,0.839,0,1,normal,0
71.47,tcp,ssh,SF,323,1240,4,3,0.0,0.938,0,1,normal,0
69.76,tcp,other,SF,26,568,7,4,0.0,1.0,0,1,normal,0
72.61,udp,pop3,SF,551,621,9,7,0.073,0.857,0,1,normal,0
0.0,tcp,ssh,SF,955,548,8,7,0.0,0.897,0,1,normal,0
0.0,udp,ssh,RSTR,91,0,346,202,0.872,0.963,0,0,dos,1
7.22,tcp,ssh,SF,360,1044,9,2,0.003,0.988,0,1,normal,0
26.15,tcp,pop3,SF,448,1560,4,2,0.048,0.755,0,1,normal,0
78.94,udp,http,SF,0,557,6,4,0.065,0.892,0,1,normal,0
27.87,udp,http,SF,0,687,5,8,0.0,0.929,0,1,normal,0
0.0,tcp,ssh,S0,0,0,332,397,0.897,0.958,0,0,dos,1
51.87,udp,pop3,REJ,432,1206,8,7,0.09,0.711,0,1,normal,0
121.31,tcp,ftp,REJ,0,516,7,9,0.018,0.764,0,1,normal,0
3.07,tcp,telnet,S0,11,0,39,9,0.186,0.128,0,0,probe,1
51.46,tcp,pop3,S0,443,467,3,9,0.0,0.847,0,1,normal,0
116.39,tcp,ftp,SF,342,1371,2,3,0.044,0.818,0,1,normal,0
25.8,tcp,ftp,REJ,583,1343,9,4,0.0,0.953,0,1,normal,0
18.64,tcp,telnet,SF,172,584,8,2,0.175,0.705,3,0,r2l,1
58.26,tcp,ftp,SF,265,149,8,5,0.0,0.95,0,1,normal,0
59.72,udp,ftp,SF,267,1289,8,9,0.0,0.939,0,1,normal,0
0.0,tcp,smtp,SF,779,1166,7,3,0.0,0.819,0,1,normal,0
0.0,tcp,ftp,SF,574,356,5,8,0.076,0.801,0,1,normal,0
22.1,tcp,ssh,SF,1037,1570,5,8,0.0,0.912,0,1,normal,0
11.3,udp,other,SF,454,1529,9,1,0.0,1.0,0,1,normal,0
55.67,tcp,ftp,SF,839,66,4,8,0.079,0.939,0,1,normal,0
40.72,tcp,other,SF,647,573,4,9,0.017,1.0,0,1,normal,0
58.57,tcp,dns,SF,435,1417,4,8,0.077,0.857,0,1,normal,0
70.37,udp,smtp,S0,474,1587,9,1,0.0,0.966,0,1,normal,0
0.5,tcp,other,S0,63,0,316,376,1.0,1.0,0,0,dos,1
2.57,tcp,ftp,S0,76,0,307,121,0.734,0.97,0,0,dos,1
13.55,udp,http,SF,896,186,1,2,0.054,0.703,0,1,u2r,1
70.75,tcp,smtp,SF,190,844,4,1,0.036,0.931,0,1,normal,0
85.87,tcp,ssh,SF,60,1483,3,3,0.0,0.977,0,1,normal,0
63.77,tcp,other,SF,216,1790,3,7,0.059,0.989,0,1,normal,0
0.08,tcp,telnet,S0,25,4,27,12,0.74,0.375,0,0,probe,1
51.82,tcp,smtp,SF,893,1600,9,4,0.039,0.748,0,1,normal,0
74.7,tcp,dns,SF,537,1393,3,3,0.0,0.821,0,1,normal,0
72.2,tcp,pop3,SF,927,541,2,9,0.04,0.83,0,1,normal,0
1.75,tcp,ftp,REJ,17,0,489,313,1.0,1.0,0,0,dos,1
1.54,udp,telnet,REJ,52,1,447,472,0.926,0.874,0,0,dos,1
0.0,icmp,smtp,S0,0,2,321,143,0.829,0.984,0,0,dos,1
49.16,tcp,ftp,SF,435,308,1,3,0.052,0.866,0,1,normal,0
93.83,tcp,telnet,SF,97,1431,5,9,0.0,1.0,0,1,normal,0
0.0,udp,http,S0,24,0,45,17,0.505,0.274,0,0,probe,1
49.42,tcp,dns,RSTR,0,910,6,2,0.028,0.964,0,1,normal,0
89.82,tcp,ftp,SF,176,915,4,6,0.022,0.9,0,1,normal,0
12.4,udp,http,SF,143,193,9,2,0.0,0.78,0,1,normal,0
45.88,tcp,pop3,SF,0,290,7,9,0.0,0.888,0,1,normal,0
2.8,tcp,ssh,RSTR,67,7,348,431,1.0,0.973,0,0,dos,1
0.0,icmp,telnet,SF,535,0,8,5,0.0,0.895,0,1,normal,0
0.96,tcp,telnet,RSTR,84,0,292,455,0.903,0.868,0,0,dos,1
3.7,tcp,ssh,S0,14,0,227,353,0.834,0.948,0,0,dos,1
47.94,tcp,smtp,RSTR,681,1600,7,1,0.0,0.774,0,1,normal,0
72.53,icmp,telnet,SF,668,1657,3,7,0.0,0.892,0,1,normal,0
0.0,tcp,pop3,SF,489,1392,1,9,0.0,0.86,0,1,normal,0
69.79,tcp,http,SF,898,759,9,6,0.085,0.713,0,1,normal,0
50.83,udp,ftp,SF,368,1203,8,5,0.032,1.0,0,1,normal,0
4.49,tcp,other,REJ,31,0,23,12,0.377,0.033,0,0,probe,1
20.08,tcp,ftp,S0,584,983,1,4,0.0,0.905,0,1,normal,0
56.59,tcp,ssh,SF,406,244,2,8,0.123,0.749,0,1,normal,0
4.79,tcp,smtp,S0,44,3,461,326,0.8,0.951,0,0,dos,1
6.66,tcp,other,REJ,10,1,27,13,0.573,0.339,0,0,probe,1
0.0,udp,pop3,SF,288,698,1,9,0.104,0.897,0,1,normal,0
13.85,udp,ftp,SF,207,0,4,5,0.054,0.935,0,1,normal,0
11.88,icmp,http,SF,536,843,4,6,0.11,1.0,0,1,normal,0
59.22,udp,pop3,S0,538,1366,3,7,0.066,0.864,0,1,normal,0
0.0,tcp,telnet,SF,426,582,5,5,0.0,0.731,0,1,normal,0
65.72,tcp,ssh,SF,452,588,5,7,0.0,0.933,0,1,normal,0
22.59,udp,ftp,SF,101,1900,9,1,0.028,0.861,0,1,normal,0
5.04,icmp,telnet,SF,484,909,5,6,0.046,1.0,0,1,normal,0
39.53,tcp,ftp,SF,692,1573,2,8,0.008,0.937,0,1,normal,0
0.0,tcp,ftp,SF,195,0,2,9,0.058,0.921,0,1,normal,0
6.95,tcp,telnet,S0,0,1200,2,4,0.056,0.719,0,1,normal,0
190.51,tcp,dns,SF,329,0,5,1,0.088,1.0,0,1,normal,0
70.47,tcp,pop3,SF,553,884,2,3,0.028,1.0,0,1,normal,0
22.79,tcp,ssh,S0,123,333,10,2,0.205,0.484,1,1,r2l,1
56.27,tcp,smtp,SF,923,1774,3,2,0.025,0.933,0,1,normal,0
41.95,tcp,dns,SF,807,1303,9,5,0.032,0.926,0,1,normal,0
63.87,udp,ftp,RSTR,799,1621,6,5,0.005,0.791,0,1,normal,0
0.0,tcp,pop3,S0,89,0,399,249,0.919,0.893,0,0,dos,1
46.03,tcp,telnet,SF,816,1649,7,6,0.092,0.871,0,1,normal,0
57.3,udp,ssh,SF,263,440,1,2,0.022,1.0,0,1,normal,0
2.19,tcp,other,REJ,93,8,489,285,0.699,0.958,0,0,dos,1
37.58,tcp,ssh,SF,765,8,9,8,0.0,0.989,0,1,normal,0
72.89,tcp,other,SF,0,553,8,6,0.036,0.954,0,1,normal,0
30.32,udp,http,SF,194,1528,3,5,0.0,1.0,0,1,normal,0
118.6,tcp,ftp,SF,1514,180,3,4,0.108,1.0,1,1,u2r,1
2.22,tcp,http,S0,55,2,264,129,0.892,0.99,0,0,dos,1
32.46,tcp,other,SF,807,1012,9,9,0.001,0.927,0,1,normal,0
0.03,tcp,other,S0,0,0,465,319,0.937,1.0,0,0,dos,1
0.0,tcp,pop3,S0,94,2,311,300,1.0,0.938,0,0,dos,1
6.4,udp,other,SF,874,721,4,3,0.022,1.0,0,1,normal,0
74.02,udp,dns,SF,296,432,5,6,0.103,0.845,0,1,normal,0
78.2,tcp,other,SF,171,868,3,5,0.054,0.964,0,1,normal,0
68.34,tcp,pop3,SF,526,1105,3,2,0.109,0.845,0,1,normal,0
48.23,tcp,smtp,SF,520,1121,1,2,0.027,0.798,0,1,normal,0
0.0,icmp,other,S0,42,8,324,309,0.799,0.969,0,0,dos,1
13.06,tcp,ssh,SF,225,652,8,4,0.0,0.915,0,1,normal,0
99.41,tcp,ssh,SF,792,951,6,4,0.02,0.827,0,1,normal,0
0.0,tcp,ftp,SF,370,1709,5,4,0.0,0.857,0,1,normal,0
0.0,icmp,pop3,REJ,0,912,3,8,0.118,0.792,0,1,normal,0
0.0,udp,smtp,RSTO,421,1577,8,9,0.0,0.897,0,1,normal,0
29.7,udp,telnet,SF,742,630,2,5,0.0,0.946,0,1,normal,0
14.0,tcp,other,SF,791,0,5,5,0.047,0.799,0,1,normal,0
28.97,tcp,other,SF,449,849,7,4,0.012,0.93,0,1,normal,0
77.78,tcp,ftp,SF,519,1738,1,6,0.0,0.899,0,1,normal,0
0.0,tcp,ssh,S0,52,1,383,244,0.887,0.923,0,0,dos,1
56.48,tcp,smtp,SF,691,1409,4,6,0.106,0.977,0,1,normal,0
0.0,tcp,ftp,SF,79,1090,1,5,0.06,1.0,0,1,normal,0
26.37,tcp,pop3,SF,556,0,6,9,0.0,0.917,0,1,normal,0
43.35,tcp,other,SF,85,1572,8,7,0.053,0.822,0,1,normal,0
100.0,tcp,ftp,SF,302,936,1,8,0.023,0.801,0,1,normal,0
37.99,tcp,smtp,SF,491,0,6,1,0.0,0.831,0,1,normal,0
22.69,tcp,dns,SF,750,902,2,8,0.131,0.912,0,1,normal,0
5.87,tcp,ftp,SF,254,405,1,3,0.243,0.582,2,1,r2l,1
114.65,tcp,ftp,SF,115,2088,1,7,0.036,0.868,0,1,normal,0
1.25,tcp,ssh,RSTR,37,3,223,468,0.778,0.971,0,0,dos,1
66.55,tcp,dns,SF,522,1259,2,7,0.101,0.927,0,1,normal,0
29.41,tcp,smtp,S0,261,274,1,6,0.01,0.908,0,1,normal,0
67.91,tcp,dns,SF,774,0,8,2,0.0,1.0,0,1,normal,0
13.73,tcp,pop3,SF,254,617,14,2,0.124,0.692,2,0,r2l,1
48.22,udp,http,SF,437,1842,1,6,0.117,0.717,0,1,normal,0
1.08,tcp,other,S0,47,2,332,470,0.788,0.998,0,0,dos,1
67.85,tcp,smtp,SF,0,834,2,5,0.0,1.0,0,1,normal,0
0.0,tcp,ssh,S0,114,0,507,290,0.794,0.941,0,0,dos,1
84.3,tcp,ftp,SF,399,0,3,2,0.043,0.708,0,1,u2r,1
0.49,tcp,ftp,S0,15,0,62,13,0.793,0.084,0,0,probe,1
48.6,udp,http,SF,555,299,1,9,0.0,1.0,0,1,normal,0
1.48,tcp,http,S0,100,0,156,108,0.996,0.864,0,0,dos,1
58.64,tcp,http,SF,252,1100,7,3,0.002,0.879,0,1,normal,0
4.13,tcp,ssh,SF,647,739,1,6,0.018,0.979,0,1,normal,0
80.26,tcp,other,SF,167,1510,5,2,0.027,1.0,0,1,normal,0
0.0,tcp,telnet,SF,1275,252,4,6,0.012,0.953,0,1,normal,0
0.0,tcp,smtp,SF,997,522,9,1,0.0,1.0,0,1,normal,0
85.44,tcp,http,REJ,947,222,6,5,0.07,0.804,0,1,normal,0
75.87,icmp,ssh,SF,514,575,4,4,0.049,1.0,0,1,normal,0
93.86,tcp,http,SF,883,1224,5,3,0.0,0.722,0,1,normal,0
44.26,tcp,telnet,SF,0,1124,7,3,0.036,0.847,0,1,normal,0
1.36,tcp,dns,RSTR,71,3,390,445,0.985,0.94,0,0,dos,1
0.0,tcp,http,RSTR,73,0,439,259,0.953,0.971,0,0,dos,1
2.5,tcp,smtp,S0,57,6,279,405,0.913,0.948,0,0,dos,1
2.4,tcp,other,REJ,109,0,323,188,0.939,0.997,0,0,dos,1
0.0,tcp,pop3,REJ,579,311,1,3,0.009,1.0,0,1,normal,0
122.39,tcp,other,SF,639,988,6,8,0.0,1.0,0,1,normal,0
69.79,udp,other,SF,56,1650,8,5,0.0,0.961,0,1,normal,0
6.44,tcp,http,SF,583,1861,3,8,0.0,1.0,0,1,normal,0
79.42,tcp,http,SF,866,1405,2,7,0.078,0.952,0,1,normal,0
0.0,udp,dns,REJ,79,0,391,170,0.936,1.0,0,0,dos,1
44.14,tcp,pop3,SF,621,1575,9,4,0.0,0.863,0,1,normal,0
0.0,udp,smtp,S0,78,0,481,205,0.845,0.991,0,0,dos,1
33.08,tcp,other,SF,398,1166,7,7,0.0,0.991,0,1,normal,0
2.8,icmp,dns,S0,79,0,269,508,0.949,0.946,0,0,dos,1
118.8,udp,telnet,SF,366,1081,4,3,0.046,0.805,0,1,normal,0
0.86,tcp,dns,RSTR,39,3,258,208,0.997,0.88,0,0,dos,1
28.87,tcp,ftp,SF,13,0,1,2,0.041,0.845,0,1,normal,0
93.05,tcp,dns,SF,370,871,3,3,0.042,1.0,0,1,normal,0
58.41,icmp,pop3,SF,236,702,6,6,0.042,0.887,0,1,normal,0
81.86,tcp,ftp,REJ,763,560,8,7,0.065,0.791,0,1,normal,0
121.77,tcp,dns,SF,745,2145,6,1,0.029,0.757,0,1,normal,0
104.07,tcp,telnet,SF,280,373,5,7,0.0,0.912,0,1,normal,0
65.8,tcp,pop3,SF,822,1374,8,2,0.0,0.935,0,1,normal,0
0.0,tcp,dns,SF,23,0,27,2,0.0,0.354,0,0,probe,1
48.8,tcp,ssh,SF,375,2141,4,3,0.0,0.985,0,1,normal,0
83.91,tcp,ftp,RSTR,386,1212,6,9,0.0,1.0,0,1,normal,0
3.65,tcp,dns,S0,77,0,176,352,0.876,1.0,0,0,dos,1
53.59,tcp,pop3,SF,528,0,5,5,0.006,0.816,0,1,normal,0
1.05,tcp,http,REJ,29,4,192,341,1.0,0.929,0,0,dos,1
51.5,tcp,telnet,SF,807,375,3,6,0.104,0.83,0,1,normal,0
28.23,tcp,telnet,SF,713,964,6,4,0.032,0.788,0,1,normal,0
27.5,tcp,other,REJ,428,763,1,6,0.003,1.0,0,1,normal,0
23.18,tcp,smtp,SF,671,695,8,7,0.023,1.0,0,1,normal,0
96.56,tcp,http,SF,628,655,8,6,0.053,0.882,0,1,normal,0
2.86,tcp,other,REJ,25,0,460,167,1.0,0.93,0,0,dos,1
21.25,icmp,ssh,SF,726,627,8,2,0.031,0.922,0,1,normal,0
5.89,tcp,dns,SF,39,0,55,3,0.599,0.219,0,0,probe,1
103.07,tcp,ssh,SF,691,1160,8,6,0.018,0.788,0,1,normal,0
21.98,tcp,pop3,SF,377,432,1,5,0.0,0.949,0,1,normal,0
2.2,tcp,other,REJ,29,0,49,19,0.461,0.272,0,0,probe,1
1.45,tcp,other,SF,22,3,75,17,0.311,0.148,0,0,probe,1
63.85,tcp,other,SF,148,1596,8,3,0.009,0.781,0,1,normal,0
12.71,udp,telnet,SF,717,1624,3,8,0.0,1.0,0,1,normal,0
88.46,udp,pop3,SF,555,685,9,4,0.045,0.895,0,1,normal,0
34.18,tcp,ssh,SF,52,211,2,4,0.0,0.97,0,1,normal,0
0.03,tcp,ftp,S0,7,0,271,411,0.86,1.0,0,0,dos,1
0.0,tcp,pop3,REJ,439,839,9,4,0.008,0.924,0,1,normal,0
42.56,tcp,ftp,SF,483,1464,9,6,0.037,1.0,0,1,normal,0
14.06,udp,ftp,SF,372,97,4,7,0.003,0.81,0,1,normal,0
96.13,tcp,http,RSTR,264,1107,5,9,0.0,0.938,0,1,normal,0
68.9,tcp,smtp,SF,867,1564,8,4,0.0,0.881,0,1,normal,0
29.7,tcp,smtp,SF,623,619,2,5,0.04,0.863,0,1,normal,0
97.5,tcp,pop3,SF,603,1913,3,6,0.0,0.935,0,1,normal,0
130.15,udp,other,SF,1211,488,2,1,0.114,0.632,0,1,u2r,1
3.17,tcp,telnet,S0,11,1,74,11,0.547,0.075,0,0,probe,1
25.39,tcp,ftp,SF,703,666,3,7,0.059,0.984,0,1,normal,0
65.88,tcp,dns,SF,310,603,2,5,0.0,1.0,0,1,normal,0
0.03,tcp,other,S0,5,0,46,10,0.682,0.272,0,0,probe,1
4.73,tcp,http,REJ,33,2,25,16,0.663,0.15,0,0,probe,1
2.15,tcp,ssh,SF,0,1,50,13,0.21,0.075,0,0,probe,1
64.22,tcp,dns,SF,747,584,2,1,0.0,0.884,0,1,normal,0
21.82,udp,telnet,SF,643,1042,3,9,0.039,0.922,0,1,normal,0
0.0,tcp,pop3,RSTR,60,13,355,166,0.789,0.98,0,0,dos,1
97.48,tcp,http,S0,514,1289,9,2,0.014,0.952,0,1,normal,0
26.94,tcp,dns,SF,641,791,2,8,0.014,0.942,0,1,normal,0
65.03,tcp,other,S0,811,0,4,7,0.0,0.7,0,1,normal,0
26.17,tcp,other,SF,532,1077,5,8,0.085,0.894,0,1,normal,0
69.8,tcp,pop3,SF,258,1112,8,5,0.0,0.91,0,1,normal,0
98.17,tcp,smtp,SF,200,953,1,7,0.022,1.0,0,1,normal,0
77.44,tcp,other,SF,0,653,8,1,0.023,0.809,0,1,normal,0
0.0,icmp,telnet,SF,984,1593,2,3,0.006,0.929,0,1,normal,0
62.0,udp,smtp,SF,667,1796,7,1,0.0,0.896,0,1,normal,0
1.62,tcp,smtp,S0,43,0,66,13,0.842,0.207,0,0,probe,1
6.56,tcp,ftp,SF,320,1193,2,5,0.04,0.915,0,1,normal,0
28.26,tcp,telnet,SF,589,767,1,6,0.067,0.91,0,1,normal,0
122.51,tcp,dns,SF,67,628,1,5,0.0,0.885,0,1,normal,0
37.5,tcp,dns,REJ,369,927,9,2,0.035,0.895,0,1,normal,0
0.0,tcp,ftp,SF,667,1533,2,4,0.093,0.813,0,1,normal,0
34.49,tcp,http,RSTO,446,680,5,8,0.017,0.911,0,1,normal,0
0.02,tcp,dns,REJ,36,0,326,417,0.843,0.921,0,0,dos,1
63.17,tcp,ftp,SF,1305,312,2,9,0.0,0.998,0,1,normal,0
88.33,tcp,http,SF,1538,296,1,3,0.027,0.683,0,1,u2r,1
0.0,tcp,other,SF,413,1795,5,2,0.04,0.864,0,1,normal,0
64.82,tcp,ssh,SF,96,1287,5,5,0.0,0.997,0,1,normal,0
75.19,tcp,other,SF,949,1122,4,3,0.0,1.0,0,1,normal,0
65.85,udp,ftp,SF,236,1538,3,8,0.0,0.917,0,1,normal,0
0.0,tcp,pop3,SF,270,137,13,5,0.123,0.727,3,0,r2l,1
2.28,tcp,dns,REJ,41,0,290,401,0.701,0.966,0,0,dos,1
94.67,tcp,telnet,SF,411,1602,2,8,0.0,0.888,0,1,normal,0
0.0,tcp,telnet,SF,702,495,2,6,0.069,0.875,0,1,normal,0
121.23,tcp,telnet,SF,1278,251,2,4,0.024,0.816,1,1,u2r,1
109.07,tcp,ftp,SF,485,1582,1,6,0.096,0.929,0,1,normal,0
65.56,udp,pop3,SF,835,687,6,4,0.039,0.739,0,1,normal,0
61.97,tcp,other,SF,462,415,7,6,0.106,0.93,0,1,normal,0
26.22,tcp,smtp,SF,364,1057,9,1,0.083,0.806,0,1,normal,0
0.0,tcp,http,S0,70,7,330,301,0.925,0.993,0,0,dos,1
94.31,tcp,ssh,SF,350,1016,1,7,0.028,0.749,0,1,normal,0
0.65,tcp,smtp,REJ,32,0,310,279,0.837,0.936,0,0,dos,1
0.0,tcp,dns,SF,892,1185,2,6,0.099,1.0,0,1,normal,0
43.22,udp,ssh,RSTR,586,1841,1,7,0.0,0.863,0,1,normal,0
34.38,tcp,telnet,SF,527,1533,7,3,0.015,0.977,0,1,normal,0
0.0,tcp,ftp,S0,28,0,416,461,0.933,0.957,0,0,dos,1
72.47,tcp,other,SF,448,1986,4,6,0.004,0.924,0,1,normal,0
2.83,tcp,ssh,S0,18,0,143,214,0.91,0.964,0,0,dos,1
81.29,tcp,dns,SF,7,1187,7,6,0.087,0.921,0,1,normal,0
108.79,tcp,smtp,SF,324,1018,8,5,0.048,0.792,0,1,normal,0
4.7,tcp,ftp,S0,0,0,80,4,0.597,0.124,0,0,probe,1
2.64,udp,other,REJ,60,0,364,278,0.933,1.0,0,0,dos,1
81.68,tcp,ssh,SF,0,1913,9,3,0.0,1.0,0,1,normal,0
2.74,tcp,pop3,REJ,24,2,494,316,0.948,0.872,0,0,dos,1
49.98,tcp,other,SF,433,1010,8,5,0.002,0.735,0,1,normal,0
72.24,udp,ssh,REJ,397,844,5,4,0.0,0.915,0,1,normal,0
1.7,tcp,ftp,REJ,37,6,183,243,0.897,0.964,0,0,dos,1
0.9,tcp,http,S0,43,9,285,263,0.961,0.914,0,0,dos,1
48.52,tcp,telnet,REJ,196,807,1,7,0.062,1.0,0,1,normal,0
4.35,tcp,dns,S0,18,0,78,3,0.512,0.251,0,0,probe,1
53.88,tcp,ftp,SF,816,288,6,7,0.088,0.948,0,1,normal,0
5.55,tcp,dns,S0,0,0,24,12,0.454,0.254,0,0,probe,1
0.08,udp,dns,S0,46,0,293,297,0.94,0.934,0,0,dos,1
4.26,icmp,pop3,S0,43,4,90,4,0.259,0.155,0,0,probe,1
0.56,tcp,http,REJ,52,0,270,477,0.994,0.942,0,0,dos,1
19.8,udp,other,SF,94,216,7,7,0.275,0.648,1,0,r2l,1
34.71,tcp,telnet,SF,1262,0,8,9,0.048,0.921,0,1,normal,0
80.17,tcp,pop3,SF,765,84,1,1,0.0,1.0,0,1,normal,0
55.26,tcp,ftp,RSTO,860,1521,4,2,0.098,0.843,0,1,normal,0
0.16,icmp,dns,RSTR,72,0,282,348,0.95,0.945,0,0,dos,1
0.0,tcp,pop3,SF,432,253,2,8,0.033,0.701,0,1,normal,0
4.85,tcp,http,S0,18,2,35,13,0.315,0.168,0,0,probe,1
76.14,tcp,ssh,SF,1027,1520,3,8,0.047,0.965,0,1,normal,0
1.42,udp,pop3,REJ,79,1,130,487,1.0,0.947,0,0,dos,1
58.63,tcp,smtp,SF,693,1283,6,2,0.075,1.0,0,1,normal,0
3.18,tcp,ssh,S0,23,2,113,217,1.0,0.969,0,0,dos,1
12.52,tcp,pop3,SF,180,225,8,5,0.038,0.763,1,0,r2l,1
65.08,tcp,smtp,SF,750,1393,7,1,0.0,0.826,0,1,normal,0
96.64,icmp,http,SF,477,1059,6,4,0.0,0.948,0,1,normal,0
84.57,tcp,ssh,S0,529,1823,1,2,0.051,0.847,0,1,normal,0
0.62,tcp,pop3,REJ,63,3,258,152,0.948,0.961,0,0,dos,1
3.01,tcp,other,S0,29,5,199,124,1.0,0.97,0,0,dos,1
0.0,tcp,ftp,RSTO,408,1905,4,7,0.098,0.913,0,1,normal,0
131.66,tcp,smtp,RSTO,697,863,9,9,0.0,0.77,0,1,normal,0
67.94,udp,http,SF,118,1202,8,9,0.0,1.0,0,1,normal,0
91.05,tcp,dns,RSTO,1153,1123,2,4,0.016,0.938,0,1,normal,0
0.0,tcp,dns,REJ,83,0,436,120,1.0,0.993,0,0,dos,1
0.0,tcp,telnet,SF,717,1834,5,8,0.046,1.0,0,1,normal,0
1.26,tcp,ssh,REJ,6,0,43,15,0.555,0.156,0,0,probe,1
1.71,tcp,ssh,SF,0,75,4,9,0.146,0.767,2,1,r2l,1
0.0,tcp,ssh,REJ,10,0,86,4,0.452,0.378,0,0,probe,1
96.17,icmp,dns,SF,595,939,9,8,0.0,0.897,0,1,normal,0
51.11,udp,ssh,SF,1,984,4,3,0.076,0.817,0,1,normal,0
0.0,icmp,ssh,S0,52,2,445,494,0.873,0.919,0,0,dos,1
1.7,tcp,ssh,S0,75,0,145,187,0.944,0.974,0,0,dos,1
18.26,udp,ssh,SF,0,341,12,3,0.0,0.448,3,0,r2l,1
53.7,tcp,pop3,SF,182,0,2,5,0.066,0.913,0,1,normal,0
25.43,udp,dns,SF,630,1541,3,6,0.017,0.979,0,1,normal,0
14.16,tcp,smtp,SF,1169,672,1,1,0.062,0.834,1,1,u2r,1
1.73,tcp,smtp,S0,49,1,486,182,0.867,0.914,0,0,dos,1
42.32,tcp,dns,SF,45,791,3,3,0.034,0.681,0,1,normal,0
1.83,tcp,pop3,S0,26,9,325,369,1.0,0.927,0,0,dos,1
55.02,udp,telnet,SF,671,2538,2,2,0.042,0.716,0,1,normal,0
143.53,tcp,other,REJ,613,466,7,6,0.005,0.845,0,1,normal,0
18.88,tcp,ssh,SF,98,1226,7,8,0.102,1.0,0,1,normal,0
13.96,udp,ssh,SF,366,837,2,6,0.093,0.816,0,1,normal,0
13.74,udp,telnet,RSTR,256,1672,8,7,0.0,1.0,0,1,normal,0
61.95,udp,ftp,SF,596,521,4,5,0.111,1.0,0,1,normal,0
36.79,icmp,pop3,RSTR,719,594,7,4,0.0,0.81,0,1,normal,0
0.0,tcp,pop3,SF,363,1210,8,1,0.176,0.857,0,1,normal,0
0.0,tcp,smtp,SF,0,1879,8,6,0.049,0.742,0,1,normal,0
0.0,tcp,telnet,SF,373,1363,8,9,0.0,0.686,0,1,normal,0
3.12,udp,telnet,S0,92,8,497,100,1.0,0.983,0,0,dos,1
76.69,udp,ssh,SF,869,227,2,4,0.017,0.866,0,1,normal,0
22.17,tcp,http,SF,428,1472,4,2,0.029,0.857,0,1,normal,0
15.02,udp,telnet,SF,574,717,6,6,0.042,0.873,0,1,normal,0
2.11,tcp,ssh,REJ,21,3,302,275,0.936,0.96,0,0,dos,1
0.0,tcp,ftp,S0,31,0,183,349,0.932,0.947,0,0,dos,1
10.42,tcp,dns,S0,329,478,4,4,0.0,0.687,3,1,r2l,1
32.65,tcp,pop3,S0,175,117,9,5,0.06,0.961,2,0,r2l,1
104.97,tcp,pop3,REJ,304,1528,2,7,0.031,0.836,0,1,normal,0
0.0,tcp,telnet,REJ,11,0,36,11,0.46,0.176,0,0,probe,1
30.36,tcp,ftp,RSTR,0,1582,3,3,0.026,0.929,0,1,normal,0
1.75,tcp,telnet,RSTR,10,4,285,447,0.792,0.933,0,0,dos,1
40.39,icmp,dns,SF,321,386,11,7,0.158,0.829,4,1,r2l,1
0.0,tcp,pop3,S0,87,0,263,501,1.0,1.0,0,0,dos,1
3.55,tcp,http,SF,479,547,4,9,0.039,0.865,0,1,normal,0
55.32,udp,other,SF,268,431,3,7,0.007,0.877,0,1,normal,0
47.49,tcp,pop3,REJ,1189,990,6,1,0.0,0.876,0,1,normal,0
0.0,tcp,ssh,SF,595,0,4,5,0.0,1.0,0,1,normal,0
1.87,tcp,telnet,RSTR,41,0,378,236,0.982,1.0,0,0,dos,1
0.01,tcp,http,REJ,104,10,457,104,1.0,0.924,0,0,dos,1
56.46,tcp,ssh,SF,440,1298,5,8,0.131,0.929,0,1,normal,0
3.37,tcp,telnet,S0,20,0,302,339,0.825,1.0,0,0,dos,1
48.21,tcp,telnet,REJ,161,751,9,3,0.029,0.874,0,1,normal,0
47.95,tcp,ssh,SF,252,448,8,9,0.041,0.885,0,1,normal,0
15.84,icmp,ftp,RSTO,968,0,8,8,0.002,0.866,0,1,normal,0
33.13,tcp,smtp,SF,707,0,7,1,0.018,0.794,0,1,normal,0
1.8,udp,other,S0,41,3,476,371,0.989,0.9,0,0,dos,1
0.0,tcp,http,S0,77,1,492,458,0.91,0.886,0,0,dos,1
4.93,tcp,other,S0,63,3,392,312,0.932,1.0,0,0,dos,1
4.11,tcp,dns,SF,564,1614,3,5,0.0,1.0,0,1,normal,0
0.0,tcp,pop3,SF,747,1592,1,3,0.046,0.873,0,1,normal,0
0.0,tcp,smtp,SF,586,626,3,8,0.112,1.0,0,1,normal,0
45.66,tcp,ssh,SF,830,240,5,1,0.005,0.816,0,1,normal,0
0.2,udp,http,SF,445,92,3,8,0.0,0.82,0,1,normal,0
28.66,tcp,http,SF,616,750,1,1,0.139,0.768,0,1,normal,0
1.97,tcp,http,S0,2,0,70,18,0.646,0.105,0,0,probe,1
0.0,tcp,dns,SF,564,770,7,8,0.002,0.945,0,1,normal,0
0.0,tcp,other,S0,86,7,320,327,0.896,0.902,0,0,dos,1
55.62,tcp,ssh,SF,468,1549,1,5,0.061,1.0,0,1,normal,0
133.46,tcp,pop3,SF,836,1273,5,5,0.011,0.706,0,1,normal,0
2.27,tcp,dns,S0,47,8,426,210,0.899,0.933,0,0,dos,1
1.17,tcp,ssh,REJ,8,0,148,208,0.881,0.92,0,0,dos,1
0.74,tcp,ftp,S0,29,0,352,281,1.0,0.982,0,0,dos,1
0.0,tcp,ftp,S0,62,0,225,319,0.925,0.915,0,0,dos,1
25.34,tcp,telnet,SF,198,2142,6,1,0.013,0.865,0,1,normal,0
197.37,udp,ftp,SF,230,0,1,4,0.116,0.801,0,1,u2r,1
4.61,tcp,other,SF,28,0,79,12,0.521,0.431,0,0,probe,1
88.45,icmp,dns,SF,249,1375,6,6,0.046,0.774,0,1,normal,0
43.32,udp,http,SF,1041,602,1,1,0.036,0.823,0,1,normal,0
37.99,tcp,ftp,SF,623,494,3,2,0.01,0.975,0,1,normal,0
0.85,tcp,ftp,REJ,77,0,252,393,0.778,0.893,0,0,dos,1
7.92,tcp,other,SF,162,463,7,3,0.082,0.34,4,1,r2l,1
2.1,tcp,pop3,S0,61,0,264,349,0.933,1.0,0,0,dos,1
12.37,tcp,smtp,SF,539,1801,3,6,0.022,1.0,0,1,normal,0
85.61,tcp,dns,SF,266,1198,8,5,0.016,0.932,0,1,normal,0
55.57,tcp,ssh,SF,913,1207,1,3,0.001,0.987,0,1,normal,0
0.0,udp,smtp,SF,567,323,6,5,0.047,0.926,0,1,normal,0
51.88,tcp,smtp,SF,962,610,9,6,0.0,0.927,0,1,normal,0
20.5,tcp,ftp,SF,808,665,1,5,0.0,0.898,0,1,normal,0
61.77,tcp,other,SF,847,1088,9,9,0.0,0.804,0,1,normal,0
50.33,tcp,pop3,SF,600,903,1,1,0.016,0.985,0,1,normal,0
0.0,tcp,telnet,REJ,101,8,403,150,1.0,1.0,0,0,dos,1
87.03,udp,ftp,SF,665,457,3,2,0.0,0.876,0,1,normal,0
47.97,tcp,telnet,SF,145,717,1,5,0.053,1.0,0,1,normal,0
61.89,udp,smtp,S0,204,580,6,6,0.0,0.917,0,1,normal,0
18.91,tcp,smtp,SF,0,745,4,7,0.21,0.668,4,1,r2l,1
1.17,tcp,pop3,S0,71,2,131,240,0.626,0.913,0,0,dos,1
45.39,tcp,smtp,SF,584,939,5,3,0.013,0.925,0,1,normal,0
0.0,tcp,telnet,S0,93,5,367,165,0.862,0.994,0,0,dos,1
4.6,tcp,dns,REJ,99,0,184,486,0.934,0.9,0,0,dos,1
76.44,tcp,telnet,SF,497,556,6,5,0.12,1.0,0,1,normal,0
52.69,tcp,ssh,SF,294,1263,8,6,0.0,0.82,0,1,normal,0
31.45,udp,pop3,SF,606,1242,9,5,0.045,0.816,0,1,normal,0
20.91,tcp,smtp,SF,776,2135,3,2,0.037,0.924,0,1,normal,0
68.69,tcp,pop3,SF,846,845,9,5,0.0,0.85,0,1,normal,0
89.58,udp,dns,S0,1078,559,2,5,0.025,0.861,0,1,normal,0
45.51,tcp,ssh,SF,789,1241,6,7,0.005,0.748,0,1,normal,0
60.16,udp,ssh,SF,427,889,2,8,0.0,0.854,0,1,normal,0
20.97,tcp,dns,SF,1150,827,9,7,0.0,0.926,0,1,normal,0
61.04,udp,pop3,REJ,440,348,7,7,0.0,0.821,0,1,normal,0
23.37,udp,pop3,RSTO,377,874,6,1,0.044,0.924,0,1,normal,0
38.46,udp,http,SF,767,2038,3,4,0.034,0.932,0,1,normal,0
84.82,tcp,ftp,SF,42,910,4,7,0.073,0.759,0,1,normal,0
1.27,udp,ssh,REJ,26,4,381,176,0.68,1.0,0,0,dos,1
36.18,tcp,telnet,SF,561,2002,4,2,0.048,0.963,0,1,normal,0
63.73,tcp,smtp,SF,310,1108,5,7,0.056,0.992,0,1,normal,0
86.48,udp,smtp,SF,868,241,5,4,0.076,1.0,0,1,normal,0
52.3,tcp,ftp,SF,348,276,3,8,0.002,0.844,0,1,normal,0
17.91,udp,telnet,SF,509,509,6,2,0.005,0.969,0,1,normal,0
41.89,tcp,ftp,SF,219,2526,2,8,0.058,0.929,0,1,normal,0
55.74,tcp,pop3,S0,224,858,3,6,0.048,0.98,0,1,normal,0
1.13,tcp,other,REJ,16,0,99,8,0.74,0.0,0,0,probe,1
3.25,tcp,telnet,SF,667,547,8,2,0.014,0.929,0,1,normal,0
51.97,tcp,telnet,SF,0,2552,9,2,0.005,0.885,0,1,normal,0
39.44,tcp,telnet,SF,665,1868,5,9,0.0,0.805,0,1,normal,0
0.0,udp,telnet,S0,86,0,491,376,0.782,0.95,0,0,dos,1
0.0,tcp,other,SF,430,1612,4,1,0.034,0.811,0,1,normal,0
0.66,tcp,ssh,S0,7,0,39,18,0.537,0.064,0,0,probe,1
25.74,tcp,smtp,SF,301,1005,1,1,0.0,0.921,0,1,normal,0
20.95,tcp,http,RSTO,419,2084,5,8,0.03,0.834,0,1,normal,0
32.7,tcp,http,SF,107,482,1,6,0.002,0.859,0,1,normal,0
0.0,tcp,dns,REJ,23,3,48,17,0.715,0.07,0,0,probe,1
4.27,tcp,ftp,SF,1181,879,1,1,0.001,1.0,1,1,u2r,1
1.34,tcp,telnet,RSTR,36,0,260,320,0.786,0.884,0,0,dos,1
0.0,udp,other,SF,476,1004,9,6,0.029,0.933,0,1,normal,0
0.99,tcp,ftp,REJ,39,0,124,156,0.979,0.906,0,0,dos,1
21.9,tcp,dns,SF,206,510,7,1,0.117,1.0,0,1,normal,0
83.03,tcp,dns,RSTR,70,1481,6,3,0.046,0.82,0,1,normal,0
43.18,tcp,ftp,SF,478,801,6,2,0.049,0.851,0,1,normal,0
35.09,udp,ftp,SF,121,196,10,6,0.07,0.525,1,1,r2l,1
48.15,tcp,other,S0,0,1423,1,9,0.058,0.874,0,1,normal,0
124.14,icmp,telnet,SF,431,1888,6,3,0.023,0.81,0,1,normal,0
30.47,tcp,smtp,SF,788,527,9,3,0.104,1.0,0,1,normal,0
69.12,udp,ftp,S0,67,979,5,7,0.084,0.769,0,1,normal,0
46.57,tcp,telnet,SF,396,506,7,4,0.0,0.988,0,1,normal,0
0.0,tcp,ssh,S0,23,4,385,480,0.996,0.964,0,0,dos,1
35.34,tcp,other,SF,465,1040,2,3,0.0,0.807,0,1,normal,0
28.86,tcp,ssh,SF,781,946,2,5,0.005,0.788,0,1,normal,0
19.4,tcp,pop3,SF,226,1085,2,2,0.005,0.887,0,1,normal,0
99.09,tcp,telnet,REJ,796,1009,7,5,0.0,0.925,0,1,normal,0
0.0,udp,dns,REJ,261,1655,2,7,0.033,0.765,0,1,normal,0
29.87,tcp,pop3,SF,54,897,6,6,0.082,1.0,0,1,normal,0
71.79,tcp,http,RSTR,453,1729,3,8,0.045,1.0,0,1,normal,0
6.76,tcp,smtp,S0,578,1388,7,8,0.0,0.789,0,1,normal,0
7.06,tcp,other,REJ,15,7,89,13,0.939,0.223,0,0,probe,1
42.87,udp,ssh,SF,543,106,8,6,0.021,0.96,0,1,normal,0
60.64,tcp,ssh,SF,335,2504,7,9,0.057,0.864,0,1,normal,0
3.05,udp,ftp,S0,23,0,61,3,0.708,0.312,0,0,probe,1
47.43,udp,ssh,SF,600,0,2,5,0.079,0.992,0,1,normal,0
3.65,tcp,ftp,S0,75,0,484,302,0.857,0.895,0,0,dos,1
29.88,tcp,dns,SF,143,404,13,4,0.009,0.481,1,1,r2l,1
1.48,tcp,ftp,S0,47,0,361,446,0.854,0.954,0,0,dos,1
57.71,udp,pop3,SF,589,43,9,1,0.0,1.0,0,1,normal,0
2.09,tcp,smtp,S0,100,0,185,193,0.802,0.985,0,0,dos,1
110.15,tcp,smtp,REJ,964,0,8,5,0.02,0.84,0,1,normal,0
84.98,udp,ftp,SF,124,2067,7,5,0.0,0.903,0,1,normal,0
16.76,tcp,other,S0,247,275,13,9,0.0,0.41,1,0,r2l,1
58.86,udp,http,SF,511,1248,8,4,0.039,0.826,0,1,normal,0
3.32,tcp,smtp,S0,56,7,377,275,0.82,0.966,0,0,dos,1
70.9,udp,dns,SF,971,1457,1,5,0.0,0.876,0,1,normal,0
59.77,tcp,http,SF,459,182,8,8,0.0,1.0,0,1,normal,0
60.27,udp,pop3,S0,663,760,7,3,0.024,0.854,0,1,normal,0
0.43,tcp,smtp,S0,12,0,462,408,0.887,0.966,0,0,dos,1
88.1,udp,other,SF,682,0,3,3,0.0,0.813,0,1,normal,0
0.0,tcp,smtp,S0,48,0,277,500,0.904,0.986,0,0,dos,1
23.19,tcp,dns,SF,23,135,7,7,0.005,1.0,0,1,normal,0
2.32,tcp,http,S0,22,3,76,13,0.314,0.249,0,0,probe,1
69.95,tcp,http,SF,768,1298,8,4,0.018,0.956,0,1,normal,0
4.63,tcp,ftp,REJ,85,7,343,246,0.924,0.909,0,0,dos,1
89.16,tcp,pop3,SF,166,926,4,4,0.0,0.897,0,1,normal,0
18.21,tcp,other,S0,196,1005,7,7,0.048,0.81,0,1,normal,0
5.75,tcp,http,S0,16,4,93,7,0.713,0.32,0,0,probe,1
37.52,icmp,dns,S0,566,541,8,6,0.051,1.0,0,1,normal,0
61.43,tcp,pop3,SF,425,1482,1,3,0.122,0.989,0,1,normal,0
0.14,tcp,other,S0,58,1,469,362,1.0,0.995,0,0,dos,1
0.0,tcp,ssh,REJ,45,0,149,441,0.913,0.926,0,0,dos,1
0.0,icmp,http,RSTR,64,0,469,424,0.821,0.944,0,0,dos,1
2.23,udp,smtp,S0,77,0,442,286,1.0,0.913,0,0,dos,1
1.04,tcp,http,SF,50,0,97,10,0.403,0.155,0,0,probe,1
60.39,tcp,smtp,SF,400,801,7,3,0.075,0.76,0,1,normal,0
29.41,udp,telnet,SF,461,1586,7,9,0.008,0.735,0,1,normal,0
1.84,tcp,ssh,REJ,36,0,247,443,0.947,0.792,0,0,dos,1
3.06,tcp,ftp,RSTR,58,0,357,363,0.904,0.986,0,0,dos,1
47.09,udp,telnet,SF,550,885,7,7,0.072,0.923,0,1,normal,0
32.16,udp,other,SF,7,1355,6,2,0.036,0.946,0,1,normal,0
39.46,icmp,ftp,SF,351,816,4,5,0.01,0.999,0,1,normal,0
3.91,tcp,other,REJ,46,0,433,447,0.873,1.0,0,0,dos,1
34.25,tcp,dns,SF,428,757,1,3,0.037,1.0,0,1,normal,0
0.0,tcp,ftp,S0,60,0,467,366,1.0,0.894,0,0,dos,1
0.0,tcp,smtp,REJ,55,5,435,429,0.823,0.906,0,0,dos,1
29.82,tcp,ssh,SF,511,664,8,1,0.136,0.927,0,1,normal,0
111.16,tcp,telnet,SF,577,0,6,7,0.0,0.887,0,1,normal,0
69.12,tcp,pop3,REJ,785,236,5,7,0.024,0.932,0,1,normal,0
0.0,udp,ftp,SF,774,1672,9,4,0.0,0.986,0,1,normal,0
89.57,tcp,http,SF,1093,2006,4,2,0.076,0.878,0,1,normal,0
0.0,tcp,telnet,SF,752,83,3,3,0.014,1.0,0,1,normal,0
0.0,tcp,ftp,S0,58,8,119,456,0.931,0.974,0,0,dos,1
18.97,tcp,other,SF,654,1941,7,2,0.0,0.959,0,1,normal,0
73.97,udp,smtp,SF,369,625,2,3,0.033,0.943,0,1,normal,0
73.84,icmp,other,SF,380,1007,8,9,0.0,0.974,0,1,normal,0
3.88,tcp,dns,REJ,42,0,165,146,0.991,0.957,0,0,dos,1
20.15,udp,http,SF,551,898,3,1,0.096,1.0,0,1,normal,0
106.77,icmp,dns,SF,732,1867,6,4,0.055,0.742,0,1,normal,0
2.54,tcp,smtp,SF,7,0,52,17,0.682,0.15,0,0,probe,1
0.0,udp,dns,SF,0,1708,1,8,0.0,0.927,0,1,normal,0
0.0,tcp,ssh,REJ,150,1029,1,4,0.0,0.929,0,1,normal,0
14.68,tcp,telnet,RSTR,292,1116,4,3,0.025,0.863,0,1,normal,0
0.0,udp,ftp,S0,38,2,110,449,0.895,0.929,0,0,dos,1
4.1,tcp,telnet,REJ,39,0,337,233,1.0,1.0,0,0,dos,1
50.72,tcp,pop3,SF,0,1007,1,5,0.049,1.0,0,1,normal,0
1.48,tcp,ssh,S0,52,9,138,348,0.716,0.918,0,0,dos,1
0.44,icmp,telnet,S0,8,0,148,347,0.917,1.0,0,0,dos,1
4.9,udp,smtp,SF,24,0,28,4,0.172,0.217,0,0,probe,1
1.64,icmp,other,S0,0,0,69,19,0.697,0.127,0,0,probe,1
0.0,udp,dns,RSTR,56,0,349,229,0.972,0.929,0,0,dos,1
19.92,udp,ssh,SF,727,992,9,2,0.0,0.998,0,1,normal,0
69.78,tcp,http,RSTO,728,1127,6,9,0.0,0.751,0,1,normal,0
0.0,icmp,ssh,REJ,0,0,46,4,0.411,0.036,0,0,probe,1
45.81,tcp,pop3,SF,263,103,9,8,0.0,0.964,0,1,normal,0
104.67,tcp,telnet,SF,629,1048,3,6,0.015,0.722,0,1,normal,0
0.0,tcp,smtp,REJ,39,0,27,12,0.52,0.0,0,0,probe,1
2.13,udp,telnet,S0,107,0,479,173,0.903,0.89,0,0,dos,1
1.67,tcp,pop3,RSTR,12,0,403,332,0.875,1.0,0,0,dos,1
2.86,icmp,smtp,S0,51,1,79,15,0.416,0.38,0,0,probe,1
36.42,tcp,dns,SF,966,1070,3,7,0.0,0.903,0,1,normal,0
0.0,tcp,http,S0,60,0,426,187,0.789,0.914,0,0,dos,1
27.48,tcp,ssh,SF,106,184,1,9,0.058,0.769,4,0,r2l,1
120.45,tcp,ftp,SF,749,1044,3,6,0.071,0.951,0,1,normal,0
22.76,tcp,http,SF,398,929,1,8,0.075,0.674,0,1,normal,0
0.0,tcp,telnet,S0,40,0,483,463,1.0,0.887,0,0,dos,1
34.77,tcp,ftp,SF,515,840,5,9,0.047,1.0,0,1,normal,0
80.53,icmp,http,SF,294,966,8,3,0.057,0.896,0,1,normal,0
3.71,tcp,smtp,RSTR,442,541,9,6,0.004,0.915,0,1,normal,0
1.85,tcp,dns,SF,423,901,3,7,0.0,1.0,0,1,normal,0
67.41,udp,smtp,SF,738,846,3,8,0.045,1.0,0,1,normal,0
4.03,tcp,ftp,S0,23,0,177,289,0.887,0.965,0,0,dos,1
61.42,tcp,dns,SF,458,365,8,1,0.035,0.915,0,1,normal,0
3.25,udp,telnet,RSTR,41,0,470,421,1.0,0.992,0,0,dos,1
16.98,tcp,smtp,SF,420,710,3,6,0.0,0.945,0,1,normal,0
52.51,tcp,telnet,SF,574,1567,6,9,0.0,1.0,0,1,normal,0
86.48,tcp,smtp,SF,431,543,6,9,0.0,0.965,0,1,normal,0
2.74,udp,telnet,RSTR,90,0,410,507,0.905,0.993,0,0,dos,1
0.0,tcp,pop3,S0,0,576,8,3,0.162,0.754,2,0,r2l,1
45.52,udp,pop3,SF,734,2113,4,9,0.0,1.0,0,1,normal,0
2.09,udp,ftp,S0,629,47,3,8,0.195,0.558,3,0,r2l,1
4.16,tcp,smtp,SF,338,1771,7,2,0.0,0.805,0,1,normal,0
1.33,tcp,http,SF,603,989,5,7,0.0,0.938,0,1,normal,0
3.8,udp,dns,S0,78,1,279,443,1.0,1.0,0,0,dos,1
131.38,udp,smtp,SF,538,1043,3,4,0.028,0.828,0,1,normal,0
6.08,udp,other,REJ,29,1,64,2,0.36,0.183,0,0,probe,1
55.21,tcp,ssh,SF,367,526,3,7,0.1,1.0,0,1,normal,0
2.72,tcp,ssh,S0,73,1,468,113,0.845,0.843,0,0,dos,1
56.42,tcp,http,SF,668,1157,7,2,0.024,0.934,0,1,normal,0
38.74,udp,other,SF,0,2236,5,1,0.054,0.821,0,1,normal,0
3.1,tcp,http,SF,386,741,6,2,0.0,0.955,0,1,normal,0
2.82,tcp,telnet,REJ,28,2,76,14,0.469,0.215,0,0,probe,1
23.05,tcp,smtp,REJ,292,455,8,2,0.048,0.999,0,1,normal,0
58.63,tcp,dns,SF,880,802,3,7,0.025,0.83,0,1,normal,0
55.81,tcp,other,SF,503,1321,8,7,0.016,0.793,0,1,normal,0
102.39,tcp,http,SF,325,1148,7,8,0.126,0.991,0,1,normal,0
0.0,udp,other,SF,615,2502,5,5,0.041,0.726,0,1,normal,0
0.63,tcp,ftp,S0,26,0,114,122,0.895,0.985,0,0,dos,1
81.09,tcp,ftp,SF,619,889,8,9,0.053,0.766,0,1,normal,0
110.93,tcp,http,SF,131,308,9,2,0.074,0.902,0,1,normal,0
76.87,udp,smtp,SF,203,1848,1,6,0.037,0.899,0,1,normal,0
32.3,tcp,http,SF,745,1272,2,1,0.0,0.877,0,1,normal,0
84.34,tcp,http,SF,190,1063,1,2,0.05,0.821,0,1,normal,0
32.59,tcp,smtp,SF,309,824,4,8,0.044,1.0,0,1,normal,0
43.1,udp,dns,SF,0,1981,4,2,0.0,1.0,0,1,normal,0
5.0,tcp,smtp,S0,14,0,421,102,0.967,0.923,0,0,dos,1
44.09,tcp,http,SF,480,196,7,3,0.0,0.839,0,1,normal,0
0.0,tcp,http,RSTR,82,7,140,439,0.971,1.0,0,0,dos,1
76.97,udp,other,SF,323,453,6,2,0.0,0.752,0,1,normal,0
2.51,tcp,http,S0,8,0,62,11,0.543,0.274,0,0,probe,1
20.2,tcp,pop3,SF,0,301,1,5,0.047,0.514,1,1,r2l,1
41.79,tcp,ftp,SF,608,805,5,2,0.0,0.853,0,1,normal,0
8.26,tcp,pop3,SF,597,1691,2,8,0.0,0.897,0,1,normal,0
0.0,tcp,ftp,SF,505,894,2,8,0.022,0.877,0,1,normal,0
0.0,udp,smtp,REJ,32,0,460,428,0.949,0.999,0,0,dos,1
83.82,tcp,ftp,SF,511,2320,9,9,0.0,0.82,0,1,normal,0
0.0,tcp,ftp,SF,435,0,3,4,0.144,0.898,0,1,normal,0
42.31,tcp,smtp,SF,1073,1141,5,9,0.096,0.982,0,1,normal,0
73.69,tcp,other,RSTO,830,0,6,6,0.0,0.734,0,1,normal,0
44.12,tcp,ssh,SF,471,1145,9,7,0.009,0.913,0,1,normal,0
87.98,tcp,http,SF,541,1203,6,7,0.165,0.914,0,1,normal,0
0.0,tcp,pop3,S0,8,0,326,455,0.883,0.959,0,0,dos,1
0.0,udp,http,RSTR,18,5,138,158,0.778,0.955,0,0,dos,1
141.93,udp,http,SF,608,544,4,5,0.082,1.0,0,1,normal,0
79.81,tcp,ftp,SF,860,293,1,4,0.0,0.767,0,1,normal,0
8.62,udp,dns,S0,7,3,84,1,0.704,0.0,0,0,probe,1
0.67,udp,ftp,REJ,27,0,480,392,1.0,0.969,0,0,dos,1
4.37,tcp,smtp,S0,34,1,56,12,0.553,0.231,0,0,probe,1
136.1,udp,other,SF,0,536,4,1,0.0,0.596,0,1,u2r,1
38.58,tcp,smtp,SF,858,1004,9,9,0.137,0.921,0,1,normal,0
0.0,tcp,ssh,S0,0,0,409,465,0.887,1.0,0,0,dos,1
29.34,udp,other,SF,435,1222,6,5,0.052,0.978,0,1,normal,0
84.03,tcp,telnet,SF,0,1086,9,2,0.078,0.685,0,1,normal,0
52.36,tcp,other,SF,0,1021,1,2,0.0,1.0,0,1,normal,0
48.81,icmp,pop3,S0,37,743,5,3,0.11,0.875,0,1,normal,0
25.55,tcp,telnet,SF,289,2112,7,8,0.032,0.852,0,1,normal,0
0.0,tcp,ftp,SF,447,1424,7,5,0.044,0.873,0,1,normal,0
0.0,udp,telnet,S0,94,0,298,159,0.726,0.968,0,0,dos,1
91.77,tcp,ftp,SF,370,1743,2,4,0.0,1.0,0,1,normal,0
61.53,tcp,other,SF,769,1558,3,7,0.09,1.0,0,1,normal,0
131.6,udp,other,SF,608,825,3,5,0.0,0.813,0,1,normal,0
60.1,udp,ftp,SF,606,468,4,9,0.022,1.0,0,1,normal,0
0.0,udp,http,SF,227,452,3,4,0.0,0.747,0,1,normal,0
57.31,tcp,other,SF,93,862,5,7,0.001,1.0,0,1,normal,0
0.0,tcp,dns,SF,740,180,4,4,0.0,0.95,0,1,normal,0
5.32,tcp,other,SF,6,0,81,4,0.353,0.171,0,0,probe,1
86.0,udp,pop3,SF,215,0,3,6,0.102,0.86,0,1,normal,0
51.68,tcp,ssh,S0,499,1742,9,6,0.0,0.913,0,1,normal,0
1.45,tcp,telnet,S0,38,0,266,189,1.0,1.0,0,0,dos,1
27.66,tcp,pop3,SF,480,2755,4,9,0.055,0.866,0,1,normal,0
2.97,tcp,dns,SF,8,1,62,9,0.434,0.32,0,0,probe,1
22.87,tcp,ftp,S0,638,2298,2,7,0.045,1.0,0,1,normal,0
111.27,icmp,http,SF,543,2735,4,6,0.0,1.0,0,1,normal,0
0.0,tcp,smtp,RSTO,0,15,6,4,0.0,0.92,0,1,normal,0
31.6,tcp,telnet,SF,1178,1761,2,9,0.019,0.8,0,1,normal,0
0.0,udp,telnet,SF,0,323,4,3,0.0,0.692,1,0,r2l,1
32.17,tcp,other,SF,419,2453,5,5,0.102,0.976,0,1,normal,0
29.03,udp,ssh,SF,551,1320,4,7,0.033,0.967,0,1,normal,0
77.73,tcp,http,SF,241,1387,4,8,0.0,1.0,0,1,normal,0
0.0,tcp,ftp,S0,18,2,22,17,0.419,0.58,0,0,probe,1
0.0,tcp,http,SF,0,986,5,2,0.066,1.0,0,1,normal,0
121.29,tcp,http,S0,684,1312,8,6,0.0,0.903,0,1,normal,0
68.77,udp,dns,SF,466,400,1,4,0.0,1.0,0,1,u2r,1
61.82,tcp,ftp,SF,1222,1104,8,6,0.0,0.914,0,1,normal,0
54.67,tcp,dns,SF,976,1092,7,4,0.074,0.953,0,1,normal,0
8.86,udp,http,SF,894,1373,7,4,0.05,0.702,0,1,normal,0
52.46,tcp,ssh,SF,728,396,9,7,0.0,0.979,0,1,normal,0
0.0,tcp,dns,REJ,85,0,441,240,0.744,0.997,0,0,dos,1
55.05,tcp,pop3,SF,53,579,4,1,0.0,0.975,0,1,normal,0
41.57,udp,dns,SF,58,255,13,8,0.0,0.653,4,1,r2l,1
19.61,tcp,other,SF,1167,891,1,5,0.118,0.869,0,1,normal,0
0.0,tcp,smtp,SF,577,909,5,2,0.0,0.784,0,1,normal,0
0.95,udp,pop3,S0,62,2,326,459,1.0,0.915,0,0,dos,1
122.81,tcp,pop3,SF,464,1505,1,6,0.001,0.912,0,1,normal,0
7.43,tcp,dns,REJ,360,807,1,9,0.0,0.955,0,1,normal,0
0.0,tcp,ssh,SF,356,1903,5,4,0.022,0.979,0,1,normal,0
9.64,tcp,other,S0,945,1080,9,4,0.054,0.778,0,1,normal,0
0.0,tcp,pop3,S0,63,0,376,267,0.839,1.0,0,0,dos,1
7.56,udp,other,SF,750,335,2,9,0.037,0.716,0,1,normal,0
88.53,tcp,pop3,SF,686,1641,5,3,0.0,0.854,0,1,normal,0
35.81,icmp,ssh,SF,240,1303,8,5,0.068,0.891,0,1,normal,0
79.91,tcp,ftp,SF,288,535,4,1,0.01,0.947,0,1,normal,0
21.12,icmp,dns,SF,782,852,4,2,0.063,0.983,0,1,normal,0
33.18,tcp,smtp,SF,0,289,14,6,0.202,1.0,2,0,r2l,1
29.04,tcp,http,SF,387,1893,1,4,0.078,0.982,0,1,normal,0
3.41,tcp,telnet,SF,0,2370,6,1,0.041,0.972,0,1,normal,0
48.34,tcp,smtp,REJ,522,1496,3,3,0.0,0.929,0,1,normal,0
108.25,tcp,ssh,SF,29,368,4,4,0.0,0.807,0,1,normal,0
65.56,tcp,ftp,SF,733,33,5,6,0.031,1.0,0,1,normal,0
57.27,tcp,telnet,S0,501,1386,3,8,0.077,0.933,0,1,normal,0
66.34,tcp,dns,SF,934,1465,9,7,0.0,0.936,0,1,normal,0
41.26,udp,http,SF,0,795,8,3,0.109,0.868,0,1,normal,0
1.77,icmp,ftp,S0,59,0,208,386,0.944,0.933,0,0,dos,1
79.0,tcp,other,SF,402,813,9,5,0.082,0.911,0,1,normal,0
0.0,udp,pop3,SF,419,0,2,5,0.012,0.828,0,1,normal,0
74.8,udp,smtp,SF,365,596,9,1,0.0,0.809,0,1,normal,0
90.71,icmp,ssh,SF,674,752,5,4,0.103,0.924,0,1,normal,0
0.0,udp,smtp,SF,7,798,3,4,0.054,0.842,0,1,normal,0
54.56,tcp,ftp,SF,442,482,1,5,0.024,0.932,0,1,normal,0
25.61,tcp,dns,SF,372,630,5,4,0.0,0.917,0,1,normal,0
23.88,tcp,ftp,SF,0,639,4,7,0.0,0.81,0,1,normal,0
0.0,tcp,ftp,SF,746,296,9,3,0.0,1.0,0,1,normal,0
3.9,tcp,http,SF,10,0,45,11,0.461,0.286,0,0,probe,1
26.97,tcp,http,SF,374,319,6,7,0.287,0.613,1,1,r2l,1
2.7,udp,dns,S0,24,0,467,403,0.868,0.992,0,0,dos,1
48.27,tcp,dns,REJ,503,2570,7,9,0.0,0.858,0,1,normal,0
0.0,tcp,pop3,RSTR,47,0,377,321,0.789,0.966,0,0,dos,1
77.81,udp,telnet,RSTR,633,1080,9,1,0.0,1.0,0,1,normal,0
33.63,tcp,http,SF,500,1515,6,7,0.038,1.0,0,1,normal,0
0.64,tcp,telnet,REJ,20,2,52,7,0.169,0.063,0,0,probe,1
0.62,tcp,ftp,S0,0,0,284,237,0.759,0.968,0,0,dos,1
0.0,icmp,pop3,SF,694,1748,9,5,0.077,0.978,0,1,normal,0
8.59,tcp,pop3,SF,153,264,7,7,0.026,0.456,2,1,r2l,1
0.0,tcp,smtp,RSTR,704,995,8,2,0.016,0.911,0,1,normal,0
82.23,tcp,other,RSTR,477,1480,2,3,0.072,0.877,0,1,normal,0
56.64,udp,other,SF,251,0,4,8,0.001,0.766,0,1,normal,0
11.96,tcp,pop3,SF,313,852,1,5,0.0,1.0,0,1,normal,0
0.0,tcp,ssh,SF,217,182,13,7,0.195,0.606,4,1,r2l,1
55.11,tcp,http,SF,983,1773,7,3,0.04,0.898,0,1,normal,0
0.0,tcp,telnet,SF,548,865,6,1,0.0,1.0,0,1,normal,0
1.15,icmp,telnet,REJ,50,0,283,505,0.822,0.845,0,0,dos,1
0.0,udp,smtp,S0,6,8,355,353,0.688,0.96,0,0,dos,1
4.51,tcp,telnet,S0,17,0,49,16,0.376,0.222,0,0,probe,1
1.75,tcp,telnet,REJ,48,0,32,10,0.413,0.26,0,0,probe,1
0.0,tcp,pop3,S0,3,1,40,1,0.474,0.043,0,0,probe,1
65.71,tcp,pop3,REJ,275,691,8,9,0.043,0.974,0,1,normal,0
0.0,icmp,other,S0,346,932,5,3,0.011,0.812,0,1,normal,0
2.79,icmp,pop3,REJ,14,0,62,12,0.246,0.31,0,0,probe,1
17.65,tcp,smtp,SF,504,914,6,3,0.0,0.965,0,1,normal,0
102.27,tcp,http,SF,434,1511,1,7,0.026,0.742,0,1,normal,0
28.44,tcp,http,SF,317,1426,2,7,0.028,0.838,0,1,normal,0
55.02,tcp,other,SF,479,203,9,5,0.124,0.974,0,1,normal,0
28.99,tcp,pop3,SF,597,1360,9,1,0.045,1.0,0,1,normal,0
0.0,tcp,smtp,REJ,17,0,26,17,0.164,0.155,0,0,probe,1
0.0,tcp,smtp,REJ,681,1651,2,9,0.055,0.948,0,1,normal,0
62.18,tcp,smtp,SF,583,1617,7,5,0.0,0.763,0,1,normal,0
27.96,tcp,dns,SF,223,883,8,4,0.06,0.95,0,1,normal,0
0.86,tcp,other,S0,19,5,250,218,0.938,0.958,0,0,dos,1
20.62,tcp,http,SF,1297,1335,3,5,0.0,0.885,0,1,normal,0
42.05,tcp,ssh,SF,481,837,2,9,0.01,0.64,0,1,normal,0
39.14,udp,telnet,SF,322,1620,1,8,0.084,0.776,0,1,normal,0
10.3,tcp,other,S0,240,1770,6,1,0.051,0.767,0,1,normal,0
0.0,udp,pop3,SF,472,614,9,2,0.0,0.811,0,1,normal,0
73.66,udp,other,SF,576,960,1,3,0.0,0.937,0,1,normal,0
9.9,udp,other,SF,134,485,1,6,0.048,0.762,0,1,normal,0
64.09,udp,dns,SF,336,0,4,2,0.0,1.0,0,1,normal,0
10.96,tcp,telnet,SF,410,450,1,4,0.031,0.858,0,1,normal,0
15.76,udp,ssh,SF,327,457,4,2,0.009,1.0,0,1,normal,0
4.06,tcp,ssh,S0,40,0,41,3,0.483,0.096,0,0,probe,1
0.74,tcp,ssh,S0,84,9,222,409,0.925,0.999,0,0,dos,1
51.3,udp,ssh,SF,1026,1096,3,2,0.095,0.929,0,1,normal,0
56.97,tcp,http,S0,157,952,8,4,0.035,0.975,0,1,normal,0
49.57,tcp,pop3,SF,377,875,1,5,0.017,0.828,0,1,normal,0
0.0,tcp,http,SF,362,1112,2,1,0.0,0.857,0,1,normal,0
0.77,udp,dns,RSTR,1,0,391,484,1.0,0.979,0,0,dos,1
114.21,udp,other,SF,0,1120,8,8,0.0,0.814,0,1,normal,0
40.15,tcp,telnet,SF,331,803,6,7,0.01,0.952,0,1,normal,0
1.46,tcp,telnet,S0,37,0,46,10,0.696,0.323,0,0,probe,1
1.48,udp,ssh,S0,13,9,468,474,0.783,0.91,0,0,dos,1
0.0,udp,smtp,REJ,10,0,71,4,0.154,0.21,0,0,probe,1
0.0,icmp,other,S0,39,0,78,10,0.713,0.245,0,0,probe,1
50.78,tcp,telnet,SF,31,2321,2,6,0.0,0.935,0,1,normal,0
4.97,tcp,telnet,SF,653,442,3,6,0.001,0.729,0,1,normal,0
0.0,tcp,http,SF,0,0,6,5,0.0,1.0,0,1,normal,0
64.25,tcp,smtp,SF,0,539,3,2,0.01,1.0,0,1,normal,0
8.13,tcp,other,SF,728,1166,9,3,0.0,0.837,0,1,normal,0
24.41,icmp,telnet,SF,516,880,7,6,0.006,0.934,0,1,normal,0
92.35,tcp,other,SF,331,515,1,3,0.0,0.93,0,1,normal,0
1.7,tcp,ssh,S0,24,0,382,213,0.819,0.938,0,0,dos,1
0.0,tcp,telnet,SF,508,866,5,7,0.084,0.891,0,1,normal,0
63.18,tcp,ssh,SF,0,1001,6,2,0.0,0.928,0,1,normal,0
1.94,tcp,smtp,S0,56,0,113,257,1.0,0.999,0,0,dos,1
0.0,tcp,dns,REJ,59,4,110,465,0.859,1.0,0,0,dos,1
7.81,tcp,ssh,SF,409,2274,9,8,0.0,0.901,0,1,normal,0
29.46,udp,telnet,SF,491,1603,4,2,0.0,0.884,0,1,normal,0
4.55,tcp,telnet,REJ,14,0,58,18,0.255,0.064,0,0,probe,1
74.06,icmp,dns,S0,940,751,7,2,0.0,0.935,0,1,normal,0
72.08,tcp,telnet,SF,95,854,2,6,0.0,1.0,0,1,normal,0
1.74,tcp,pop3,SF,50,0,51,2,0.66,0.334,0,0,probe,1
59.57,tcp,http,SF,258,99,2,8,0.075,0.856,0,1,normal,0
105.81,tcp,ssh,SF,869,771,2,2,0.0,0.886,0,1,normal,0
63.89,tcp,ssh,SF,244,1526,2,3,0.057,0.94,0,1,normal,0
54.19,tcp,ftp,REJ,341,654,1,7,0.0,0.861,0,1,normal,0
28.11,tcp,ssh,SF,194,937,1,8,0.0,0.89,0,1,normal,0
111.4,tcp,ftp,SF,304,1402,3,6,0.0,0.93,0,1,normal,0
73.14,udp,http,REJ,916,1753,9,7,0.0,1.0,0,1,normal,0
45.19,tcp,other,SF,500,901,1,3,0.0,0.95,0,1,normal,0
0.0,tcp,ftp,S0,69,0,367,129,0.856,1.0,0,0,dos,1
0.64,tcp,ftp,S0,12,9,445,447,1.0,0.982,0,0,dos,1
51.77,tcp,dns,SF,824,1757,6,6,0.022,0.823,0,1,normal,0
2.0,icmp,smtp,RSTR,96,0,142,248,1.0,0.969,0,0,dos,1
89.91,tcp,ftp,SF,395,1389,2,3,0.0,0.798,0,1,normal,0
114.22,udp,smtp,SF,831,819,4,7,0.051,0.999,0,1,normal,0
36.42,tcp,smtp,SF,371,0,8,6,0.098,0.752,0,1,normal,0
3.58,tcp,other,RSTR,21,1,129,317,0.827,0.98,0,0,dos,1
51.94,tcp,http,SF,292,1327,7,9,0.061,0.971,0,1,normal,0
67.11,tcp,ssh,SF,225,1015,7,3,0.083,1.0,0,1,normal,0
18.26,udp,pop3,SF,265,626,5,3,0.091,0.992,0,1,normal,0
71.37,tcp,telnet,S0,357,1327,9,3,0.038,0.811,0,1,normal,0
118.63,udp,pop3,RSTO,453,1145,8,2,0.029,0.929,0,1,normal,0
94.33,tcp,pop3,SF,378,874,1,9,0.082,0.909,0,1,normal,0
2.32,tcp,ssh,S0,27,0,190,493,0.957,0.924,0,0,dos,1
31.26,tcp,smtp,SF,500,2483,1,5,0.039,0.783,0,1,normal,0
66.23,tcp,http,SF,501,335,1,7,0.0,0.913,0,1,normal,0
0.54,udp,other,S0,48,1,220,372,0.843,0.965,0,0,dos,1
2.07,udp,other,REJ,29,0,467,237,0.85,0.9,0,0,dos,1
4.02,udp,telnet,REJ,34,4,40,17,0.265,0.265,0,0,probe,1
87.74,icmp,dns,SF,976,1284,9,4,0.0,0.599,0,1,normal,0
79.51,tcp,dns,SF,509,1792,2,2,0.079,0.856,0,1,normal,0
0.0,tcp,other,S0,105,0,107,277,0.956,0.982,0,0,dos,1
0.0,tcp,other,SF,623,1942,5,4,0.011,0.858,0,1,normal,0
85.37,tcp,ftp,S0,581,1668,3,6,0.02,0.736,0,1,normal,0
0.0,tcp,pop3,SF,501,0,8,5,0.0,0.954,0,1,normal,0
42.68,icmp,telnet,SF,441,1737,6,7,0.0,0.848,0,1,normal,0
33.01,icmp,dns,REJ,171,794,2,1,0.022,0.974,0,1,normal,0
68.5,tcp,pop3,SF,671,1131,1,6,0.0,0.724,0,1,normal,0
60.66,udp,ftp,SF,143,1186,9,2,0.001,0.83,0,1,normal,0
85.08,tcp,smtp,SF,244,1011,8,9,0.04,0.914,0,1,normal,0
30.14,tcp,ftp,SF,0,1127,6,6,0.09,0.93,0,1,normal,0
5.0,tcp,other,S0,70,1,341,336,1.0,0.907,0,0,dos,1
20.35,tcp,ssh,SF,0,485,7,9,0.006,0.87,0,1,normal,0
61.43,tcp,dns,SF,330,23,6,7,0.0,1.0,0,1,normal,0
0.0,tcp,dns,SF,625,545,6,9,0.0,1.0,0,1,normal,0
55.0,udp,smtp,SF,308,2254,1,6,0.002,0.854,0,1,normal,0
0.0,udp,telnet,SF,13,2,34,9,0.622,0.183,0,0,probe,1
24.6,tcp,other,SF,462,914,8,6,0.0,0.866,0,1,normal,0
52.18,tcp,ssh,SF,436,1599,9,2,0.0,0.88,0,1,normal,0
25.49,tcp,telnet,SF,552,0,4,9,0.003,0.916,0,1,normal,0
61.41,tcp,telnet,SF,575,1165,9,8,0.0,0.784,0,1,normal,0
107.0,tcp,other,SF,0,700,4,4,0.04,0.763,0,1,normal,0
0.28,tcp,smtp,S0,103,0,269,231,0.857,1.0,0,0,dos,1
56.58,tcp,other,RSTO,881,872,7,3,0.0,0.985,0,1,normal,0
2.14,tcp,telnet,S0,101,3,120,423,0.805,1.0,0,0,dos,1
88.57,tcp,pop3,SF,101,104,1,7,0.09,0.843,0,1,normal,0
93.59,tcp,other,SF,589,956,7,5,0.006,0.775,0,1,normal,0
2.2,tcp,smtp,REJ,65,0,436,401,0.903,0.971,0,0,dos,1
118.67,udp,dns,SF,526,1604,4,6,0.049,0.876,0,1,normal,0
2.02,tcp,pop3,REJ,23,2,220,341,1.0,0.995,0,0,dos,1
48.02,tcp,pop3,REJ,755,1718,9,2,0.019,0.957,0,1,normal,0
0.0,tcp,ssh,S0,308,682,7,6,0.0,1.0,0,1,normal,0
74.1,tcp,http,RSTR,678,488,4,7,0.042,1.0,0,1,normal,0
44.95,tcp,pop3,SF,0,1545,8,3,0.0,0.861,0,1,normal,0
0.0,udp,ssh,S0,71,3,419,397,0.935,0.935,0,0,dos,1
14.57,tcp,telnet,RSTO,354,852,8,2,0.021,0.913,0,1,normal,0
61.36,tcp,other,S0,598,987,7,6,0.0,0.85,0,1,normal,0
0.0,tcp,dns,S0,41,2,106,450,0.925,0.966,0,0,dos,1
1.78,udp,http,RSTR,43,0,106,274,0.897,0.981,0,0,dos,1
2.94,udp,dns,SF,1,8,99,14,0.92,0.143,0,0,probe,1
6.17,tcp,smtp,REJ,56,0,25,19,0.8,0.149,0,0,probe,1
0.0,tcp,dns,SF,677,0,7,1,0.064,0.771,0,1,normal,0
10.43,udp,smtp,SF,111,1298,3,9,0.077,1.0,0,1,normal,0
211.16,tcp,dns,SF,899,316,4,3,0.045,0.802,1,1,u2r,1
54.45,tcp,dns,SF,1096,1653,6,7,0.05,1.0,0,1,normal,0
0.0,tcp,pop3,SF,1054,1236,3,3,0.01,0.971,0,1,normal,0
4.56,tcp,http,REJ,0,5,89,6,0.497,0.276,0,0,probe,1
47.64,tcp,http,SF,1120,1471,3,5,0.0,0.974,0,1,normal,0
2.24,tcp,smtp,SF,22,0,32,7,0.597,0.059,0,0,probe,1
16.72,tcp,pop3,SF,969,0,6,5,0.0,0.952,0,1,normal,0
0.0,udp,telnet,REJ,34,0,74,15,0.353,0.0,0,0,probe,1
105.68,tcp,telnet,SF,429,1375,6,7,0.027,1.0,0,1,normal,0
39.11,udp,smtp,SF,443,1285,4,3,0.09,0.789,0,1,normal,0
0.77,tcp,other,REJ,44,0,450,358,0.866,1.0,0,0,dos,1
62.71,tcp,other,SF,396,1901,9,1,0.031,0.975,0,1,normal,0
36.2,tcp,telnet,SF,374,1908,5,5,0.009,0.842,0,1,normal,0
3.09,tcp,ftp,S0,37,0,21,19,0.82,0.0,0,0,probe,1
46.27,tcp,dns,SF,107,42,7,8,0.133,0.717,2,1,r2l,1
16.56,tcp,other,SF,25,9,2,2,0.0,0.599,3,0,r2l,1
66.13,tcp,dns,SF,572,1804,6,2,0.05,0.941,0,1,normal,0
16.25,tcp,smtp,RSTR,445,1194,4,4,0.0,0.794,0,1,normal,0
72.76,tcp,pop3,SF,445,1180,7,2,0.084,0.867,0,1,normal,0
31.28,udp,smtp,SF,851,1168,3,5,0.023,0.826,0,1,normal,0
0.0,tcp,pop3,SF,537,721,7,7,0.166,0.858,0,1,normal,0
66.94,udp,pop3,SF,515,1253,1,5,0.057,0.912,0,1,normal,0
39.85,udp,http,RSTO,683,921,2,1,0.031,1.0,0,1,normal,0
79.05,tcp,http,SF,171,1979,6,6,0.011,0.857,0,1,normal,0
37.98,tcp,telnet,SF,473,1248,4,4,0.028,0.99,0,1,normal,0
33.71,tcp,ftp,SF,1072,1236,6,2,0.053,0.95,0,1,normal,0
39.07,tcp,ssh,SF,607,1478,9,8,0.0,0.955,0,1,normal,0
2.59,tcp,pop3,S0,90,1,111,261,0.761,0.921,0,0,dos,1
26.89,tcp,ftp,SF,176,253,2,4,0.14,0.353,4,1,r2l,1
0.0,udp,ftp,SF,543,1500,8,2,0.138,0.749,0,1,normal,0
0.0,icmp,other,S0,26,1,54,2,0.518,0.207,0,0,probe,1
2.39,tcp,dns,S0,38,1,61,3,0.112,0.0,0,0,probe,1
80.01,tcp,other,SF,0,2544,9,8,0.008,0.969,0,1,normal,0
0.0,udp,ssh,SF,1180,1118,8,5,0.115,1.0,0,1,normal,0
21.62,tcp,http,S0,565,1357,5,5,0.038,0.979,0,1,normal,0
94.18,udp,ftp,SF,1328,1499,3,7,0.074,0.827,0,1,normal,0
111.45,tcp,http,SF,879,836,8,7,0.0,0.976,0,1,normal,0
4.81,icmp,pop3,SF,448,713,8,1,0.0,0.977,0,1,normal,0
0.0,tcp,ssh,REJ,29,2,88,14,0.213,0.012,0,0,probe,1
75.42,udp,smtp,SF,567,1556,7,1,0.027,0.977,0,1,normal,0
98.56,tcp,other,SF,340,1693,5,4,0.0,0.9,0,1,normal,0
45.9,tcp,other,S0,226,454,10,8,0.047,0.557,1,0,r2l,1
36.83,tcp,telnet,SF,332,351,12,9,0.124,0.66,3,0,r2l,1
4.01,udp,ssh,REJ,55,4,148,195,0.886,0.853,0,0,dos,1
3.91,tcp,other,S0,75,0,213,141,1.0,0.967,0,0,dos,1
5.59,udp,dns,SF,415,223,12,7,0.348,0.637,4,0,r2l,1
39.81,tcp,other,SF,721,0,5,5,0.048,0.834,0,1,normal,0
0.0,tcp,http,SF,0,2,91,6,0.574,0.158,0,0,probe,1
63.97,tcp,telnet,SF,128,663,3,5,0.068,0.83,0,1,normal,0
90.67,icmp,dns,SF,694,774,1,3,0.028,0.804,0,1,normal,0
80.26,tcp,pop3,SF,0,178,5,5,0.027,0.841,0,1,normal,0
38.96,tcp,http,SF,250,1710,6,7,0.01,0.852,0,1,normal,0
122.77,udp,smtp,SF,1063,1163,4,4,0.037,0.998,0,1,normal,0
186.07,tcp,pop3,SF,127,1428,6,7,0.057,0.898,0,1,normal,0
42.73,tcp,telnet,SF,598,1205,3,2,0.016,0.863,0,1,normal,0
20.8,tcp,other,SF,21,1626,4,6,0.0,0.809,0,1,normal,0
19.43,tcp,dns,SF,0,977,7,1,0.0,0.761,0,1,normal,0
3.18,tcp,smtp,S0,53,0,347,342,0.884,0.952,0,0,dos,1
105.7,tcp,other,SF,612,1777,1,8,0.021,0.977,0,1,normal,0
15.14,tcp,pop3,SF,243,1816,7,2,0.115,0.592,0,1,normal,0
0.0,icmp,telnet,SF,0,1277,1,2,0.018,0.899,0,1,normal,0
0.0,tcp,http,S0,28,0,156,374,0.89,0.912,0,0,dos,1
69.12,tcp,ftp,REJ,461,0,5,1,0.0,0.726,0,1,normal,0
20.26,tcp,pop3,SF,83,554,7,2,0.078,0.806,0,1,normal,0
142.48,tcp,other,SF,99,328,8,2,0.088,0.944,0,1,normal,0
3.17,tcp,pop3,REJ,26,0,22,17,0.671,0.164,0,0,probe,1
0.0,udp,ftp,SF,660,471,2,4,0.03,0.744,1,1,u2r,1
0.0,tcp,telnet,S0,39,0,207,505,0.923,0.872,0,0,dos,1
1.96,tcp,telnet,S0,21,0,445,416,0.944,0.918,0,0,dos,1
57.04,tcp,pop3,SF,849,846,2,5,0.069,0.823,0,1,normal,0
56.7,tcp,telnet,SF,547,567,1,9,0.0,0.885,0,1,normal,0
38.79,udp,other,SF,424,0,2,1,0.097,0.853,0,1,normal,0
88.01,tcp,other,SF,291,1693,9,2,0.036,1.0,0,1,normal,0
0.0,tcp,smtp,SF,97,184,8,6,0.324,1.0,2,0,r2l,1
35.36,tcp,dns,SF,188,59,1,5,0.11,0.975,1,0,r2l,1
0.0,tcp,http,SF,586,923,8,6,0.048,1.0,0,1,normal,0
64.42,udp,smtp,SF,557,1636,2,8,0.117,0.81,0,1,normal,0
46.87,tcp,ftp,RSTR,0,877,6,7,0.074,0.747,0,1,normal,0
133.01,udp,other,SF,383,0,3,7,0.0,0.797,0,1,normal,0
60.61,udp,other,REJ,346,1686,3,7,0.0,1.0,0,1,normal,0
42.41,tcp,http,SF,29,1333,9,4,0.062,0.992,0,1,normal,0
38.28,tcp,ftp,SF,868,554,8,3,0.102,0.844,0,1,normal,0
33.8,tcp,ssh,SF,0,1591,2,9,0.0,0.888,0,1,normal,0
93.5,tcp,other,SF,662,765,2,5,0.064,0.787,0,1,normal,0
0.0,tcp,ftp,S0,58,4,255,253,0.977,0.916,0,0,dos,1
136.34,tcp,pop3,REJ,0,282,4,3,0.031,0.92,0,1,normal,0
83.53,udp,http,SF,438,858,1,1,0.086,0.997,0,1,normal,0
105.46,tcp,smtp,SF,665,1089,8,6,0.098,0.932,0,1,normal,0
2.98,icmp,pop3,REJ,28,1,196,116,0.89,0.904,0,0,dos,1
9.37,tcp,other,SF,640,0,8,1,0.015,0.974,0,1,normal,0
0.0,udp,ssh,REJ,81,0,223,415,0.841,0.976,0,0,dos,1
0.0,tcp,telnet,SF,206,0,6,8,0.006,0.951,0,1,normal,0
62.56,udp,pop3,SF,178,30,2,4,0.045,0.778,0,1,normal,0
40.21,tcp,http,SF,479,1974,9,9,0.078,0.95,0,1,normal,0
1.9,tcp,http,REJ,32,0,94,2,0.633,0.312,0,0,probe,1
29.01,tcp,http,SF,127,322,6,4,0.06,0.544,2,0,r2l,1
0.0,icmp,ssh,S0,69,0,408,206,0.896,0.96,0,0,dos,1
5.68,tcp,ssh,S0,0,0,59,11,0.246,0.207,0,0,probe,1
88.29,tcp,pop3,SF,280,1240,9,8,0.0,0.804,0,1,normal,0
79.96,tcp,telnet,SF,398,1638,4,9,0.027,0.975,0,1,normal,0
78.7,tcp,other,REJ,69,920,9,6,0.0,0.909,0,1,normal,0
16.51,tcp,other,SF,725,2121,3,7,0.049,1.0,0,1,normal,0
136.48,tcp,pop3,RSTR,385,1114,4,3,0.032,0.972,0,1,normal,0
2.77,udp,dns,S0,80,2,478,479,1.0,0.909,0,0,dos,1
1.18,tcp,other,RSTR,11,0,461,169,0.937,0.923,0,0,dos,1
4.13,icmp,smtp,S0,42,0,128,341,0.934,0.913,0,0,dos,1
48.89,tcp,http,SF,982,1349,7,7,0.0,0.806,0,1,normal,0
0.63,tcp,smtp,S0,19,0,78,5,0.522,0.141,0,0,probe,1
5.24,tcp,telnet,REJ,17,0,21,6,0.255,0.178,0,0,probe,1
0.88,tcp,pop3,RSTR,44,8,169,315,0.997,1.0,0,0,dos,1
35.56,tcp,dns,SF,250,1416,7,5,0.006,0.911,0,1,normal,0
89.48,tcp,telnet,SF,349,851,4,2,0.114,0.949,0,1,normal,0
3.29,tcp,http,S0,99,0,500,314,0.903,0.963,0,0,dos,1
16.76,tcp,smtp,S0,333,597,5,1,0.068,0.823,1,0,r2l,1
96.59,tcp,dns,SF,944,100,2,2,0.0,0.74,0,1,normal,0
58.07,tcp,http,S0,587,739,2,6,0.001,0.921,0,1,normal,0
50.7,tcp,smtp,SF,674,1899,2,5,0.147,1.0,0,1,normal,0
24.56,tcp,telnet,SF,198,632,4,6,0.056,0.91,0,1,normal,0
0.21,udp,ftp,S0,73,0,465,224,1.0,0.968,0,0,dos,1
59.21,tcp,ssh,SF,612,946,7,7,0.031,0.995,0,1,normal,0
0.0,tcp,http,SF,1006,2002,8,2,0.007,0.89,0,1,normal,0
0.26,tcp,http,S0,91,0,472,268,0.868,0.903,0,0,dos,1
0.0,tcp,ftp,SF,691,189,9,6,0.063,0.918,0,1,normal,0
99.72,tcp,telnet,SF,1046,648,4,2,0.066,1.0,0,1,normal,0
67.47,tcp,other,SF,285,1633,9,3,0.0,0.805,0,1,normal,0
40.52,tcp,smtp,SF,433,1846,5,3,0.026,1.0,0,1,normal,0
17.47,tcp,ssh,SF,105,362,14,5,0.065,0.493,4,0,r2l,1
6.77,icmp,ssh,S0,42,7,347,477,0.753,0.882,0,0,dos,1
0.0,udp,telnet,SF,267,0,3,1,0.131,0.618,0,1,u2r,1
25.51,tcp,pop3,SF,385,1415,9,1,0.037,0.957,0,1,normal,0
0.0,udp,dns,S0,4,0,179,424,0.919,0.934,0,0,dos,1
9.22,tcp,ssh,SF,449,1049,4,7,0.006,0.916,0,1,normal,0
0.97,tcp,dns,S0,103,0,417,413,0.873,0.947,0,0,dos,1
0.0,tcp,other,SF,472,2133,9,9,0.0,0.843,0,1,normal,0
81.66,tcp,ssh,SF,957,392,1,7,0.129,1.0,0,1,normal,0
85.27,tcp,http,SF,448,1649,7,4,0.043,0.85,0,1,normal,0
1.63,icmp,dns,S0,68,1,379,336,0.729,1.0,0,0,dos,1
0.0,tcp,smtp,S0,51,4,143,282,0.825,0.902,0,0,dos,1
49.05,udp,pop3,SF,81,1005,4,4,0.022,1.0,0,1,normal,0
65.62,udp,smtp,SF,0,261,7,3,0.03,0.752,0,1,normal,0
2.42,tcp,http,S0,66,0,268,237,0.736,0.938,0,0,dos,1
7.34,tcp,smtp,SF,495,422,8,1,0.0,1.0,0,1,normal,0
88.63,tcp,other,SF,140,1015,4,6,0.101,0.817,0,1,normal,0
1.92,tcp,smtp,REJ,45,1,99,4,0.671,0.121,0,0,probe,1
17.74,udp,http,RSTR,763,1771,1,5,0.005,0.968,0,1,normal,0
5.91,tcp,ftp,S0,27,3,343,296,1.0,0.94,0,0,dos,1
84.05,udp,telnet,SF,405,697,2,4,0.127,0.908,0,1,normal,0
2.38,udp,http,S0,86,0,172,446,1.0,1.0,0,0,dos,1
162.07,tcp,ftp,SF,600,926,9,3,0.039,0.962,0,1,normal,0
0.64,tcp,smtp,SF,50,0,52,18,0.337,0.304,0,0,probe,1
100.67,tcp,dns,RSTO,655,1762,3,3,0.0,0.728,0,1,normal,0
3.88,tcp,smtp,REJ,14,0,142,302,0.928,0.926,0,0,dos,1
2.75,tcp,smtp,REJ,10,2,23,5,0.452,0.368,0,0,probe,1
0.0,udp,other,S0,704,273,7,3,0.0,0.791,0,1,normal,0
47.11,tcp,ftp,SF,186,2605,2,3,0.0,0.797,0,1,normal,0
43.71,tcp,telnet,SF,580,915,2,8,0.048,0.919,0,1,normal,0
62.72,tcp,telnet,SF,382,862,8,7,0.13,0.879,0,1,normal,0
112.03,tcp,other,RSTR,593,1846,5,8,0.0,0.756,0,1,normal,0
42.16,udp,ssh,SF,403,220,2,1,0.0,0.863,0,1,normal,0
120.07,tcp,pop3,SF,566,993,4,7,0.034,0.688,0,1,normal,0
23.37,tcp,ssh,SF,1264,582,1,2,0.003,0.881,1,1,u2r,1
67.6,tcp,telnet,SF,214,777,7,5,0.0,0.939,0,1,normal,0
77.31,tcp,other,SF,436,427,3,3,0.056,0.83,0,1,normal,0
105.97,tcp,telnet,SF,620,679,2,1,0.013,0.825,0,1,normal,0
59.28,tcp,http,SF,232,1063,9,7,0.066,0.861,0,1,normal,0
88.22,udp,ftp,SF,700,1518,3,7,0.049,1.0,0,1,normal,0
0.0,tcp,ftp,REJ,83,4,419,312,0.836,0.924,0,0,dos,1
93.19,tcp,other,SF,258,516,5,8,0.0,0.956,0,1,normal,0
29.59,udp,http,SF,933,829,4,5,0.0,0.91,0,1,normal,0
5.61,tcp,ftp,RSTO,327,570,8,3,0.0,1.0,0,1,normal,0
19.69,udp,ssh,RSTO,747,486,1,1,0.0,1.0,0,1,normal,0
0.0,tcp,telnet,S0,112,0,188,249,0.895,1.0,0,0,dos,1
120.58,icmp,dns,SF,725,0,8,6,0.029,0.801,0,1,normal,0
111.45,tcp,pop3,SF,0,0,3,8,0.0,0.876,0,1,normal,0
15.63,udp,telnet,RSTR,320,1413,1,2,0.0,0.907,0,1,normal,0
50.46,icmp,dns,SF,404,2260,7,6,0.078,0.622,0,1,normal,0
19.5,tcp,http,SF,162,752,3,2,0.063,1.0,0,1,normal,0
0.0,udp,telnet,SF,232,1251,2,8,0.009,0.819,0,1,normal,0
16.84,tcp,smtp,SF,42,395,12,3,0.115,0.663,2,0,r2l,1
52.07,tcp,pop3,SF,603,793,9,4,0.042,0.872,0,1,normal,0
137.45,tcp,smtp,SF,695,828,3,4,0.045,0.904,0,1,normal,0
0.0,tcp,ftp,S0,30,0,265,377,0.992,1.0,0,0,dos,1
75.91,tcp,ftp,S0,378,674,9,3,0.0,0.996,0,1,normal,0
65.45,tcp,other,SF,279,1151,3,8,0.039,0.833,0,1,normal,0
0.4,tcp,ssh,REJ,77,0,100,134,0.8,0.899,0,0,dos,1
0.06,tcp,smtp,REJ,16,0,345,455,0.781,0.98,0,0,dos,1
0.0,tcp,other,S0,39,0,92,4,0.501,0.064,0,0,probe,1
0.0,tcp,dns,S0,0,0,294,136,0.957,0.964,0,0,dos,1
135.84,icmp,telnet,SF,221,1756,3,8,0.089,0.958,0,1,normal,0
7.86,udp,pop3,SF,1,0,20,15,0.312,0.18,0,0,probe,1
40.35,tcp,http,SF,671,702,2,5,0.008,0.665,0,1,normal,0
68.69,udp,other,S0,14,1155,2,2,0.013,1.0,0,1,normal,0
1.3,udp,smtp,REJ,85,0,387,427,0.97,0.957,0,0,dos,1
4.52,tcp,telnet,REJ,42,0,110,211,0.902,1.0,0,0,dos,1
0.35,udp,ftp,SF,14,0,77,9,0.668,0.416,0,0,probe,1
150.3,udp,other,SF,742,752,9,2,0.091,0.919,0,1,normal,0
3.89,tcp,http,S0,92,0,201,230,0.859,0.922,0,0,dos,1
133.26,tcp,ftp,SF,297,855,8,8,0.017,0.89,0,1,normal,0
1.75,tcp,http,S0,62,0,452,137,0.96,0.984,0,0,dos,1
0.31,tcp,http,S0,93,3,407,215,0.93,0.964,0,0,dos,1
0.0,tcp,pop3,SF,0,1671,9,4,0.022,1.0,0,1,normal,0
0.0,tcp,ssh,S0,49,0,318,491,0.959,0.916,0,0,dos,1
38.46,tcp,dns,SF,627,1654,2,9,0.069,0.911,0,1,normal,0
61.1,tcp,ftp,SF,659,2220,2,8,0.002,0.929,0,1,normal,0
56.65,udp,dns,SF,366,155,2,5,0.168,0.124,4,0,r2l,1
34.0,tcp,pop3,SF,158,1498,4,3,0.005,0.912,0,1,normal,0
29.26,tcp,ftp,S0,610,484,6,6,0.0,0.769,0,1,normal,0
13.34,udp,http,SF,612,286,9,2,0.009,1.0,0,1,normal,0
65.24,tcp,ftp,SF,1034,1245,8,1,0.016,0.771,0,1,normal,0
39.8,udp,ssh,SF,222,1522,4,8,0.084,0.792,0,1,normal,0
0.0,tcp,ssh,RSTO,225,408,9,7,0.0,0.918,0,1,normal,0
52.5,udp,pop3,SF,442,797,7,9,0.051,1.0,0,1,normal,0
29.9,tcp,other,SF,331,1985,2,6,0.008,0.898,0,1,normal,0
160.13,tcp,http,SF,458,895,6,9,0.008,0.746,0,1,normal,0
114.36,tcp,smtp,S0,331,401,1,2,0.0,0.779,0,1,normal,0
103.98,tcp,telnet,SF,86,148,6,4,0.0,0.944,0,1,normal,0
0.0,tcp,dns,S0,29,0,78,5,0.588,0.207,0,0,probe,1
52.11,tcp,ftp,SF,309,505,9,5,0.0,0.835,0,1,normal,0
31.03,icmp,ssh,SF,1223,1712,1,1,0.054,1.0,0,1,normal,0
90.59,udp,http,SF,218,1900,3,9,0.019,0.727,0,1,normal,0
71.5,tcp,pop3,RSTR,846,725,8,8,0.125,0.983,0,1,normal,0
2.0,tcp,http,S0,70,5,227,284,0.931,0.915,0,0,dos,1
54.03,tcp,ssh,SF,655,1509,6,9,0.048,0.84,0,1,normal,0
82.42,tcp,pop3,SF,750,1631,5,1,0.0,1.0,0,1,normal,0
1.12,tcp,other,RSTR,47,5,458,166,1.0,0.875,0,0,dos,1
28.12,udp,smtp,S0,448,1189,1,5,0.055,0.812,0,1,normal,0
0.48,tcp,http,RSTR,80,0,240,426,1.0,0.969,0,0,dos,1
105.72,udp,ssh,REJ,661,1245,4,7,0.0,0.743,0,1,normal,0
36.8,tcp,telnet,SF,500,1216,4,3,0.0,0.877,0,1,normal,0
0.82,udp,http,S0,34,2,274,209,0.889,0.948,0,0,dos,1
0.0,tcp,pop3,SF,389,866,3,9,0.0,0.742,0,1,normal,0
113.3,icmp,pop3,SF,864,1629,9,8,0.043,1.0,0,1,normal,0
0.0,udp,pop3,REJ,12,0,66,5,0.73,0.301,0,0,probe,1
101.69,tcp,http,SF,426,334,1,7,0.089,0.945,0,1,normal,0
0.0,tcp,other,S0,34,4,289,504,0.786,0.853,0,0,dos,1
40.15,udp,http,SF,558,1634,7,4,0.0,0.773,0,1,normal,0
103.37,tcp,telnet,SF,1383,1156,3,7,0.0,0.705,0,1,normal,0
0.4,tcp,dns,REJ,63,1,348,499,0.886,0.954,0,0,dos,1
10.16,tcp,pop3,SF,744,2148,1,2,0.0,0.845,0,1,normal,0
96.48,tcp,http,SF,1014,1824,2,7,0.034,0.832,0,1,normal,0
0.94,tcp,http,S0,34,0,248,303,1.0,1.0,0,0,dos,1
0.0,tcp,dns,SF,105,2366,3,5,0.02,0.943,0,1,normal,0
34.98,tcp,telnet,SF,0,1218,4,8,0.0,0.866,0,1,normal,0
0.0,icmp,pop3,REJ,47,0,176,290,0.814,0.892,0,0,dos,1
6.06,tcp,telnet,SF,231,911,7,8,0.0,0.888,0,1,normal,0
60.7,tcp,ftp,S0,1086,1603,1,4,0.01,0.955,0,1,normal,0
2.68,tcp,ftp,S0,48,0,302,436,0.813,0.929,0,0,dos,1
4.36,udp,pop3,SF,352,434,1,9,0.074,0.982,0,1,normal,0
2.68,tcp,ftp,S0,11,0,45,3,0.812,0.1,0,0,probe,1
2.03,tcp,telnet,S0,31,0,366,479,0.874,0.857,0,0,dos,1
72.78,tcp,telnet,SF,481,574,9,9,0.099,0.705,0,1,normal,0
67.72,udp,smtp,SF,478,1388,5,8,0.03,0.821,0,1,normal,0
34.91,tcp,dns,SF,470,263,8,6,0.0,0.257,3,1,r2l,1
4.59,tcp,ssh,SF,13,0,38,1,0.822,0.176,0,0,probe,1
0.95,tcp,telnet,SF,0,0,5,4,0.088,0.953,0,1,normal,0
54.93,udp,other,SF,674,1505,2,6,0.07,0.824,0,1,normal,0
51.78,tcp,http,REJ,771,1795,1,2,0.022,0.8,0,1,normal,0
0.0,tcp,ftp,S0,12,0,231,106,1.0,0.937,0,0,dos,1
7.26,icmp,ssh,S0,34,0,73,7,0.242,0.133,0,0,probe,1
4.39,udp,http,S0,115,7,110,182,0.917,0.918,0,0,dos,1
106.4,tcp,pop3,SF,537,1220,2,4,0.0,0.787,0,1,normal,0
4.38,tcp,other,S0,26,1,69,18,0.476,0.397,0,0,probe,1
82.92,tcp,ftp,SF,251,19,3,3,0.121,0.836,0,1,normal,0
0.0,udp,dns,SF,444,2827,6,7,0.0,0.924,0,1,normal,0
33.66,tcp,ftp,RSTO,0,1932,7,7,0.0,0.781,0,1,normal,0
46.5,tcp,http,SF,785,849,8,9,0.073,0.805,0,1,normal,0
69.0,tcp,other,SF,708,1221,2,2,0.0,1.0,0,1,normal,0
0.0,udp,pop3,SF,764,1225,4,7,0.076,0.924,0,1,normal,0
63.37,tcp,telnet,SF,672,771,6,9,0.032,1.0,0,1,normal,0
1.94,tcp,other,REJ,30,0,185,253,0.968,0.931,0,0,dos,1
111.91,tcp,smtp,SF,97,0,6,1,0.0,0.699,0,1,normal,0
81.79,tcp,telnet,SF,773,1738,8,3,0.029,0.98,0,1,normal,0
51.98,tcp,http,SF,542,1561,4,8,0.0,0.942,0,1,normal,0
72.46,udp,smtp,SF,456,515,5,8,0.0,0.891,0,1,normal,0
100.01,tcp,pop3,SF,350,1958,1,4,0.0,0.932,0,1,normal,0
3.17,udp,telnet,S0,67,11,386,202,0.94,0.903,0,0,dos,1
51.38,udp,pop3,SF,650,492,8,8,0.036,0.707,0,1,normal,0
0.0,tcp,pop3,SF,110,327,4,2,0.097,0.988,0,1,normal,0
0.0,tcp,telnet,S0,28,0,277,375,0.906,0.893,0,0,dos,1
69.12,tcp,http,SF,354,1573,4,2,0.0,0.956,0,1,normal,0
2.24,udp,other,S0,34,7,213,127,0.981,0.936,0,0,dos,1
51.33,udp,telnet,SF,740,885,3,1,0.034,0.824,0,1,normal,0
0.0,tcp,dns,S0,12,3,88,12,0.505,0.424,0,0,probe,1
39.88,tcp,other,SF,375,647,4,4,0.002,0.918,0,1,normal,0
55.25,tcp,ftp,SF,628,1557,3,1,0.0,0.937,0,1,normal,0
23.71,tcp,ftp,SF,677,1858,1,9,0.045,1.0,0,1,normal,0
24.32,tcp,dns,SF,951,2169,3,1,0.04,0.778,0,1,normal,0
0.0,tcp,smtp,S0,32,0,439,212,0.945,0.916,0,0,dos,1
70.25,tcp,ftp,SF,159,1528,2,7,0.029,1.0,0,1,normal,0
85.78,tcp,ftp,S0,516,476,3,2,0.073,0.819,0,1,normal,0
3.63,tcp,ssh,REJ,73,0,401,363,0.953,0.874,0,0,dos,1
2.11,icmp,telnet,REJ,25,5,72,19,0.546,0.122,0,0,probe,1
0.0,tcp,pop3,SF,699,1907,8,8,0.017,1.0,0,1,normal,0
52.72,tcp,ssh,SF,138,1071,5,8,0.016,1.0,0,1,normal,0
1.9,tcp,ftp,S0,95,5,246,125,0.755,0.86,0,0,dos,1
2.12,tcp,pop3,S0,21,0,232,353,0.971,0.884,0,0,dos,1
0.0,tcp,smtp,REJ,0,0,90,13,0.268,0.332,0,0,probe,1
0.0,tcp,ftp,RSTR,95,1,337,125,0.754,0.875,0,0,dos,1
24.42,tcp,ssh,S0,381,2192,8,2,0.0,0.994,0,1,normal,0
44.03,tcp,other,SF,227,160,5,2,0.0,0.78,0,1,normal,0
55.46,tcp,http,SF,338,1313,8,1,0.002,0.954,0,1,normal,0
79.87,tcp,pop3,SF,254,1318,7,8,0.0,0.864,0,1,normal,0
1.06,tcp,other,S0,50,0,323,508,0.961,0.869,0,0,dos,1
161.45,tcp,pop3,SF,764,962,2,5,0.007,0.966,0,1,normal,0
33.31,udp,ftp,SF,393,911,5,3,0.063,0.733,0,1,normal,0
57.35,tcp,dns,SF,363,1762,4,5,0.0,0.842,0,1,normal,0
34.52,udp,ftp,SF,542,2920,9,5,0.049,1.0,0,1,normal,0
0.0,tcp,pop3,SF,948,1713,9,5,0.106,0.91,0,1,normal,0
18.18,tcp,dns,RSTR,392,1681,1,7,0.012,0.866,0,1,normal,0
1.08,tcp,pop3,RSTR,8,0,390,399,0.737,0.913,0,0,dos,1
80.99,tcp,other,SF,400,1293,5,7,0.0,0.922,0,1,normal,0
53.67,tcp,ftp,SF,580,349,2,1,0.053,0.776,0,1,normal,0
36.73,tcp,smtp,SF,519,622,6,3,0.028,1.0,0,1,normal,0
47.15,tcp,telnet,SF,110,1063,4,7,0.064,0.993,0,1,normal,0
3.75,tcp,http,REJ,39,3,52,13,0.629,0.459,0,0,probe,1
38.51,tcp,http,SF,737,403,1,2,0.021,0.975,0,1,normal,0
0.0,udp,other,S0,28,3,102,348,0.934,0.898,0,0,dos,1
68.6,tcp,ftp,RSTR,510,1000,7,5,0.078,0.833,0,1,normal,0
80.2,tcp,http,SF,529,1142,1,8,0.072,0.89,0,1,normal,0
35.06,tcp,smtp,SF,27,182,3,3,0.0,0.943,0,1,normal,0
0.0,tcp,dns,S0,65,0,510,175,0.796,1.0,0,0,dos,1
0.0,udp,ftp,S0,12,0,26,6,0.607,0.093,0,0,probe,1
71.01,tcp,http,SF,902,706,5,5,0.067,0.929,0,1,normal,0
140.38,tcp,pop3,SF,490,597,3,4,0.056,0.78,0,1,normal,0
20.88,tcp,http,SF,716,926,1,4,0.0,0.801,0,1,normal,0
0.0,tcp,dns,SF,307,1000,9,2,0.0,0.933,0,1,normal,0
29.01,tcp,smtp,SF,364,1928,8,9,0.026,0.754,0,1,normal,0
3.22,tcp,pop3,REJ,18,0,27,14,0.402,0.363,0,0,probe,1
95.23,udp,telnet,SF,751,683,5,8,0.0,0.971,0,1,normal,0
0.0,tcp,ssh,S0,19,0,270,326,0.718,0.889,0,0,dos,1
0.0,tcp,pop3,S0,0,4,374,215,0.807,0.921,0,0,dos,1
39.61,tcp,telnet,SF,265,384,8,3,0.0,0.92,0,1,normal,0
55.21,tcp,dns,SF,256,1483,8,9,0.05,0.862,0,1,normal,0
0.0,tcp,smtp,SF,22,0,57,11,0.511,0.091,0,0,probe,1
80.63,udp,ftp,SF,384,755,6,1,0.043,0.989,0,1,normal,0
76.5,tcp,ssh,SF,184,851,7,4,0.0,0.98,0,1,normal,0
3.49,tcp,pop3,S0,45,0,240,200,0.886,1.0,0,0,dos,1
7.56,icmp,other,SF,189,1957,5,4,0.017,0.866,0,1,normal,0
4.67,tcp,telnet,SF,44,0,77,7,0.417,0.0,0,0,probe,1
24.57,udp,pop3,SF,235,875,9,9,0.038,0.966,0,1,normal,0
93.28,tcp,smtp,SF,767,577,5,1,0.0,0.836,0,1,normal,0
84.28,tcp,telnet,SF,576,1644,3,9,0.054,0.759,0,1,normal,0
13.58,tcp,dns,SF,265,683,6,2,0.0,0.997,0,1,normal,0
71.68,udp,http,SF,278,370,4,6,0.032,0.89,0,1,normal,0
40.53,tcp,telnet,RSTO,207,1862,3,9,0.0,0.831,0,1,normal,0
45.44,tcp,pop3,SF,820,498,9,3,0.0,0.819,0,1,normal,0
5.99,tcp,pop3,SF,684,1359,7,8,0.0,0.901,0,1,normal,0
0.0,udp,other,SF,406,68,5,1,0.086,0.774,0,1,normal,0
80.36,tcp,dns,SF,19,1908,5,9,0.007,0.987,0,1,normal,0
209.16,tcp,telnet,SF,495,1786,4,9,0.07,1.0,0,1,normal,0
51.05,udp,ftp,SF,682,1138,9,9,0.004,0.884,0,1,normal,0
98.2,tcp,pop3,SF,0,754,1,4,0.0,0.776,0,1,normal,0
72.52,udp,ftp,SF,559,561,5,6,0.024,1.0,0,1,normal,0
53.88,tcp,pop3,SF,723,2726,1,5,0.048,0.854,0,1,normal,0
39.96,tcp,telnet,SF,364,2081,7,2,0.0,0.965,0,1,normal,0
0.0,tcp,http,REJ,48,4,182,142,1.0,0.947,0,0,dos,1
16.02,tcp,other,SF,259,1214,6,4,0.038,0.975,0,1,normal,0
121.0,udp,telnet,RSTO,1283,508,2,5,0.0,0.909,0,1,normal,0
0.52,udp,dns,S0,71,0,327,356,0.851,1.0,0,0,dos,1
144.67,udp,dns,SF,340,1740,9,2,0.0,1.0,0,1,normal,0
0.0,tcp,other,SF,0,1526,7,2,0.07,0.637,0,1,normal,0
21.67,tcp,http,S0,459,1052,2,2,0.0,0.986,0,1,normal,0
37.28,tcp,pop3,SF,953,331,7,4,0.16,0.976,0,1,normal,0
72.96,tcp,pop3,S0,926,529,8,2,0.0,1.0,0,1,normal,0
9.64,udp,telnet,SF,638,1443,7,2,0.062,0.93,0,1,normal,0
37.34,tcp,other,SF,18,163,5,8,0.002,0.957,0,1,normal,0
66.52,tcp,ftp,SF,653,735,6,1,0.094,0.812,0,1,normal,0
0.0,tcp,ftp,SF,140,0,2,9,0.003,0.961,0,1,normal,0
97.53,udp,http,SF,430,750,4,8,0.017,0.797,0,1,normal,0
17.6,tcp,other,RSTO,115,1915,3,1,0.065,1.0,0,1,normal,0
96.32,icmp,dns,SF,754,1527,2,7,0.0,0.886,0,1,normal,0
9.44,udp,ssh,SF,530,829,8,4,0.0,0.813,0,1,normal,0
28.29,tcp,other,SF,585,1013,7,2,0.047,0.976,0,1,normal,0
98.07,tcp,ssh,SF,371,204,2,4,0.0,0.993,0,1,normal,0
70.28,tcp,http,SF,10,944,8,3,0.015,1.0,0,1,normal,0
2.51,udp,pop3,SF,22,0,54,15,0.51,0.111,0,0,probe,1
0.82,udp,other,S0,30,0,489,469,0.838,0.916,0,0,dos,1
23.8,tcp,ftp,SF,330,1483,2,9,0.071,0.695,0,1,normal,0
95.78,tcp,http,SF,352,716,5,4,0.0,0.921,0,1,normal,0
58.21,tcp,other,SF,522,442,7,5,0.028,0.919,0,1,normal,0
0.02,udp,smtp,S0,24,0,51,10,0.999,0.41,0,0,probe,1
64.41,tcp,other,SF,503,36,8,9,0.0,0.787,0,1,normal,0
53.17,tcp,dns,SF,0,1016,2,1,0.061,0.821,0,1,normal,0
1.67,tcp,telnet,S0,47,0,215,259,0.868,0.877,0,0,dos,1
17.93,tcp,ssh,SF,1022,2018,9,9,0.0,1.0,0,1,normal,0
0.45,tcp,ssh,S0,48,2,314,417,1.0,0.963,0,0,dos,1
104.43,tcp,http,SF,628,481,1,3,0.0,1.0,0,1,normal,0
62.71,tcp,ftp,REJ,229,0,3,2,0.0,0.793,0,1,normal,0
3.87,tcp,ftp,REJ,87,0,338,223,0.949,0.993,0,0,dos,1
52.02,tcp,ftp,SF,824,1083,3,9,0.0,0.882,0,1,normal,0
1.75,tcp,dns,SF,434,415,1,7,0.0,0.876,0,1,normal,0
0.0,udp,ftp,REJ,87,0,424,273,0.764,0.924,0,0,dos,1
1.6,tcp,other,S0,109,1,103,177,0.88,0.879,0,0,dos,1
22.58,tcp,pop3,SF,504,767,2,6,0.001,0.965,0,1,normal,0
63.55,tcp,dns,SF,1031,269,4,3,0.11,0.841,1,1,u2r,1
15.06,udp,other,SF,399,767,5,2,0.0,0.862,0,1,normal,0
41.54,tcp,other,REJ,981,675,4,4,0.01,0.935,0,1,normal,0
1.02,udp,dns,RSTR,55,3,393,435,0.872,0.886,0,0,dos,1
195.06,tcp,ftp,SF,346,747,2,6,0.0,0.934,0,1,normal,0
2.76,tcp,ssh,RSTR,23,0,145,286,0.805,0.897,0,0,dos,1
0.0,tcp,dns,SF,492,621,2,8,0.029,0.945,0,1,normal,0
96.91,tcp,telnet,SF,307,2125,9,6,0.0,0.89,0,1,normal,0
0.15,tcp,dns,SF,437,455,3,6,0.018,0.853,0,1,normal,0
1.07,tcp,ssh,SF,390,155,6,7,0.0,0.98,0,1,normal,0
4.67,udp,telnet,S0,110,0,108,205,0.999,0.928,0,0,dos,1
55.11,udp,smtp,RSTR,445,1275,1,4,0.0,0.84,0,1,normal,0
45.96,tcp,dns,SF,717,862,1,2,0.033,0.978,0,1,normal,0
71.27,tcp,other,SF,629,1196,5,1,0.0,0.9,0,1,normal,0
67.02,icmp,http,SF,842,704,5,3,0.0,0.964,0,1,normal,0
56.24,tcp,smtp,S0,1014,1738,5,3,0.0,0.897,0,1,normal,0
58.24,tcp,ftp,SF,1075,689,8,4,0.036,0.8,0,1,normal,0
90.76,tcp,pop3,SF,849,2240,5,2,0.028,0.839,0,1,normal,0
65.02,tcp,telnet,RSTR,607,1526,4,7,0.0,1.0,0,1,normal,0
0.0,icmp,smtp,SF,354,1089,9,3,0.018,1.0,0,1,normal,0
94.07,tcp,telnet,SF,368,811,5,5,0.0,0.909,0,1,normal,0
0.0,udp,dns,SF,294,2018,4,8,0.0,0.781,0,1,normal,0
82.54,tcp,dns,SF,817,735,6,7,0.045,1.0,0,1,normal,0
48.14,tcp,other,SF,580,810,1,4,0.0,0.816,0,1,normal,0
103.09,udp,dns,SF,153,1467,5,3,0.07,0.954,0,1,normal,0
34.43,tcp,telnet,SF,742,1613,2,8,0.0,0.837,0,1,normal,0
1.61,tcp,pop3,RSTR,42,6,354,149,0.783,0.992,0,0,dos,1
63.21,tcp,http,SF,514,912,9,8,0.0,0.994,0,1,normal,0
0.0,tcp,ssh,REJ,73,0,108,422,0.828,1.0,0,0,dos,1
80.16,tcp,dns,SF,461,1377,8,3,0.0,0.847,0,1,normal,0
0.0,tcp,http,SF,160,76,3,8,0.0,0.85,0,1,normal,0
0.08,tcp,dns,S0,82,0,499,415,0.744,0.934,0,0,dos,1
56.49,tcp,telnet,SF,658,1175,8,9,0.005,0.969,0,1,normal,0
61.12,tcp,ssh,SF,90,265,6,6,0.0,0.911,0,1,normal,0
14.99,tcp,pop3,SF,0,1168,9,7,0.017,1.0,0,1,normal,0
30.06,icmp,http,SF,537,787,9,3,0.04,0.942,0,1,normal,0
108.0,tcp,ftp,SF,258,0,3,6,0.01,0.795,0,1,normal,0
0.66,tcp,pop3,S0,47,11,288,147,1.0,0.985,0,0,dos,1
30.32,tcp,http,REJ,897,413,8,8,0.018,0.918,0,1,normal,0
52.46,udp,pop3,SF,68,1487,5,6,0.0,0.947,0,1,normal,0
0.0,tcp,pop3,SF,798,1103,4,5,0.0,0.995,0,1,normal,0
98.85,udp,other,SF,1216,1865,7,6,0.0,0.889,0,1,normal,0
0.56,tcp,smtp,REJ,35,1,171,334,0.879,0.945,0,0,dos,1
69.15,udp,ssh,SF,720,1571,6,1,0.058,0.953,0,1,normal,0
0.0,icmp,pop3,REJ,28,0,47,2,0.432,0.315,0,0,probe,1
33.39,tcp,ssh,SF,413,866,3,2,0.019,0.655,0,1,normal,0
31.26,icmp,http,SF,547,844,7,6,0.006,0.959,0,1,normal,0
20.0,udp,smtp,SF,833,261,4,9,0.029,0.902,0,1,normal,0
0.0,tcp,ftp,RSTR,35,5,159,235,0.813,0.933,0,0,dos,1
62.44,tcp,ssh,S0,606,1767,4,3,0.083,0.862,0,1,normal,0
71.63,tcp,ftp,SF,441,1484,7,9,0.014,0.994,0,1,normal,0
4.79,udp,ftp,S0,19,0,25,10,0.527,0.226,0,0,probe,1
51.14,tcp,smtp,SF,437,633,9,6,0.0,0.954,0,1,normal,0
18.67,tcp,telnet,SF,190,1122,8,7,0.04,0.768,0,1,normal,0
2.09,tcp,smtp,S0,28,0,242,224,0.959,0.944,0,0,dos,1
3.31,tcp,smtp,SF,380,962,8,8,0.005,0.902,0,1,normal,0
14.21,tcp,ftp,SF,576,1083,1,8,0.031,0.815,0,1,normal,0
43.14,tcp,http,SF,0,1248,3,7,0.0,0.7,0,1,normal,0
0.96,icmp,ftp,S0,30,0,225,136,0.84,0.905,0,0,dos,1
43.56,tcp,dns,SF,311,449,3,6,0.039,0.897,0,1,normal,0
1.83,udp,smtp,S0,0,0,353,463,0.946,0.961,0,0,dos,1
0.85,tcp,dns,S0,59,0,368,505,0.847,0.935,0,0,dos,1
23.74,tcp,http,SF,788,1663,8,1,0.073,0.966,0,1,normal,0
37.45,tcp,dns,SF,539,1565,1,6,0.011,0.784,0,1,normal,0
0.0,tcp,ftp,RSTR,57,0,463,146,0.679,0.863,0,0,dos,1
20.75,udp,ftp,SF,588,829,9,2,0.046,0.873,0,1,normal,0
29.98,tcp,telnet,RSTR,337,298,4,4,0.015,0.891,0,1,normal,0
24.41,udp,pop3,SF,604,898,8,6,0.068,0.947,0,1,normal,0
1.69,icmp,ftp,REJ,76,3,132,306,0.898,0.902,0,0,dos,1
45.95,tcp,smtp,SF,977,1581,2,1,0.004,0.688,0,1,normal,0
97.88,udp,http,S0,1043,1097,3,1,0.0,0.886,0,1,normal,0
11.25,tcp,ftp,SF,124,875,6,7,0.023,0.926,0,1,normal,0
0.0,udp,ssh,RSTR,594,1581,2,8,0.01,0.828,0,1,normal,0
27.91,udp,ftp,SF,418,185,8,5,0.0,0.479,2,0,r2l,1
94.92,udp,other,SF,571,1398,4,2,0.045,0.6,0,1,normal,0
0.0,tcp,telnet,RSTR,76,0,310,481,0.765,0.95,0,0,dos,1
1.72,tcp,ssh,REJ,92,1,183,296,0.902,0.952,0,0,dos,1
57.61,tcp,other,SF,781,1299,4,1,0.0,0.941,0,1,normal,0
0.0,udp,telnet,RSTR,2,5,351,276,0.772,0.931,0,0,dos,1
12.85,tcp,other,SF,431,422,1,8,0.0,0.526,4,1,r2l,1
5.18,udp,http,S0,42,0,438,211,1.0,0.979,0,0,dos,1
1.61,tcp,other,S0,1,3,486,480,0.874,1.0,0,0,dos,1
0.0,tcp,http,SF,502,1429,9,1,0.071,0.919,0,1,normal,0
0.77,tcp,dns,S0,61,0,408,391,0.84,0.916,0,0,dos,1
44.19,udp,telnet,SF,400,1824,9,2,0.077,1.0,0,1,normal,0
0.09,tcp,other,RSTR,70,0,323,108,0.995,0.977,0,0,dos,1
0.0,tcp,dns,SF,362,483,5,5,0.041,0.842,0,1,normal,0
86.43,tcp,smtp,SF,317,1684,8,2,0.014,0.863,0,1,normal,0
3.58,tcp,ssh,REJ,22,0,83,18,0.192,0.139,0,0,probe,1
52.02,tcp,smtp,SF,507,913,6,2,0.0,0.868,0,1,normal,0
15.63,tcp,http,SF,0,1968,2,1,0.003,0.762,0,1,normal,0
0.0,udp,ssh,S0,114,0,365,242,0.914,0.944,0,0,dos,1
1.71,tcp,dns,S0,36,0,78,12,0.617,0.364,0,0,probe,1
98.83,tcp,http,SF,451,634,8,5,0.053,0.88,0,1,normal,0
0.0,tcp,ssh,S0,5,1,164,182,0.781,0.943,0,0,dos,1
0.59,tcp,other,S0,57,0,352,182,1.0,0.914,0,0,dos,1
0.0,tcp,ssh,RSTR,0,0,327,469,0.924,0.924,0,0,dos,1
43.32,udp,other,SF,97,1825,3,9,0.015,0.793,0,1,normal,0
46.64,tcp,dns,SF,655,228,5,3,0.057,0.964,0,1,normal,0
0.04,tcp,smtp,REJ,51,4,293,240,0.95,0.989,0,0,dos,1
3.26,udp,smtp,S0,48,0,56,16,0.639,0.289,0,0,probe,1
72.69,tcp,ftp,SF,869,1329,6,4,0.0,0.817,0,1,normal,0
0.0,tcp,dns,SF,1190,679,7,8,0.0,0.864,0,1,normal,0
77.98,tcp,telnet,SF,301,1530,6,8,0.076,0.921,0,1,normal,0
1.23,tcp,http,S0,39,0,382,134,0.924,0.945,0,0,dos,1
2.71,tcp,other,RSTR,0,4,281,143,0.957,0.995,0,0,dos,1
78.2,udp,smtp,SF,136,504,6,4,0.0,0.874,0,1,normal,0
110.61,tcp,ssh,SF,841,1541,2,4,0.0,1.0,0,1,normal,0
106.48,tcp,smtp,SF,449,1781,9,1,0.091,1.0,0,1,normal,0
2.07,tcp,ftp,S0,84,4,305,390,0.771,0.979,0,0,dos,1
