duration,src_bytes,dst_bytes,count,srv_count,serror_rate,same_srv_rate,num_failed_logins,logged_in,protocol_type_enc,service_enc,flag_enc
103.93,495,973,7,9,0.0,0.891,0,1,1,7,4
18.66,619,723,3,8,0.053,0.798,0,1,1,3,4
85.19,0,764,8,3,0.0,0.835,0,1,1,5,4
92.64,193,1130,4,1,0.107,1.0,0,1,1,2,4
110.59,624,1115,8,3,0.002,0.921,0,1,1,4,4
49.78,552,789,5,3,0.0,0.908,0,1,1,3,4
1.11,105,12,131,261,0.845,0.892,0,0,1,7,3
72.89,644,0,3,2,0.024,0.773,0,1,2,4,4
0.0,47,0,176,290,0.814,0.892,0,0,0,4,0
51.8,507,919,1,3,0.011,0.985,0,1,1,3,4
1.64,59,0,438,315,1.0,0.959,0,0,1,1,0
89.58,427,1513,5,7,0.006,0.798,0,1,1,4,4
0.51,1,0,505,165,0.833,0.973,0,0,1,3,3
111.98,749,1798,3,2,0.151,0.964,0,1,0,3,4
0.0,53,0,400,339,0.851,0.877,0,0,0,3,3
0.0,737,509,4,2,0.0,0.824,0,1,1,2,4
2.62,32,5,405,167,1.0,0.885,0,0,1,1,3
21.74,279,1500,8,9,0.058,0.858,0,1,2,1,4
74.61,275,661,7,2,0.086,0.839,0,1,1,4,4
41.42,623,1717,7,7,0.057,0.982,0,1,1,5,4
167.56,709,362,2,2,0.066,1.0,1,1,2,5,4
69.9,1008,1216,9,5,0.012,0.914,0,1,1,6,4
60.36,488,263,1,1,0.079,0.644,0,1,2,3,4
0.0,338,1135,8,9,0.042,0.895,0,1,2,1,3
10.89,916,468,8,2,0.055,0.815,0,1,1,1,3
0.08,18,0,454,281,0.975,1.0,0,0,1,2,3
1.66,43,0,510,414,1.0,0.965,0,0,1,3,3
1.83,77,6,291,353,0.834,0.951,0,0,1,6,3
71.71,449,1480,6,9,0.032,0.734,0,1,2,4,4
10.66,700,786,9,1,0.0,0.993,0,1,1,0,3
86.79,239,1552,7,4,0.012,0.947,0,1,1,1,3
82.08,608,1309,1,4,0.072,0.919,0,1,1,5,4
1.04,0,0,46,16,0.747,0.222,0,0,1,0,3
2.82,20,0,90,14,0.503,0.0,0,0,1,6,3
35.35,538,1374,7,1,0.026,0.804,0,1,1,1,4
65.67,417,0,9,1,0.09,0.764,0,1,1,1,4
0.33,22,0,43,6,0.539,0.089,0,0,1,7,3
119.8,54,2031,1,4,0.058,1.0,0,1,1,6,4
0.28,2,0,118,484,0.805,0.969,0,0,1,4,2
0.0,104,0,484,335,0.974,0.995,0,0,1,5,2
76.28,243,1094,9,9,0.017,1.0,0,1,2,4,0
0.0,1149,1449,9,9,0.076,0.763,0,1,1,1,2
0.56,131,0,203,169,0.801,0.974,0,0,1,1,3
62.56,636,427,9,3,0.092,0.763,0,1,1,5,4
10.2,881,2052,5,1,0.0,0.932,0,1,2,1,4
10.53,245,1423,6,8,0.0,0.825,0,1,2,2,4
31.23,436,1505,8,8,0.072,0.765,0,1,2,3,4
96.8,385,364,9,4,0.023,0.945,0,1,1,0,4
92.4,654,1520,8,4,0.0,1.0,0,1,1,2,4
69.62,315,856,1,2,0.008,1.0,0,1,1,5,4
0.0,888,925,5,5,0.011,0.889,0,1,1,6,4
1.19,54,0,78,6,0.576,0.342,0,0,1,1,3
0.0,923,1131,3,6,0.0,0.941,0,1,2,6,4
0.0,393,1518,1,8,0.033,0.88,0,1,1,4,4
4.07,11,0,21,17,0.921,0.223,0,0,2,2,0
0.0,280,579,6,3,0.0,1.0,0,1,1,2,4
43.71,580,915,2,8,0.048,0.919,0,1,1,7,4
219.31,935,0,4,3,0.0,0.859,1,1,2,6,4
24.46,675,1081,4,1,0.051,0.878,0,1,1,6,4
34.54,648,1923,6,7,0.0,0.856,0,1,2,1,4
59.81,748,644,3,3,0.125,1.0,0,1,1,7,4
0.0,57,4,52,11,0.811,0.334,0,0,1,1,3
50.48,390,440,7,6,0.057,0.82,0,1,2,2,4
37.44,208,766,14,1,0.235,0.84,3,1,1,7,4
46.76,515,1938,7,9,0.0,1.0,0,1,1,1,4
78.58,2086,103,1,2,0.111,0.743,1,1,1,1,4
73.34,866,845,1,9,0.001,0.923,0,1,2,6,4
10.76,34,630,9,4,0.0,0.641,3,1,2,0,4
0.0,60,0,426,187,0.789,0.914,0,0,1,2,3
49.93,709,696,6,3,0.0,0.905,0,1,1,4,4
0.0,0,0,9,5,0.0,1.0,0,1,1,4,4
24.94,524,1279,8,4,0.0,0.992,0,1,1,6,4
46.69,760,1879,2,5,0.0,0.865,0,1,1,6,4
0.0,44,0,90,6,0.433,0.384,0,0,2,1,0
4.32,402,982,7,7,0.011,0.892,0,1,1,1,4
0.66,53,0,139,283,0.852,1.0,0,0,0,3,3
37.69,263,1213,1,2,0.065,0.872,0,1,2,4,4
57.36,437,670,8,7,0.0,0.787,0,1,2,0,2
1.9,32,0,94,2,0.633,0.312,0,0,1,2,0
0.0,695,745,8,5,0.0,0.826,0,1,1,7,4
0.0,1471,0,7,3,0.084,0.798,0,1,1,2,4
0.52,52,1,185,264,0.761,0.785,0,0,1,6,2
52.43,780,1954,4,7,0.0,1.0,0,1,2,0,4
19.22,1020,1528,5,1,0.009,0.832,0,1,1,2,3
0.0,25,3,121,509,0.964,0.904,0,0,1,7,3
44.76,243,1090,6,9,0.048,1.0,0,1,1,0,4
2.3,4,5,250,496,0.982,1.0,0,0,2,5,2
31.33,1041,1177,4,6,0.065,0.863,0,1,2,4,4
33.08,247,733,7,8,0.0,0.965,0,1,1,6,4
15.07,0,913,6,2,0.031,0.904,0,1,1,3,3
16.34,291,672,6,5,0.085,0.795,0,1,1,6,4
93.7,499,1144,2,7,0.022,0.888,0,1,1,3,4
48.18,634,561,1,1,0.0,0.839,0,1,1,2,4
132.37,545,1881,8,3,0.0,0.889,0,1,1,0,4
9.5,471,1108,4,5,0.0,0.955,0,1,1,2,4
119.09,367,1622,2,7,0.009,0.857,0,1,1,3,4
20.7,241,782,7,1,0.031,0.777,0,1,2,3,4
57.15,445,836,7,7,0.0,0.899,0,1,0,7,4
6.12,869,1258,1,6,0.0,1.0,0,1,1,7,4
1.91,75,2,105,162,0.971,0.923,0,0,2,1,3
60.64,511,430,8,3,0.0,0.902,0,1,1,5,0
47.86,408,0,1,6,0.0,0.785,0,1,1,4,4
118.15,287,677,7,4,0.078,0.623,0,1,1,4,0
0.0,7,319,3,9,0.0,0.791,0,1,1,1,1
2.12,10,0,219,258,0.776,0.921,0,0,1,3,2
120.9,624,831,4,4,0.128,0.982,0,1,1,3,4
1.71,47,0,174,450,1.0,0.957,0,0,1,7,3
7.93,336,391,6,4,0.018,0.773,0,1,1,3,4
61.73,913,366,1,1,0.132,0.828,0,1,2,7,4
93.28,279,779,7,9,0.0,0.715,0,1,1,7,4
131.02,896,479,4,4,0.07,0.669,1,1,2,3,4
36.42,659,2394,8,7,0.034,0.986,0,1,1,6,2
60.6,670,594,8,5,0.0,0.976,0,1,1,6,0
3.0,69,1,136,369,0.928,0.901,0,0,2,6,2
20.0,268,0,1,3,0.06,0.796,0,1,1,2,3
65.83,450,1835,8,4,0.053,1.0,0,1,2,6,4
3.11,44,14,362,278,0.913,0.851,0,0,1,3,3
0.97,69,0,115,260,0.927,0.972,0,0,1,0,3
12.06,9,1229,4,9,0.005,0.852,0,1,1,4,4
0.21,73,0,465,224,1.0,0.968,0,0,2,1,3
2.03,31,0,366,479,0.874,0.857,0,0,1,7,3
4.39,3,0,55,13,0.206,0.466,0,0,1,4,3
0.59,47,6,410,371,0.81,0.922,0,0,1,1,3
49.18,235,0,8,8,0.092,0.842,0,1,2,4,1
29.7,742,630,2,5,0.0,0.946,0,1,2,7,4
65.14,409,0,9,6,0.0,0.875,0,1,1,7,4
0.0,46,0,452,489,0.997,0.969,0,0,1,2,3
3.07,11,0,39,9,0.186,0.128,0,0,1,7,3
0.0,62,0,180,242,1.0,0.986,0,0,1,6,3
67.17,345,1824,8,3,0.0,0.822,0,1,1,3,4
0.79,102,952,8,6,0.001,1.0,0,1,1,0,4
28.93,0,950,2,4,0.098,0.898,0,1,1,3,4
0.0,389,87,2,6,0.025,0.878,0,1,1,6,4
0.0,34,408,12,9,0.063,0.338,4,1,2,2,3
0.0,87,0,424,273,0.764,0.924,0,0,2,1,0
1.65,46,2,39,16,0.875,0.0,0,0,2,4,0
12.89,601,1229,8,2,0.0,0.842,0,1,1,2,4
6.24,500,0,7,9,0.0,0.888,0,1,1,0,4
2.64,60,0,364,278,0.933,1.0,0,0,2,3,0
7.21,462,1085,9,3,0.054,0.921,0,1,1,6,4
0.89,62,1,430,143,1.0,0.888,0,0,1,0,3
2.06,453,977,6,8,0.0,0.976,0,1,1,5,4
0.0,691,189,9,6,0.063,0.918,0,1,1,1,4
1.73,61,3,285,329,0.816,0.862,0,0,1,2,3
19.95,128,660,2,1,0.121,0.849,2,1,1,2,4
15.1,689,879,7,9,0.0,0.817,0,1,1,3,4
3.46,57,0,336,359,0.892,1.0,0,0,2,0,0
38.04,584,0,5,6,0.035,0.888,0,1,1,5,4
120.63,328,817,6,2,0.039,0.847,0,1,1,5,1
35.24,503,1040,3,3,0.0,0.977,0,1,1,4,4
34.42,858,2131,7,3,0.069,0.911,0,1,1,5,4
54.05,540,252,6,6,0.007,0.819,0,1,1,1,4
2.66,8,0,504,339,0.936,0.964,0,0,2,7,3
71.38,500,1320,5,5,0.042,0.924,0,1,1,6,4
9.05,134,237,7,1,0.194,0.657,1,1,2,5,4
3.13,68,3,199,182,1.0,0.878,0,0,1,6,2
53.09,0,477,5,9,0.033,0.682,0,1,1,5,4
0.0,50,0,268,152,0.803,0.886,0,0,1,1,3
104.48,735,496,1,6,0.004,1.0,0,1,1,5,0
103.17,878,1003,3,9,0.0,0.958,0,1,1,4,4
74.95,408,1393,3,6,0.018,0.996,0,1,1,7,4
1.45,31,0,61,10,0.838,0.171,0,0,1,7,4
0.0,18,3,373,371,0.931,0.997,0,0,2,5,2
30.0,90,327,9,7,0.057,0.875,0,1,0,7,3
2.69,75,0,444,317,1.0,0.922,0,0,1,6,0
2.36,28,0,57,6,0.5,0.049,0,0,2,0,0
69.8,771,954,7,6,0.019,0.866,0,1,1,1,4
62.75,594,1270,7,1,0.068,0.839,0,1,1,1,4
59.32,479,376,7,8,0.045,0.852,0,1,0,0,4
47.34,0,1182,9,6,0.036,0.929,0,1,1,6,4
0.39,78,4,485,488,0.863,0.865,0,0,1,2,0
66.29,443,840,6,1,0.051,0.869,0,1,1,5,4
48.8,375,2141,4,3,0.0,0.985,0,1,1,6,4
84.11,585,1868,4,9,0.017,0.865,0,1,1,7,4
1.01,289,388,3,8,0.0,0.353,3,1,1,6,4
3.53,93,0,113,229,0.946,0.896,0,0,1,2,3
27.52,477,752,6,8,0.0,0.827,0,1,1,0,4
103.5,688,190,5,1,0.065,0.921,0,1,1,2,4
0.0,557,699,4,7,0.005,0.791,0,1,1,7,4
88.91,196,1162,4,9,0.096,1.0,0,1,2,6,4
75.07,7,937,3,9,0.0,1.0,0,1,1,1,2
85.13,902,511,4,6,0.0,1.0,0,1,1,1,4
94.71,942,1649,7,7,0.042,0.853,0,1,1,2,3
4.28,17,0,71,13,0.884,0.239,0,0,1,3,3
0.0,298,1023,6,2,0.0,0.782,0,1,2,6,4
3.42,77,0,219,395,0.968,0.917,0,0,1,6,2
39.93,221,318,6,5,0.01,0.59,3,0,1,2,4
0.78,27,2,22,8,0.168,0.265,0,0,1,5,4
21.95,664,613,4,2,0.027,0.84,0,1,1,4,4
0.95,73,3,502,344,0.789,0.901,0,0,2,4,2
25.72,1049,54,7,5,0.031,0.935,0,1,1,4,4
68.76,798,1579,7,1,0.0,0.963,0,1,1,7,4
1.1,71,0,299,480,0.837,0.927,0,0,1,0,3
0.0,41,1,479,439,0.911,1.0,0,0,1,5,3
15.49,850,680,5,1,0.004,0.98,0,1,2,1,4
27.38,188,512,6,8,0.037,0.925,0,1,1,1,4
0.0,31,0,197,327,0.773,0.957,0,0,1,5,0
19.39,500,841,5,5,0.002,0.821,0,1,1,6,4
36.57,378,1574,7,2,0.053,1.0,0,1,1,6,4
130.19,718,247,5,7,0.0,0.931,0,1,1,4,4
53.53,794,0,4,4,0.002,0.902,0,1,1,2,4
114.64,392,1249,7,3,0.0,0.973,0,1,2,1,4
5.7,58,5,160,291,0.789,0.925,0,0,1,2,0
43.63,774,1878,6,3,0.017,0.964,0,1,2,3,4
3.51,744,484,1,6,0.072,0.838,0,1,2,4,4
97.21,0,879,4,4,0.0,0.915,0,1,1,7,4
98.83,451,634,8,5,0.053,0.88,0,1,1,2,4
40.1,634,163,6,2,0.063,0.905,0,1,2,3,4
67.24,382,1336,7,7,0.0,0.783,0,1,1,7,4
99.36,737,1697,6,9,0.058,0.909,0,1,1,4,4
66.2,676,1245,7,9,0.0,0.85,0,1,1,3,4
0.0,28,1,461,297,0.786,0.898,0,0,1,7,3
99.2,349,1118,1,2,0.0,1.0,0,1,2,7,4
89.3,735,1362,2,7,0.025,1.0,0,1,1,7,4
0.0,320,600,5,1,0.0,0.718,0,1,1,6,2
55.88,334,1990,2,2,0.018,0.893,0,1,1,5,4
23.27,387,0,8,3,0.0,1.0,0,1,1,3,4
0.0,82,2,281,278,0.932,0.93,0,0,1,2,3
2.44,103,1,320,293,0.998,1.0,0,0,1,5,3
0.0,68,0,340,158,1.0,0.913,0,0,1,6,2
34.49,504,1039,1,5,0.003,1.0,0,1,1,7,4
0.96,93,4,166,279,0.932,0.958,0,0,2,3,3
51.05,230,266,6,4,0.095,0.861,0,1,1,6,4
54.25,289,692,5,9,0.031,0.896,0,1,1,1,0
0.0,746,1326,1,2,0.07,0.782,0,1,1,1,4
4.46,17,0,37,4,0.554,0.197,0,0,1,5,3
62.42,583,1149,5,4,0.037,0.929,0,1,1,3,4
0.0,505,1278,9,8,0.08,0.848,0,1,1,5,4
89.91,395,1389,2,3,0.0,0.798,0,1,1,1,4
10.43,111,1298,3,9,0.077,1.0,0,1,2,5,4
66.13,572,1804,6,2,0.05,0.941,0,1,1,0,4
0.0,3,0,76,19,0.293,0.315,0,0,2,3,0
44.18,412,667,9,8,0.104,0.845,0,1,1,6,4
19.49,111,284,8,1,0.067,0.722,4,1,2,4,4
4.6,274,1026,5,1,0.0,0.813,0,1,1,1,4
76.64,329,1168,7,2,0.0,0.849,0,1,1,1,4
0.0,850,509,6,2,0.0,1.0,0,1,1,0,4
0.57,39,0,58,9,0.77,0.202,0,0,2,6,4
51.38,529,2010,3,2,0.063,0.946,0,1,0,0,4
6.08,29,1,64,2,0.36,0.183,0,0,2,3,0
0.0,47,0,28,13,0.233,0.163,0,0,1,7,4
52.96,290,703,4,5,0.0,0.788,0,1,1,1,4
0.56,4,0,21,6,0.82,0.0,0,0,1,0,0
26.39,68,281,8,7,0.019,0.786,0,1,1,7,2
3.55,21,1,77,8,0.472,0.126,0,0,1,4,3
2.16,6,8,240,430,0.772,0.872,0,0,1,0,3
108.25,29,368,4,4,0.0,0.807,0,1,1,6,4
0.0,933,1384,1,4,0.074,0.933,0,1,1,7,4
56.68,367,349,5,9,0.0,0.932,0,1,1,2,4
97.53,430,750,4,8,0.017,0.797,0,1,2,2,4
127.94,250,614,7,5,0.066,0.892,0,1,0,3,3
103.31,318,1870,8,4,0.031,0.859,0,1,1,4,4
0.0,162,745,9,7,0.037,1.0,0,1,1,6,4
0.0,46,0,225,162,0.877,1.0,0,0,1,4,3
23.72,270,167,11,7,0.0,0.806,4,0,2,2,4
2.75,317,178,13,7,0.107,0.457,2,0,1,0,4
0.12,42,9,283,174,0.676,0.977,0,0,1,2,2
95.28,607,992,3,8,0.042,1.0,0,1,1,6,4
0.0,758,552,2,5,0.0,0.99,0,1,0,3,4
0.0,413,798,3,9,0.047,1.0,0,1,1,5,4
7.89,35,5,94,12,0.489,0.321,0,0,1,1,0
0.0,45,0,445,151,0.804,0.976,0,0,1,5,3
90.85,451,1342,5,6,0.003,0.88,0,1,1,5,4
62.71,74,2065,3,4,0.0,1.0,0,1,1,1,4
3.84,56,0,126,265,0.85,0.881,0,0,1,7,3
0.0,20,3,98,5,0.266,0.0,0,0,1,5,3
23.51,631,1360,6,1,0.068,1.0,0,1,1,2,4
38.58,578,51,4,1,0.027,0.934,0,1,0,7,4
35.32,416,352,5,3,0.042,0.893,0,1,1,6,4
94.85,1302,1103,3,5,0.028,1.0,0,1,1,6,4
0.0,88,4,408,506,0.866,0.915,0,0,1,6,3
24.07,429,2000,5,7,0.003,0.828,0,1,0,2,0
100.67,655,1762,3,3,0.0,0.728,0,1,1,0,1
29.73,441,1367,7,8,0.024,0.88,0,1,1,6,4
0.0,798,1103,4,5,0.0,0.995,0,1,1,4,4
27.92,125,1773,7,5,0.035,0.765,0,1,1,5,4
25.61,368,1374,7,8,0.015,0.898,0,1,0,5,4
20.58,702,199,3,7,0.0,1.0,0,1,1,7,4
6.47,44,0,40,1,0.805,0.015,0,0,1,6,0
9.75,796,504,4,3,0.084,0.827,0,1,2,1,4
0.0,424,1321,9,6,0.016,0.951,0,1,2,1,4
130.83,416,1011,4,8,0.0,1.0,0,1,1,7,4
0.6,52,1,456,398,0.908,1.0,0,0,1,6,3
14.44,373,1276,5,2,0.083,0.843,0,1,1,0,4
21.46,569,1822,5,2,0.044,0.898,0,1,1,2,4
4.05,0,3,47,16,0.638,0.313,0,0,1,4,0
0.0,0,0,444,131,0.81,0.93,0,0,1,0,3
82.72,667,1139,7,9,0.0,0.952,0,1,1,7,4
81.62,1103,280,4,3,0.108,0.902,0,1,0,6,4
0.0,2,5,351,276,0.772,0.931,0,0,2,7,2
1.37,85,0,345,367,1.0,0.961,0,0,1,5,0
0.15,70,0,178,288,0.902,0.863,0,0,1,4,3
46.96,490,823,8,7,0.0,0.794,0,1,1,0,0
3.02,54,0,254,462,0.858,0.996,0,0,1,6,3
86.02,246,813,2,5,0.002,0.977,0,1,1,3,4
38.04,619,1532,3,4,0.05,0.913,0,1,1,4,4
1.3,0,2,505,387,0.994,1.0,0,0,1,7,0
3.09,1,3,282,287,0.812,0.907,0,0,0,6,3
0.0,435,1138,5,2,0.0,0.982,0,1,1,7,4
42.09,435,1629,6,3,0.021,0.972,0,1,1,7,4
44.04,534,1904,6,3,0.044,0.864,0,1,1,3,4
19.34,186,1066,6,9,0.019,0.9,0,1,1,2,4
62.0,667,1796,7,1,0.0,0.896,0,1,2,5,4
48.6,369,1479,5,6,0.097,0.982,0,1,1,3,4
46.75,398,187,6,3,0.118,0.913,0,1,1,4,4
62.71,579,1330,1,1,0.0,0.943,0,1,1,0,4
4.49,18,0,21,13,0.684,0.41,0,0,2,3,3
6.72,6,4,95,11,0.338,0.001,0,0,1,5,3
71.53,215,423,1,3,0.039,0.875,0,1,0,7,4
63.54,983,853,2,1,0.041,0.838,0,1,1,6,4
0.09,93,0,190,355,0.791,0.98,0,0,1,7,3
53.05,371,622,9,5,0.0,0.738,0,1,1,6,4
57.3,263,440,1,2,0.022,1.0,0,1,2,6,4
107.39,471,115,9,6,0.095,0.95,0,1,1,0,2
0.15,437,455,3,6,0.018,0.853,0,1,1,0,4
26.17,532,1077,5,8,0.085,0.894,0,1,1,3,4
1.48,5,0,72,3,0.225,0.239,0,0,2,3,3
67.6,214,777,7,5,0.0,0.939,0,1,1,7,4
37.65,459,730,5,5,0.047,0.945,0,1,1,7,4
0.5,48,0,412,366,0.769,0.984,0,0,1,6,0
58.64,464,941,3,8,0.028,1.0,0,1,1,5,4
6.82,20,0,56,6,0.38,0.547,0,0,1,4,3
0.0,24,0,63,19,0.301,0.188,0,0,1,3,3
45.52,734,2113,4,9,0.0,1.0,0,1,2,4,4
18.85,193,441,8,1,0.0,0.84,0,1,2,0,4
67.41,373,906,4,7,0.067,0.806,0,1,1,6,4
90.84,528,1074,1,3,0.045,0.856,0,1,2,4,1
115.52,452,489,4,5,0.072,1.0,0,1,0,5,2
3.89,92,0,201,230,0.859,0.922,0,0,1,2,3
0.0,646,1031,2,3,0.104,0.897,0,1,1,3,4
0.0,0,312,6,4,0.042,1.0,0,1,2,6,4
0.0,557,1742,2,2,0.029,0.788,0,1,2,6,2
0.0,38,2,110,449,0.895,0.929,0,0,2,1,3
66.25,86,814,9,8,0.0,1.0,0,1,1,7,4
4.95,616,827,9,1,0.003,1.0,0,1,1,4,4
47.58,438,404,1,2,0.0,0.796,0,1,1,1,4
96.63,429,597,3,9,0.039,0.826,0,1,1,4,0
92.32,492,1847,2,8,0.0,1.0,0,1,2,5,4
79.61,54,1159,5,5,0.0,0.826,0,1,1,0,4
0.0,512,1671,7,7,0.119,0.901,0,1,0,1,4
5.54,131,1502,8,5,0.0,1.0,0,1,1,1,4
6.01,95,15,370,333,1.0,0.952,0,0,1,6,3
117.71,884,0,5,3,0.065,0.875,0,1,1,6,4
4.13,647,739,1,6,0.018,0.979,0,1,1,6,4
46.82,455,310,6,8,0.0,0.914,0,1,1,0,3
89.83,231,778,3,1,0.07,1.0,0,1,1,2,4
0.0,135,0,6,5,0.162,0.502,1,0,0,4,4
110.88,892,1135,4,2,0.0,1.0,0,1,1,7,4
137.78,675,1349,2,5,0.0,1.0,0,1,1,3,4
0.0,178,146,1,6,0.016,0.972,0,1,1,3,4
122.26,709,629,7,5,0.076,0.912,0,1,1,0,4
4.95,277,219,4,6,0.0,0.942,0,1,1,5,4
0.03,83,0,491,223,0.889,0.962,0,0,1,7,0
141.47,988,758,2,2,0.034,0.512,0,1,1,1,4
0.0,75,0,258,439,1.0,0.943,0,0,1,4,3
2.65,14,0,28,1,0.399,0.343,0,0,1,0,3
11.21,0,331,6,8,0.047,0.733,0,1,1,4,1
41.34,522,180,5,7,0.108,0.763,0,1,1,5,4
40.69,746,1459,1,5,0.023,1.0,0,1,1,0,4
65.87,787,1652,5,3,0.043,0.973,0,1,2,7,1
22.83,45,1311,4,4,0.0,0.92,0,1,1,7,0
2.93,34,0,60,10,0.022,0.53,0,0,1,3,0
50.71,411,1530,1,6,0.0,0.839,0,1,1,3,4
33.4,183,1473,3,9,0.004,0.912,0,1,1,4,4
4.14,616,1412,6,3,0.051,0.917,0,1,1,3,4
0.0,19,0,270,326,0.718,0.889,0,0,1,6,3
114.51,810,723,1,8,0.052,0.89,0,1,1,6,4
0.82,64,7,239,193,1.0,0.916,0,0,1,4,3
28.41,170,920,4,1,0.018,0.838,0,1,1,6,4
105.57,642,1140,1,4,0.071,0.908,0,1,1,6,4
0.0,851,750,1,5,0.101,0.925,0,1,1,5,0
59.62,444,1446,5,1,0.008,0.915,0,1,2,3,2
99.17,192,1048,9,2,0.0,0.802,0,1,2,7,4
0.0,43,0,493,471,0.722,1.0,0,0,1,5,3
43.99,259,1414,8,2,0.108,0.938,0,1,1,6,3
1.37,109,9,108,434,0.84,0.952,0,0,1,5,3
76.46,380,739,2,2,0.02,0.837,0,1,1,7,4
0.74,33,0,158,241,0.733,0.965,0,0,1,2,3
80.19,745,1044,5,9,0.0,0.976,0,1,1,0,2
61.54,716,671,5,5,0.044,0.9,0,1,2,7,1
26.72,677,1859,5,4,0.091,0.781,0,1,1,4,4
79.91,288,535,4,1,0.01,0.947,0,1,1,1,4
80.58,610,714,1,4,0.011,0.931,0,1,2,4,4
64.58,567,1437,2,9,0.042,0.913,0,1,1,6,4
90.98,604,633,6,3,0.0,0.937,0,1,1,3,4
95.07,394,2451,8,7,0.0,0.881,0,1,1,7,4
2.49,14,1,429,203,0.945,0.963,0,0,1,7,3
88.28,724,37,2,6,0.0,0.938,0,1,1,6,4
37.85,198,1576,9,4,0.0,0.735,0,1,1,5,4
7.26,34,0,73,7,0.242,0.133,0,0,0,6,3
0.0,64,0,253,115,1.0,0.922,0,0,1,3,2
94.14,250,982,7,2,0.0,0.976,0,1,1,7,4
1.69,25,0,157,352,0.827,0.962,0,0,1,4,3
155.05,866,577,8,3,0.054,0.957,0,1,2,2,4
96.87,427,2272,2,4,0.013,0.766,0,1,1,6,3
5.88,0,0,28,17,0.408,0.347,0,0,1,6,0
11.72,0,411,3,9,0.0,0.797,0,1,1,1,4
111.4,304,1402,3,6,0.0,0.93,0,1,1,1,4
30.17,894,839,9,5,0.005,0.878,0,1,1,7,4
4.75,888,907,8,6,0.048,0.821,0,1,2,6,4
3.67,48,4,389,485,0.936,0.992,0,0,2,1,0
127.16,345,215,5,5,0.023,0.777,0,1,2,6,4
106.04,1276,65,1,8,0.024,0.884,0,1,1,5,0
71.24,36,1488,8,3,0.018,0.772,0,1,2,1,4
1.77,41,0,290,471,0.838,0.959,0,0,1,2,3
50.33,600,903,1,1,0.016,0.985,0,1,1,4,4
47.79,164,1571,9,6,0.0,0.848,0,1,1,1,4
31.96,0,1597,4,9,0.059,1.0,0,1,1,4,4
17.37,276,501,3,1,0.003,0.941,0,1,2,2,4
40.86,506,413,8,3,0.0,0.944,0,1,2,5,4
69.5,915,238,9,8,0.0,0.885,0,1,1,1,4
20.4,782,965,5,7,0.086,0.881,0,1,2,0,4
34.82,316,619,8,3,0.052,0.9,0,1,1,7,4
0.0,515,754,6,8,0.085,0.917,0,1,2,5,0
4.37,69,0,504,299,0.957,0.96,0,0,2,3,3
27.88,148,1439,9,8,0.0,0.921,0,1,1,7,4
4.63,24,3,80,7,0.816,0.337,0,0,2,0,0
1.87,41,0,378,236,0.982,1.0,0,0,1,7,2
40.26,1102,1411,3,3,0.1,0.909,0,1,1,4,4
1.47,13,3,106,148,0.768,0.955,0,0,1,0,2
0.0,22,0,395,440,0.933,0.972,0,0,1,5,3
46.32,1129,1376,3,7,0.0,0.813,0,1,1,4,4
1.06,31,0,503,152,0.737,0.991,0,0,2,6,3
20.3,150,473,1,6,0.084,0.854,0,1,1,7,3
17.29,186,398,11,7,0.014,0.68,4,0,2,0,4
115.06,590,918,9,9,0.0,0.702,0,1,1,4,0
112.43,0,270,8,1,0.031,0.785,0,1,1,1,4
1.91,31,0,381,212,0.953,0.926,0,0,1,7,3
26.59,143,134,4,7,0.0,1.0,0,1,2,5,0
52.72,138,1071,5,8,0.016,1.0,0,1,1,6,4
15.54,31,1302,8,4,0.013,0.781,0,1,1,5,4
36.55,688,901,1,2,0.039,0.911,0,1,1,3,4
0.0,58,4,255,253,0.977,0.916,0,0,1,1,3
74.03,453,539,9,5,0.0,0.987,0,1,2,6,4
55.11,983,1773,7,3,0.04,0.898,0,1,1,2,4
0.0,593,0,8,3,0.123,0.801,0,1,1,0,4
72.2,14,1452,7,8,0.119,0.768,0,1,1,5,4
4.73,33,2,25,16,0.663,0.15,0,0,1,2,0
26.49,825,781,4,6,0.014,0.731,0,1,1,7,4
26.11,88,616,1,2,0.0,0.826,0,1,2,7,4
0.0,39,0,27,12,0.52,0.0,0,0,1,5,0
66.24,418,1536,8,6,0.046,0.905,0,1,1,6,1
13.04,0,212,6,1,0.145,0.733,3,1,1,0,3
33.69,849,924,3,6,0.0,0.899,0,1,2,5,4
55.88,1049,425,7,8,0.062,0.86,0,1,1,3,4
93.06,589,924,3,6,0.026,1.0,0,1,1,5,4
13.58,265,683,6,2,0.0,0.997,0,1,1,0,4
33.85,213,1349,8,4,0.039,0.887,0,1,1,6,4
34.43,20,861,7,4,0.0,0.889,0,1,1,3,4
2.5,77,11,335,404,0.901,0.964,0,0,1,7,0
88.84,743,227,5,8,0.079,0.813,0,1,1,2,4
4.04,9,0,269,231,0.995,0.954,0,0,2,4,3
105.97,620,679,2,1,0.013,0.825,0,1,1,7,4
26.82,161,507,7,7,0.0,0.714,0,1,1,5,0
38.29,36,120,9,7,0.295,0.453,4,0,2,4,4
64.52,986,984,2,6,0.071,0.939,0,1,1,2,4
36.05,1490,573,2,4,0.01,1.0,1,1,1,4,4
10.42,128,1369,4,7,0.068,0.899,0,1,1,2,4
61.26,0,1313,7,4,0.02,1.0,0,1,1,6,4
90.24,779,1015,8,7,0.045,0.75,0,1,1,4,4
14.68,292,1116,4,3,0.025,0.863,0,1,1,7,2
27.35,303,272,13,1,0.0,0.642,1,1,1,5,4
26.89,176,253,2,4,0.14,0.353,4,1,1,1,4
74.71,313,1507,8,8,0.0,0.924,0,1,1,4,4
23.79,768,1938,5,3,0.0,0.768,0,1,1,1,4
81.58,872,844,8,5,0.009,0.882,0,1,2,5,4
93.36,214,712,6,6,0.029,1.0,0,1,1,5,4
89.45,769,1459,8,3,0.115,0.777,0,1,1,1,4
52.18,436,1599,9,2,0.0,0.88,0,1,1,6,4
0.0,48,3,473,336,0.995,0.947,0,0,2,6,2
83.69,373,0,3,1,0.098,0.944,0,1,1,4,4
61.88,756,772,4,4,0.014,0.907,0,1,1,1,0
259.97,930,189,1,4,0.113,0.867,0,1,1,6,4
121.36,650,1094,5,4,0.006,0.911,0,1,1,7,4
75.52,171,1148,9,7,0.059,0.798,0,1,1,4,4
102.38,765,490,4,9,0.0,0.753,0,1,1,4,2
84.98,124,2067,7,5,0.0,0.903,0,1,2,1,4
0.0,743,316,8,3,0.0,0.914,0,1,1,4,4
2.26,0,0,227,487,0.924,1.0,0,0,2,6,0
106.5,1017,1215,3,9,0.019,0.797,0,1,1,5,4
4.32,53,0,438,226,0.783,0.977,0,0,2,4,0
53.07,758,1602,9,6,0.036,0.909,0,1,1,7,2
0.88,68,4,138,159,0.952,0.927,0,0,0,0,3
52.53,597,1704,7,1,0.0,0.637,0,1,1,5,4
0.74,21,2,72,17,0.761,0.175,0,0,1,0,3
113.64,1078,62,2,1,0.103,0.609,1,1,1,0,4
103.55,484,0,2,7,0.0,1.0,0,1,1,2,4
0.0,288,1225,2,2,0.069,0.995,0,1,2,2,0
3.19,27,0,115,230,0.933,0.996,0,0,1,1,3
0.0,81,0,167,124,0.894,0.994,0,0,2,5,0
63.45,140,838,6,1,0.025,0.931,0,1,1,3,4
0.0,706,1183,8,2,0.064,0.875,0,1,2,0,4
5.22,328,0,6,7,0.0,0.938,0,1,1,7,4
5.76,62,2,284,264,0.818,0.899,0,0,1,6,0
1.35,43,5,193,281,0.899,0.965,0,0,2,4,0
105.79,507,1206,6,6,0.048,0.872,0,1,2,4,4
40.35,500,513,3,5,0.009,0.878,0,1,1,4,4
0.0,113,0,282,503,0.968,0.971,0,0,1,1,3
78.96,529,95,3,3,0.07,0.859,0,1,2,6,4
3.44,19,0,75,3,0.553,0.083,0,0,1,1,3
97.53,613,1048,1,8,0.022,0.991,0,1,0,1,4
30.14,0,1127,6,6,0.09,0.93,0,1,1,1,4
5.64,30,0,47,8,0.337,0.3,0,0,2,5,3
39.97,484,701,6,4,0.0,0.835,0,1,1,1,0
108.97,630,345,2,4,0.141,0.86,1,1,1,0,4
133.73,485,1320,6,8,0.078,0.743,0,1,1,2,4
21.72,506,2167,5,4,0.114,0.83,0,1,1,3,4
2.09,28,0,242,224,0.959,0.944,0,0,1,5,3
84.33,609,869,6,5,0.082,0.795,0,1,2,5,4
36.23,314,946,9,2,0.027,0.935,0,1,1,4,0
80.13,390,876,1,2,0.083,0.908,0,1,2,4,4
8.18,576,662,3,7,0.0,0.856,0,1,0,6,4
0.0,0,0,294,136,0.957,0.964,0,0,1,0,3
52.72,679,1931,5,9,0.048,0.808,0,1,1,4,0
2.72,10,6,263,487,0.923,1.0,0,0,1,1,3
30.59,892,0,2,8,0.07,0.85,0,1,2,2,4
59.97,885,1775,9,2,0.051,0.731,0,1,1,4,4
37.49,239,1858,5,8,0.0,0.711,0,1,1,6,4
35.23,152,82,7,7,0.0,1.0,0,1,1,7,2
61.96,688,1153,4,9,0.062,1.0,0,1,2,7,4
0.0,998,1019,3,2,0.0,0.898,0,1,0,4,4
27.48,106,184,1,9,0.058,0.769,4,0,1,6,4
55.55,483,763,3,1,0.066,0.953,0,1,2,1,4
2.31,62,0,467,497,0.783,0.953,0,0,2,5,3
0.0,87,341,3,5,0.0,0.928,0,1,1,0,4
67.27,413,578,1,3,0.052,0.876,0,1,1,2,4
49.91,733,705,2,1,0.061,0.852,0,1,0,1,4
0.0,506,402,7,2,0.0,0.851,0,1,1,7,4
0.0,244,0,3,1,0.071,0.729,0,1,1,4,4
69.74,116,480,3,8,0.0,0.825,0,1,1,1,4
5.61,327,570,8,3,0.0,1.0,0,1,1,1,1
3.21,26,3,75,8,0.501,0.403,0,0,2,1,4
0.0,0,894,2,4,0.0,1.0,0,1,2,1,4
77.19,710,767,5,2,0.0,0.844,0,1,1,3,4
98.78,669,253,8,5,0.016,0.884,0,1,2,3,4
25.81,181,0,6,1,0.071,0.884,0,1,1,5,4
9.93,401,667,4,4,0.042,0.81,0,1,1,0,4
0.0,149,0,4,8,0.071,0.445,1,0,0,5,4
44.28,579,1991,5,9,0.024,1.0,0,1,1,5,4
25.61,372,630,5,4,0.0,0.917,0,1,1,0,4
97.34,844,1264,2,4,0.042,0.889,0,1,1,4,4
0.0,586,626,3,8,0.112,1.0,0,1,1,5,4
88.81,969,1491,9,6,0.052,0.792,0,1,1,4,4
1.07,22,0,156,457,1.0,0.976,0,0,1,5,0
88.48,684,388,8,4,0.042,0.872,0,1,1,7,4
82.04,268,0,6,3,0.036,0.819,0,1,1,3,4
59.38,542,66,6,6,0.021,0.865,0,1,1,6,4
41.76,0,1004,9,6,0.013,0.864,0,1,1,2,4
0.0,21,0,290,408,0.95,0.887,0,0,1,6,3
0.66,994,124,3,8,0.0,0.785,0,1,0,1,3
55.21,367,526,3,7,0.1,1.0,0,1,1,6,4
83.52,1197,643,7,6,0.017,0.98,0,1,2,0,0
16.07,388,553,6,4,0.317,0.585,3,1,2,0,4
46.99,65,498,1,3,0.067,0.974,0,1,1,5,4
53.55,675,989,6,2,0.074,0.975,0,1,1,4,4
97.56,99,291,8,6,0.0,0.895,0,1,1,5,4
4.02,641,1771,5,2,0.062,0.716,0,1,1,0,4
0.0,548,1520,9,8,0.002,0.819,0,1,1,0,4
31.71,698,103,8,9,0.072,0.921,0,1,1,3,4
23.21,861,137,1,5,0.052,0.792,0,1,2,2,4
42.51,441,591,8,4,0.075,1.0,0,1,1,3,4
23.57,26,1048,1,8,0.0,0.852,0,1,1,3,4
2.98,20,0,152,178,0.798,0.979,0,0,1,4,3
25.68,668,709,5,7,0.004,0.869,0,1,2,2,4
92.34,313,1319,6,7,0.0,1.0,0,1,2,7,4
3.67,90,0,167,216,0.769,0.922,0,0,1,6,3
7.94,0,1,69,17,0.263,0.0,0,0,1,3,3
0.0,31,0,103,404,0.808,0.949,0,0,1,4,3
125.77,795,1273,9,3,0.061,0.788,0,1,1,1,1
0.0,0,0,132,227,0.934,1.0,0,0,2,5,3
0.0,480,463,9,3,0.0,0.848,0,1,2,2,4
102.18,737,1482,7,9,0.0,0.773,0,1,1,6,4
18.84,379,467,4,3,0.028,0.708,0,1,1,5,4
37.07,555,856,1,1,0.0,0.677,0,1,1,7,3
73.58,562,200,2,6,0.035,0.993,0,1,1,3,4
62.98,469,819,5,1,0.0,1.0,0,1,0,3,4
58.49,778,742,4,1,0.0,0.989,0,1,1,1,1
96.14,755,158,6,7,0.014,0.899,0,1,1,2,4
51.82,893,1600,9,4,0.039,0.748,0,1,1,5,4
68.02,890,987,6,2,0.026,0.874,0,1,1,3,4
106.44,285,240,7,1,0.038,0.999,0,1,0,3,4
24.98,0,1155,4,5,0.0,0.744,0,1,2,6,4
4.28,165,170,11,7,0.135,0.926,2,0,1,5,3
93.62,396,1578,1,4,0.0,0.955,0,1,1,7,4
2.64,10,3,82,16,0.342,0.0,0,0,2,1,0
79.94,337,667,7,9,0.095,1.0,0,1,1,5,4
0.0,0,0,429,276,0.809,0.911,0,0,1,0,3
0.0,669,634,7,3,0.046,0.886,0,1,2,2,2
0.25,18,0,187,479,0.905,1.0,0,0,1,0,3
3.1,32,2,195,133,0.88,1.0,0,0,1,5,3
124.66,7,818,4,8,0.0,1.0,0,1,1,3,4
90.6,0,1982,9,6,0.026,0.953,0,1,1,7,4
23.91,996,679,5,3,0.006,0.859,0,1,1,7,4
4.36,1,9,416,392,0.899,0.933,0,0,1,2,2
2.64,55,1,479,246,0.823,0.913,0,0,0,7,3
0.0,85,0,443,157,0.873,0.979,0,0,2,3,3
71.01,902,706,5,5,0.067,0.929,0,1,1,2,4
0.0,645,1154,9,5,0.02,1.0,0,1,0,4,4
2.51,0,14,237,425,0.852,0.85,0,0,1,1,3
9.94,784,1628,9,8,0.053,0.786,0,1,1,1,4
98.79,660,0,6,3,0.0,0.825,0,1,1,6,4
211.79,1186,423,1,4,0.0,0.787,1,1,1,6,4
30.23,555,1960,8,5,0.0,1.0,0,1,1,3,4
5.02,94,0,354,111,0.859,0.961,0,0,1,2,0
3.06,2,0,223,144,0.908,0.946,0,0,1,5,0
4.15,611,797,3,4,0.0,0.908,0,1,1,2,4
68.89,254,632,1,6,0.055,0.954,0,1,1,0,4
84.47,621,694,7,8,0.043,0.961,0,1,1,2,4
43.97,1223,1509,3,3,0.054,0.724,0,1,1,7,4
50.47,730,1055,5,2,0.051,0.833,0,1,2,5,4
0.0,3,0,69,15,0.64,0.2,0,0,2,2,0
143.75,0,1972,1,8,0.0,1.0,0,1,1,0,4
0.0,60,0,467,366,1.0,0.894,0,0,1,1,3
13.03,334,467,8,1,0.024,1.0,0,1,1,0,0
0.0,235,1767,5,8,0.0,1.0,0,1,1,5,4
0.0,349,430,3,2,0.012,0.703,0,1,1,6,4
52.54,284,845,9,6,0.013,0.944,0,1,1,1,4
86.52,477,375,8,1,0.023,0.82,0,1,1,1,2
92.35,633,1580,9,4,0.07,0.807,0,1,1,6,4
36.75,408,527,11,7,0.091,1.0,3,1,1,5,4
1.05,29,4,192,341,1.0,0.929,0,0,1,2,0
128.67,254,1660,3,1,0.013,0.872,0,1,1,3,4
10.61,1044,1654,8,6,0.02,0.782,0,1,2,5,4
1.96,45,1,435,233,0.906,0.918,0,0,2,5,2
3.14,70,1,273,472,1.0,0.983,0,0,1,4,3
1.6,24,7,223,121,0.985,0.953,0,0,2,3,3
42.85,638,1607,5,8,0.026,0.82,0,1,2,3,4
39.8,222,1522,4,8,0.084,0.792,0,1,2,6,4
103.65,388,755,3,3,0.0,0.788,0,1,2,4,4
67.71,352,229,4,8,0.053,0.882,0,1,1,6,4
20.14,328,1053,9,8,0.011,0.767,0,1,1,0,4
8.73,41,1,71,3,0.56,0.253,0,0,1,3,4
1.11,47,1,53,11,0.32,0.176,0,0,1,0,0
47.97,145,717,1,5,0.053,1.0,0,1,1,7,4
1.85,18,0,405,477,0.886,0.979,0,0,1,5,2
85.34,374,1242,1,3,0.014,0.938,0,1,2,1,4
0.0,60,0,470,345,0.861,1.0,0,0,2,2,0
4.49,72,1,372,287,0.98,0.957,0,0,1,6,2
115.37,358,0,6,4,0.0,0.948,0,1,1,2,4
0.0,107,0,160,505,0.742,0.973,0,0,0,6,0
33.93,623,2095,5,2,0.0,0.832,0,1,1,1,0
0.0,479,317,6,6,0.007,0.799,0,1,1,6,4
72.52,544,1123,6,1,0.0,1.0,0,1,1,7,4
38.24,208,1511,5,4,0.047,0.913,0,1,1,3,4
70.22,178,1782,2,3,0.059,0.887,0,1,1,0,4
23.49,368,1554,5,7,0.0,0.923,0,1,2,6,4
0.0,29,0,286,480,1.0,1.0,0,0,1,3,3
1.92,495,1358,4,7,0.0,0.879,0,1,1,0,4
3.85,103,5,356,144,0.924,0.926,0,0,2,7,3
0.15,15,0,181,208,0.958,0.928,0,0,1,5,3
2.27,14,0,21,4,0.737,0.284,0,0,1,2,3
17.28,918,1405,6,8,0.078,0.834,0,1,1,2,4
0.38,77,9,179,304,0.824,0.956,0,0,2,6,3
0.0,64,0,324,293,1.0,0.904,0,0,1,0,0
0.95,24,0,89,15,0.388,0.43,0,0,0,3,3
18.84,138,0,14,7,0.045,0.699,1,0,2,0,4
26.15,0,316,13,6,0.152,0.59,1,1,0,0,4
61.46,1497,0,4,4,0.122,0.811,0,1,1,5,4
27.71,589,1036,5,5,0.0,1.0,0,1,1,1,0
74.12,496,614,8,5,0.06,0.731,0,1,1,2,2
3.37,1,2,28,5,0.269,0.167,0,0,1,4,4
73.03,471,0,9,8,0.111,0.993,0,1,1,6,4
34.66,863,1993,6,6,0.009,0.931,0,1,1,1,4
0.04,111,1,427,165,0.872,0.948,0,0,1,5,0
1.87,68,5,508,333,0.98,0.941,0,0,1,0,0
11.08,200,159,11,1,0.019,0.333,4,0,1,7,3
6.99,513,348,6,2,0.0,0.345,1,0,1,7,4
6.81,811,922,6,2,0.001,0.826,0,1,2,0,4
100.43,1101,81,6,1,0.02,0.864,0,1,1,0,3
106.22,499,0,4,8,0.041,0.883,0,1,1,6,4
115.95,147,857,7,8,0.0,0.812,0,1,0,3,3
94.24,362,1767,8,9,0.016,0.878,0,1,1,7,0
1.93,97,1,100,404,0.841,0.964,0,0,1,4,3
86.03,0,0,7,5,0.028,0.959,0,1,2,2,4
51.61,468,85,8,5,0.0,0.858,0,1,1,4,4
87.04,721,1734,2,4,0.021,0.656,0,1,1,6,4
17.72,1036,0,3,8,0.09,0.86,0,1,1,5,4
0.0,641,1241,1,4,0.009,1.0,0,1,1,1,2
38.0,884,1280,7,9,0.0,1.0,0,1,2,6,4
0.9,73,0,473,236,0.907,1.0,0,0,2,0,3
93.24,522,1431,8,8,0.144,1.0,0,1,1,7,4
63.35,0,1014,1,3,0.0,0.904,0,1,1,1,4
78.84,455,1311,1,4,0.0,0.857,0,1,1,4,4
30.4,538,1452,2,2,0.008,0.929,0,1,1,4,4
11.44,232,213,11,5,0.313,0.516,2,0,1,6,4
33.58,276,1095,5,6,0.079,1.0,0,1,1,6,4
91.23,298,683,2,9,0.047,0.828,0,1,1,5,4
0.53,106,0,319,345,0.905,0.936,0,0,1,2,0
0.0,66,0,142,151,0.993,0.869,0,0,1,5,3
77.07,811,541,1,6,0.057,0.953,0,1,2,2,4
0.91,22,0,148,264,0.779,0.89,0,0,0,3,3
0.0,80,0,170,219,0.881,0.984,0,0,2,1,0
57.82,445,1454,4,7,0.0,0.858,0,1,1,3,0
37.45,539,1565,1,6,0.011,0.784,0,1,1,0,4
70.74,370,936,6,5,0.032,0.891,0,1,2,3,4
28.51,313,524,5,1,0.062,0.585,2,0,1,7,3
36.77,406,1610,7,1,0.017,0.958,0,1,1,5,4
8.98,267,388,6,8,0.0,0.444,4,0,1,4,4
29.98,337,298,4,4,0.015,0.891,0,1,1,7,2
17.15,383,529,5,7,0.143,0.733,2,1,1,3,4
0.0,264,1479,2,1,0.022,0.949,0,1,1,7,4
0.92,29,3,113,233,0.899,1.0,0,0,1,4,3
4.42,57,0,367,107,0.849,0.968,0,0,1,3,0
70.75,860,1437,4,8,0.07,0.861,0,1,1,0,3
18.7,931,949,5,4,0.0,1.0,0,1,1,0,4
0.0,0,3,66,17,0.527,0.133,0,0,1,6,3
1.48,31,4,82,10,0.771,0.237,0,0,2,5,3
1.98,59,0,503,441,0.954,0.997,0,0,2,3,0
64.74,425,325,8,6,0.045,0.932,0,1,1,7,4
29.43,375,1325,8,8,0.161,0.882,0,1,1,0,4
0.0,457,0,3,2,0.027,0.749,0,1,2,5,4
16.13,303,1169,8,4,0.0,1.0,0,1,1,6,4
23.2,375,400,4,8,0.008,0.725,0,1,1,4,4
57.22,875,686,7,5,0.077,0.864,0,1,1,7,4
101.51,1206,748,5,7,0.035,0.938,0,1,1,4,4
122.03,728,1088,4,4,0.0,1.0,0,1,1,3,4
39.73,425,1392,9,8,0.043,0.804,0,1,1,5,4
93.11,797,991,7,1,0.0,0.896,0,1,1,7,4
2.75,10,2,23,5,0.452,0.368,0,0,1,5,0
3.71,106,0,472,334,0.963,1.0,0,0,1,1,3
55.3,416,1662,1,1,0.011,1.0,0,1,2,6,4
85.21,252,874,4,7,0.0,0.932,0,1,1,1,4
0.0,0,1995,8,1,0.059,0.996,0,1,1,6,4
0.0,740,963,5,9,0.014,0.705,0,1,2,0,4
0.0,439,839,9,4,0.008,0.924,0,1,1,4,0
0.0,404,963,2,8,0.0,0.996,0,1,1,3,4
93.5,662,765,2,5,0.064,0.787,0,1,1,3,4
0.0,642,1613,2,8,0.091,1.0,0,1,1,4,4
105.24,556,1034,6,6,0.072,0.975,0,1,1,5,4
0.0,38,2,356,394,0.866,0.939,0,0,1,7,0
2.81,48,0,140,255,1.0,0.949,0,0,1,7,3
48.03,407,444,9,6,0.086,0.908,0,1,1,0,4
36.02,639,582,4,5,0.0,0.754,0,1,1,6,4
4.98,1154,283,7,6,0.0,1.0,0,1,2,7,4
43.52,190,1453,6,8,0.075,0.804,0,1,2,1,4
69.5,519,1925,7,9,0.039,1.0,0,1,1,4,4
36.92,447,1363,3,2,0.003,0.802,0,1,1,4,4
0.0,401,982,3,4,0.074,0.837,0,1,2,2,4
2.61,32,7,148,458,0.892,0.957,0,0,0,2,3
4.76,368,999,9,1,0.036,0.777,0,1,2,0,4
11.18,6,0,90,3,0.439,0.33,0,0,1,6,3
85.1,607,1949,3,1,0.095,0.828,0,1,1,1,4
13.66,40,552,2,2,0.08,0.909,0,1,1,3,4
33.76,101,326,14,8,0.239,0.435,1,0,1,7,4
0.0,814,1564,7,3,0.051,0.92,0,1,1,0,4
31.03,403,1328,6,5,0.0,1.0,0,1,1,5,4
0.0,460,225,8,1,0.016,1.0,0,1,1,4,4
0.0,67,0,234,152,0.847,0.973,0,0,1,3,0
64.31,723,539,2,1,0.096,0.811,0,1,2,6,2
0.08,25,4,27,12,0.74,0.375,0,0,1,7,3
0.0,0,501,3,2,0.0,0.919,0,1,1,4,4
1.71,30,2,456,309,0.965,0.927,0,0,0,7,3
2.44,33,0,356,236,0.795,0.963,0,0,1,6,0
46.3,113,703,4,1,0.085,0.814,0,1,1,0,4
46.96,382,2136,7,9,0.021,0.991,0,1,1,3,4
58.65,231,1176,7,2,0.029,0.975,0,1,1,2,4
32.84,568,315,6,7,0.005,0.956,0,1,1,7,4
2.1,47,0,158,313,0.767,0.909,0,0,1,1,0
5.73,66,0,130,482,0.983,0.954,0,0,2,4,0
0.44,26,0,38,5,0.359,0.0,0,0,1,6,3
4.86,27,0,117,500,0.904,0.935,0,0,2,4,0
45.95,694,1719,7,4,0.0,0.827,0,1,1,0,4
52.9,561,690,1,9,0.085,0.68,0,1,1,2,4
74.45,184,1593,5,8,0.045,0.89,0,1,1,0,4
35.01,578,562,2,4,0.0,0.958,0,1,1,2,4
0.46,26,0,164,494,0.794,0.942,0,0,1,0,3
33.84,393,611,9,3,0.046,1.0,0,1,2,3,4
45.3,333,1011,7,1,0.0,0.77,0,1,2,0,4
0.0,16,2,51,2,0.526,0.199,0,0,1,5,3
77.34,189,1156,6,4,0.028,0.901,0,1,1,3,4
0.0,0,2,91,6,0.574,0.158,0,0,1,2,4
142.86,827,1602,2,7,0.092,0.922,0,1,0,3,4
0.0,54,1,282,500,0.889,0.972,0,0,2,6,3
1.71,0,75,4,9,0.146,0.767,2,1,1,6,4
0.0,547,1083,1,9,0.083,0.908,0,1,1,7,2
41.12,0,800,4,2,0.061,0.868,0,1,1,6,4
50.6,488,468,3,5,0.013,0.626,0,1,2,0,2
10.15,319,665,2,4,0.062,0.884,0,1,1,5,4
94.2,781,2038,6,7,0.002,0.953,0,1,1,5,4
69.76,809,551,8,2,0.006,0.951,0,1,2,1,4
70.86,653,1553,2,7,0.075,0.827,0,1,1,6,4
87.19,197,1236,3,7,0.0,0.865,0,1,2,1,4
104.92,971,602,9,1,0.0,0.861,0,1,1,7,4
28.3,345,0,6,6,0.0,0.947,0,1,1,2,4
0.0,38,0,224,241,0.766,0.992,0,0,1,3,3
2.94,63,1,210,194,0.801,0.989,0,0,0,4,3
1.56,19,2,88,6,0.0,0.297,0,0,1,0,3
2.84,8,0,53,13,0.692,0.259,0,0,2,1,4
1.44,52,0,398,271,1.0,0.907,0,0,1,2,2
117.59,1112,979,6,6,0.032,0.936,0,1,1,7,4
39.05,139,1502,9,8,0.027,0.804,0,1,1,1,4
13.6,438,1122,3,4,0.051,0.954,0,1,2,0,4
55.66,490,1835,3,8,0.019,0.859,0,1,1,7,0
181.04,781,788,2,2,0.017,0.635,1,1,1,1,4
0.62,0,0,284,237,0.759,0.968,0,0,1,1,3
64.46,77,0,7,3,0.039,0.889,0,1,1,1,4
49.57,377,875,1,5,0.017,0.828,0,1,1,4,4
2.15,13,0,69,12,0.426,0.072,0,0,1,4,0
0.0,202,1177,3,6,0.0,0.928,0,1,2,2,4
111.6,364,1257,1,7,0.0,0.815,0,1,1,6,4
5.02,26,0,77,10,0.163,0.142,0,0,1,1,3
2.6,67,0,131,217,0.828,0.964,0,0,1,1,3
25.61,669,1848,3,4,0.0,0.899,0,1,2,2,4
45.24,799,957,1,5,0.0,0.827,0,1,1,6,2
2.03,36,0,114,234,0.847,0.975,0,0,1,2,3
7.07,0,336,8,8,0.101,0.186,4,0,1,7,4
0.45,93,0,200,440,0.832,0.956,0,0,2,0,3
79.32,0,851,4,2,0.062,1.0,0,1,1,5,4
44.94,780,0,6,9,0.0,0.974,0,1,1,0,4
35.71,1004,755,4,2,0.069,0.787,0,1,1,7,4
96.63,768,1439,6,7,0.0,0.838,0,1,1,5,1
0.74,29,0,391,189,0.821,0.846,0,0,1,0,0
79.82,541,1578,8,5,0.049,0.767,0,1,1,7,4
0.0,546,0,6,3,0.042,0.925,0,1,1,2,0
120.54,244,923,9,7,0.006,1.0,0,1,1,0,4
73.37,1343,0,6,2,0.0,0.88,0,1,1,1,3
20.88,716,926,1,4,0.0,0.801,0,1,1,2,4
35.94,0,978,7,1,0.098,0.978,0,1,1,6,4
46.37,302,1547,5,7,0.0,0.924,0,1,1,7,4
28.45,814,1605,1,6,0.02,0.826,0,1,1,0,4
87.19,245,841,4,1,0.0,1.0,0,1,1,0,4
111.94,1787,130,4,1,0.0,0.85,1,1,1,2,4
3.97,21,0,93,13,0.639,0.072,0,0,2,3,3
38.57,551,1168,6,6,0.039,0.956,0,1,1,3,4
4.56,38,0,188,469,0.92,0.942,0,0,2,5,0
64.75,0,1799,3,2,0.03,1.0,0,1,0,5,4
59.76,385,1638,3,7,0.0,1.0,0,1,1,0,4
2.35,19,0,52,9,0.756,0.0,0,0,1,7,3
0.0,175,886,1,6,0.0,0.99,0,1,2,3,4
32.64,410,859,4,6,0.103,0.97,0,1,1,1,4
5.95,576,729,7,5,0.013,0.992,0,1,1,1,4
54.61,572,648,2,5,0.013,0.895,0,1,1,7,4
41.32,114,1789,7,7,0.0,0.953,0,1,1,6,4
23.15,750,110,5,2,0.0,0.743,0,1,1,7,4
85.44,81,872,8,2,0.078,0.989,0,1,1,6,4
0.0,581,1710,3,6,0.015,0.897,0,1,2,5,4
1.01,0,0,276,321,0.8,0.913,0,0,1,6,0
63.98,421,988,4,8,0.082,0.914,0,1,1,7,4
85.87,684,1689,3,3,0.057,0.854,0,1,1,3,4
81.0,281,1862,6,1,0.0,0.955,0,1,1,1,4
4.44,179,1451,3,6,0.154,0.946,0,1,1,0,1
0.0,0,4,420,243,0.881,0.895,0,0,1,2,3
59.33,420,247,2,6,0.0,0.923,0,1,2,0,1
38.7,352,1206,2,3,0.053,1.0,0,1,2,2,4
138.52,0,337,1,3,0.024,0.791,0,1,1,1,4
89.12,371,535,3,3,0.064,0.803,0,1,0,6,4
2.3,329,41,8,2,0.014,0.989,0,1,2,1,4
31.43,270,1127,6,6,0.0,0.765,0,1,1,0,4
2.88,632,799,3,8,0.0,0.935,0,1,1,4,4
37.99,491,0,6,1,0.0,0.831,0,1,1,5,4
0.0,52,0,399,129,0.791,0.952,0,0,1,4,3
45.71,721,1006,1,7,0.0,0.877,0,1,1,5,4
100.57,632,1423,9,1,0.0,0.895,0,1,2,6,4
2.21,14,4,71,18,0.693,0.0,0,0,2,0,3
4.87,43,0,63,17,0.555,0.0,0,0,1,0,0
141.98,1366,218,9,1,0.032,0.731,0,1,2,7,4
45.31,107,458,2,5,0.022,0.887,0,1,0,5,4
0.89,53,0,110,117,0.789,0.961,0,0,1,2,2
0.0,202,1708,3,8,0.0,0.947,0,1,1,7,4
130.39,400,815,1,3,0.0,0.788,0,1,1,4,4
52.53,640,637,2,8,0.057,0.944,0,1,1,0,4
0.0,51,5,142,215,0.738,0.961,0,0,1,0,2
0.88,2,0,93,17,0.815,0.373,0,0,2,7,3
41.63,331,1465,4,2,0.0,0.823,0,1,1,0,4
5.19,347,413,5,5,0.111,0.908,0,1,2,4,4
37.32,805,809,9,6,0.0,1.0,0,1,1,6,4
4.37,25,0,165,311,0.78,0.924,0,0,1,3,2
0.0,19,0,85,6,0.374,0.0,0,0,1,5,3
126.11,740,1051,1,8,0.081,0.837,0,1,1,4,4
46.43,746,1279,7,9,0.0,0.973,0,1,1,6,4
15.63,0,1968,2,1,0.003,0.762,0,1,1,2,4
67.62,405,368,1,7,0.014,1.0,0,1,1,5,4
94.18,866,626,5,4,0.043,0.959,0,1,1,4,4
84.34,190,1063,1,2,0.05,0.821,0,1,1,2,4
0.16,72,0,282,348,0.95,0.945,0,0,0,0,2
102.59,573,1429,6,7,0.0,0.803,0,1,2,5,4
0.0,26,0,414,290,0.903,0.887,0,0,0,3,3
0.0,1072,703,8,4,0.082,0.738,0,1,2,4,4
55.26,860,1521,4,2,0.098,0.843,0,1,1,1,1
47.36,383,2104,1,5,0.04,0.753,0,1,1,3,4
48.55,556,634,3,4,0.195,0.86,0,1,1,0,4
0.0,8,5,29,11,0.201,0.0,0,0,1,2,0
0.0,24,0,21,16,0.191,0.313,0,0,1,0,3
45.65,533,1545,2,1,0.037,0.92,0,1,1,1,4
12.61,630,907,2,3,0.035,0.976,0,1,1,1,4
1.92,45,1,99,4,0.671,0.121,0,0,1,5,0
55.81,503,1321,8,7,0.016,0.793,0,1,1,3,4
51.47,425,424,3,6,0.0,0.603,0,1,0,5,4
52.58,591,1332,8,3,0.0,0.888,0,1,1,3,4
0.0,27,0,143,349,1.0,0.911,0,0,1,1,0
104.83,394,1378,5,5,0.021,0.978,0,1,2,4,4
88.03,913,225,1,4,0.0,0.83,0,1,2,1,4
57.73,0,576,1,5,0.031,0.896,0,1,1,4,4
0.0,61,0,203,112,0.776,1.0,0,0,2,4,0
10.3,240,1770,6,1,0.051,0.767,0,1,1,3,3
1.07,648,2109,3,3,0.0,0.888,0,1,1,1,4
0.0,9,0,286,343,0.786,0.954,0,0,1,6,0
79.23,878,654,6,8,0.0,1.0,0,1,1,5,4
15.88,103,307,12,5,0.245,0.451,3,1,1,3,3
0.0,95,0,482,481,0.992,1.0,0,0,1,3,3
46.08,400,586,4,8,0.0,0.844,0,1,1,7,4
42.32,763,466,1,5,0.005,0.986,0,1,1,7,4
3.05,0,1,484,486,0.85,0.897,0,0,2,5,3
34.84,641,420,7,9,0.043,0.897,0,1,1,6,4
67.85,627,1569,9,2,0.016,0.755,0,1,1,2,4
2.12,44,0,46,10,0.287,0.291,0,0,2,6,3
120.63,251,874,6,1,0.084,0.746,0,1,2,2,0
0.0,61,0,387,123,0.936,1.0,0,0,1,2,3
100.78,638,1106,1,6,0.048,0.946,0,1,1,7,4
91.39,400,1275,6,9,0.004,0.922,0,1,1,5,4
41.21,0,1363,6,1,0.039,0.778,0,1,1,6,4
51.9,469,735,6,8,0.086,0.991,0,1,1,0,3
33.82,676,1555,5,2,0.045,0.896,0,1,1,7,0
0.0,537,923,9,2,0.043,0.794,0,1,1,7,4
136.9,141,0,9,4,0.0,0.764,0,1,1,6,1
35.01,674,1177,1,2,0.064,0.875,0,1,2,4,4
81.12,1102,1715,1,7,0.032,0.935,0,1,1,0,1
90.44,833,952,9,5,0.058,1.0,0,1,1,5,4
69.09,132,879,1,9,0.084,0.991,0,1,1,4,4
0.0,64,0,221,209,0.82,0.935,0,0,1,1,3
0.0,11,4,334,253,0.866,0.966,0,0,1,2,3
186.93,439,1992,4,5,0.068,0.902,0,1,1,6,4
18.88,98,1226,7,8,0.102,1.0,0,1,1,6,4
69.7,587,997,5,8,0.033,0.846,0,1,1,7,4
0.0,427,1350,4,1,0.035,0.92,0,1,1,1,4
0.77,44,0,450,358,0.866,1.0,0,0,1,3,0
0.0,51,0,460,502,1.0,0.955,0,0,1,5,0
18.7,785,965,8,8,0.101,0.929,0,1,2,1,4
5.3,32,0,218,378,0.819,1.0,0,0,1,6,3
18.77,777,906,1,5,0.047,0.769,0,1,2,0,4
45.29,174,1864,9,5,0.04,0.715,0,1,1,5,4
4.54,25,3,35,16,0.242,0.049,0,0,2,1,0
90.78,530,144,4,7,0.08,0.976,0,1,1,5,4
33.38,25,1045,5,6,0.099,0.859,0,1,1,3,4
2.62,29,3,426,412,0.759,1.0,0,0,1,1,3
20.01,546,1301,7,7,0.035,0.885,0,1,1,1,4
61.91,333,1088,3,3,0.001,0.896,0,1,1,4,4
0.0,1,0,29,10,0.365,0.432,0,0,1,1,0
0.0,69,4,129,115,1.0,1.0,0,0,0,0,0
0.0,49,0,189,231,1.0,0.944,0,0,1,0,0
112.05,831,1948,5,7,0.0,1.0,0,1,2,0,3
1.28,0,1,86,2,0.587,0.24,0,0,1,5,0
77.19,604,1578,6,5,0.011,0.932,0,1,1,6,4
0.0,199,474,13,8,0.022,0.497,4,0,2,3,4
7.26,271,906,1,5,0.037,0.852,0,1,1,4,4
2.61,79,0,365,444,0.991,0.974,0,0,1,1,0
2.86,25,0,460,167,1.0,0.93,0,0,1,3,0
32.52,396,1429,8,8,0.0,1.0,0,1,1,2,4
62.97,0,1340,3,7,0.0,0.826,0,1,1,6,4
87.77,621,1712,8,9,0.011,1.0,0,1,1,7,4
31.58,894,1586,5,6,0.07,0.92,0,1,1,7,4
29.2,141,1456,3,7,0.071,1.0,0,1,1,4,4
105.75,968,94,6,1,0.065,0.872,0,1,1,5,4
1.01,21,0,24,9,0.504,0.409,0,0,1,7,3
0.0,523,1658,4,8,0.033,1.0,0,1,1,0,4
0.0,79,0,199,392,0.923,0.942,0,0,1,7,3
83.29,893,2491,5,6,0.0,0.797,0,1,2,5,4
43.64,100,1227,7,8,0.03,0.847,0,1,1,6,4
2.19,93,8,489,285,0.699,0.958,0,0,1,3,0
0.0,356,868,8,8,0.0,0.966,0,1,1,6,3
0.38,178,871,1,5,0.0,0.792,0,1,1,2,4
0.39,39,0,237,326,0.873,0.878,0,0,1,5,3
1.46,20,0,114,378,1.0,0.968,0,0,1,5,3
36.18,561,2002,4,2,0.048,0.963,0,1,1,7,4
1.63,36,0,443,190,0.823,0.879,0,0,1,1,0
20.09,348,281,2,2,0.224,0.487,3,1,1,1,4
22.82,192,534,11,4,0.218,0.545,2,0,1,0,3
2.16,70,0,345,232,0.972,1.0,0,0,2,0,2
0.34,45,0,280,301,0.816,0.986,0,0,1,4,0
0.0,71,7,440,440,0.942,0.954,0,0,1,1,3
13.96,366,837,2,6,0.093,0.816,0,1,2,6,4
7.6,644,1215,6,2,0.0,0.967,0,1,1,0,4
0.0,18,1,248,386,0.842,0.893,0,0,0,3,3
20.17,564,862,5,5,0.0,0.87,0,1,1,3,4
83.02,1093,757,2,3,0.028,0.937,0,1,1,0,4
60.97,459,1130,4,2,0.049,1.0,0,1,1,1,4
36.04,882,1054,1,7,0.117,0.934,0,1,1,4,2
14.99,0,1168,9,7,0.017,1.0,0,1,1,4,4
0.0,563,1941,6,2,0.0,0.654,0,1,0,3,4
45.29,662,1031,6,6,0.0,0.936,0,1,1,4,0
69.64,934,1300,2,3,0.049,0.839,0,1,1,0,4
37.08,355,899,5,2,0.05,1.0,0,1,1,7,4
0.0,57,7,451,247,0.865,1.0,0,0,1,1,0
62.33,587,1752,2,6,0.0,0.948,0,1,1,1,4
57.13,238,1015,1,7,0.052,0.801,0,1,1,4,4
53.38,78,0,6,5,0.075,0.917,0,1,2,4,4
77.25,542,1355,2,8,0.071,1.0,0,1,1,4,4
0.0,175,1042,3,6,0.028,0.787,0,1,1,7,4
51.26,689,1074,4,7,0.031,0.867,0,1,1,0,4
46.91,767,536,4,1,0.065,1.0,0,1,1,6,2
4.0,30,0,23,2,0.391,0.0,0,0,1,0,3
51.96,855,155,7,1,0.119,0.889,0,1,1,2,4
0.0,711,1965,5,2,0.0,0.982,0,1,2,7,3
52.3,371,1563,7,4,0.096,0.843,0,1,1,0,4
61.53,769,1558,3,7,0.09,1.0,0,1,1,3,4
61.54,506,0,1,6,0.036,0.944,0,1,1,6,4
1.33,38,0,198,361,0.991,0.914,0,0,1,5,3
25.21,610,1503,4,6,0.017,0.767,0,1,1,2,4
32.64,269,561,5,7,0.033,0.81,0,1,1,3,1
33.71,13,532,9,6,0.023,0.875,0,1,1,2,4
112.34,483,861,4,9,0.063,0.765,0,1,1,0,4
0.83,14,3,59,9,0.362,0.268,0,0,1,4,3
42.71,622,630,3,4,0.0,1.0,0,1,1,1,0
0.0,72,9,425,464,0.89,0.956,0,0,1,6,3
34.49,446,680,5,8,0.017,0.911,0,1,1,2,1
0.75,14,0,422,164,0.869,0.891,0,0,1,1,2
150.75,62,444,5,1,0.031,0.843,0,1,1,6,4
93.3,1472,1164,1,9,0.027,0.89,0,1,1,7,4
0.0,575,1046,8,1,0.042,0.811,0,1,1,5,4
14.06,700,180,5,8,0.0,0.938,0,1,1,3,4
90.41,742,26,5,1,0.027,0.798,0,1,1,6,4
50.58,396,875,4,8,0.0,1.0,0,1,2,1,4
106.15,554,1467,1,5,0.0,0.92,0,1,2,1,4
48.66,22,32,3,4,0.085,0.944,0,1,1,1,4
16.13,154,482,3,5,0.031,0.778,0,1,1,3,4
16.71,916,1021,4,1,0.025,0.868,0,1,1,2,4
2.54,20,0,173,497,0.86,0.938,0,0,1,3,3
41.19,330,606,3,5,0.012,0.769,0,1,1,2,4
104.77,983,664,8,8,0.039,0.803,0,1,1,2,4
98.11,772,1105,7,3,0.032,0.887,0,1,1,1,3
69.03,855,708,9,5,0.0,1.0,0,1,2,1,4
118.32,80,832,3,4,0.072,0.917,0,1,1,4,4
32.76,640,959,3,4,0.027,0.917,0,1,1,7,2
27.51,339,772,7,4,0.011,0.927,0,1,1,6,4
0.12,345,1039,2,4,0.0,0.94,0,1,1,1,4
55.07,164,1413,3,1,0.0,0.945,0,1,1,4,4
14.21,576,1083,1,8,0.031,0.815,0,1,1,1,4
34.5,245,1162,3,2,0.009,0.835,0,1,2,1,4
88.58,289,2309,2,4,0.079,0.87,0,1,1,6,4
71.59,830,1179,6,4,0.048,0.655,0,1,2,4,4
66.75,569,1729,1,6,0.0,0.88,0,1,1,3,4
146.18,500,329,3,2,0.0,0.873,0,1,1,4,4
7.28,686,1847,5,4,0.0,0.87,0,1,1,5,4
12.85,431,422,1,8,0.0,0.526,4,1,1,3,4
0.0,0,0,78,8,0.414,0.324,0,0,1,5,3
0.0,681,1651,2,9,0.055,0.948,0,1,1,5,0
28.22,1171,1898,7,7,0.0,0.815,0,1,1,3,4
32.77,59,1034,8,2,0.011,0.887,0,1,1,6,4
81.3,318,977,9,1,0.0,0.991,0,1,0,0,4
3.26,48,0,56,16,0.639,0.289,0,0,2,5,3
65.62,0,261,7,3,0.03,0.752,0,1,2,5,4
0.0,86,781,4,6,0.0,0.84,0,1,1,4,3
69.32,1072,1429,8,8,0.0,0.855,0,1,1,2,4
93.7,379,1324,8,6,0.0,1.0,0,1,1,1,4
57.47,801,1258,5,9,0.103,1.0,0,1,1,2,4
94.08,359,403,9,4,0.0,0.829,0,1,1,2,1
18.16,289,903,9,3,0.004,1.0,0,1,1,3,4
0.0,51,4,143,282,0.825,0.902,0,0,1,5,3
40.23,736,912,9,1,0.0,0.893,0,1,2,6,4
34.2,416,1261,7,7,0.0,1.0,0,1,1,2,4
26.37,556,0,6,9,0.0,0.917,0,1,1,4,4
117.22,363,674,2,1,0.0,0.818,0,1,1,1,4
40.87,889,853,4,5,0.022,0.904,0,1,1,2,4
73.57,800,938,8,5,0.0,0.852,0,1,1,4,4
17.65,504,914,6,3,0.0,0.965,0,1,1,5,4
30.94,154,976,3,6,0.048,1.0,0,1,2,1,4
36.97,156,149,4,7,0.015,0.967,0,1,1,3,4
4.53,60,0,472,422,1.0,0.98,0,0,1,4,0
0.0,56,0,349,229,0.972,0.929,0,0,2,0,2
6.4,603,1907,4,9,0.07,0.839,0,1,1,6,4
90.59,218,1900,3,9,0.019,0.727,0,1,2,2,4
1.19,0,0,392,272,0.911,0.942,0,0,2,7,3
0.0,48,0,172,497,0.805,0.966,0,0,2,6,2
98.61,446,1565,4,1,0.0,0.822,0,1,1,4,4
17.46,968,912,4,5,0.0,0.898,0,1,2,3,2
66.23,501,335,1,7,0.0,0.913,0,1,1,2,4
83.03,70,1481,6,3,0.046,0.82,0,1,1,0,2
132.47,619,1085,7,8,0.0,0.921,0,1,2,7,4
18.52,288,1505,4,5,0.046,0.796,0,1,2,7,4
15.05,196,847,8,7,0.027,0.855,0,1,1,3,4
43.46,107,1161,8,8,0.027,1.0,0,1,1,3,4
0.0,33,0,204,312,1.0,0.964,0,0,1,3,3
94.09,939,1487,9,9,0.0,0.844,0,1,2,0,4
16.76,247,275,13,9,0.0,0.41,1,0,1,3,3
0.0,598,1538,2,6,0.048,0.908,0,1,0,6,4
22.06,310,1314,3,6,0.0,0.914,0,1,2,0,4
2.82,0,0,268,109,0.846,0.942,0,0,1,2,3
117.2,432,955,7,4,0.023,1.0,0,1,1,6,4
0.0,171,1365,5,5,0.04,0.922,0,1,1,4,0
0.0,47,0,224,223,0.963,0.949,0,0,1,6,2
24.6,462,914,8,6,0.0,0.866,0,1,1,3,4
53.58,219,282,9,5,0.0,0.868,0,1,1,7,4
21.48,0,691,6,6,0.042,0.831,0,1,1,0,4
51.26,233,229,6,3,0.141,1.0,1,1,1,0,4
4.67,60,0,324,295,1.0,0.97,0,0,1,5,0
86.07,227,1385,1,3,0.103,0.84,0,1,1,2,4
0.0,76,3,327,308,0.922,0.942,0,0,1,3,3
15.86,0,0,6,4,0.033,0.71,3,1,1,7,4
1.55,57,0,458,409,0.917,0.974,0,0,2,3,0
75.04,1002,977,9,5,0.009,0.971,0,1,1,4,4
22.98,1154,1361,9,4,0.055,1.0,0,1,1,0,4
1.42,34,0,436,452,0.949,0.959,0,0,1,4,3
1.49,51,7,482,502,0.944,0.94,0,0,1,2,3
2.74,39,0,429,121,1.0,0.987,0,0,2,7,2
1.76,31,0,20,12,0.729,0.096,0,0,1,3,0
16.9,498,743,4,5,0.038,0.767,0,1,0,3,4
31.36,305,957,9,2,0.0,0.757,0,1,2,4,4
95.42,1063,892,3,2,0.019,0.833,0,1,2,3,2
69.25,419,537,6,4,0.0,0.952,0,1,0,7,4
0.7,70,9,193,382,0.885,0.962,0,0,2,0,3
13.73,254,617,14,2,0.124,0.692,2,0,1,4,4
0.0,751,934,7,5,0.0,0.857,0,1,2,5,4
96.18,528,932,6,5,0.072,0.871,0,1,1,3,4
96.96,582,370,5,3,0.0,1.0,0,1,2,3,1
0.28,56,4,487,199,0.958,0.921,0,0,2,7,3
49.29,147,856,2,1,0.056,0.972,0,1,1,5,4
0.0,360,296,9,7,0.184,0.268,4,1,1,3,4
37.89,384,1528,6,7,0.0,0.974,0,1,1,2,4
29.44,217,848,3,7,0.059,1.0,0,1,1,7,4
3.74,764,450,1,6,0.004,0.915,0,1,2,3,4
113.62,742,787,4,2,0.044,0.735,0,1,1,1,4
67.3,530,891,8,1,0.028,0.919,0,1,1,1,4
0.0,37,0,137,179,0.934,0.914,0,0,2,5,3
68.99,472,1453,3,6,0.044,0.962,0,1,1,4,4
6.02,462,1371,6,2,0.088,0.751,0,1,1,2,4
105.08,0,1984,7,5,0.008,0.939,0,1,1,0,4
19.05,807,940,7,5,0.085,0.951,0,1,1,2,4
20.88,668,434,5,3,0.034,0.977,0,1,1,1,4
3.45,0,0,148,314,1.0,0.882,0,0,1,7,3
51.12,756,1505,9,4,0.0,0.93,0,1,1,1,0
6.05,54,355,2,4,0.089,0.735,0,1,1,6,4
1.45,26,0,153,337,1.0,1.0,0,0,1,3,3
76.01,840,813,5,2,0.0,0.867,0,1,1,0,4
34.12,133,700,6,8,0.069,0.902,0,1,1,3,4
2.62,77,2,459,138,0.996,1.0,0,0,1,6,0
4.04,50,0,353,270,0.775,0.906,0,0,1,7,0
61.42,458,365,8,1,0.035,0.915,0,1,1,0,4
0.0,58,5,231,439,0.793,0.973,0,0,1,4,3
1.87,53,1,235,439,0.926,0.867,0,0,1,1,3
40.34,758,1240,1,1,0.043,0.943,0,1,2,1,4
0.58,19,0,351,176,0.93,0.943,0,0,1,1,3
63.02,801,0,8,2,0.0,0.943,0,1,1,7,4
60.63,1196,1413,1,1,0.0,0.951,0,1,1,6,4
0.0,543,1367,1,4,0.025,1.0,0,1,2,5,4
79.01,299,1311,8,8,0.017,0.782,0,1,1,6,0
0.0,74,13,398,420,0.931,0.924,0,0,0,0,0
0.0,33,0,185,264,1.0,0.967,0,0,2,3,0
4.23,520,2027,2,9,0.026,0.992,0,1,1,6,4
47.44,697,2187,8,7,0.059,0.988,0,1,1,4,4
46.27,278,1410,9,2,0.151,0.987,0,1,2,3,4
9.86,0,1860,3,2,0.026,0.751,0,1,1,0,4
0.0,0,1410,1,1,0.0,0.828,0,1,1,7,4
53.69,459,1813,7,4,0.064,0.776,0,1,1,7,4
58.57,435,1417,4,8,0.077,0.857,0,1,1,0,4
0.99,12,0,91,6,0.575,0.43,0,0,1,0,4
89.11,400,1865,9,3,0.021,0.775,0,1,1,3,4
1.48,100,0,156,108,0.996,0.864,0,0,1,2,3
18.47,270,1766,7,7,0.023,0.809,0,1,1,0,2
0.0,461,1018,6,3,0.061,0.878,0,1,1,4,4
13.27,528,408,3,2,0.0,0.849,0,1,1,2,4
32.3,745,1272,2,1,0.0,0.877,0,1,1,2,4
86.72,676,2136,9,6,0.081,0.872,0,1,2,6,4
78.73,350,1334,2,2,0.0,0.889,0,1,1,7,1
122.81,464,1505,1,6,0.001,0.912,0,1,1,4,4
13.72,639,1008,7,8,0.0,0.927,0,1,1,6,4
103.95,467,0,7,3,0.0,1.0,0,1,1,3,4
43.41,0,729,2,1,0.0,0.85,0,1,0,0,3
23.49,939,1043,1,7,0.0,0.926,0,1,2,6,4
44.42,385,792,1,8,0.0,0.895,0,1,0,1,4
29.55,597,1654,2,8,0.0,0.907,0,1,1,6,4
75.91,378,674,9,3,0.0,0.996,0,1,1,1,3
60.24,401,778,4,3,0.0,0.942,0,1,2,3,3
0.0,890,2132,5,4,0.0,0.983,0,1,1,3,4
1.72,116,179,3,1,0.048,1.0,0,1,2,1,4
3.27,72,3,185,228,0.909,0.967,0,0,1,6,0
46.03,816,1649,7,6,0.092,0.871,0,1,1,7,4
48.22,977,1001,2,9,0.0,0.862,0,1,1,4,4
0.0,99,85,5,9,0.0,0.975,0,1,2,3,4
1.9,17,0,188,305,0.816,0.861,0,0,1,6,0
2.88,26,4,286,282,0.924,0.917,0,0,1,1,2
26.53,115,647,1,5,0.024,0.995,0,1,1,7,4
2.13,105,0,507,469,0.827,0.871,0,0,1,6,3
0.0,684,1627,9,4,0.0,0.82,0,1,1,1,4
149.29,518,1737,4,5,0.0,0.859,0,1,1,5,0
97.7,936,684,5,2,0.051,0.8,0,1,0,6,4
22.48,789,845,1,2,0.042,0.785,0,1,2,1,4
126.9,350,487,7,4,0.083,0.802,0,1,1,4,4
0.0,447,1424,7,5,0.044,0.873,0,1,1,1,4
70.95,786,805,9,4,0.0,0.906,0,1,1,3,4
33.04,469,544,1,7,0.064,1.0,0,1,1,1,4
77.48,423,1922,6,5,0.062,0.946,0,1,1,6,4
0.65,43,2,426,337,0.923,0.861,0,0,1,6,3
30.41,338,203,13,6,0.0,0.552,2,1,1,1,3
2.77,98,0,333,315,0.965,0.904,0,0,1,4,2
69.55,1068,0,7,2,0.026,0.858,0,1,1,5,4
93.16,452,869,8,8,0.0,0.931,0,1,1,6,4
0.0,790,2382,8,4,0.035,0.747,0,1,1,6,4
0.86,29,0,399,263,0.998,0.994,0,0,1,1,3
61.97,462,415,7,6,0.106,0.93,0,1,1,3,4
0.0,849,1264,7,7,0.027,0.932,0,1,1,4,4
98.78,205,2870,3,3,0.035,0.985,0,1,1,5,4
157.93,1235,408,3,3,0.045,0.636,1,1,1,6,4
11.43,7,0,99,11,0.926,0.174,0,0,1,0,4
0.76,22,0,132,125,0.866,0.911,0,0,1,4,2
72.72,677,855,7,8,0.052,0.972,0,1,1,6,4
88.16,1357,1276,8,1,0.006,0.78,0,1,1,1,4
85.55,609,831,5,4,0.1,0.88,0,1,1,1,4
0.0,36,0,27,16,0.307,0.042,0,0,1,3,0
90.0,844,677,4,9,0.014,1.0,0,1,1,5,4
47.2,647,630,6,4,0.026,1.0,0,1,1,4,4
87.76,0,1045,2,3,0.009,0.955,0,1,1,7,4
13.55,896,186,1,2,0.054,0.703,0,1,2,2,4
94.67,411,1602,2,8,0.0,0.888,0,1,1,7,4
22.15,351,2167,9,3,0.006,0.895,0,1,1,0,4
0.0,495,0,3,3,0.12,0.626,0,1,1,3,4
52.07,603,793,9,4,0.042,0.872,0,1,1,4,4
44.34,0,52,1,1,0.148,0.627,2,0,1,0,4
2.7,27,5,39,14,0.693,0.278,0,0,1,4,3
1.16,15,0,97,19,0.729,0.22,0,0,2,4,3
0.0,357,1280,2,4,0.003,0.673,0,1,1,6,4
7.18,0,684,4,8,0.012,0.787,0,1,1,2,3
0.0,505,894,2,8,0.022,0.877,0,1,1,1,4
0.4,77,0,100,134,0.8,0.899,0,0,1,6,0
126.26,570,1117,2,2,0.0,0.945,0,1,1,5,4
111.39,1001,732,8,3,0.0,0.991,0,1,1,5,4
0.0,41,0,226,291,0.827,0.986,0,0,0,0,3
0.0,41,8,470,331,0.982,0.915,0,0,2,7,3
35.74,555,0,1,4,0.0,0.92,0,1,1,3,0
0.28,36,0,443,179,0.897,0.993,0,0,1,1,0
2.03,95,0,261,415,0.789,0.889,0,0,1,1,0
3.01,29,5,199,124,1.0,0.97,0,0,1,3,3
47.44,236,1495,9,1,0.064,0.877,0,1,1,1,4
13.3,859,1102,9,7,0.0,0.967,0,1,1,4,4
78.9,476,1186,7,6,0.0,1.0,0,1,1,0,4
0.0,66,1,341,408,0.886,0.916,0,0,1,7,0
46.24,698,1014,4,5,0.046,1.0,0,1,0,0,1
0.0,241,532,4,8,0.065,0.926,0,1,2,2,4
0.0,16,0,269,297,0.867,0.978,0,0,2,1,3
6.07,466,1025,7,6,0.012,0.915,0,1,1,7,4
2.74,96,0,372,387,0.993,0.896,0,0,2,1,3
66.21,352,1227,3,6,0.073,0.677,0,1,1,7,4
77.69,0,631,8,4,0.023,0.991,0,1,1,1,4
17.2,68,0,1,3,0.0,0.864,0,1,1,1,4
108.24,590,860,5,3,0.005,0.853,0,1,2,6,4
21.29,855,1303,5,9,0.025,0.915,0,1,1,0,1
54.97,780,935,9,8,0.04,0.915,0,1,1,4,4
0.87,36,1,180,364,0.912,0.926,0,0,2,1,2
86.93,485,844,7,7,0.0,0.844,0,1,2,1,4
11.18,422,1276,2,8,0.085,0.969,0,1,1,1,4
0.0,691,1759,7,2,0.042,0.823,0,1,1,6,4
136.1,0,536,4,1,0.0,0.596,0,1,2,3,4
43.46,0,0,8,9,0.004,0.662,0,1,2,6,4
2.0,30,0,162,429,0.846,0.97,0,0,1,4,3
1.57,30,4,152,457,0.827,0.906,0,0,0,3,3
77.95,675,919,5,8,0.0,0.81,0,1,1,7,4
26.84,404,1490,7,4,0.004,0.856,0,1,1,5,4
95.93,301,1031,6,9,0.0,0.801,0,1,2,2,1
63.56,147,33,5,6,0.019,0.984,0,1,1,4,4
87.83,218,2041,9,6,0.082,0.884,0,1,1,7,4
37.29,362,1277,3,4,0.0,0.802,0,1,2,1,4
52.61,564,0,6,4,0.018,1.0,0,1,1,4,3
0.86,69,0,244,501,0.996,1.0,0,0,1,7,3
4.38,26,1,69,18,0.476,0.397,0,0,1,3,3
21.44,492,1194,7,5,0.051,0.902,0,1,2,3,4
42.92,0,1117,6,5,0.0,1.0,0,1,1,6,4
29.93,212,1137,9,2,0.0,0.79,0,1,1,6,4
1.53,62,4,375,461,0.816,0.961,0,0,1,4,3
108.77,369,491,7,9,0.0,0.936,0,1,1,0,4
37.59,2,929,1,2,0.037,0.719,0,1,1,1,1
21.07,519,1219,2,9,0.009,0.847,0,1,1,1,4
0.0,31,0,63,11,0.596,0.0,0,0,2,2,3
107.06,740,979,8,9,0.054,0.759,0,1,1,6,4
37.35,1166,418,7,8,0.0,1.0,0,1,1,0,4
57.36,185,884,8,1,0.0,0.966,0,1,1,1,0
71.22,349,1008,8,2,0.0,0.969,0,1,2,0,3
100.97,47,1820,8,1,0.001,0.713,0,1,1,7,4
0.31,87,3,366,177,0.865,0.904,0,0,1,2,3
115.41,559,1302,7,8,0.006,0.903,0,1,2,1,0
0.0,797,85,9,2,0.0,0.804,0,1,1,2,4
43.82,833,2135,3,3,0.002,0.902,0,1,2,4,2
0.0,0,0,369,224,0.899,0.98,0,0,1,7,0
44.06,22,501,1,2,0.158,0.554,2,0,1,5,4
60.1,606,468,4,9,0.022,1.0,0,1,2,1,4
0.71,42,0,303,323,0.829,0.993,0,0,2,0,3
1.28,29,0,349,432,1.0,0.899,0,0,2,2,3
0.0,13,0,69,8,0.667,0.381,0,0,2,4,3
37.02,464,1144,6,5,0.066,1.0,0,1,1,5,4
41.99,301,825,4,6,0.043,1.0,0,1,1,4,4
0.0,24,2,198,200,0.823,0.932,0,0,1,2,2
17.39,213,1047,1,2,0.0,1.0,0,1,2,2,4
56.88,455,372,1,7,0.0,0.992,0,1,1,5,4
0.0,119,0,207,154,0.822,0.97,0,0,1,4,0
66.7,351,1118,7,3,0.101,1.0,0,1,1,3,4
41.27,517,1342,8,1,0.0,0.86,0,1,1,5,4
0.0,907,0,4,2,0.025,0.898,1,1,1,5,4
0.0,330,480,6,4,0.044,0.933,0,1,1,4,4
50.78,31,2321,2,6,0.0,0.935,0,1,1,7,4
27.56,1239,1179,5,1,0.001,0.713,0,1,1,4,2
53.03,450,501,3,8,0.046,0.896,0,1,2,3,4
0.0,55,0,214,288,0.672,1.0,0,0,1,4,3
64.96,112,68,1,4,0.0,0.86,0,1,1,3,2
43.15,49,1458,8,8,0.095,0.656,0,1,1,3,4
0.88,43,0,249,444,0.896,0.919,0,0,1,2,0
1.8,355,1097,6,9,0.0,0.808,0,1,1,1,4
51.06,679,1255,4,6,0.0,0.824,0,1,1,2,4
8.04,455,374,8,7,0.158,0.424,3,0,1,3,3
66.64,264,788,6,6,0.0,0.933,0,1,1,2,4
0.0,33,0,269,231,0.899,0.955,0,0,1,2,3
3.84,12,0,65,7,0.253,0.0,0,0,1,5,3
61.1,659,2220,2,8,0.002,0.929,0,1,1,1,4
48.4,500,0,4,3,0.0,0.608,0,1,1,6,4
157.55,75,2015,4,2,0.033,0.984,0,1,1,3,4
11.33,139,1195,7,1,0.0,0.918,0,1,1,6,4
0.0,347,474,7,4,0.0,0.736,0,1,1,2,4
24.25,543,435,6,5,0.051,0.848,0,1,1,1,4
128.85,402,801,5,2,0.0,0.913,0,1,2,7,4
27.94,516,1004,6,8,0.0,0.811,0,1,2,1,4
0.0,388,50,6,3,0.03,1.0,0,1,1,3,1
20.87,0,391,3,2,0.083,0.744,0,1,1,0,4
0.84,56,1,396,427,0.812,0.939,0,0,0,1,3
32.28,683,938,1,2,0.015,0.903,0,1,1,6,4
26.58,181,1710,1,8,0.0,0.806,0,1,1,6,1
102.69,490,709,4,9,0.009,1.0,0,1,1,2,4
5.05,7,0,80,4,0.063,0.474,0,0,1,4,0
2.31,15,3,52,19,0.526,0.234,0,0,2,3,3
19.88,1150,569,6,8,0.009,0.792,0,1,1,1,4
66.97,576,894,7,5,0.106,0.696,0,1,1,4,4
1.25,74,6,363,253,0.858,1.0,0,0,1,0,2
52.51,739,214,6,9,0.024,1.0,0,1,1,3,4
0.0,62,0,457,143,0.998,0.929,0,0,1,5,3
4.11,65,0,108,125,0.718,0.97,0,0,1,2,3
33.31,393,911,5,3,0.063,0.733,0,1,2,1,4
54.01,629,558,8,9,0.094,0.945,0,1,1,5,4
34.33,561,0,2,4,0.0,1.0,0,1,1,5,4
36.83,587,0,7,7,0.0,0.786,0,1,1,7,4
26.41,395,1299,7,7,0.065,0.968,0,1,1,7,4
73.77,312,1335,7,6,0.0,0.876,0,1,1,2,4
40.95,371,1051,2,8,0.034,0.895,0,1,1,5,4
0.0,944,320,5,5,0.148,0.765,0,1,1,4,4
64.45,72,600,3,9,0.025,0.931,0,1,0,3,4
4.03,23,0,177,289,0.887,0.965,0,0,1,1,3
0.0,1687,479,3,1,0.048,0.936,1,1,1,3,4
0.0,669,712,5,5,0.0,0.941,0,1,1,5,4
79.51,509,1792,2,2,0.079,0.856,0,1,1,0,4
44.89,1104,717,1,4,0.0,0.863,0,1,1,7,4
152.57,710,1705,4,7,0.0,0.858,0,1,1,1,4
70.89,210,1669,1,8,0.003,0.877,0,1,1,4,4
5.07,31,0,22,3,0.25,0.177,0,0,1,3,3
0.0,474,1383,2,1,0.031,0.891,0,1,2,2,4
37.8,1,2181,4,1,0.0,0.939,0,1,1,6,4
74.43,1163,0,2,6,0.0,0.979,0,1,1,6,0
0.74,29,0,352,281,1.0,0.982,0,0,1,1,3
105.17,577,1575,7,5,0.0,0.904,0,1,2,7,4
27.67,556,1133,5,1,0.0,0.892,0,1,0,4,4
0.0,16,0,33,8,0.405,0.338,0,0,1,4,3
41.55,460,303,2,1,0.08,0.847,0,1,2,1,4
51.44,271,0,8,9,0.0,1.0,0,1,1,4,4
19.98,214,359,10,3,0.0,0.477,4,0,1,5,4
49.25,402,254,7,6,0.057,0.981,0,1,1,2,4
0.0,70,1951,2,5,0.086,0.878,0,1,2,3,4
0.0,11,1,43,19,0.566,0.361,0,0,1,1,3
10.54,613,629,8,5,0.0,0.857,0,1,2,1,4
6.5,145,1449,2,5,0.0,0.668,0,1,1,1,4
37.08,849,1758,9,3,0.057,1.0,0,1,2,4,4
0.0,537,721,7,7,0.166,0.858,0,1,1,4,4
2.82,18,0,97,12,0.343,0.278,0,0,1,1,0
84.68,491,1753,5,1,0.054,0.821,0,1,1,0,4
22.95,594,393,3,3,0.041,1.0,0,1,1,1,4
114.94,493,189,6,7,0.063,0.915,0,1,0,1,4
0.0,50,2,366,206,0.904,0.915,0,0,1,3,0
106.79,318,882,2,1,0.033,1.0,0,1,0,1,4
0.63,38,0,104,139,0.927,0.905,0,0,1,0,3
32.59,363,1313,2,5,0.006,0.966,0,1,1,3,1
67.02,842,704,5,3,0.0,0.964,0,1,0,2,4
42.18,512,0,2,4,0.059,0.858,0,1,1,6,4
76.62,690,1599,2,5,0.0,0.941,0,1,1,0,4
16.02,122,7,12,5,0.201,0.368,2,0,1,4,4
0.0,232,1251,2,8,0.009,0.819,0,1,2,7,4
66.61,512,774,8,9,0.0,0.883,0,1,2,5,4
45.93,488,915,8,3,0.1,0.877,0,1,1,7,4
91.15,466,2137,8,9,0.0,0.972,0,1,1,1,4
24.96,321,196,2,6,0.053,0.888,0,1,1,5,4
186.51,1169,8,1,4,0.107,0.886,1,1,2,4,4
4.25,67,0,71,4,0.413,0.394,0,0,1,2,0
20.36,341,913,5,5,0.034,0.833,0,1,1,7,4
65.94,508,685,4,6,0.048,1.0,0,1,1,5,4
9.42,173,1678,7,8,0.029,0.831,0,1,1,4,4
80.96,0,583,8,5,0.0,0.919,0,1,1,2,4
0.0,298,443,2,2,0.037,0.923,0,1,2,7,0
0.29,63,0,248,134,0.745,0.926,0,0,1,1,2
0.0,406,68,5,1,0.086,0.774,0,1,2,3,4
53.82,0,0,8,5,0.02,0.767,0,1,1,1,4
3.93,52,0,292,250,0.856,0.962,0,0,1,3,2
0.0,2,622,9,2,0.01,1.0,0,1,1,7,4
21.15,681,688,4,4,0.0,0.867,0,1,2,5,4
45.57,8,1195,4,6,0.07,0.922,0,1,2,7,0
24.63,132,1558,1,6,0.081,0.843,0,1,1,6,4
96.08,815,277,1,6,0.034,0.955,0,1,1,3,4
43.07,615,2162,9,5,0.0,0.855,0,1,1,3,4
0.24,42,0,393,399,0.92,0.935,0,0,2,0,2
0.71,0,0,421,133,1.0,0.923,0,0,1,5,0
0.0,649,1391,5,6,0.001,0.839,0,1,1,5,4
0.0,44,0,204,313,0.802,0.923,0,0,1,4,3
2.1,47,5,372,394,0.578,0.909,0,0,1,1,2
2.43,40,0,68,11,0.238,0.055,0,0,1,5,3
0.0,49,0,313,412,0.814,0.938,0,0,1,7,3
2.31,92,3,207,211,0.871,0.941,0,0,1,5,3
120.52,166,599,2,3,0.006,0.893,0,1,1,1,4
17.78,717,616,6,6,0.015,0.89,0,1,0,5,4
0.53,0,1,20,14,0.707,0.092,0,0,1,6,3
40.2,373,171,9,2,0.06,0.83,0,1,1,6,4
44.99,427,995,5,1,0.019,1.0,0,1,0,1,4
6.56,924,963,8,6,0.044,0.861,0,1,1,1,4
0.13,46,1,355,445,0.771,0.888,0,0,1,0,0
1.33,28,2,57,2,0.388,0.057,0,0,1,4,4
0.0,644,1783,1,8,0.056,0.802,0,1,1,2,4
0.0,897,1166,4,4,0.0,0.932,0,1,2,1,4
23.21,308,595,9,6,0.0,0.965,0,1,1,2,4
66.13,739,623,1,1,0.03,0.825,0,1,2,0,4
42.64,947,1922,3,3,0.0,0.968,0,1,0,2,4
10.16,744,2148,1,2,0.0,0.845,0,1,1,4,4
85.83,0,924,8,2,0.022,0.817,0,1,1,1,4
0.0,851,158,4,4,0.054,0.744,0,1,2,1,4
73.02,896,627,3,4,0.0,0.942,0,1,1,1,4
37.97,530,1798,7,4,0.088,0.997,0,1,1,2,4
27.5,878,323,7,7,0.07,0.903,0,1,1,7,4
39.69,516,879,2,9,0.0,0.951,0,1,1,1,4
54.77,518,980,6,8,0.068,0.976,0,1,1,7,0
42.54,4,75,7,1,0.225,0.75,4,0,1,3,4
41.54,981,675,4,4,0.01,0.935,0,1,1,3,0
60.96,959,858,7,9,0.0,0.844,0,1,0,3,4
0.0,637,213,4,7,0.0,0.956,0,1,1,7,1
41.62,364,1144,5,7,0.115,0.789,0,1,2,4,4
1.92,0,0,99,6,0.212,0.238,0,0,1,2,0
42.3,566,824,8,8,0.023,0.886,0,1,1,2,4
0.59,57,0,352,182,1.0,0.914,0,0,1,3,3
2.66,0,1542,8,8,0.0,0.853,0,1,2,0,4
1.12,30,0,262,388,1.0,0.968,0,0,1,1,3
28.71,309,167,3,4,0.0,0.681,2,0,1,3,4
30.16,737,1581,2,8,0.045,1.0,0,1,2,2,4
21.68,409,1053,7,1,0.02,0.762,0,1,2,5,4
75.38,493,1226,5,2,0.072,1.0,0,1,1,7,4
0.87,48,0,326,446,1.0,0.923,0,0,2,7,3
0.0,996,1330,2,7,0.078,0.976,0,1,1,5,4
16.17,260,598,4,8,0.024,0.997,0,1,1,4,4
1.58,185,1629,8,3,0.046,0.884,0,1,1,3,4
80.61,379,1533,5,8,0.021,0.86,0,1,2,0,4
20.81,381,1772,9,3,0.0,0.906,0,1,1,7,3
0.0,894,592,9,7,0.038,0.847,0,1,1,1,4
2.09,41,6,434,309,0.962,0.975,0,0,1,0,0
42.4,294,1040,2,2,0.033,0.914,0,1,1,0,4
1.32,337,689,4,5,0.02,0.799,0,1,1,7,4
8.09,405,308,3,3,0.0,0.882,0,1,2,1,4
94.28,136,985,7,1,0.036,0.947,0,1,1,5,4
54.17,439,965,4,6,0.071,0.909,0,1,1,4,1
38.46,785,1734,2,6,0.068,0.768,0,1,1,1,0
0.38,36,0,102,225,0.916,1.0,0,0,1,2,2
1.64,21,5,342,223,1.0,0.879,0,0,1,0,3
37.35,830,0,5,4,0.048,0.886,0,1,1,1,4
0.0,44,8,209,366,1.0,0.965,0,0,1,2,0
2.94,73,0,323,154,0.847,0.921,0,0,1,5,2
103.37,1383,1156,3,7,0.0,0.705,0,1,1,7,4
3.16,70,0,192,146,1.0,1.0,0,0,1,0,3
54.97,0,193,11,6,0.075,0.663,3,0,1,3,3
58.5,563,1354,7,9,0.061,0.67,0,1,1,7,4
73.15,584,1635,7,8,0.029,1.0,0,1,2,6,4
58.02,544,598,3,3,0.091,1.0,0,1,1,2,4
54.53,515,570,8,6,0.065,0.942,0,1,2,0,4
1.61,9,4,54,5,0.156,0.29,0,0,0,1,0
2.79,14,0,62,12,0.246,0.31,0,0,0,4,0
0.0,435,0,3,4,0.144,0.898,0,1,1,1,4
95.75,338,1596,3,5,0.0,0.945,0,1,1,7,1
3.93,209,357,5,5,0.106,0.458,2,0,1,5,4
0.0,295,1399,8,6,0.078,1.0,0,1,1,1,4
94.06,965,1160,1,3,0.035,0.932,0,1,1,0,4
2.93,29,0,274,364,0.986,0.942,0,0,1,7,3
35.56,104,1595,5,8,0.0,1.0,0,1,2,1,4
107.68,465,111,2,3,0.001,0.777,0,1,1,7,4
29.14,337,1557,5,4,0.0,1.0,0,1,2,6,3
0.0,491,1467,3,8,0.07,1.0,0,1,1,3,4
47.46,635,44,7,5,0.0,0.79,0,1,1,3,4
40.62,0,829,3,4,0.0,1.0,0,1,1,2,4
55.77,14,1103,3,3,0.027,0.779,0,1,1,1,4
99.2,451,2122,6,2,0.0,0.915,0,1,2,0,4
63.96,262,1454,1,5,0.0,1.0,0,1,1,7,4
47.01,654,1791,2,4,0.0,1.0,0,1,1,0,4
7.83,17,0,27,15,0.632,0.23,0,0,1,4,0
43.15,660,1880,2,8,0.093,0.817,0,1,1,4,4
37.99,623,494,3,2,0.01,0.975,0,1,1,1,4
41.2,904,233,9,6,0.008,0.858,0,1,2,2,4
119.61,0,1981,9,7,0.073,1.0,0,1,1,1,4
97.07,0,110,1,5,0.07,0.695,0,1,1,4,4
34.39,424,742,7,2,0.025,0.851,0,1,2,5,4
27.27,632,1239,1,2,0.0,1.0,0,1,1,7,4
102.03,209,1109,9,8,0.0,0.918,0,1,1,6,4
92.83,388,1495,8,7,0.065,0.955,0,1,1,2,4
88.29,92,1632,8,3,0.059,0.716,0,1,2,3,4
30.91,874,1266,2,1,0.011,0.878,0,1,2,7,4
68.58,528,767,1,7,0.099,0.821,0,1,1,3,4
11.5,238,1596,5,8,0.006,0.855,0,1,1,7,4
0.01,74,0,243,364,0.911,0.971,0,0,1,6,3
128.63,1049,0,4,6,0.0,0.823,0,1,1,0,4
0.0,354,536,3,3,0.034,0.943,0,1,0,1,4
0.0,65,0,298,109,0.869,0.986,0,0,1,7,3
4.45,22,0,253,486,0.946,0.939,0,0,1,0,2
128.58,750,1246,9,7,0.026,0.853,0,1,2,1,4
3.7,0,0,81,13,0.227,0.034,0,0,1,4,0
6.55,39,0,23,9,0.43,0.117,0,0,1,4,4
0.0,52,2,226,261,1.0,0.939,0,0,1,0,2
0.0,349,764,3,5,0.001,0.814,0,1,1,6,4
1.69,76,3,132,306,0.898,0.902,0,0,0,1,0
71.62,362,817,6,2,0.019,0.868,0,1,2,4,4
14.05,548,468,8,6,0.0,0.76,0,1,1,2,4
0.0,660,471,2,4,0.03,0.744,1,1,2,1,4
1.54,52,1,447,472,0.926,0.874,0,0,2,7,0
18.14,380,818,6,9,0.019,0.888,0,1,1,6,4
1.27,46,0,260,319,0.925,0.897,0,0,1,2,3
3.13,43,3,39,13,0.691,0.126,0,0,2,1,3
39.15,351,506,5,2,0.0,0.895,0,1,1,6,3
19.27,595,687,8,5,0.0,1.0,0,1,1,3,4
103.44,546,1799,2,7,0.03,0.804,0,1,1,5,0
27.21,879,1268,4,2,0.0,1.0,0,1,1,5,4
50.76,351,2280,6,6,0.043,0.871,0,1,2,4,0
21.32,659,998,7,8,0.0,1.0,0,1,1,4,4
0.0,0,7,293,405,0.983,1.0,0,0,0,5,3
83.25,952,879,4,4,0.119,0.889,0,1,1,0,4
22.3,429,127,5,3,0.066,0.721,0,1,1,1,4
12.37,539,1801,3,6,0.022,1.0,0,1,1,5,4
16.82,371,1246,5,3,0.054,0.744,0,1,1,5,4
0.0,1086,1841,5,2,0.0,0.781,0,1,1,5,4
0.0,696,196,5,2,0.06,0.97,0,1,1,0,1
11.69,886,856,9,7,0.048,0.984,0,1,1,1,4
13.45,213,1200,4,3,0.0,0.863,0,1,2,7,4
79.52,34,2021,9,9,0.06,0.959,0,1,1,7,4
43.1,152,1979,7,4,0.0,1.0,0,1,1,5,4
86.7,386,1115,3,5,0.07,1.0,0,1,1,0,4
40.72,647,573,4,9,0.017,1.0,0,1,1,3,4
0.0,57,0,277,306,0.875,0.965,0,0,1,0,3
105.8,414,121,6,9,0.0,0.886,0,1,1,0,4
82.45,765,776,4,8,0.11,0.669,0,1,1,0,4
4.06,49,0,139,179,1.0,0.96,0,0,1,7,3
112.36,280,522,5,4,0.039,0.868,0,1,1,4,4
27.38,563,960,7,7,0.12,0.753,0,1,1,7,4
71.27,629,1196,5,1,0.0,0.9,0,1,1,3,4
53.52,406,1209,7,3,0.0,0.955,0,1,1,5,4
31.47,825,1323,5,6,0.067,1.0,0,1,1,5,4
47.09,550,885,7,7,0.072,0.923,0,1,2,7,4
41.1,396,790,8,7,0.0,1.0,0,1,1,7,4
1.42,74,0,436,454,0.896,0.962,0,0,1,5,2
15.12,26,812,3,1,0.0,0.863,0,1,1,7,4
58.92,785,317,8,7,0.121,0.881,0,1,1,7,4
56.59,12,1168,9,7,0.016,1.0,0,1,1,3,4
33.18,725,1536,3,4,0.004,0.919,0,1,1,5,2
28.67,1016,750,4,1,0.011,0.806,0,1,1,1,4
3.97,24,2,225,102,0.807,0.932,0,0,2,2,3
56.25,764,508,1,7,0.0,0.975,0,1,1,6,4
39.14,401,1891,6,5,0.0,0.87,0,1,1,7,4
70.03,415,221,3,1,0.05,0.95,1,1,2,7,4
2.74,82,9,364,348,0.853,0.881,0,0,1,2,3
80.57,45,554,6,9,0.0,0.933,0,1,1,2,4
64.79,781,1722,8,7,0.0,0.925,0,1,1,1,4
2.74,24,2,494,316,0.948,0.872,0,0,1,4,0
44.44,474,0,9,7,0.0,0.95,0,1,1,4,4
43.83,425,1689,9,6,0.0,0.955,0,1,1,5,4
99.98,429,1653,1,9,0.068,0.806,0,1,1,4,4
0.0,486,882,5,5,0.098,1.0,0,1,1,7,4
29.04,387,1893,1,4,0.078,0.982,0,1,1,2,4
0.0,994,989,6,7,0.0,0.94,0,1,2,7,1
2.22,68,0,402,137,0.862,1.0,0,0,1,2,3
0.23,78,1,197,349,0.859,0.959,0,0,1,4,3
104.29,464,613,5,7,0.064,0.942,0,1,1,1,4
106.4,537,1220,2,4,0.0,0.787,0,1,1,4,4
67.54,389,1132,6,5,0.014,0.83,0,1,2,2,4
1.27,56,3,257,172,0.716,0.898,0,0,1,4,3
57.91,772,642,4,4,0.0,1.0,0,1,1,5,4
32.27,116,505,9,9,0.069,0.746,0,1,1,0,4
7.14,26,1,92,3,0.574,0.0,0,0,2,6,3
8.45,540,1472,9,3,0.038,0.878,0,1,2,1,4
28.1,531,1318,5,4,0.078,0.872,0,1,1,5,4
0.0,0,1391,3,8,0.069,1.0,0,1,1,6,4
1.52,4,0,92,7,0.649,0.315,0,0,1,7,4
50.32,1318,1100,8,7,0.0,0.905,0,1,1,6,0
96.99,464,1232,8,1,0.042,0.936,0,1,1,7,4
52.27,986,1919,9,4,0.105,0.755,0,1,0,6,3
82.11,344,1520,9,6,0.0,0.851,0,1,1,5,1
69.55,691,0,2,7,0.0,0.877,0,1,1,5,4
14.28,278,55,2,7,0.078,1.0,0,1,1,3,4
0.99,27,0,71,14,1.0,0.245,0,0,1,0,4
0.42,2,1,60,15,0.632,0.399,0,0,1,1,0
65.44,586,410,6,3,0.0,0.974,0,1,1,7,4
2.68,5,2,83,7,0.399,0.303,0,0,2,6,4
61.95,64,1061,6,2,0.051,0.79,0,1,1,1,3
0.0,48,1,369,168,0.844,1.0,0,0,1,3,3
62.03,295,98,8,9,0.0,0.782,0,1,1,4,4
22.4,760,1125,2,7,0.046,0.895,0,1,1,1,4
79.36,373,1366,6,1,0.0,1.0,0,1,2,7,4
65.75,299,1445,8,5,0.073,0.861,0,1,1,7,0
49.46,512,1388,6,1,0.041,0.753,0,1,2,4,4
0.0,1,1,176,308,0.812,0.93,0,0,1,1,0
36.36,369,1070,2,3,0.021,0.749,0,1,1,5,4
0.0,25,0,148,464,0.845,0.922,0,0,2,6,3
1.63,64,0,223,510,0.733,1.0,0,0,2,3,3
29.07,566,708,6,7,0.046,0.936,0,1,0,7,4
0.0,471,1844,9,9,0.098,0.774,0,1,1,7,4
0.0,11,618,4,6,0.087,0.922,0,1,1,5,4
60.4,379,1445,8,4,0.058,0.977,0,1,1,6,4
0.78,0,0,86,7,0.502,0.222,0,0,2,6,0
88.42,627,217,4,5,0.0,0.977,0,1,2,5,4
0.0,41,1,238,128,0.776,0.947,0,0,1,1,0
45.62,559,525,4,4,0.002,0.966,0,1,1,3,4
0.0,576,291,1,9,0.088,0.773,0,1,1,6,0
53.52,364,960,5,5,0.07,0.949,0,1,1,2,4
107.9,725,2147,7,5,0.0,0.744,0,1,1,7,4
2.22,36,0,302,143,0.756,0.935,0,0,1,6,3
0.0,231,169,2,2,0.128,0.574,2,1,1,4,4
103.61,425,686,1,6,0.013,0.787,0,1,1,5,4
27.7,490,505,5,6,0.038,1.0,0,1,1,3,3
60.2,446,1002,1,8,0.0,0.788,0,1,1,4,4
83.4,370,1488,3,5,0.052,0.862,0,1,1,4,3
1.59,54,0,119,488,0.806,0.944,0,0,1,1,3
71.81,438,1822,7,6,0.048,0.98,0,1,1,7,4
79.15,103,1344,2,7,0.0,1.0,0,1,1,3,3
126.24,834,1330,8,6,0.0,0.975,0,1,1,1,4
66.71,478,156,3,2,0.0,0.983,0,1,1,4,4
41.98,710,0,8,4,0.0,0.722,0,1,1,4,4
4.56,0,5,89,6,0.497,0.276,0,0,1,2,0
2.42,67,0,269,427,0.889,0.932,0,0,2,1,0
123.17,127,718,7,4,0.0,0.902,0,1,1,1,4
3.04,25,4,504,471,0.928,0.942,0,0,1,0,0
0.0,79,744,4,8,0.035,0.876,0,1,1,7,2
0.0,91,8,123,113,0.968,1.0,0,0,1,5,3
1.72,103,4,255,117,0.887,0.967,0,0,1,7,2
99.12,486,1598,5,1,0.0,0.886,0,1,1,0,4
65.49,405,1253,1,7,0.063,0.977,0,1,1,4,4
54.66,514,1449,3,3,0.0,0.893,0,1,1,5,4
49.3,166,514,3,4,0.0,0.871,0,1,2,0,4
41.23,343,1206,5,3,0.001,0.957,0,1,1,6,4
101.02,737,434,9,1,0.035,0.949,0,1,1,0,4
39.39,624,1463,3,1,0.067,0.982,0,1,1,6,4
62.17,1140,535,8,3,0.0,0.862,0,1,1,3,4
106.3,227,1028,5,1,0.014,0.765,0,1,1,7,4
66.48,618,0,3,5,0.064,0.83,0,1,1,6,4
6.02,206,2453,4,7,0.063,0.998,0,1,1,3,4
80.08,384,0,9,5,0.021,0.948,0,1,1,1,4
0.0,644,0,2,6,0.0,0.828,0,1,1,2,4
106.21,122,1180,2,5,0.0,0.852,0,1,1,5,4
0.0,1222,1561,5,2,0.039,0.916,0,1,1,7,4
5.33,52,1,55,6,0.761,0.095,0,0,2,3,3
1.29,100,0,138,334,0.881,1.0,0,0,1,4,3
0.0,36,1,368,247,0.909,0.94,0,0,1,1,3
1.71,36,0,78,12,0.617,0.364,0,0,1,0,3
1.64,22,0,202,261,0.979,0.94,0,0,2,2,2
71.4,435,1524,6,1,0.015,0.785,0,1,1,6,3
11.48,1010,1747,6,2,0.0,0.842,0,1,2,2,4
21.77,391,571,4,4,0.04,0.72,0,1,2,3,4
108.94,957,921,1,3,0.0,0.948,0,1,1,4,1
54.55,0,1667,2,9,0.0,0.927,0,1,2,0,4
0.0,1068,1180,1,9,0.032,0.819,0,1,2,0,4
80.59,613,1343,6,3,0.0,0.943,0,1,1,7,4
64.11,247,1098,4,6,0.075,1.0,0,1,1,2,4
37.39,250,1265,9,3,0.0,0.936,0,1,2,0,4
99.59,538,0,4,7,0.01,0.865,0,1,2,1,3
15.84,877,939,8,7,0.0,1.0,0,1,2,7,4
0.0,515,234,1,2,0.049,0.896,0,1,1,6,4
42.62,709,933,4,9,0.026,0.842,0,1,1,3,1
0.0,0,1526,7,2,0.07,0.637,0,1,1,3,4
0.0,30,0,28,16,0.745,0.0,0,0,1,3,3
0.0,473,896,5,9,0.03,1.0,0,1,2,4,3
2.14,101,3,120,423,0.805,1.0,0,0,1,7,3
4.6,26,0,198,335,0.865,0.939,0,0,2,4,2
6.28,38,2,318,247,0.931,0.937,0,0,1,6,0
76.41,205,946,1,4,0.0,0.856,0,1,2,0,4
72.3,175,1202,9,4,0.07,1.0,0,1,1,1,4
75.0,331,0,3,9,0.11,0.957,0,1,1,6,4
8.57,150,321,9,1,0.0,1.0,1,0,1,6,3
42.41,258,481,8,2,0.0,1.0,0,1,1,0,4
94.34,184,1200,6,3,0.0,0.821,0,1,1,6,4
75.06,282,365,9,1,0.102,0.709,0,1,1,5,4
2.25,74,0,208,432,0.869,1.0,0,0,1,5,0
6.45,1076,1478,8,6,0.006,0.94,0,1,1,4,4
30.08,688,1706,1,9,0.0,0.894,0,1,1,3,4
103.28,782,720,7,6,0.044,0.801,0,1,1,4,4
28.81,69,152,11,9,0.104,0.602,2,0,1,2,4
1.93,823,2342,1,5,0.0,0.884,0,1,0,5,4
0.0,12,4,124,242,1.0,0.934,0,0,2,4,3
44.73,544,1635,2,1,0.021,0.968,0,1,1,1,4
0.63,22,4,164,393,0.824,1.0,0,0,1,5,3
77.28,446,2433,5,6,0.04,1.0,0,1,1,0,0
23.25,259,332,4,5,0.285,0.59,2,0,1,6,4
33.72,650,102,2,5,0.019,0.875,0,1,1,4,4
70.37,574,923,8,5,0.049,0.939,0,1,1,6,4
126.88,79,1354,7,3,0.0,0.863,0,1,2,1,4
68.73,864,1990,6,7,0.012,0.97,0,1,1,2,4
71.99,919,2616,1,8,0.0,0.968,0,1,1,6,4
1.3,3,1,41,4,0.296,0.363,0,0,1,4,0
4.1,89,5,151,182,0.881,0.997,0,0,1,0,0
26.56,347,581,1,1,0.076,0.926,0,1,1,4,4
66.27,440,625,7,2,0.061,0.827,0,1,2,2,4
3.14,809,0,6,7,0.078,0.918,0,1,1,0,4
62.56,178,30,2,4,0.045,0.778,0,1,2,4,4
46.47,0,277,6,3,0.0,0.862,0,1,1,0,4
4.81,28,0,69,16,0.352,0.243,0,0,1,1,3
0.88,0,0,331,333,0.942,1.0,0,0,1,5,3
0.01,0,6,241,200,1.0,0.966,0,0,1,4,0
80.25,566,1540,4,2,0.004,0.823,0,1,1,7,4
3.94,85,2,214,124,1.0,0.874,0,0,1,1,2
94.75,413,847,6,2,0.088,0.894,0,1,2,6,4
44.85,105,2007,8,6,0.0,0.654,0,1,1,3,4
89.57,45,550,9,9,0.0,0.844,0,1,1,1,4
17.08,20,694,6,5,0.095,1.0,0,1,1,7,4
63.64,486,875,9,2,0.0,0.95,0,1,2,7,4
91.92,832,288,7,3,0.024,1.0,0,1,1,4,4
13.63,261,1007,2,3,0.023,0.955,0,1,1,7,4
0.99,22,0,42,15,0.294,0.28,0,0,2,3,4
78.65,863,697,2,3,0.139,0.734,0,1,2,7,4
0.96,45,0,375,200,0.877,0.934,0,0,1,2,2
2.82,54,1,503,194,0.894,1.0,0,0,2,6,3
0.0,524,968,6,7,0.0,0.729,0,1,1,4,4
0.0,121,0,8,9,0.108,0.45,1,1,2,7,4
56.89,299,2108,6,5,0.0,0.971,0,1,1,4,4
63.72,401,461,8,2,0.036,0.907,0,1,2,5,0
36.27,715,1290,9,5,0.064,0.928,0,1,1,3,3
77.68,204,1498,3,5,0.058,0.993,0,1,1,7,4
35.78,871,800,8,7,0.037,1.0,0,1,1,3,4
80.32,614,1026,7,8,0.029,0.975,0,1,1,5,2
24.5,0,563,1,6,0.0,0.996,0,1,2,0,2
97.0,2,1534,2,8,0.007,1.0,0,1,1,1,4
55.7,761,1712,7,9,0.014,0.936,0,1,0,6,4
130.33,302,1156,6,7,0.031,0.816,0,1,1,5,4
0.0,45,0,116,184,0.838,1.0,0,0,1,1,3
0.0,421,2531,2,9,0.04,1.0,0,1,1,5,4
0.0,21,0,168,127,0.731,0.977,0,0,1,5,0
48.08,186,457,1,8,0.044,0.891,0,1,1,4,4
0.0,0,1497,5,1,0.0,0.791,0,1,1,7,4
16.15,769,591,9,8,0.07,0.879,0,1,1,4,4
50.77,203,790,8,5,0.051,0.994,0,1,2,7,4
77.93,663,1614,9,3,0.0,0.993,0,1,1,7,4
0.0,33,0,465,257,0.958,0.882,0,0,2,1,3
30.25,937,1040,6,6,0.0,1.0,0,1,1,7,4
4.23,714,815,1,3,0.025,0.855,0,1,1,1,1
37.86,1231,1343,6,3,0.0,0.712,0,1,1,6,0
53.25,722,1785,3,1,0.03,0.9,0,1,2,6,4
96.79,555,1662,8,3,0.0,0.884,0,1,1,0,1
1.42,48,0,231,236,0.911,0.882,0,0,1,4,3
67.67,530,1652,9,2,0.002,0.952,0,1,1,3,4
34.0,450,1301,4,1,0.072,0.931,0,1,1,2,4
0.0,62,1865,8,1,0.091,0.709,0,1,1,4,4
90.78,140,709,3,5,0.014,0.807,0,1,1,2,4
18.87,518,948,4,7,0.012,0.853,0,1,2,4,2
73.02,186,679,9,5,0.022,0.897,0,1,1,3,4
56.27,923,1774,3,2,0.025,0.933,0,1,1,5,4
0.1,714,1025,9,6,0.0,1.0,0,1,1,1,3
0.0,754,1489,3,4,0.074,1.0,0,1,1,4,4
0.18,1,3,138,242,0.789,1.0,0,0,1,3,3
84.73,358,0,9,9,0.044,0.947,0,1,1,6,4
121.04,621,469,3,5,0.0,1.0,0,1,2,2,4
5.53,495,1399,3,4,0.0,0.807,0,1,1,2,4
0.0,710,682,2,6,0.091,0.966,0,1,1,6,4
35.94,1223,800,9,2,0.07,0.846,0,1,1,4,2
0.57,8,3,94,11,0.389,0.313,0,0,2,3,4
5.11,28,1,94,7,0.832,0.297,0,0,2,0,0
39.44,665,1868,5,9,0.0,0.805,0,1,1,7,4
12.96,416,836,2,4,0.045,0.915,0,1,1,2,4
30.81,381,2232,5,2,0.093,0.788,0,1,1,2,4
54.95,99,405,4,6,0.0,0.847,0,1,1,5,0
4.51,17,0,49,16,0.376,0.222,0,0,1,7,3
57.71,1004,1868,4,7,0.022,0.877,0,1,1,5,4
16.78,682,1560,9,2,0.097,0.987,0,1,2,2,4
78.85,375,1604,8,4,0.076,0.899,0,1,1,1,0
77.86,506,25,5,8,0.012,0.819,0,1,1,7,4
1.06,48,2,405,125,0.89,0.904,0,0,1,1,3
31.93,695,2023,5,2,0.0,0.908,0,1,0,6,4
0.0,670,1642,7,1,0.09,1.0,0,1,1,6,4
87.36,621,1968,2,8,0.029,1.0,0,1,1,0,4
0.89,22,0,24,15,0.188,0.238,0,0,1,2,0
0.0,32,0,460,428,0.949,0.999,0,0,2,5,0
0.0,4,6,163,103,0.723,0.911,0,0,2,4,3
70.8,545,1179,3,8,0.002,0.875,0,1,1,2,4
1.04,31,3,39,17,0.668,0.48,0,0,1,0,3
0.0,84,722,7,6,0.0,0.831,0,1,1,1,1
66.06,231,1296,3,1,0.0,0.885,0,1,1,7,4
56.98,623,581,6,2,0.004,0.856,0,1,1,5,4
0.0,44,0,297,374,0.856,0.97,0,0,2,2,3
20.49,842,1164,8,6,0.075,0.796,0,1,1,0,4
0.0,103,0,338,253,1.0,0.832,0,0,1,5,3
100.58,1012,2095,7,6,0.0,0.954,0,1,1,0,4
26.89,1195,581,2,4,0.112,0.82,1,1,1,1,4
32.41,122,959,1,4,0.074,0.8,0,1,1,7,4
0.0,68,0,429,432,0.798,0.903,0,0,1,2,0
66.67,0,1239,3,7,0.044,0.876,0,1,1,5,4
1.06,31,0,429,479,0.836,0.946,0,0,2,7,2
39.29,475,553,7,7,0.0,0.911,0,1,1,3,4
20.47,488,204,6,3,0.0,0.878,0,1,1,4,4
42.03,387,2159,5,5,0.03,0.941,0,1,1,6,4
1.16,21,3,258,140,0.981,0.971,0,0,1,1,3
0.0,1,6,233,286,0.849,0.966,0,0,1,2,3
0.0,889,1859,6,3,0.038,1.0,0,1,2,3,4
0.53,0,0,372,127,1.0,0.953,0,0,1,3,0
34.75,1057,1178,3,1,0.03,0.847,0,1,1,6,1
4.28,32,0,228,174,0.841,0.891,0,0,1,2,3
0.0,19,1,53,19,0.382,0.037,0,0,1,1,0
64.5,117,833,5,4,0.008,0.898,0,1,1,5,4
29.74,246,564,6,1,0.015,1.0,0,1,1,7,4
2.65,78,0,293,433,1.0,0.919,0,0,1,6,3
56.27,613,1303,7,2,0.0,0.757,0,1,2,7,4
99.8,69,1381,9,6,0.021,0.87,0,1,1,1,1
5.64,0,0,87,18,0.451,0.268,0,0,1,4,3
6.76,578,1388,7,8,0.0,0.789,0,1,1,5,3
63.55,1031,269,4,3,0.11,0.841,1,1,1,0,4
71.52,704,795,1,4,0.0,1.0,0,1,2,2,4
2.97,161,967,4,3,0.141,0.606,3,0,1,0,4
93.87,582,924,5,8,0.0,0.915,0,1,1,5,4
41.26,206,144,8,9,0.017,0.854,0,1,1,4,4
44.02,639,441,2,6,0.0,0.886,0,1,1,4,4
59.28,534,1832,6,5,0.077,0.846,0,1,1,7,4
2.77,21,0,49,2,0.661,0.333,0,0,2,4,3
87.65,965,925,1,3,0.031,0.884,0,1,1,1,4
15.51,201,420,3,9,0.118,0.574,4,1,1,0,4
0.0,60,0,334,195,0.978,0.973,0,0,1,0,3
57.68,283,996,4,4,0.032,0.877,0,1,0,6,4
0.93,14,0,84,19,0.416,0.0,0,0,1,4,0
0.95,34,4,257,491,0.971,0.881,0,0,1,1,3
72.54,839,331,2,1,0.012,0.955,0,1,1,7,4
0.0,24,0,41,18,0.34,0.0,0,0,1,1,3
69.65,257,1389,3,5,0.042,0.754,0,1,2,2,4
119.26,408,1041,7,6,0.0,0.977,0,1,1,6,4
91.67,666,855,3,1,0.0,0.927,0,1,2,3,4
29.69,411,208,10,1,0.0,0.684,2,0,1,0,3
53.58,462,1580,1,4,0.0,0.849,0,1,1,7,4
22.95,950,1269,6,4,0.009,0.9,0,1,1,1,4
19.19,310,1245,4,7,0.022,0.991,0,1,2,2,4
3.53,69,0,403,445,0.857,0.973,0,0,1,2,3
37.57,520,596,5,6,0.06,0.758,0,1,1,5,4
0.0,1307,388,2,9,0.018,0.878,0,1,2,1,4
45.89,252,733,4,6,0.066,0.817,0,1,1,6,0
77.65,257,582,6,1,0.045,0.92,0,1,1,2,4
61.93,660,1481,5,9,0.03,0.827,0,1,1,4,4
77.3,478,473,9,5,0.065,0.897,0,1,1,4,3
69.78,728,1127,6,9,0.0,0.751,0,1,1,2,1
2.69,27,4,51,3,0.576,0.198,0,0,2,5,0
64.43,684,1130,7,2,0.109,0.691,0,1,2,5,4
92.77,289,433,2,8,0.0,0.874,0,1,1,0,4
44.11,623,512,2,4,0.041,0.885,0,1,1,7,1
7.46,25,1,81,14,0.773,0.0,0,0,1,6,3
0.0,64,0,447,136,0.991,0.97,0,0,1,3,0
96.56,768,0,6,7,0.102,0.972,0,1,2,1,4
36.68,780,0,8,3,0.06,0.795,0,1,1,4,4
113.69,351,1838,3,7,0.1,0.935,0,1,1,2,4
2.4,94,0,229,192,0.722,0.991,0,0,1,4,3
3.1,386,741,6,2,0.0,0.955,0,1,1,2,4
0.0,508,866,5,7,0.084,0.891,0,1,1,7,4
77.88,0,1435,7,8,0.011,0.897,0,1,0,4,4
0.0,207,286,4,1,0.133,0.704,2,1,1,0,4
60.79,454,972,7,2,0.026,0.722,0,1,1,1,4
50.21,240,1259,2,4,0.056,0.866,0,1,1,1,4
156.3,69,1328,3,7,0.027,0.984,0,1,1,3,4
54.75,263,1443,5,2,0.014,0.951,0,1,1,6,4
15.12,483,1595,2,7,0.0,0.574,0,1,2,5,4
63.48,243,769,2,8,0.0,0.771,0,1,1,1,4
2.77,74,0,456,382,0.959,0.911,0,0,1,1,3
43.76,507,1462,8,1,0.069,0.689,0,1,1,6,4
97.96,0,945,9,9,0.018,0.942,0,1,2,5,4
0.94,23,0,23,13,0.564,0.002,0,0,1,7,3
109.52,627,0,5,9,0.0,0.858,0,1,1,6,1
0.0,415,2078,9,7,0.0,0.856,0,1,1,2,4
61.4,529,1334,2,5,0.0,0.897,0,1,1,1,4
38.79,201,395,1,4,0.106,0.701,2,0,1,0,4
34.25,952,1931,4,1,0.024,0.9,0,1,1,0,4
28.66,616,750,1,1,0.139,0.768,0,1,1,2,4
0.38,2,0,388,262,0.956,0.971,0,0,1,3,3
4.77,0,0,110,357,0.855,0.907,0,0,1,6,2
1.19,68,1,420,106,0.86,0.956,0,0,1,3,3
0.0,257,893,4,4,0.069,1.0,0,1,2,1,4
1.06,73,0,396,253,0.826,0.928,0,0,1,4,3
18.39,374,693,8,5,0.022,0.792,0,1,1,2,4
43.43,0,304,3,4,0.014,0.961,0,1,1,5,4
42.61,319,1075,7,4,0.052,0.993,0,1,1,1,4
111.02,737,798,9,6,0.0,0.742,0,1,1,1,4
50.4,666,1011,3,5,0.029,0.966,0,1,1,6,4
0.0,126,0,168,472,0.972,0.948,0,0,1,6,0
59.23,288,1633,2,6,0.0,0.789,0,1,1,5,4
62.24,84,415,9,3,0.0,0.925,0,1,1,4,4
84.95,771,685,8,5,0.0,0.944,0,1,1,6,1
0.0,19,0,204,312,0.914,0.925,0,0,1,4,0
73.11,494,664,6,5,0.0,0.876,0,1,1,7,4
39.85,631,0,3,1,0.026,0.904,0,1,1,2,4
95.68,294,845,4,7,0.084,0.788,0,1,1,1,4
3.37,497,560,7,4,0.014,0.908,0,1,1,7,4
68.08,759,1368,1,4,0.0,0.833,0,1,1,7,4
54.13,728,1277,3,5,0.105,0.849,0,1,1,4,4
48.91,776,1099,5,8,0.042,0.806,0,1,1,4,4
93.79,462,403,8,1,0.0,0.916,0,1,1,1,0
0.0,9,0,253,295,0.79,0.88,0,0,1,1,2
63.9,0,1718,9,2,0.0,0.692,0,1,2,6,4
59.28,582,0,7,3,0.016,0.77,0,1,1,5,4
53.66,141,687,7,8,0.1,0.984,0,1,1,0,4
34.88,157,1056,3,9,0.05,0.802,0,1,2,2,4
150.42,0,1552,4,7,0.0,0.957,0,1,1,3,4
3.71,78,0,117,432,0.818,0.873,0,0,2,7,3
10.64,740,1918,7,4,0.0,0.948,0,1,1,2,4
0.0,74,2,313,395,1.0,0.984,0,0,2,0,0
74.18,354,961,4,5,0.0,1.0,0,1,0,0,4
52.24,221,980,9,9,0.065,0.84,0,1,1,0,1
0.0,26,2,211,278,0.814,0.944,0,0,1,2,3
71.88,882,1045,4,5,0.016,0.852,0,1,1,3,4
0.0,53,1,276,272,0.815,0.947,0,0,1,0,3
0.91,20,3,43,3,0.33,0.181,0,0,1,5,3
57.34,0,1229,3,7,0.04,0.976,0,1,1,6,4
88.99,340,602,8,1,0.008,0.854,0,1,1,2,1
14.75,245,985,2,7,0.0,0.999,0,1,1,6,4
20.5,58,304,5,5,0.058,0.47,1,1,1,7,4
43.16,989,798,1,9,0.0,0.843,0,1,1,1,2
40.03,993,1341,7,7,0.013,0.903,0,1,1,5,4
59.03,285,354,5,7,0.0,0.798,0,1,1,6,4
22.54,909,1209,3,4,0.041,0.894,0,1,1,6,4
0.0,484,1122,2,2,0.095,0.817,0,1,2,1,4
39.3,930,687,3,9,0.046,0.815,0,1,1,0,0
1.7,75,0,145,187,0.944,0.974,0,0,1,6,3
53.32,899,1104,8,8,0.0,0.964,0,1,2,2,4
72.24,397,844,5,4,0.0,0.915,0,1,2,6,0
2.27,45,3,425,232,1.0,0.921,0,0,1,6,3
8.75,871,736,1,3,0.07,0.885,0,1,2,3,2
57.96,711,1610,3,9,0.054,0.837,0,1,2,4,4
62.59,204,390,5,5,0.0,0.635,0,1,2,4,4
0.0,26,1,73,14,0.147,0.066,0,0,1,4,3
48.46,330,261,3,3,0.134,0.795,0,1,1,3,4
96.32,0,1246,1,5,0.0,0.841,0,1,1,3,4
0.0,615,166,3,2,0.0,0.702,0,1,1,2,3
76.97,323,453,6,2,0.0,0.752,0,1,2,3,4
211.16,899,316,4,3,0.045,0.802,1,1,1,0,4
0.0,497,298,4,6,0.056,0.891,0,1,1,2,4
111.45,879,836,8,7,0.0,0.976,0,1,1,2,4
46.77,769,948,9,5,0.026,0.824,0,1,1,3,4
16.1,400,532,6,5,0.067,0.821,0,1,1,0,4
0.0,102,0,417,389,0.955,1.0,0,0,1,3,0
57.63,957,1096,4,6,0.0,0.841,0,1,1,5,4
42.9,1117,1820,5,9,0.0,1.0,0,1,2,0,4
46.51,605,552,3,2,0.0,1.0,0,1,1,1,4
123.67,335,646,4,2,0.117,0.997,0,1,0,5,4
73.0,0,1189,3,4,0.0,0.81,0,1,1,6,4
63.2,46,1146,4,9,0.017,0.922,0,1,0,7,4
4.51,24,0,60,10,0.662,0.237,0,0,1,2,3
2.05,32,3,223,486,1.0,0.917,0,0,1,6,3
1.91,22,3,339,169,0.906,0.99,0,0,1,1,3
42.89,820,567,7,6,0.023,0.924,0,1,2,7,4
62.43,0,346,1,5,0.0,0.962,0,1,0,4,4
22.56,498,739,5,9,0.008,0.747,0,1,1,7,4
16.66,792,384,5,8,0.029,0.895,0,1,1,2,1
3.04,92,4,196,237,0.934,0.91,0,0,1,5,3
3.61,70,5,130,131,1.0,0.96,0,0,2,6,0
64.24,571,1298,6,5,0.02,0.923,0,1,1,4,3
55.71,487,1457,8,1,0.091,0.824,0,1,0,7,4
8.26,597,1691,2,8,0.0,0.897,0,1,1,4,4
0.0,10,0,146,356,0.988,0.986,0,0,1,1,0
31.95,0,472,10,6,0.075,0.628,2,0,1,5,4
38.44,590,597,1,7,0.014,0.947,0,1,1,3,4
0.47,22,0,272,423,0.871,0.971,0,0,2,5,3
32.0,240,230,7,1,0.142,0.961,0,1,0,4,4
115.96,527,0,9,4,0.059,0.794,0,1,1,6,4
6.06,231,911,7,8,0.0,0.888,0,1,1,7,4
6.66,11,0,67,3,0.435,0.112,0,0,1,6,3
72.22,664,1029,3,5,0.0,0.928,0,1,1,2,4
0.0,54,0,470,383,0.95,0.868,0,0,1,6,3
2.68,65,0,348,338,0.961,0.93,0,0,1,3,3
105.86,393,821,5,5,0.042,0.867,0,1,1,6,4
26.22,364,1057,9,1,0.083,0.806,0,1,1,5,4
0.0,50,3,321,442,0.856,0.945,0,0,1,2,0
60.88,286,405,3,1,0.07,0.973,0,1,1,2,4
53.99,747,96,1,6,0.0,0.927,0,1,1,7,4
70.6,326,1426,6,1,0.0,0.952,0,1,1,2,4
0.0,628,1761,4,9,0.063,0.886,0,1,1,2,2
47.52,1085,1027,4,8,0.0,1.0,0,1,2,5,4
13.86,1096,2415,2,4,0.037,1.0,0,1,1,5,4
97.54,569,786,2,9,0.0,1.0,0,1,1,1,0
24.33,283,0,10,7,0.0,0.64,1,0,1,2,4
4.83,37,0,432,473,0.896,0.981,0,0,1,0,2
35.11,833,899,4,5,0.016,0.916,0,1,1,3,0
2.33,28,0,251,420,0.946,1.0,0,0,1,7,2
0.0,985,2074,7,5,0.0,1.0,0,1,1,2,4
3.51,71,0,351,418,0.845,0.96,0,0,2,4,0
0.46,23,0,147,162,0.803,0.966,0,0,1,4,2
95.8,580,754,5,9,0.0,0.832,0,1,2,6,4
75.92,851,1306,1,9,0.005,0.941,0,1,1,7,4
10.0,0,0,44,14,0.648,0.433,0,0,2,5,0
86.69,409,802,3,4,0.068,1.0,0,1,2,0,0
14.9,328,223,3,1,0.153,0.406,3,0,1,0,4
58.68,0,795,4,8,0.062,0.905,0,1,1,6,4
112.68,198,1088,3,7,0.079,0.86,0,1,1,3,4
39.45,585,555,8,8,0.021,0.956,0,1,2,3,4
0.0,59,0,391,250,1.0,0.923,0,0,1,0,2
37.0,472,2535,3,9,0.059,0.804,0,1,2,7,4
4.01,21,0,329,295,1.0,0.9,0,0,1,0,3
0.0,89,0,399,249,0.919,0.893,0,0,1,4,3
45.9,226,454,10,8,0.047,0.557,1,0,1,3,3
0.91,75,0,387,267,0.662,0.893,0,0,1,4,0
51.95,635,509,3,6,0.0,0.799,0,1,1,6,1
0.37,122,0,421,248,0.862,0.918,0,0,1,0,0
2.08,84,0,108,339,1.0,0.902,0,0,1,5,3
66.96,588,985,2,4,0.044,0.814,0,1,1,7,4
27.7,203,1769,6,5,0.0,1.0,0,1,1,7,4
11.7,413,49,1,2,0.0,0.78,1,1,1,0,4
11.38,568,1248,7,7,0.0,0.759,0,1,2,0,4
5.91,27,3,343,296,1.0,0.94,0,0,1,1,3
18.15,337,1555,6,1,0.05,0.933,0,1,1,6,4
33.58,510,755,1,2,0.101,0.784,0,1,1,0,4
0.0,297,1251,5,7,0.0,0.809,0,1,2,1,4
48.61,738,1272,9,1,0.0,0.819,0,1,1,7,4
27.5,308,1173,8,1,0.006,1.0,0,1,1,1,2
14.11,0,602,4,7,0.0,0.611,2,1,1,0,4
0.0,14,0,33,13,0.288,0.236,0,0,1,2,3
35.34,906,1117,6,9,0.018,0.76,0,1,1,0,0
78.69,0,0,8,4,0.0,0.988,0,1,2,6,4
1.32,80,0,392,493,0.907,1.0,0,0,2,1,3
14.2,372,1346,2,4,0.08,1.0,0,1,1,4,4
7.06,15,7,89,13,0.939,0.223,0,0,1,3,0
1.61,45,0,286,115,0.928,0.963,0,0,1,2,0
1.77,34,0,91,7,0.931,0.338,0,0,1,7,0
12.76,603,741,7,4,0.004,0.991,0,1,1,2,4
1.19,10,2,257,144,0.855,0.97,0,0,1,7,3
26.82,281,497,6,1,0.112,0.669,3,0,1,3,4
66.86,412,839,6,6,0.0,0.911,0,1,1,3,4
19.73,572,1188,2,9,0.138,0.892,0,1,1,3,2
0.69,89,0,141,215,0.732,1.0,0,0,1,5,3
55.69,331,2354,3,6,0.08,1.0,0,1,1,7,4
129.74,653,1488,7,5,0.008,0.788,0,1,1,5,1
50.56,604,1957,7,9,0.0,0.817,0,1,1,5,4
0.21,20,0,204,108,0.858,0.998,0,0,0,3,0
27.56,0,769,4,4,0.0,0.875,0,1,1,6,2
0.0,632,598,7,9,0.027,0.865,0,1,1,5,2
22.05,514,1272,5,8,0.0,0.978,0,1,1,7,4
12.08,762,994,6,4,0.009,0.933,0,1,1,1,4
41.71,1076,1869,4,6,0.013,0.847,0,1,2,7,4
1.06,40,1,346,491,0.789,0.958,0,0,1,1,3
112.99,512,1870,9,5,0.0,0.887,0,1,1,3,4
71.09,465,745,6,5,0.0,1.0,0,1,1,3,4
0.0,243,1098,1,1,0.0,0.74,0,1,2,2,4
51.73,342,883,6,7,0.045,0.995,0,1,1,4,4
99.34,1072,295,7,7,0.086,0.906,0,1,1,0,4
0.0,56,0,162,224,0.793,0.966,0,0,1,2,3
0.0,296,33,4,7,0.0,0.931,0,1,1,0,4
3.62,9,0,407,236,1.0,1.0,0,0,1,6,3
24.15,529,721,3,7,0.063,0.875,0,1,1,0,0
40.4,277,976,1,8,0.044,0.858,0,1,2,5,4
39.23,152,835,9,1,0.0,1.0,0,1,1,1,4
0.0,221,672,5,3,0.04,0.784,0,1,2,3,4
61.77,847,1088,9,9,0.0,0.804,0,1,1,3,4
5.68,16,0,81,12,0.457,0.244,0,0,2,6,4
1.02,40,0,178,261,0.81,0.983,0,0,1,0,3
100.58,446,1618,9,6,0.0,0.755,0,1,1,3,4
4.88,22,0,28,2,0.496,0.073,0,0,1,0,3
65.02,352,523,3,9,0.0,0.788,0,1,1,1,4
21.93,506,573,5,8,0.038,0.91,0,1,1,7,4
83.61,1000,773,3,8,0.0,0.899,0,1,2,7,4
0.0,885,773,1,7,0.032,0.827,0,1,1,6,4
5.51,27,0,374,493,0.827,0.897,0,0,2,4,0
0.0,597,895,4,2,0.01,0.894,0,1,1,5,4
0.0,54,6,321,101,0.935,0.972,0,0,1,3,3
103.42,912,402,4,2,0.09,0.911,0,1,1,2,4
10.92,371,1159,9,8,0.0,0.743,0,1,1,4,4
0.0,361,1468,5,8,0.089,0.912,0,1,0,6,4
25.22,356,7,3,7,0.0,0.869,2,1,2,4,4
62.02,734,425,6,9,0.0,1.0,0,1,1,2,4
6.63,5,0,68,6,0.153,0.173,0,0,0,6,3
0.0,14,0,148,334,0.904,0.96,0,0,1,4,0
116.39,248,2099,3,6,0.0,0.747,0,1,1,0,4
0.0,474,1184,4,8,0.0,1.0,0,1,2,6,4
104.19,227,806,3,4,0.036,0.985,0,1,1,6,4
1.02,39,6,157,248,0.882,0.96,0,0,2,7,3
1.42,44,4,231,306,0.928,0.978,0,0,1,4,0
0.88,62,4,114,299,0.861,1.0,0,0,1,4,0
10.82,839,1500,9,8,0.0,0.785,0,1,1,5,4
1.61,1,3,486,480,0.874,1.0,0,0,1,3,3
0.35,913,262,4,5,0.0,0.865,0,1,1,3,2
1.53,7,0,150,359,0.862,0.865,0,0,1,1,0
3.04,21,3,197,198,1.0,0.927,0,0,1,0,3
0.0,765,744,3,2,0.091,0.767,0,1,1,7,4
69.75,433,1172,7,5,0.002,0.923,0,1,1,7,4
29.33,118,297,6,8,0.112,1.0,0,1,1,5,4
1.51,22,4,343,250,0.963,0.98,0,0,2,6,2
41.31,401,1289,7,9,0.033,0.875,0,1,1,3,4
104.1,845,1165,7,3,0.0,0.899,0,1,1,3,4
0.0,648,221,6,8,0.0,0.903,0,1,2,0,1
52.46,68,1487,5,6,0.0,0.947,0,1,2,4,4
0.72,99,7,204,251,0.861,0.938,0,0,1,3,3
10.34,721,493,5,4,0.097,0.973,0,1,1,1,2
58.26,788,1194,2,3,0.075,0.933,0,1,1,4,4
19.51,368,0,10,3,0.177,0.635,4,1,2,6,4
92.4,63,1052,1,2,0.12,0.996,0,1,1,6,4
9.57,223,1643,9,2,0.017,0.739,0,1,0,3,4
0.0,93,0,342,332,0.898,0.872,0,0,1,4,2
45.18,517,1217,1,4,0.018,0.977,0,1,0,4,4
3.79,286,1189,3,8,0.052,0.762,0,1,1,0,4
83.91,386,1212,6,9,0.0,1.0,0,1,1,1,2
89.6,217,0,2,6,0.0,0.845,0,1,1,6,4
124.02,35,1634,7,7,0.0,0.997,0,1,1,2,4
21.31,197,710,7,1,0.03,1.0,0,1,1,1,4
5.37,28,8,421,270,1.0,0.951,0,0,1,5,3
0.0,227,452,3,4,0.0,0.747,0,1,2,2,4
1.19,16,0,76,17,0.674,0.21,0,0,1,1,3
84.7,491,1103,4,3,0.075,0.922,0,1,1,0,4
0.27,0,1,319,110,0.814,0.94,0,0,2,6,2
2.47,317,497,7,5,0.0,0.847,0,1,1,5,4
48.01,968,910,5,9,0.052,1.0,0,1,1,1,4
46.58,654,576,5,8,0.0,1.0,0,1,0,3,4
0.0,73,0,481,471,0.878,1.0,0,0,1,4,0
97.9,1005,1112,4,5,0.015,0.967,0,1,1,1,4
71.89,0,1389,7,5,0.013,0.814,0,1,1,4,4
12.04,257,1024,3,7,0.014,1.0,0,1,1,0,4
3.88,51,2,185,280,0.92,0.868,0,0,1,6,3
66.84,492,49,6,9,0.098,0.969,0,1,1,0,1
112.73,446,575,1,4,0.037,0.77,0,1,1,6,0
63.38,256,869,5,3,0.041,0.913,0,1,1,7,4
41.36,470,1620,8,7,0.049,0.871,0,1,1,4,4
36.73,519,622,6,3,0.028,1.0,0,1,1,5,4
52.6,663,674,3,6,0.03,0.993,0,1,0,1,4
6.06,75,0,473,204,0.934,0.874,0,0,1,6,0
11.2,878,328,6,2,0.122,0.806,0,1,1,5,4
0.69,458,1083,5,4,0.09,0.902,0,1,1,2,4
47.87,751,1470,9,3,0.0,0.804,0,1,1,6,2
54.01,381,1072,3,1,0.064,1.0,0,1,1,4,4
42.65,663,995,5,5,0.052,0.967,0,1,2,1,4
0.0,677,0,7,1,0.064,0.771,0,1,1,0,4
62.57,359,348,3,4,0.071,0.938,0,1,1,2,4
75.95,755,1214,6,8,0.0,1.0,0,1,0,5,4
0.0,50,0,185,402,0.834,0.97,0,0,0,5,3
45.93,440,651,8,4,0.0,1.0,0,1,1,3,4
0.0,95,1410,7,5,0.008,0.849,0,1,1,4,4
29.36,424,205,3,9,0.224,0.866,4,1,1,3,4
131.6,608,825,3,5,0.0,0.813,0,1,2,3,4
39.41,673,509,7,2,0.058,0.923,0,1,1,5,4
41.59,313,623,9,1,0.0,1.0,0,1,1,0,4
14.65,757,1192,5,8,0.077,0.91,0,1,0,3,4
107.4,1011,1556,3,3,0.0,0.918,0,1,1,2,4
70.21,687,1165,7,4,0.002,1.0,0,1,1,6,4
65.72,1331,939,1,1,0.067,0.812,0,1,1,1,4
33.02,7,1247,8,5,0.134,1.0,0,1,1,5,1
5.15,1174,2431,1,9,0.0,0.869,0,1,1,4,4
0.0,250,1364,7,4,0.018,0.974,0,1,2,6,4
106.61,105,957,4,2,0.0,0.793,0,1,1,7,4
99.48,1074,1199,5,9,0.129,0.759,0,1,1,4,4
2.38,64,0,414,378,0.907,0.919,0,0,1,6,0
3.04,1,4,65,13,0.637,0.354,0,0,1,1,4
3.07,73,0,396,448,0.829,0.927,0,0,1,0,3
42.32,570,1070,6,5,0.0,0.786,0,1,1,1,4
86.16,231,2779,4,4,0.105,0.889,0,1,1,5,4
44.59,772,595,8,9,0.01,0.787,0,1,1,6,4
58.41,236,702,6,6,0.042,0.887,0,1,0,4,4
72.74,535,0,9,4,0.0,1.0,0,1,1,3,4
62.39,788,968,3,3,0.007,1.0,0,1,1,1,4
37.71,340,833,5,6,0.003,0.974,0,1,1,3,4
0.88,48,0,74,16,0.432,0.246,0,0,1,7,3
38.39,147,1129,9,2,0.09,0.873,0,1,0,3,4
20.47,644,725,4,5,0.0,0.923,0,1,1,4,4
0.0,8,0,452,447,0.867,0.978,0,0,1,3,0
78.08,488,1139,2,5,0.0,0.993,0,1,1,5,4
53.1,1165,1676,9,6,0.0,0.829,0,1,2,2,1
1.34,35,0,24,16,0.548,0.163,0,0,1,4,4
25.94,385,720,4,4,0.004,0.786,0,1,1,7,4
3.67,7,0,81,15,0.459,0.055,0,0,1,2,4
0.0,57,0,501,232,1.0,0.907,0,0,1,5,3
13.72,0,598,7,7,0.0,0.693,0,1,1,5,4
0.0,383,0,1,3,0.0,0.923,0,1,1,0,1
69.42,544,964,4,6,0.009,0.845,0,1,1,6,1
17.75,525,1826,9,8,0.035,0.833,0,1,2,2,4
71.41,684,971,3,5,0.009,1.0,0,1,1,1,4
55.55,414,1157,2,6,0.052,0.812,0,1,1,5,4
0.0,41,0,81,5,0.509,0.034,0,0,2,3,0
65.79,203,1238,8,1,0.0,1.0,0,1,2,6,0
3.95,32,0,244,312,0.91,0.943,0,0,2,7,3
2.83,30,0,171,284,0.93,0.965,0,0,1,1,3
78.85,171,185,6,8,0.124,0.852,0,1,1,6,4
35.36,188,59,1,5,0.11,0.975,1,0,1,0,4
88.01,514,938,2,9,0.0,0.87,0,1,2,1,3
62.37,402,264,3,4,0.021,1.0,0,1,0,5,0
104.71,711,0,2,2,0.0,1.0,0,1,1,7,4
48.23,509,1093,5,2,0.068,0.965,0,1,2,4,4
0.0,16,8,36,5,0.679,0.0,0,0,2,3,3
2.04,263,1252,5,9,0.002,1.0,0,1,1,0,4
0.0,30,0,73,19,0.636,0.335,0,0,2,7,0
69.3,356,1478,5,5,0.035,0.905,0,1,1,5,4
86.0,297,1513,7,7,0.0,0.836,0,1,1,2,4
0.0,100,0,173,282,0.879,1.0,0,0,1,5,3
0.0,63,6,227,376,0.853,0.936,0,0,1,2,2
33.19,4,157,7,8,0.077,0.757,0,1,1,7,4
19.43,526,1551,8,2,0.0,0.92,0,1,1,1,4
0.21,26,1,113,393,0.882,0.914,0,0,1,1,3
0.0,107,0,111,482,0.934,0.907,0,0,1,4,3
146.35,0,668,3,5,0.0,0.962,0,1,1,6,4
65.6,1011,1912,7,9,0.0,0.742,0,1,1,7,4
80.05,458,974,5,9,0.012,1.0,0,1,2,2,4
79.87,254,1318,7,8,0.0,0.864,0,1,1,4,4
56.84,0,474,1,4,0.014,0.927,0,1,1,5,2
106.18,238,585,7,8,0.057,1.0,0,1,2,1,4
79.23,900,1060,4,5,0.034,0.98,0,1,1,0,4
89.1,474,900,4,9,0.057,0.862,0,1,1,6,1
27.63,34,0,1,3,0.0,0.481,4,0,1,2,3
24.72,512,721,9,2,0.0,0.877,0,1,1,7,4
25.27,682,1719,5,6,0.0,0.832,0,1,2,5,4
2.66,27,2,229,167,0.897,0.93,0,0,2,6,3
84.08,401,1145,5,4,0.026,0.901,0,1,1,2,4
87.03,161,1481,1,9,0.081,0.881,0,1,1,5,4
88.28,0,555,4,7,0.007,1.0,0,1,2,1,4
72.76,445,1180,7,2,0.084,0.867,0,1,1,4,4
83.79,940,295,1,3,0.067,1.0,1,1,1,2,4
0.08,82,0,499,415,0.744,0.934,0,0,1,0,3
2.29,40,0,367,257,0.82,0.992,0,0,2,4,3
76.1,819,1661,7,6,0.093,1.0,0,1,2,3,4
7.44,7,2,37,19,0.092,0.364,0,0,1,7,3
0.0,3,0,62,3,0.584,0.155,0,0,2,1,0
121.88,505,803,3,4,0.016,0.949,0,1,1,4,4
27.88,322,1929,2,6,0.0,0.789,0,1,2,7,4
4.09,122,548,4,7,0.0,0.857,0,1,1,3,4
3.12,68,9,178,299,0.851,0.937,0,0,1,7,0
73.04,527,1523,7,9,0.015,0.899,0,1,1,0,4
99.37,536,1226,7,1,0.0,0.81,0,1,1,1,4
0.0,11,0,91,12,0.163,0.0,0,0,1,4,0
1.69,45,0,215,162,0.762,0.908,0,0,1,6,0
28.57,1103,1356,9,9,0.006,1.0,0,1,2,6,3
11.56,176,946,7,2,0.0,0.927,0,1,1,5,3
91.77,84,883,2,8,0.007,0.755,0,1,1,0,4
79.86,583,290,7,7,0.064,0.871,0,1,1,4,4
84.67,652,821,5,2,0.0,0.857,0,1,1,6,4
36.19,156,742,5,6,0.09,0.992,0,1,1,3,4
0.0,39,2,182,131,1.0,0.923,0,0,1,4,3
0.0,48,0,176,368,0.931,0.941,0,0,0,2,3
88.03,401,1380,2,8,0.081,1.0,0,1,1,3,4
55.4,573,301,7,7,0.0,0.893,0,1,1,3,4
57.53,77,985,4,7,0.0,1.0,0,1,1,2,4
42.68,441,1737,6,7,0.0,0.848,0,1,0,7,4
24.83,195,2233,9,7,0.031,0.927,0,1,1,3,3
51.36,6,2644,1,3,0.049,0.9,0,1,1,1,4
7.34,495,422,8,1,0.0,1.0,0,1,1,5,4
58.6,0,914,4,7,0.0,1.0,0,1,1,4,4
0.0,82,7,140,439,0.971,1.0,0,0,1,2,2
11.21,362,559,2,4,0.0,0.538,2,0,1,4,4
40.95,492,477,4,6,0.007,0.79,0,1,1,6,4
122.26,792,496,2,4,0.102,0.843,0,1,1,4,4
0.0,243,237,1,9,0.063,0.821,0,1,1,2,4
0.27,107,0,151,508,0.777,0.908,0,0,1,1,3
37.3,924,579,9,3,0.0,0.807,0,1,1,4,4
89.47,342,0,4,3,0.0,0.901,0,1,2,7,4
5.08,44,1,259,273,0.931,0.972,0,0,0,2,3
117.75,374,1743,7,3,0.069,0.983,0,1,1,2,4
1.93,41,0,218,334,1.0,0.912,0,0,1,6,2
68.6,481,385,7,7,0.052,0.824,0,1,2,0,4
39.39,718,64,5,6,0.051,0.856,0,1,2,2,4
5.21,21,0,190,331,0.864,1.0,0,0,2,2,0
0.0,95,1,337,125,0.754,0.875,0,0,1,1,2
136.94,478,1247,4,8,0.014,0.861,0,1,2,6,4
51.6,696,0,7,8,0.008,0.861,0,1,1,7,4
23.22,268,253,11,1,0.149,0.598,3,1,1,3,4
52.02,507,913,6,2,0.0,0.868,0,1,1,5,4
82.87,298,1316,6,5,0.0,0.921,0,1,1,6,2
1.49,149,0,147,222,0.953,0.952,0,0,1,5,2
3.71,30,7,180,145,0.883,0.912,0,0,1,1,3
8.44,701,0,7,5,0.0,0.781,0,1,1,1,3
2.91,6,2,22,11,0.768,0.1,0,0,1,3,0
42.38,698,1351,8,7,0.065,1.0,0,1,1,0,4
68.82,112,719,6,1,0.027,0.907,0,1,1,4,4
75.34,288,378,1,1,0.0,0.981,0,1,2,5,4
0.0,183,2035,5,7,0.119,0.826,0,1,0,7,4
1.14,58,0,126,158,1.0,0.966,0,0,1,0,3
0.0,288,698,1,9,0.104,0.897,0,1,2,4,4
104.9,606,1114,6,4,0.034,0.849,0,1,2,6,4
86.29,631,1524,9,6,0.031,0.79,0,1,1,1,4
51.1,1017,616,3,8,0.0,1.0,0,1,1,4,4
5.04,119,5,319,130,0.813,0.957,0,0,1,0,0
0.0,41,5,60,18,0.544,0.333,0,0,2,4,0
26.5,1187,1025,2,9,0.043,0.785,0,1,1,6,4
21.57,55,1613,9,1,0.099,0.858,0,1,2,2,4
88.54,495,1539,1,9,0.051,1.0,0,1,2,1,4
5.52,10,0,33,17,0.408,0.354,0,0,1,5,4
0.0,73,0,139,172,0.926,0.99,0,0,2,7,3
0.0,110,327,4,2,0.097,0.988,0,1,1,4,4
1.94,0,0,75,13,0.804,0.228,0,0,1,5,3
35.3,601,2269,3,4,0.063,0.97,0,1,1,0,3
157.11,1339,644,1,2,0.087,0.788,0,1,1,0,4
34.1,0,614,9,8,0.0,0.981,0,1,0,5,4
51.15,701,958,8,6,0.0,0.865,0,1,1,6,4
23.99,169,834,3,7,0.044,0.83,0,1,1,2,4
4.04,30,0,370,309,0.986,0.897,0,0,2,7,3
0.0,51,0,483,317,0.863,0.861,0,0,1,1,3
35.51,195,182,5,6,0.007,0.837,0,1,1,5,4
10.09,595,621,4,2,0.046,1.0,0,1,2,2,4
88.22,700,1518,3,7,0.049,1.0,0,1,2,1,4
81.37,615,870,9,9,0.051,0.81,0,1,2,0,4
65.31,0,633,1,3,0.083,0.906,0,1,2,5,4
0.17,35,0,450,229,0.762,0.973,0,0,1,6,0
29.89,721,1778,6,2,0.0,0.94,0,1,1,4,4
70.72,522,1037,7,6,0.0,0.882,0,1,1,4,4
44.96,668,1279,6,8,0.031,0.975,0,1,2,5,0
119.11,274,443,5,7,0.024,0.942,0,1,1,3,3
37.34,588,2443,8,9,0.064,1.0,0,1,1,7,4
79.01,0,1653,3,2,0.0,0.995,0,1,1,3,0
0.0,265,1405,9,5,0.058,1.0,0,1,1,4,4
53.99,285,0,3,5,0.092,0.847,0,1,1,3,4
0.31,289,762,1,3,0.0,0.942,0,1,2,1,4
20.54,137,1778,4,3,0.036,0.998,0,1,1,2,4
0.0,261,1655,2,7,0.033,0.765,0,1,2,0,0
0.0,360,984,8,6,0.0,0.954,0,1,2,4,4
1.78,107,0,361,360,0.879,0.976,0,0,1,1,3
23.04,688,875,1,8,0.03,1.0,0,1,2,6,4
0.0,48,6,480,401,1.0,0.925,0,0,1,4,3
60.58,729,327,1,6,0.0,0.854,0,1,1,5,4
0.2,445,92,3,8,0.0,0.82,0,1,2,2,4
39.7,804,388,7,2,0.046,0.854,0,1,2,7,1
66.98,769,1522,8,9,0.0,0.883,0,1,1,6,4
104.62,678,1344,9,8,0.006,0.923,0,1,2,5,4
8.56,789,1377,8,2,0.043,0.993,0,1,2,1,4
27.77,832,1231,4,5,0.0,0.771,0,1,1,3,4
40.12,875,1121,4,8,0.004,1.0,0,1,1,0,4
71.93,696,1658,5,7,0.0,0.869,0,1,1,6,4
67.43,495,1198,2,5,0.039,0.912,0,1,1,6,3
74.35,399,0,7,3,0.039,0.968,0,1,1,7,4
113.05,816,623,7,4,0.047,0.837,0,1,1,0,0
1.15,50,0,283,505,0.822,0.845,0,0,0,7,0
64.55,540,1158,3,9,0.097,0.826,0,1,1,7,4
10.9,354,644,8,5,0.0,1.0,0,1,1,4,4
105.46,665,1089,8,6,0.098,0.932,0,1,1,5,4
78.74,188,1013,8,4,0.033,0.77,0,1,2,7,4
27.28,510,1992,1,2,0.027,0.745,0,1,2,0,4
32.95,199,885,6,8,0.011,0.78,0,1,1,7,4
4.54,76,0,100,220,0.849,1.0,0,0,1,3,3
51.14,437,633,9,6,0.0,0.954,0,1,1,5,4
5.25,55,0,73,18,0.877,0.066,0,0,2,2,3
83.1,1022,596,9,7,0.009,1.0,0,1,1,0,4
1.13,54,8,471,210,0.826,0.982,0,0,2,5,3
9.68,766,1517,8,5,0.096,0.915,0,1,2,0,4
118.1,420,875,5,5,0.001,0.846,0,1,1,2,4
86.47,1266,484,6,8,0.011,0.795,0,1,0,5,4
32.97,623,1052,2,4,0.0,1.0,0,1,1,1,4
3.42,99,0,301,135,1.0,0.971,0,0,1,7,0
154.05,501,2148,8,5,0.0,0.823,0,1,1,4,4
3.56,38,1,111,161,0.799,0.947,0,0,1,5,3
133.42,670,972,9,7,0.0,0.951,0,1,1,6,4
1.0,55,9,285,171,0.87,0.94,0,0,1,3,3
31.45,606,1242,9,5,0.045,0.816,0,1,2,4,4
5.18,42,0,438,211,1.0,0.979,0,0,2,2,3
106.87,765,2042,3,8,0.032,0.887,0,1,1,4,4
63.87,799,1621,6,5,0.005,0.791,0,1,2,1,2
63.37,1016,459,1,2,0.0,0.798,0,1,2,4,4
73.81,478,1400,3,1,0.082,0.993,0,1,0,6,4
68.6,510,1000,7,5,0.078,0.833,0,1,1,1,2
23.6,351,1291,6,6,0.051,0.995,0,1,1,5,4
47.49,117,503,8,5,0.031,0.908,0,1,1,2,4
17.83,702,1329,3,9,0.087,0.983,0,1,1,3,4
29.05,504,1860,5,4,0.031,0.883,0,1,1,6,4
29.7,830,506,8,6,0.005,0.724,0,1,2,7,4
4.02,387,598,1,7,0.058,0.985,0,1,1,3,4
48.81,307,1827,3,1,0.079,1.0,0,1,1,1,4
2.96,92,3,389,325,0.768,0.929,0,0,1,6,3
2.31,42,0,71,9,0.689,0.145,0,0,1,4,4
0.0,229,852,8,9,0.0,1.0,0,1,1,5,4
9.77,0,1098,8,1,0.035,1.0,0,1,1,3,4
13.94,305,1072,5,3,0.056,0.87,0,1,2,3,4
0.85,55,0,482,356,0.84,1.0,0,0,1,6,0
93.76,828,0,8,1,0.0,0.963,0,1,0,3,4
73.43,738,1145,8,9,0.046,1.0,0,1,2,6,4
98.85,1216,1865,7,6,0.0,0.889,0,1,2,3,4
143.41,853,1386,4,9,0.04,0.79,0,1,1,7,4
36.37,260,685,7,2,0.0,0.987,0,1,1,1,4
13.79,752,1421,1,8,0.065,0.992,0,1,1,7,4
77.09,615,574,1,9,0.022,0.845,0,1,1,5,4
70.94,545,298,1,8,0.004,0.976,0,1,1,1,4
0.0,4,0,179,424,0.919,0.934,0,0,2,0,3
32.46,807,1012,9,9,0.001,0.927,0,1,1,3,4
3.07,40,0,63,5,0.469,0.341,0,0,0,2,3
0.0,307,1000,9,2,0.0,0.933,0,1,1,0,4
9.78,28,0,91,7,0.499,0.368,0,0,1,6,3
0.0,86,7,320,327,0.896,0.902,0,0,1,3,3
2.43,45,0,387,271,1.0,0.96,0,0,1,2,0
81.46,742,387,1,7,0.0,0.972,0,1,1,2,4
7.92,162,463,7,3,0.082,0.34,4,1,1,3,4
13.79,328,1394,8,1,0.015,0.932,0,1,1,7,4
1.98,9,0,44,2,0.139,0.179,0,0,1,4,3
7.91,183,562,5,8,0.13,0.407,3,1,1,7,3
38.36,617,2098,1,8,0.117,1.0,0,1,1,6,4
36.3,512,514,6,6,0.039,0.956,0,1,2,4,4
44.93,247,0,1,3,0.0,0.876,0,1,1,5,4
0.0,0,1,28,4,0.289,0.061,0,0,1,5,4
0.0,939,1375,9,3,0.018,0.988,0,1,1,0,4
3.48,91,2,284,176,0.865,0.953,0,0,1,4,3
42.97,875,1783,8,2,0.0,0.971,0,1,2,6,4
85.44,947,222,6,5,0.07,0.804,0,1,1,2,0
0.0,634,935,4,2,0.047,0.998,0,1,1,0,4
7.34,488,1607,6,3,0.0,0.904,0,1,1,6,4
13.75,748,352,2,9,0.0,0.925,0,1,1,5,4
0.08,2,0,88,9,0.493,0.181,0,0,1,3,0
11.61,897,1023,3,3,0.041,0.725,0,1,1,2,4
53.54,182,902,7,3,0.118,0.848,0,1,2,1,0
14.62,836,865,1,5,0.043,0.651,0,1,1,7,2
2.91,25,2,503,323,0.943,1.0,0,0,1,0,3
0.0,66,3,506,172,1.0,0.976,0,0,1,1,3
0.0,651,134,3,1,0.11,0.898,0,1,2,7,4
25.72,972,767,7,2,0.0,0.903,0,1,2,0,4
49.54,590,1055,8,4,0.0,0.862,0,1,1,4,4
124.4,452,1621,5,6,0.03,0.864,0,1,1,6,4
0.0,434,1371,1,2,0.084,0.989,0,1,1,0,4
108.96,926,1193,7,2,0.0,1.0,0,1,2,6,3
51.5,807,375,3,6,0.104,0.83,0,1,1,7,4
91.82,512,1041,6,4,0.0,0.734,0,1,1,1,0
0.0,240,582,5,8,0.063,0.858,0,1,1,2,1
66.56,472,1194,1,9,0.0,0.856,0,1,1,6,4
0.91,22,4,353,334,0.953,1.0,0,0,1,6,0
11.89,348,1220,9,7,0.0,0.75,0,1,1,0,4
0.0,64,0,469,424,0.821,0.944,0,0,0,2,2
0.0,15,2,68,6,0.702,0.162,0,0,1,4,3
48.51,544,1041,8,5,0.092,0.855,0,1,1,2,0
101.5,352,753,4,6,0.081,0.73,0,1,2,7,3
118.8,0,705,6,7,0.067,0.866,0,1,1,0,4
0.0,1001,1159,2,9,0.0,0.861,0,1,1,4,4
1.8,97,0,297,507,0.561,0.987,0,0,1,1,2
0.56,35,1,171,334,0.879,0.945,0,0,1,5,0
39.36,0,1150,1,6,0.006,0.878,0,1,1,6,4
0.0,46,5,296,399,0.978,0.922,0,0,2,4,2
80.2,529,1142,1,8,0.072,0.89,0,1,1,2,4
52.75,602,1981,5,5,0.002,1.0,0,1,1,0,4
78.12,809,1559,6,8,0.057,0.782,0,1,1,3,4
32.7,107,482,1,6,0.002,0.859,0,1,1,2,4
80.43,0,2003,5,7,0.009,0.872,0,1,1,7,4
49.25,266,552,6,8,0.102,0.965,0,1,1,4,1
77.27,713,676,6,8,0.003,0.794,0,1,1,2,4
0.86,550,1083,5,1,0.042,0.829,0,1,1,2,4
79.25,0,1261,3,9,0.055,0.919,0,1,1,1,4
111.39,613,1131,9,9,0.0,0.78,0,1,1,7,4
77.67,912,1725,8,2,0.0,0.859,0,1,1,4,4
48.01,418,1127,6,6,0.151,1.0,0,1,1,1,4
111.45,276,508,2,2,0.0,0.945,0,1,2,3,4
43.0,755,2254,4,3,0.0,0.832,0,1,2,3,4
30.69,405,862,7,3,0.0,1.0,0,1,1,3,4
9.35,461,534,9,9,0.0,0.739,0,1,1,6,4
1.43,56,0,80,17,0.36,0.074,0,0,1,0,0
0.0,1052,0,2,4,0.0,0.792,0,1,1,3,4
1.27,95,0,114,398,0.975,0.961,0,0,2,3,2
1.7,18,7,118,139,0.797,0.918,0,0,1,2,3
23.4,634,968,9,2,0.007,1.0,0,1,1,5,4
0.0,637,0,2,1,0.072,0.934,0,1,1,7,4
30.56,1218,814,6,3,0.14,1.0,0,1,1,5,4
4.6,777,844,4,2,0.029,0.953,0,1,1,6,4
30.41,185,0,8,5,0.009,0.939,0,1,1,7,4
42.01,1613,0,9,4,0.042,0.943,0,1,1,4,4
42.6,0,947,2,3,0.062,0.617,0,1,1,2,4
0.0,50,0,134,362,0.86,0.894,0,0,1,3,3
0.0,41,0,461,374,0.771,0.893,0,0,1,3,3
134.75,466,1452,3,9,0.0,0.966,0,1,2,1,4
0.0,52,0,405,504,0.93,0.927,0,0,1,6,3
0.0,87,0,407,252,0.789,0.991,0,0,1,1,0
55.99,55,249,9,2,0.132,0.908,0,1,1,4,4
48.88,525,871,1,5,0.025,0.954,0,1,1,5,4
59.78,653,510,9,4,0.01,0.888,0,1,1,5,4
91.12,610,1288,6,3,0.101,0.954,0,1,1,3,4
45.91,411,1138,5,9,0.0,1.0,0,1,1,5,4
0.0,706,1054,9,2,0.009,0.796,0,1,1,6,4
25.78,815,1826,8,8,0.0,1.0,0,1,2,2,4
56.77,528,961,3,4,0.0,1.0,0,1,2,0,4
1.73,69,0,229,262,0.781,0.895,0,0,1,7,3
0.0,43,0,391,355,0.836,0.997,0,0,1,6,3
38.32,872,763,7,7,0.0,0.933,0,1,1,7,4
12.52,180,225,8,5,0.038,0.763,1,0,1,4,4
40.05,319,1266,7,5,0.0,0.745,0,1,0,7,4
26.97,374,319,6,7,0.287,0.613,1,1,1,2,4
0.85,0,0,435,221,0.795,0.993,0,0,1,5,3
64.17,784,1016,6,5,0.055,1.0,0,1,1,1,4
49.29,1402,1288,1,1,0.085,0.783,0,1,1,3,4
67.58,678,2485,7,6,0.056,0.93,0,1,1,2,4
36.35,550,1888,1,5,0.0,0.808,0,1,1,0,4
2.42,66,0,268,237,0.736,0.938,0,0,1,2,3
15.24,206,1701,4,4,0.0,0.949,0,1,1,6,4
117.25,64,1735,7,6,0.081,0.746,0,1,2,3,4
40.76,827,1574,7,4,0.037,0.933,0,1,1,6,0
76.45,0,604,4,8,0.093,0.869,0,1,2,4,4
41.42,582,855,3,1,0.055,0.715,0,1,1,7,4
74.25,461,1626,5,8,0.058,0.939,0,1,2,3,4
74.04,455,1238,4,6,0.005,0.856,0,1,1,1,4
35.04,433,868,5,1,0.0,0.95,0,1,1,7,0
0.75,77,8,264,122,0.936,0.955,0,0,1,4,3
74.24,79,920,7,2,0.05,0.743,0,1,2,3,4
34.58,609,1111,6,4,0.049,0.751,0,1,2,1,4
68.36,231,1222,6,3,0.089,0.778,0,1,1,3,4
88.52,448,665,2,6,0.0,0.857,0,1,1,4,4
45.72,757,671,3,2,0.066,0.893,0,1,1,2,4
58.59,667,1566,7,9,0.0,0.985,0,1,1,6,4
67.91,715,1353,8,4,0.038,0.767,0,1,1,1,0
0.0,168,736,7,8,0.0,0.837,0,1,0,1,4
24.93,773,1182,1,6,0.04,1.0,0,1,1,0,4
28.86,781,946,2,5,0.005,0.788,0,1,1,6,4
29.52,169,1640,9,9,0.0,0.809,0,1,1,3,1
0.0,182,569,2,2,0.0,0.881,0,1,2,5,4
1.04,64,2,288,430,0.96,0.959,0,0,1,5,2
133.0,890,1271,1,8,0.008,0.722,0,1,1,5,4
0.0,68,8,427,436,0.875,0.923,0,0,1,5,3
2.08,0,0,162,380,0.73,0.894,0,0,1,0,3
25.96,753,1305,5,8,0.0,1.0,0,1,1,3,4
28.4,795,0,2,3,0.045,0.913,0,1,1,3,4
0.0,13,2,34,9,0.622,0.183,0,0,2,7,4
94.15,569,1038,6,9,0.098,0.862,0,1,2,2,4
91.63,656,1110,2,2,0.023,0.757,0,1,2,6,4
5.09,28,2,90,6,0.423,0.306,0,0,1,7,3
0.0,44,7,331,294,0.799,1.0,0,0,2,1,3
17.87,0,2080,9,9,0.119,1.0,0,1,1,0,4
0.0,719,1476,1,2,0.065,0.798,0,1,1,6,4
16.85,708,620,5,2,0.001,0.874,0,1,1,5,4
31.08,183,0,13,5,0.069,0.873,3,0,1,3,4
51.67,500,366,1,8,0.045,0.983,0,1,1,7,4
125.68,494,1821,5,4,0.0,0.807,0,1,1,2,4
0.0,717,1101,2,3,0.042,0.753,0,1,2,2,4
4.54,12,0,41,14,0.504,0.109,0,0,1,7,3
59.91,1060,977,1,1,0.0,0.884,0,1,1,0,3
104.97,764,989,4,6,0.0,0.911,0,1,1,0,0
97.03,343,1812,8,2,0.048,0.946,0,1,1,2,4
33.2,0,2000,9,7,0.124,0.834,0,1,1,2,3
60.71,655,1770,9,1,0.053,0.773,0,1,1,5,4
1.89,38,1,471,205,0.861,1.0,0,0,2,6,3
100.97,486,1226,9,1,0.059,0.992,0,1,1,5,4
0.0,964,743,4,5,0.011,1.0,0,1,1,4,4
33.43,235,1913,4,7,0.084,1.0,0,1,1,4,3
0.0,87,0,209,368,0.813,0.993,0,0,1,4,3
0.0,85,0,251,138,1.0,1.0,0,0,1,6,0
0.0,50,1,96,13,0.532,0.39,0,0,1,5,3
0.0,38,0,167,219,0.838,0.996,0,0,1,4,0
31.7,145,345,6,1,0.117,0.421,2,0,2,1,3
103.92,792,562,1,7,0.109,0.998,0,1,1,2,4
100.79,914,1359,5,3,0.007,0.947,0,1,1,2,4
0.0,432,1118,2,1,0.0,0.868,0,1,1,4,4
62.74,392,1188,3,5,0.005,0.792,0,1,1,4,4
0.0,1015,516,6,5,0.0,0.984,0,1,1,3,4
56.76,198,1107,4,8,0.06,0.768,0,1,1,6,4
80.44,80,1705,5,1,0.0,0.942,0,1,1,3,4
1.59,32,0,295,404,0.903,0.987,0,0,1,6,3
75.34,806,835,7,9,0.001,1.0,0,1,2,2,4
78.78,670,160,9,3,0.008,0.678,0,1,1,2,4
13.96,231,264,1,8,0.133,0.521,2,0,2,4,4
83.19,667,645,2,4,0.0,0.84,0,1,1,6,4
88.78,712,1462,3,6,0.03,0.748,0,1,2,3,4
59.48,467,585,8,9,0.0,0.837,0,1,1,1,4
40.52,126,0,8,8,0.0,0.945,0,1,1,4,4
3.91,24,0,428,144,0.819,0.942,0,0,1,1,0
41.65,780,832,2,9,0.073,1.0,0,1,1,6,4
0.0,30,0,250,160,0.794,0.959,0,0,1,2,3
0.0,54,2,306,395,1.0,0.957,0,0,1,5,3
2.25,27,0,84,3,0.697,0.134,0,0,1,3,4
0.47,26,0,39,17,0.704,0.2,0,0,1,5,3
17.77,607,1013,2,8,0.0,1.0,0,1,1,1,4
0.0,574,356,5,8,0.076,0.801,0,1,1,1,4
34.18,788,1588,8,7,0.069,0.836,0,1,1,4,4
25.67,990,1680,7,7,0.068,0.852,0,1,1,2,4
22.59,101,1900,9,1,0.028,0.861,0,1,2,1,4
48.69,259,403,9,8,0.0,0.958,0,1,1,5,4
43.19,351,992,5,4,0.002,0.916,0,1,1,1,4
104.97,1354,507,1,3,0.091,0.902,1,1,1,2,4
64.68,499,735,3,6,0.021,0.967,0,1,2,3,4
21.9,206,510,7,1,0.117,1.0,0,1,1,0,4
38.74,54,1438,5,8,0.0,0.979,0,1,1,6,4
0.0,0,1134,5,4,0.0,1.0,0,1,2,7,4
0.0,542,2136,2,9,0.0,0.894,0,1,2,2,4
12.93,668,612,2,4,0.034,0.823,0,1,1,0,0
54.56,442,482,1,5,0.024,0.932,0,1,1,1,4
0.0,117,0,2,3,0.0,0.891,0,1,0,5,4
80.63,311,734,6,7,0.0,0.926,0,1,1,0,4
71.98,32,1261,9,9,0.0,1.0,0,1,1,2,4
0.0,954,310,2,4,0.018,0.998,0,1,1,3,4
132.45,336,1045,1,1,0.078,0.837,0,1,1,3,4
0.0,15,707,5,8,0.021,0.862,0,1,2,0,4
80.41,810,1951,4,3,0.027,0.808,0,1,1,4,2
39.96,258,1062,1,3,0.0,0.879,0,1,2,4,4
0.06,535,1438,3,5,0.0,0.965,0,1,1,2,4
0.0,577,238,5,1,0.057,1.0,0,1,1,2,4
0.0,64,3,421,489,0.88,0.956,0,0,1,1,0
93.77,883,1702,6,1,0.0,0.706,0,1,2,2,4
41.98,0,1288,9,8,0.057,0.844,0,1,2,0,4
43.69,250,1651,5,1,0.065,1.0,0,1,1,7,3
6.24,61,0,176,489,1.0,0.952,0,0,1,3,0
75.09,604,1708,4,3,0.062,0.896,0,1,0,0,4
0.0,794,1235,4,4,0.0,0.921,0,1,2,4,4
29.89,119,493,4,7,0.0,0.864,0,1,1,1,4
55.89,66,1673,3,6,0.128,0.865,0,1,1,3,4
36.25,849,1354,1,2,0.0,0.857,0,1,1,6,2
6.95,0,1200,2,4,0.056,0.719,0,1,1,7,3
15.32,683,779,1,7,0.014,0.918,0,1,2,3,4
34.6,599,744,9,6,0.0,0.984,0,1,2,1,4
48.81,37,743,5,3,0.11,0.875,0,1,0,4,3
84.5,306,1142,9,6,0.081,0.623,0,1,1,0,4
15.21,677,1690,9,8,0.002,0.905,0,1,1,5,4
49.75,604,1036,7,1,0.024,0.857,0,1,1,1,1
57.91,741,205,4,6,0.056,0.925,0,1,2,0,4
97.93,373,62,2,3,0.0,0.705,0,1,1,3,0
50.5,280,0,3,2,0.0,0.971,0,1,1,4,4
30.01,917,1639,4,3,0.029,0.856,0,1,2,3,4
65.55,630,1579,8,6,0.071,0.867,0,1,1,4,4
0.67,102,0,221,458,1.0,0.931,0,0,1,5,0
100.53,898,993,8,1,0.0,0.808,0,1,0,0,4
62.95,783,965,6,5,0.0,0.965,0,1,1,3,4
0.0,59,0,252,504,0.772,0.955,0,0,2,3,3
115.17,165,1680,8,7,0.001,0.791,0,1,1,7,4
79.74,84,1431,5,1,0.0,0.818,0,1,1,0,4
87.27,641,1999,1,6,0.0,0.753,0,1,1,0,4
69.61,715,829,8,3,0.057,0.966,0,1,1,3,4
0.0,549,1020,6,6,0.051,0.693,0,1,1,0,4
0.29,63,0,290,206,1.0,0.94,0,0,1,5,3
28.48,217,262,2,7,0.109,0.796,4,0,0,6,3
31.86,692,1398,8,2,0.033,0.965,0,1,1,0,4
0.99,13,0,453,403,0.996,0.987,0,0,1,4,3
41.45,542,0,8,9,0.027,0.934,0,1,1,4,4
136.78,86,908,1,3,0.0,0.903,0,1,1,1,4
111.86,526,1588,7,7,0.076,0.859,0,1,1,7,4
74.28,387,915,3,5,0.115,0.815,0,1,1,0,4
1.1,49,0,503,482,0.896,1.0,0,0,1,3,3
0.0,3,5,39,13,0.352,0.232,0,0,1,3,3
0.65,42,3,263,401,0.885,0.991,0,0,1,5,3
30.31,655,1015,9,9,0.0,0.601,0,1,1,5,4
67.53,258,831,6,7,0.04,1.0,0,1,1,1,4
0.0,731,1739,1,7,0.101,0.939,0,1,1,2,0
43.56,788,1517,3,7,0.039,0.772,0,1,1,7,4
2.8,565,1462,9,9,0.09,0.969,0,1,1,2,4
40.15,558,1634,7,4,0.0,0.773,0,1,2,2,4
3.28,487,314,8,7,0.0,0.707,0,1,2,5,4
21.76,832,1049,5,3,0.031,1.0,0,1,1,6,4
2.57,66,1,368,171,0.942,0.954,0,0,2,6,3
108.54,350,748,2,3,0.059,0.883,0,1,1,4,4
48.91,0,468,2,6,0.035,0.758,0,1,1,5,4
26.82,764,2033,1,4,0.038,0.995,0,1,1,7,4
86.54,737,1544,5,3,0.039,0.733,0,1,1,7,0
0.0,50,0,343,361,0.736,1.0,0,0,1,6,3
1.43,39,0,105,271,0.974,0.885,0,0,2,0,3
4.26,43,4,90,4,0.259,0.155,0,0,0,4,3
92.16,1071,1532,2,4,0.0,0.951,0,1,1,3,4
124.62,683,833,8,6,0.06,0.646,0,1,2,2,3
48.54,554,643,1,7,0.004,0.869,0,1,2,2,4
6.93,36,0,66,17,0.713,0.19,0,0,2,3,3
30.47,433,747,7,5,0.009,0.748,0,1,1,4,4
0.0,369,1103,7,4,0.0,0.926,0,1,1,5,4
39.69,672,0,1,5,0.028,1.0,0,1,1,3,4
23.16,152,367,1,7,0.0,0.85,0,1,2,4,4
99.0,699,1426,7,6,0.091,0.932,0,1,0,5,4
0.0,55,5,435,429,0.823,0.906,0,0,1,5,0
13.29,741,1433,4,1,0.0,0.773,0,1,1,7,4
1.65,18,0,32,11,0.466,0.08,0,0,1,3,3
0.0,725,1411,4,2,0.0,0.869,0,1,1,5,4
98.02,155,456,8,2,0.004,0.743,0,1,1,6,4
34.25,428,757,1,3,0.037,1.0,0,1,1,0,4
81.43,309,567,8,4,0.073,0.864,0,1,1,0,4
87.75,539,979,3,8,0.026,0.824,0,1,1,3,4
54.69,174,737,7,1,0.092,0.854,0,1,1,4,4
44.73,651,1279,4,2,0.059,0.932,0,1,2,2,4
60.7,1086,1603,1,4,0.01,0.955,0,1,1,1,3
7.14,206,554,4,8,0.0,0.236,4,1,2,5,4
44.99,704,732,3,7,0.004,0.965,0,1,2,0,4
3.21,99,0,208,205,1.0,0.975,0,0,1,4,3
30.18,798,970,5,8,0.0,0.781,0,1,1,4,3
51.74,746,1098,7,2,0.0,1.0,0,1,2,2,4
44.8,659,1779,4,1,0.127,0.931,0,1,1,5,4
0.0,416,1838,4,2,0.041,0.98,0,1,0,4,4
67.5,702,461,6,1,0.0,0.923,0,1,1,6,2
26.93,135,641,4,4,0.08,0.774,0,1,2,5,4
14.38,459,1864,3,2,0.039,0.888,0,1,1,1,4
0.0,159,1654,2,8,0.035,0.948,0,1,2,2,4
133.87,552,2117,3,3,0.026,0.977,0,1,1,0,4
4.38,67,11,228,187,0.864,1.0,0,0,2,5,2
0.81,106,0,186,347,0.592,1.0,0,0,1,1,2
0.0,0,1,463,163,0.777,0.884,0,0,2,5,3
80.03,198,1174,8,7,0.0,0.805,0,1,1,4,4
29.22,106,244,4,3,0.232,0.403,3,0,1,4,4
14.0,570,2466,3,3,0.0,0.857,0,1,2,6,1
52.58,495,1611,1,3,0.031,0.744,0,1,1,7,4
0.58,87,2,460,271,1.0,0.918,0,0,1,0,3
0.96,59,0,302,270,0.913,0.945,0,0,1,0,2
0.0,12,0,37,7,0.597,0.301,0,0,1,3,3
72.8,590,772,5,5,0.0,0.862,0,1,0,3,4
77.89,811,853,1,3,0.054,0.927,0,1,1,4,3
0.4,71,2,448,131,0.867,0.893,0,0,1,1,2
5.72,17,1,78,7,0.646,0.402,0,0,1,5,3
27.87,810,1617,9,4,0.058,1.0,0,1,1,5,4
84.94,947,511,1,6,0.0,0.842,0,1,1,6,4
0.0,97,1,422,252,0.936,0.985,0,0,1,6,3
0.0,43,4,264,425,0.88,0.932,0,0,1,3,3
0.0,1008,1626,1,2,0.036,0.892,0,1,1,4,4
2.86,32,0,167,455,1.0,0.946,0,0,1,2,2
33.7,538,533,6,3,0.008,0.994,0,1,1,0,4
68.42,498,395,6,7,0.078,1.0,0,1,1,0,4
4.03,466,378,6,4,0.03,0.943,0,1,1,2,4
48.65,969,1507,5,4,0.015,1.0,0,1,1,0,4
0.0,601,446,4,9,0.044,0.674,0,1,1,0,4
19.78,395,608,10,3,0.118,0.645,2,1,1,7,4
72.26,638,1113,5,6,0.038,0.976,0,1,2,3,4
52.7,677,503,7,5,0.0,1.0,0,1,1,5,4
76.87,203,1848,1,6,0.037,0.899,0,1,2,5,4
4.9,24,0,28,4,0.172,0.217,0,0,2,5,4
0.0,1275,252,4,6,0.012,0.953,0,1,1,7,4
2.0,0,1,485,255,0.892,0.931,0,0,1,0,3
69.62,165,706,4,3,0.033,0.918,0,1,1,4,4
4.66,68,2,377,192,1.0,0.967,0,0,1,5,3
18.93,635,708,4,6,0.004,0.775,0,1,1,4,4
111.91,97,0,6,1,0.0,0.699,0,1,1,5,4
15.7,677,1023,3,6,0.09,1.0,0,1,1,2,4
49.59,1065,1163,9,1,0.077,1.0,0,1,1,3,4
0.01,3,0,410,264,0.982,0.979,0,0,1,6,3
61.15,352,677,9,3,0.04,0.713,0,1,2,1,4
96.4,338,1389,8,6,0.066,1.0,0,1,1,1,4
37.79,636,0,1,9,0.089,0.946,0,1,1,3,3
96.64,420,1020,2,1,0.0,0.759,0,1,1,1,4
0.6,0,4,499,275,1.0,0.934,0,0,1,4,2
12.09,966,1476,4,7,0.088,0.88,0,1,2,1,4
0.0,19,0,29,13,0.744,0.0,0,0,1,5,4
55.92,663,1132,9,5,0.009,0.938,0,1,1,1,4
19.69,747,486,1,1,0.0,1.0,0,1,2,6,1
94.55,1239,508,9,2,0.005,0.909,0,1,1,5,4
0.0,154,874,4,9,0.0,0.754,0,1,1,5,4
46.39,1291,972,8,4,0.0,0.699,0,1,1,0,4
70.28,399,499,4,9,0.0,0.922,0,1,1,0,4
0.0,18,2,44,1,0.422,0.138,0,0,2,2,0
2.31,85,0,198,463,0.84,0.956,0,0,1,5,3
48.13,78,0,1,1,0.033,0.72,0,1,1,2,4
17.31,362,705,8,2,0.0,0.851,0,1,2,2,3
4.63,85,7,343,246,0.924,0.909,0,0,1,1,0
0.0,21,3,25,10,0.487,0.127,0,0,0,2,3
66.23,629,2686,5,6,0.013,0.859,0,1,2,7,4
0.0,178,1885,5,3,0.0,0.976,0,1,1,2,4
38.48,465,1481,4,3,0.005,1.0,0,1,1,6,0
2.61,13,0,83,4,0.456,0.056,0,0,1,0,3
0.91,99,1,463,161,0.883,0.977,0,0,1,2,3
48.55,693,1194,7,9,0.028,0.976,0,1,2,1,2
18.26,265,626,5,3,0.091,0.992,0,1,2,4,4
146.07,845,18,4,8,0.049,0.807,0,1,1,3,4
0.21,85,0,306,180,0.615,1.0,0,0,1,7,3
2.63,56,0,474,218,0.919,1.0,0,0,1,5,0
32.17,419,2453,5,5,0.102,0.976,0,1,1,3,4
0.5,93,0,452,428,0.918,0.855,0,0,1,6,2
75.9,865,1839,5,3,0.024,1.0,0,1,2,0,4
0.0,363,1013,4,5,0.0,0.79,0,1,2,5,3
50.66,217,2659,7,1,0.127,0.727,0,1,1,5,4
5.55,38,3,58,4,0.171,0.496,0,0,1,4,3
0.0,456,821,7,4,0.094,0.92,0,1,1,3,4
17.47,703,950,8,2,0.004,0.948,0,1,0,1,4
0.88,44,8,169,315,0.997,1.0,0,0,1,4,2
33.16,710,1447,2,2,0.009,0.926,0,1,1,4,4
0.0,10,8,210,229,0.851,0.967,0,0,1,4,0
54.0,245,2005,7,1,0.064,0.76,0,1,1,1,4
71.29,745,1592,6,7,0.078,0.811,0,1,0,5,4
20.16,0,505,6,6,0.217,0.573,2,0,1,0,3
106.12,672,859,6,7,0.022,0.995,0,1,1,7,4
45.63,509,966,6,3,0.061,1.0,0,1,2,7,4
2.85,850,460,3,4,0.054,0.785,0,1,1,0,4
63.45,116,775,1,7,0.0,0.909,0,1,1,4,4
14.47,217,527,12,5,0.201,0.443,2,1,1,3,4
100.95,413,1926,8,4,0.015,0.93,0,1,1,3,4
65.76,253,0,3,8,0.0,0.987,0,1,1,7,4
3.06,58,0,357,363,0.904,0.986,0,0,1,1,2
24.18,742,1758,1,9,0.0,1.0,0,1,1,0,4
1.74,63,0,467,264,1.0,0.935,0,0,1,6,3
39.07,607,1478,9,8,0.0,0.955,0,1,1,6,4
38.98,873,0,7,4,0.0,0.98,0,1,1,7,4
14.29,223,1571,9,2,0.082,0.973,0,1,2,2,4
1.92,57,0,136,231,0.84,0.997,0,0,1,0,3
144.05,830,0,9,3,0.005,0.788,0,1,1,7,4
0.0,38,11,383,440,1.0,0.903,0,0,1,2,0
2.07,42,0,35,17,0.304,0.555,0,0,2,7,3
0.0,236,1121,9,7,0.0,0.725,0,1,1,0,4
0.52,19,0,65,9,0.745,0.395,0,0,1,3,3
0.17,13,0,54,18,0.507,0.183,0,0,0,6,0
0.0,12,0,231,106,1.0,0.937,0,0,1,1,3
43.95,147,165,9,3,0.025,1.0,0,1,2,1,3
113.99,843,1404,2,5,0.0,0.891,0,1,1,0,4
1.59,54,0,304,118,0.948,1.0,0,0,1,6,3
57.85,519,401,9,6,0.0,0.896,0,1,1,7,4
114.65,115,2088,1,7,0.036,0.868,0,1,1,1,4
44.56,725,130,2,6,0.02,1.0,0,1,0,7,4
47.81,220,642,2,8,0.043,0.996,0,1,0,5,4
7.12,297,858,8,5,0.125,0.99,0,1,1,2,4
111.05,125,1263,6,3,0.083,0.953,0,1,0,0,4
2.43,593,1171,2,7,0.0,0.874,0,1,1,0,4
6.09,516,869,8,3,0.0,1.0,0,1,1,0,0
0.66,21,0,453,219,0.872,0.959,0,0,1,7,2
63.62,445,1299,6,2,0.141,0.847,0,1,1,7,4
5.59,16,0,80,8,0.288,0.0,0,0,1,5,0
63.97,297,810,8,6,0.0,0.989,0,1,1,5,4
1.91,49,5,120,107,0.858,0.927,0,0,1,6,3
0.0,728,735,1,5,0.066,0.818,0,1,0,7,2
4.97,653,442,3,6,0.001,0.729,0,1,1,7,4
0.0,0,0,91,18,0.577,0.03,0,0,1,5,3
32.98,579,487,2,6,0.0,0.866,0,1,2,1,4
7.56,750,335,2,9,0.037,0.716,0,1,2,3,4
87.05,331,1659,5,2,0.05,0.964,0,1,2,3,4
107.04,447,1480,1,5,0.025,0.715,0,1,2,1,4
51.7,840,1959,4,3,0.0,0.968,0,1,2,2,4
72.4,1251,14,7,2,0.0,0.861,0,1,1,0,1
114.38,1028,925,4,2,0.0,0.845,0,1,1,7,4
28.64,413,1442,3,8,0.016,0.907,0,1,1,4,4
0.0,783,1011,4,5,0.022,0.766,0,1,1,4,4
17.71,1085,1110,7,5,0.082,0.842,0,1,1,5,4
44.37,119,1319,3,2,0.005,0.956,0,1,1,1,4
69.51,902,293,8,9,0.0,0.776,0,1,1,0,4
28.92,756,1447,3,4,0.0,0.985,0,1,1,4,4
13.98,0,759,4,3,0.027,0.753,0,1,0,1,4
17.98,0,2340,3,8,0.047,1.0,0,1,0,1,4
100.98,315,461,9,2,0.0,0.915,0,1,1,3,4
65.11,584,577,9,7,0.016,0.925,0,1,1,4,4
3.09,37,0,21,19,0.82,0.0,0,0,1,1,3
21.44,317,617,6,9,0.057,0.934,0,1,1,6,4
3.23,0,0,267,290,0.993,0.936,0,0,1,2,0
0.0,190,192,4,8,0.0,1.0,0,1,1,2,4
1.9,17,5,225,108,0.853,0.979,0,0,2,2,0
70.28,571,1465,2,2,0.0,1.0,0,1,1,5,4
0.0,50,0,401,108,1.0,0.911,0,0,1,3,3
1.26,0,0,277,146,1.0,0.978,0,0,2,0,3
101.95,310,983,7,5,0.0,0.857,0,1,1,3,2
64.93,173,764,6,3,0.177,0.839,0,1,1,4,4
25.87,0,176,14,5,0.049,0.072,4,0,1,6,4
53.87,1232,968,3,6,0.036,0.958,0,1,0,5,4
65.05,138,679,1,4,0.0,1.0,0,1,2,0,3
2.09,629,47,3,8,0.195,0.558,3,0,2,1,3
26.83,449,1713,9,5,0.0,0.961,0,1,1,5,4
112.56,369,314,9,5,0.013,0.866,0,1,1,5,4
8.86,1097,1231,9,6,0.023,0.683,0,1,1,1,4
76.59,459,669,9,6,0.018,0.892,0,1,1,1,4
64.95,694,883,5,3,0.097,0.93,0,1,0,2,4
88.05,203,733,4,5,0.071,0.852,0,1,1,4,4
27.38,234,467,8,5,0.088,0.403,4,1,1,3,4
41.15,241,1174,6,7,0.0,0.834,0,1,1,4,4
0.0,372,650,2,1,0.051,1.0,0,1,1,2,4
5.52,54,0,403,230,0.989,0.94,0,0,1,5,3
62.64,504,320,5,2,0.0,1.0,0,1,2,3,4
84.74,825,250,1,4,0.014,0.995,0,1,1,6,4
36.44,303,1741,6,7,0.044,0.807,0,1,1,4,4
92.02,542,1277,2,9,0.0,0.897,0,1,1,7,4
0.47,47,0,456,169,0.95,0.997,0,0,1,0,0
75.89,798,1221,6,1,0.052,0.775,0,1,1,0,4
17.76,462,1247,6,8,0.051,1.0,0,1,1,6,4
0.0,99,8,331,256,0.823,0.969,0,0,0,2,3
24.98,103,242,5,3,0.064,0.747,3,0,1,1,4
0.0,55,0,456,319,0.783,1.0,0,0,2,3,3
2.89,15,0,43,10,0.735,0.186,0,0,2,2,0
38.81,1166,232,5,2,0.063,0.87,0,1,1,5,4
1.45,14,0,168,158,0.982,0.883,0,0,1,3,3
20.2,0,301,1,5,0.047,0.514,1,1,1,4,4
8.13,728,1166,9,3,0.0,0.837,0,1,1,3,4
71.94,320,344,1,7,0.0,0.941,0,1,1,1,2
143.81,710,1176,2,8,0.026,0.958,0,1,1,7,4
80.46,0,979,6,9,0.057,0.691,0,1,1,4,4
73.12,413,966,4,1,0.03,0.902,0,1,1,0,4
24.97,521,0,3,5,0.047,1.0,0,1,1,3,4
85.8,377,943,9,8,0.065,0.983,0,1,1,4,2
2.07,11,0,424,205,0.698,0.975,0,0,1,3,3
0.0,1320,1377,3,6,0.0,0.875,0,1,1,4,4
59.2,0,918,9,4,0.0,0.958,0,1,2,3,4
16.38,612,872,1,2,0.084,0.853,0,1,2,3,1
94.68,282,940,1,4,0.039,1.0,0,1,2,0,3
56.27,593,1584,5,9,0.006,0.796,0,1,1,6,4
0.0,169,1982,7,8,0.0,0.82,0,1,1,2,4
77.11,365,1259,2,8,0.101,0.959,0,1,2,1,4
0.0,426,1634,1,5,0.0,0.837,0,1,1,5,3
31.28,454,1002,5,3,0.0,0.759,0,1,1,3,4
80.88,18,755,3,1,0.041,0.856,0,1,1,1,4
86.49,843,1868,4,9,0.013,0.972,0,1,1,7,4
2.77,0,0,70,14,0.389,0.087,0,0,1,4,3
86.37,813,927,8,7,0.017,0.864,0,1,1,0,1
3.33,37,0,63,15,0.389,0.092,0,0,1,4,3
38.27,535,2483,4,9,0.0,0.962,0,1,1,5,4
59.51,1290,2162,2,5,0.0,0.823,0,1,2,3,4
0.0,0,1879,8,6,0.049,0.742,0,1,1,5,4
86.33,585,1072,9,2,0.0,0.886,0,1,1,0,3
0.0,1079,595,1,7,0.099,0.947,0,1,1,4,0
13.66,149,287,2,6,0.0,0.547,3,1,1,1,4
37.89,923,132,7,1,0.107,0.975,0,1,1,2,4
61.45,1018,1158,4,5,0.011,0.801,0,1,1,7,4
61.74,1135,741,2,7,0.0,0.84,0,1,1,0,4
42.39,514,1305,1,3,0.0,0.931,0,1,1,6,3
0.0,17,0,162,120,0.947,1.0,0,0,2,6,3
96.79,203,471,6,3,0.03,0.764,0,1,2,7,4
68.87,621,1203,5,3,0.0,0.802,0,1,1,4,4
53.17,0,1016,2,1,0.061,0.821,0,1,1,0,4
119.32,244,923,1,2,0.0,0.855,0,1,1,2,4
146.01,131,549,7,7,0.012,0.904,0,1,2,7,4
76.82,545,2186,2,2,0.008,1.0,0,1,0,1,4
53.98,28,1609,6,6,0.086,0.734,0,1,0,3,4
62.47,742,893,7,1,0.0,0.99,0,1,2,0,4
2.17,54,2,236,269,0.813,0.819,0,0,1,6,2
152.37,643,333,4,3,0.037,0.996,0,1,1,0,4
0.0,549,886,2,7,0.073,0.759,0,1,1,1,4
161.13,13,331,8,6,0.0,0.961,0,1,1,6,4
29.0,966,0,2,6,0.036,0.794,0,1,1,6,4
39.38,416,901,2,3,0.0,0.759,0,1,2,6,4
0.34,82,7,372,416,1.0,0.973,0,0,1,6,3
196.64,1273,480,2,1,0.055,0.634,0,1,1,1,4
31.35,722,1184,6,4,0.069,0.9,0,1,1,4,0
0.0,79,354,3,1,0.0,0.593,4,1,1,6,4
18.75,219,824,4,3,0.0,0.928,0,1,1,2,4
34.47,833,1686,5,6,0.011,0.806,0,1,2,5,4
0.0,539,299,7,7,0.0,0.968,0,1,1,4,4
54.29,314,595,7,1,0.0,0.717,0,1,1,2,3
0.0,319,652,6,8,0.061,0.913,0,1,1,6,3
40.2,331,1330,2,6,0.045,0.888,0,1,2,0,4
43.82,417,0,9,8,0.0,1.0,0,1,1,1,4
5.34,39,1,33,14,0.457,0.268,0,0,1,7,4
77.45,466,1425,7,7,0.03,0.971,0,1,1,6,4
99.88,538,1274,6,6,0.0,0.748,0,1,0,7,4
0.0,17,0,306,336,1.0,0.934,0,0,1,4,3
59.55,588,986,2,1,0.0,0.997,0,1,1,2,4
35.19,701,1001,2,8,0.0,0.975,0,1,1,1,4
42.71,325,0,1,7,0.0,0.785,0,1,1,0,4
85.0,1063,1745,2,5,0.036,0.672,0,1,2,2,4
6.81,9,0,45,3,0.915,0.375,0,0,1,5,3
2.92,22,3,241,367,0.962,0.923,0,0,1,3,3
52.83,61,808,8,5,0.076,0.825,0,1,2,3,4
34.87,386,1061,4,4,0.026,0.809,0,1,1,0,3
36.03,281,948,5,7,0.09,0.905,0,1,1,1,4
1.29,61,3,413,168,0.925,1.0,0,0,1,0,0
2.18,35,1,101,189,0.851,0.899,0,0,1,0,3
61.58,652,359,3,1,0.019,0.74,0,1,1,7,4
1.97,65,3,389,139,1.0,0.847,0,0,1,3,3
17.86,400,1430,8,1,0.0,0.949,0,1,1,3,4
0.0,32,3,56,14,0.58,0.317,0,0,1,7,3
44.13,1025,1682,9,3,0.042,0.893,0,1,1,7,4
8.01,0,0,74,16,1.0,0.099,0,0,1,5,3
73.44,209,1483,9,2,0.0,0.875,0,1,0,4,4
63.84,142,1452,8,6,0.0,0.9,0,1,1,7,4
34.07,146,1241,8,6,0.0,0.89,0,1,1,0,4
43.54,731,0,2,1,0.028,0.983,0,1,1,0,4
61.97,753,775,2,6,0.113,0.927,0,1,0,5,4
70.01,929,1117,8,6,0.0,0.886,0,1,1,2,4
34.54,533,677,2,2,0.043,0.976,0,1,2,7,4
19.63,573,1929,1,8,0.0,0.935,0,1,1,7,4
97.97,369,1047,5,1,0.055,0.98,0,1,2,1,4
73.03,417,1192,1,8,0.0,0.839,0,1,1,4,4
91.71,592,1931,3,3,0.0,1.0,0,1,2,6,1
11.46,748,1136,6,2,0.02,0.822,0,1,2,7,4
4.79,19,0,25,10,0.527,0.226,0,0,2,1,3
78.63,363,849,9,7,0.022,1.0,0,1,1,0,4
19.5,112,146,7,8,0.0,0.903,0,1,1,7,4
2.17,35,13,445,423,0.998,0.886,0,0,1,6,3
0.9,78,3,330,255,0.966,0.939,0,0,1,6,3
11.61,0,0,29,17,0.609,0.222,0,0,1,2,4
95.81,494,1195,9,5,0.008,0.866,0,1,2,6,4
0.0,7,0,79,4,0.476,0.066,0,0,1,4,0
65.92,682,1333,4,1,0.025,0.839,0,1,1,0,3
43.82,600,843,7,1,0.0,0.875,0,1,1,2,4
1.07,100,0,141,107,0.895,1.0,0,0,1,3,3
56.64,570,721,4,6,0.037,0.747,0,1,2,4,4
0.0,1191,1063,1,6,0.033,0.942,0,1,0,6,4
62.91,852,984,2,7,0.0,0.92,0,1,1,7,4
0.0,997,1373,4,8,0.065,1.0,0,1,1,6,4
27.79,272,181,10,6,0.0,0.616,2,1,1,2,4
9.65,661,791,4,8,0.019,0.932,0,1,1,6,4
52.38,857,1026,8,4,0.03,0.957,0,1,2,3,3
1.63,68,1,379,336,0.729,1.0,0,0,0,0,3
58.44,613,1263,8,3,0.181,0.774,0,1,1,6,4
95.62,747,1527,7,6,0.012,0.964,0,1,1,7,4
0.53,16,0,66,9,0.528,0.365,0,0,1,5,3
83.13,0,1288,5,1,0.0,0.961,0,1,1,2,4
5.62,60,588,4,2,0.0,0.873,0,1,1,6,4
0.0,648,1058,6,6,0.011,0.909,0,1,1,5,4
6.93,15,0,28,5,0.415,0.23,0,0,1,1,3
113.97,0,1476,8,8,0.012,0.914,0,1,1,0,4
0.0,414,76,4,9,0.0,0.868,0,1,1,0,4
87.65,1043,1291,1,3,0.021,0.921,0,1,2,4,4
0.0,32,2,405,246,0.948,0.867,0,0,2,6,3
33.82,0,0,11,4,0.0,0.706,4,1,2,5,4
49.81,323,2213,1,1,0.0,0.974,0,1,1,0,4
119.79,724,861,9,2,0.009,0.861,0,1,2,3,4
33.47,2,0,12,8,0.123,0.563,1,1,1,3,4
42.79,36,220,2,2,0.225,0.668,2,0,1,1,3
0.0,30,0,73,7,0.672,0.401,0,0,1,7,3
34.28,19,1189,8,1,0.007,0.761,0,1,2,2,4
68.49,788,2246,7,6,0.0,1.0,0,1,1,4,4
56.61,432,1095,7,8,0.0,1.0,0,1,1,3,4
94.99,439,473,8,9,0.011,0.965,0,1,1,3,4
197.37,230,0,1,4,0.116,0.801,0,1,2,1,4
118.01,429,1213,1,5,0.098,0.726,0,1,1,3,4
17.3,369,1493,5,1,0.013,1.0,0,1,2,7,3
26.0,631,839,6,9,0.0,1.0,0,1,1,1,4
59.54,406,1458,4,2,0.0,0.857,0,1,2,3,4
0.0,21,0,42,14,0.276,0.291,0,0,1,4,3
56.49,140,486,6,8,0.0,1.0,0,1,1,2,4
18.52,717,193,2,4,0.0,0.753,0,1,2,1,4
0.42,10,4,305,155,0.886,1.0,0,0,1,3,3
0.0,19,0,179,225,0.96,0.929,0,0,2,3,3
18.71,778,98,7,7,0.0,0.861,0,1,1,7,4
116.34,10,1744,3,1,0.026,0.776,0,1,1,7,4
25.51,84,1015,5,8,0.02,0.954,0,1,2,5,4
3.18,117,610,1,6,0.019,0.699,0,1,1,7,4
80.17,546,1260,4,2,0.003,0.797,0,1,0,3,4
97.08,1395,2507,6,7,0.0,0.93,0,1,1,7,4
0.33,45,0,100,166,0.857,0.973,0,0,1,3,3
28.76,195,0,1,4,0.245,0.794,4,1,1,5,4
51.85,489,531,4,7,0.026,0.694,0,1,1,4,4
23.37,1264,582,1,2,0.003,0.881,1,1,1,6,4
0.81,130,941,8,5,0.0,0.9,0,1,1,7,4
16.61,543,1174,7,3,0.109,0.92,0,1,1,3,2
0.0,12,0,26,6,0.607,0.093,0,0,2,1,3
65.4,0,491,6,4,0.057,0.829,0,1,1,6,4
0.5,37,6,494,423,0.987,0.888,0,0,1,2,0
42.9,526,1498,2,2,0.071,0.949,0,1,1,5,4
2.66,41,2,473,163,1.0,0.86,0,0,1,2,3
2.63,0,0,105,490,1.0,0.877,0,0,1,0,2
55.88,626,1804,8,9,0.02,0.807,0,1,1,3,4
0.0,548,1227,2,4,0.027,0.79,0,1,1,0,4
4.61,28,0,79,12,0.521,0.431,0,0,1,3,4
0.31,50,0,225,334,1.0,0.921,0,0,1,2,3
70.77,343,752,6,9,0.057,0.993,0,1,1,2,0
53.0,485,1965,9,1,0.015,0.83,0,1,1,3,4
0.0,2,0,69,13,0.815,0.0,0,0,1,4,4
99.48,407,947,4,6,0.082,1.0,0,1,2,6,4
3.04,21,2,59,10,0.097,0.363,0,0,2,1,0
18.28,769,492,4,1,0.079,0.991,0,1,1,6,1
6.7,680,377,2,8,0.09,0.657,0,1,1,7,1
42.06,311,1423,1,1,0.004,0.867,0,1,1,3,4
19.33,159,598,11,9,0.171,0.327,4,0,1,0,4
2.85,37,0,372,131,1.0,0.885,0,0,1,0,2
68.71,350,1323,9,5,0.039,0.778,0,1,1,7,4
0.0,590,36,5,6,0.008,0.894,0,1,2,2,4
2.71,68,2,495,109,0.869,0.982,0,0,1,5,2
55.17,553,1535,2,3,0.006,0.767,0,1,1,2,4
95.64,411,1285,3,5,0.0,0.819,0,1,1,4,4
0.0,24,0,41,7,0.51,0.323,0,0,1,7,3
1.77,108,0,347,225,1.0,0.902,0,0,1,0,3
21.9,346,318,6,7,0.33,0.627,3,0,1,0,4
30.5,1106,848,9,4,0.002,0.833,0,1,0,5,4
59.28,232,1063,9,7,0.066,0.861,0,1,1,2,4
43.1,0,1981,4,2,0.0,1.0,0,1,2,0,4
0.0,29,0,130,245,1.0,0.963,0,0,1,6,3
37.03,673,1326,2,3,0.0,0.846,0,1,1,7,4
0.0,1091,436,3,1,0.0,0.921,0,1,2,7,4
2.74,0,0,393,142,1.0,0.985,0,0,1,4,3
0.0,121,1107,5,4,0.067,0.909,0,1,1,5,4
29.5,785,769,4,4,0.029,0.904,0,1,1,6,4
0.54,0,0,439,334,0.729,0.988,0,0,0,1,3
46.91,818,1190,9,7,0.013,0.791,0,1,1,2,4
15.57,933,963,7,7,0.021,0.815,0,1,1,7,4
3.74,19,0,73,7,0.165,0.161,0,0,1,6,3
0.94,16,0,263,287,0.796,1.0,0,0,1,1,3
0.0,15,1,104,244,0.853,0.925,0,0,1,4,0
60.17,819,1017,3,1,0.0,0.922,0,1,1,1,4
5.86,569,2408,5,4,0.098,1.0,0,1,1,3,4
0.05,53,0,464,272,1.0,0.966,0,0,1,3,0
0.0,511,391,7,8,0.026,0.995,0,1,1,2,4
68.16,0,1690,1,1,0.03,0.93,0,1,1,6,4
0.0,41,0,72,10,0.561,0.364,0,0,2,6,3
95.35,179,842,4,6,0.0,0.862,0,1,1,0,2
0.0,8,0,151,412,0.909,1.0,0,0,1,1,3
82.92,251,19,3,3,0.121,0.836,0,1,1,1,4
3.42,65,2,164,276,0.818,0.919,0,0,1,5,2
21.72,55,1433,8,9,0.039,1.0,0,1,1,4,4
76.49,143,575,4,8,0.0,0.912,0,1,1,2,2
24.55,0,1016,3,2,0.008,0.866,0,1,2,5,0
19.36,289,288,4,8,0.139,0.877,3,0,1,4,4
0.0,101,8,403,150,1.0,1.0,0,0,1,7,0
42.94,784,705,8,8,0.041,0.889,0,1,1,3,4
72.58,636,1848,4,9,0.0,0.934,0,1,1,5,4
89.44,0,689,5,2,0.037,0.808,0,1,1,0,4
47.26,72,1142,6,3,0.022,0.957,0,1,1,5,4
0.0,763,1635,4,5,0.0,0.951,0,1,1,3,1
7.15,39,2,30,9,0.403,0.237,0,0,1,2,0
58.88,180,687,3,9,0.0,0.87,0,1,1,0,4
124.24,881,255,5,3,0.096,0.98,0,1,1,5,2
101.15,902,489,3,2,0.039,0.774,1,1,1,2,4
3.55,36,0,203,435,0.904,0.948,0,0,1,1,0
0.0,313,1447,3,5,0.066,1.0,0,1,1,3,4
3.29,32,0,183,444,1.0,0.905,0,0,2,7,3
0.18,701,1765,6,3,0.0,0.84,0,1,1,7,4
47.91,852,1421,8,5,0.04,0.928,0,1,1,3,4
48.87,566,1431,7,9,0.03,0.862,0,1,1,3,4
52.05,210,2032,9,8,0.0,0.805,0,1,1,7,3
66.34,934,1465,9,7,0.0,0.936,0,1,1,0,4
0.93,1,0,220,450,1.0,0.881,0,0,2,6,3
52.39,420,1302,9,8,0.057,0.892,0,1,1,0,4
0.64,12,9,445,447,1.0,0.982,0,0,1,1,3
0.0,666,704,3,2,0.0,1.0,0,1,1,0,3
37.44,464,696,2,4,0.0,0.899,0,1,1,3,4
20.86,332,290,5,3,0.0,1.0,0,1,2,6,2
10.42,783,1060,5,3,0.148,0.915,0,1,1,2,4
124.14,447,463,4,8,0.0,0.764,0,1,1,5,4
125.07,419,1153,2,4,0.0,0.815,0,1,1,1,4
29.51,526,127,5,7,0.023,0.904,0,1,1,4,4
29.18,662,489,7,1,0.054,0.881,0,1,1,2,4
56.46,245,2068,3,6,0.0,1.0,0,1,2,2,4
6.41,49,0,113,338,0.847,0.993,0,0,1,1,3
0.0,18,2,22,17,0.419,0.58,0,0,1,1,3
68.02,439,960,7,6,0.022,0.759,0,1,1,3,4
0.1,28,3,373,421,0.983,1.0,0,0,2,5,3
29.88,269,104,4,5,0.0,0.882,0,1,1,0,4
0.66,26,1,496,200,1.0,0.954,0,0,1,4,3
39.37,497,602,9,3,0.036,0.832,0,1,2,3,4
76.42,199,792,7,9,0.0,1.0,0,1,1,7,4
94.9,528,1240,7,5,0.107,0.712,0,1,1,3,4
117.29,793,1105,4,4,0.0,0.668,0,1,2,5,4
10.37,49,232,3,9,0.189,0.472,3,1,1,3,4
21.66,643,117,6,8,0.04,0.888,0,1,1,7,4
153.77,178,1329,5,7,0.014,0.876,0,1,1,2,4
79.34,247,1066,3,4,0.063,0.952,0,1,1,3,4
0.0,53,5,493,312,0.863,0.868,0,0,1,6,3
21.54,230,1499,7,4,0.0,0.752,0,1,1,0,4
110.98,872,545,1,9,0.058,0.925,0,1,1,6,4
27.41,253,46,13,7,0.127,0.746,2,1,1,3,4
95.34,586,279,2,8,0.004,0.875,0,1,1,2,4
29.98,229,366,13,6,0.306,0.439,1,1,1,3,4
0.0,0,1752,8,9,0.012,0.848,0,1,1,4,4
59.97,242,655,4,7,0.0,0.802,0,1,1,2,4
7.22,360,1044,9,2,0.003,0.988,0,1,1,6,4
61.31,638,1446,5,2,0.0,0.917,0,1,2,0,4
3.01,0,2071,9,7,0.046,0.977,0,1,2,2,1
66.07,717,1205,6,3,0.0,0.82,0,1,1,2,4
2.5,76,0,420,185,1.0,0.97,0,0,1,6,0
27.09,394,962,3,5,0.093,0.772,0,1,1,3,4
57.58,442,1749,9,9,0.017,0.837,0,1,2,2,4
2.76,55,0,441,415,0.861,0.858,0,0,1,4,3
68.34,526,1105,3,2,0.109,0.845,0,1,1,4,4
0.0,152,1469,2,3,0.047,0.812,0,1,1,2,4
0.0,35,0,484,158,0.695,0.968,0,0,1,0,3
91.99,92,914,8,1,0.0,0.819,0,1,2,6,4
66.56,498,1434,6,6,0.123,0.972,0,1,1,3,4
71.65,802,1059,2,6,0.025,0.75,0,1,0,5,4
28.67,804,556,6,9,0.064,0.893,0,1,1,4,4
52.77,669,983,8,9,0.052,0.874,0,1,1,2,0
54.14,160,790,3,5,0.0,0.634,0,1,1,4,4
33.86,349,2051,4,3,0.063,0.959,0,1,1,6,4
33.88,945,1279,8,4,0.061,0.745,0,1,1,2,0
46.65,602,1097,4,8,0.052,1.0,0,1,1,1,4
61.99,44,1835,8,4,0.06,0.882,0,1,2,0,4
82.3,645,988,3,5,0.0,0.83,0,1,1,3,2
69.31,619,0,2,6,0.0,0.803,0,1,1,0,4
17.36,1050,952,6,1,0.0,1.0,0,1,1,7,4
0.0,620,1071,9,2,0.037,0.802,0,1,2,7,4
82.61,437,35,5,2,0.0,0.665,0,1,1,7,4
92.04,202,1371,4,1,0.0,0.943,0,1,2,4,4
13.12,0,1086,8,7,0.024,0.861,0,1,1,7,4
2.08,35,4,383,510,0.857,0.947,0,0,1,3,0
1.75,35,0,30,6,0.289,0.321,0,0,1,3,0
54.41,701,982,4,6,0.041,0.932,0,1,1,1,3
51.53,216,1217,8,6,0.006,0.853,0,1,2,1,4
1.94,55,0,435,241,0.995,0.999,0,0,2,0,2
51.68,499,1742,9,6,0.0,0.913,0,1,1,6,3
2.46,0,0,75,7,0.611,0.299,0,0,1,6,3
99.49,366,1458,2,2,0.11,0.835,0,1,1,3,4
6.72,160,2358,1,9,0.062,0.914,0,1,1,6,4
86.18,506,486,3,1,0.0,0.939,0,1,2,5,4
0.0,59,0,440,381,0.845,1.0,0,0,2,6,3
5.99,684,1359,7,8,0.0,0.901,0,1,1,4,4
0.0,627,1043,6,6,0.0,0.731,0,1,1,6,4
70.58,488,464,1,4,0.055,0.833,0,1,1,0,1
10.86,466,1098,9,7,0.097,0.641,0,1,2,7,4
61.8,113,1792,7,7,0.069,0.802,0,1,1,4,4
1.76,53,6,247,413,0.92,0.938,0,0,1,6,2
192.59,374,657,1,1,0.0,0.649,0,1,1,5,4
86.37,1058,0,2,2,0.02,0.994,0,1,1,0,4
2.83,18,2,24,2,0.489,0.205,0,0,1,7,4
86.82,607,1446,1,1,0.057,0.785,0,1,1,0,4
48.39,556,1448,3,2,0.038,1.0,0,1,1,6,4
0.0,79,0,391,170,0.936,1.0,0,0,2,0,0
61.59,440,0,6,8,0.039,0.861,0,1,1,2,0
28.49,904,1170,2,4,0.012,1.0,0,1,1,4,4
75.11,104,929,2,7,0.137,0.944,0,1,1,2,4
3.18,32,1,29,3,0.324,0.383,0,0,1,7,3
74.99,283,1072,7,8,0.0,1.0,0,1,1,2,4
76.68,481,1586,5,7,0.02,0.752,0,1,1,5,4
72.26,744,888,8,8,0.02,0.897,0,1,1,1,4
33.66,0,1932,7,7,0.0,0.781,0,1,1,1,1
26.2,1496,232,9,4,0.0,0.89,0,1,1,0,4
0.0,41,7,187,464,0.9,0.965,0,0,1,0,3
102.69,0,1765,6,8,0.0,1.0,0,1,0,1,4
56.93,365,1352,7,5,0.085,0.65,0,1,2,5,4
57.78,842,603,3,9,0.0,1.0,0,1,0,2,4
0.54,5,7,170,160,0.798,0.951,0,0,1,7,3
60.47,916,422,2,6,0.007,0.814,0,1,1,3,2
64.91,614,1003,8,8,0.037,0.816,0,1,1,3,3
34.38,527,1533,7,3,0.015,0.977,0,1,1,7,4
4.51,38,0,192,422,0.87,1.0,0,0,0,7,2
0.0,68,0,263,331,0.93,0.979,0,0,1,6,3
61.43,330,23,6,7,0.0,1.0,0,1,1,0,4
12.82,245,1771,1,1,0.023,0.948,0,1,0,0,4
54.75,55,619,7,7,0.0,0.894,0,1,2,3,4
47.81,826,400,6,4,0.0,1.0,0,1,1,2,4
73.33,690,1851,1,8,0.052,0.909,0,1,1,3,4
0.0,37,2,72,18,0.591,0.351,0,0,2,7,3
77.56,241,188,7,3,0.019,0.747,0,1,2,2,4
0.0,664,423,8,1,0.027,0.681,0,1,1,0,4
3.18,12,0,208,428,1.0,0.857,0,0,2,3,0
77.3,741,1745,8,4,0.0,1.0,0,1,1,6,1
44.57,81,1802,7,4,0.029,1.0,0,1,1,6,4
5.08,10,0,26,3,0.45,0.239,0,0,2,1,4
32.65,175,117,9,5,0.06,0.961,2,0,1,4,3
44.81,416,796,6,2,0.0,1.0,0,1,1,1,4
132.36,344,838,5,9,0.044,0.92,0,1,1,0,4
4.08,30,0,48,6,0.298,0.136,0,0,0,4,3
0.0,47,0,391,278,0.991,0.925,0,0,2,1,0
36.04,67,738,1,6,0.04,1.0,0,1,2,1,4
10.99,120,152,6,2,0.03,0.415,2,1,1,3,4
97.2,137,852,5,9,0.047,0.835,0,1,1,1,4
80.98,416,0,8,2,0.0,0.965,0,1,1,2,4
0.0,195,0,2,9,0.058,0.921,0,1,1,1,4
1.85,26,3,153,202,0.85,0.998,0,0,2,1,3
2.39,21,0,65,5,0.246,0.179,0,0,2,0,3
49.05,81,1005,4,4,0.022,1.0,0,1,2,4,4
2.87,69,0,412,245,0.869,0.992,0,0,1,3,0
46.87,324,895,6,9,0.0,0.829,0,1,1,1,4
12.86,583,958,5,7,0.023,0.979,0,1,1,4,4
89.89,175,610,3,9,0.038,0.892,0,1,1,2,4
2.26,36,0,259,397,0.859,0.993,0,0,1,6,0
36.95,654,996,6,1,0.0,0.883,0,1,1,3,4
32.75,647,714,1,3,0.029,0.864,0,1,2,7,4
4.93,527,1220,1,6,0.0,0.803,0,1,1,2,4
3.51,1159,674,2,7,0.057,0.779,0,1,1,7,4
0.0,86,3,504,345,0.944,0.903,0,0,1,6,0
0.18,5,0,127,256,0.782,0.926,0,0,2,5,0
71.88,304,1601,6,7,0.002,0.891,0,1,1,4,4
47.41,708,1734,3,2,0.026,0.991,0,1,1,5,4
183.9,4,816,3,1,0.027,1.0,1,1,2,0,4
30.45,0,234,7,6,0.107,0.813,3,0,1,0,3
0.0,0,775,2,7,0.0,0.978,0,1,2,4,4
0.0,42,8,324,309,0.799,0.969,0,0,0,3,3
29.31,1027,1106,8,6,0.0,1.0,0,1,1,1,4
31.84,602,1020,7,7,0.0,1.0,0,1,1,2,0
122.33,437,987,5,1,0.0,0.831,0,1,1,3,4
13.61,633,875,8,4,0.005,0.817,0,1,1,5,4
0.66,47,11,288,147,1.0,0.985,0,0,1,4,3
56.41,922,492,5,6,0.0,0.812,0,1,0,0,4
11.6,524,707,5,3,0.052,0.784,0,1,1,5,4
0.0,578,385,4,6,0.0,0.859,0,1,0,0,4
1.16,28,3,167,429,0.969,0.992,0,0,2,7,3
0.0,144,1003,1,6,0.0,0.87,0,1,1,3,4
127.56,1097,431,7,6,0.037,1.0,0,1,0,2,4
2.35,62,0,103,496,0.871,0.91,0,0,1,0,0
2.2,33,0,42,15,0.586,0.279,0,0,1,4,3
56.78,628,606,3,4,0.0,0.646,0,1,1,6,4
24.42,381,2192,8,2,0.0,0.994,0,1,1,6,3
76.75,601,1735,8,6,0.087,0.895,0,1,1,0,2
30.57,728,1507,6,9,0.069,1.0,0,1,1,7,4
4.82,578,603,3,8,0.049,0.852,0,1,1,4,4
36.28,705,1839,7,2,0.13,0.97,0,1,1,4,4
74.79,927,1115,5,7,0.009,1.0,0,1,1,0,3
52.1,833,1306,9,5,0.022,0.84,0,1,1,6,4
0.09,70,0,323,108,0.995,0.977,0,0,1,3,2
68.92,210,1792,5,6,0.01,1.0,0,1,1,7,4
47.72,1252,1043,4,5,0.054,0.828,0,1,2,0,3
0.0,4,0,49,5,0.42,0.395,0,0,2,4,0
7.21,28,3,33,4,0.757,0.163,0,0,1,2,0
33.95,616,1307,6,7,0.054,0.811,0,1,1,2,4
84.55,611,1340,5,6,0.006,0.902,0,1,2,4,4
39.18,571,1714,2,6,0.023,1.0,0,1,2,6,4
16.48,393,1261,8,8,0.0,0.805,0,1,1,6,4
14.77,238,1162,9,5,0.065,1.0,0,1,1,6,4
65.88,310,603,2,5,0.0,1.0,0,1,1,0,4
71.88,232,737,5,4,0.038,0.84,0,1,1,0,4
77.92,393,1674,1,2,0.0,0.862,0,1,1,1,4
2.14,44,0,193,464,1.0,0.996,0,0,1,4,3
56.22,570,925,7,4,0.014,0.85,0,1,1,7,4
81.57,889,0,9,8,0.0,1.0,0,1,1,0,4
18.18,392,1681,1,7,0.012,0.866,0,1,1,0,2
40.0,229,814,5,6,0.088,0.766,0,1,1,2,4
0.0,697,0,6,1,0.0,0.81,0,1,1,6,4
0.29,43,4,423,360,0.88,1.0,0,0,1,6,2
29.96,153,1195,1,3,0.057,0.903,0,1,1,5,2
55.1,279,1266,8,1,0.0,1.0,0,1,1,7,4
39.24,924,1922,4,1,0.031,0.925,0,1,1,6,3
82.86,589,1071,1,5,0.104,0.908,0,1,1,1,4
0.0,68,0,406,119,0.831,0.944,0,0,1,1,3
0.49,18,0,88,18,0.309,0.196,0,0,1,6,4
99.62,618,1176,8,4,0.0,1.0,0,1,1,0,4
103.07,691,1160,8,6,0.018,0.788,0,1,1,6,4
0.13,17,0,402,185,0.865,0.922,0,0,2,3,2
84.9,301,2418,7,5,0.004,1.0,0,1,1,1,4
6.74,274,264,5,5,0.0,0.775,0,1,1,3,4
107.37,934,1291,7,8,0.088,0.85,0,1,1,6,4
1.3,28,0,453,437,0.847,0.944,0,0,2,3,0
43.19,687,394,4,5,0.009,1.0,0,1,1,6,4
1.92,53,7,114,127,0.855,0.971,0,0,1,0,3
1.42,38,0,364,177,0.887,0.912,0,0,1,1,0
43.48,426,1063,4,7,0.015,1.0,0,1,0,6,4
0.0,34,1,66,3,0.421,0.186,0,0,1,4,0
0.1,40,1,364,399,0.843,0.944,0,0,1,4,2
5.9,0,1376,8,3,0.008,0.858,0,1,1,1,1
0.97,62,4,364,116,1.0,0.938,0,0,2,4,3
4.24,21,0,54,17,0.622,0.317,0,0,1,5,0
118.6,1514,180,3,4,0.108,1.0,1,1,1,1,4
0.3,53,0,328,225,0.751,0.913,0,0,1,0,2
1.03,40,3,304,291,0.89,0.904,0,0,1,7,3
83.32,561,1383,5,7,0.0,0.963,0,1,1,0,4
0.0,43,6,188,460,0.866,0.96,0,0,2,7,3
1.78,63,2,503,484,0.836,0.97,0,0,1,1,3
67.19,41,483,6,1,0.068,0.844,0,1,2,1,4
53.04,778,580,1,6,0.0,0.861,0,1,1,5,4
175.39,845,418,3,4,0.042,0.967,1,1,1,7,4
0.0,703,452,7,6,0.007,0.944,0,1,2,2,4
43.33,505,1751,9,5,0.0,0.777,0,1,1,6,4
30.74,918,0,4,9,0.0,0.845,0,1,1,5,4
71.53,37,576,3,9,0.04,0.975,0,1,1,4,4
0.0,51,0,95,5,0.188,0.188,0,0,2,3,0
62.68,463,928,8,4,0.02,0.882,0,1,1,3,4
56.31,83,1319,1,8,0.023,0.96,0,1,1,5,4
1.39,52,0,235,233,0.937,0.911,0,0,2,4,3
0.0,526,629,8,7,0.04,0.907,0,1,1,1,4
3.97,0,2,49,16,0.153,0.252,0,0,2,3,3
14.29,443,779,4,8,0.066,1.0,0,1,1,1,4
1.01,41,3,143,260,0.729,1.0,0,0,2,6,3
4.16,338,1771,7,2,0.0,0.805,0,1,1,5,4
0.0,680,131,3,2,0.0,0.778,0,1,0,6,4
13.74,256,1672,8,7,0.0,1.0,0,1,2,7,2
85.38,68,633,6,2,0.031,0.841,0,1,2,1,4
42.94,246,427,4,9,0.05,0.867,0,1,1,7,0
55.32,55,1207,3,5,0.0,0.959,0,1,2,7,4
96.46,791,1882,9,3,0.032,0.861,0,1,0,3,4
3.98,38,2,331,265,0.736,1.0,0,0,1,7,0
3.42,17,0,94,15,0.344,0.26,0,0,1,3,0
39.6,227,841,2,1,0.048,0.996,0,1,1,7,4
0.0,80,8,240,344,0.994,0.927,0,0,1,6,3
117.1,448,1275,2,3,0.056,0.749,0,1,1,0,4
86.46,528,977,2,2,0.062,0.919,0,1,1,5,4
79.28,1020,435,2,3,0.024,0.888,0,1,1,3,4
23.49,889,1136,3,9,0.0,0.923,0,1,1,6,4
0.0,46,3,343,362,0.853,0.958,0,0,0,3,3
3.95,22,0,56,17,0.668,0.008,0,0,1,0,0
12.22,490,676,3,3,0.0,0.933,0,1,2,3,4
96.49,756,392,9,9,0.048,0.918,0,1,1,5,4
72.94,343,353,3,6,0.052,0.88,0,1,1,1,4
63.91,386,706,9,5,0.071,0.878,0,1,1,6,1
79.02,576,1253,2,7,0.0,1.0,0,1,0,6,4
22.87,638,2298,2,7,0.045,1.0,0,1,1,1,3
15.77,778,1090,9,4,0.005,0.811,0,1,1,6,4
123.36,6,1971,5,9,0.049,0.668,0,1,1,5,4
1.39,23,0,96,19,0.208,0.103,0,0,1,3,0
77.73,663,605,6,1,0.0,0.943,0,1,1,2,0
27.86,547,0,3,8,0.0,1.0,0,1,1,7,4
0.0,543,1500,8,2,0.138,0.749,0,1,2,1,4
46.31,152,109,2,3,0.04,0.757,0,1,1,3,4
3.57,526,1863,9,4,0.024,0.794,0,1,2,2,4
42.52,213,2303,7,8,0.0,0.739,0,1,2,5,0
36.58,576,1437,4,3,0.0,0.942,0,1,1,4,4
0.0,567,503,1,5,0.084,0.878,0,1,2,5,4
23.13,876,1528,5,3,0.013,0.839,0,1,1,7,4
2.13,41,0,495,314,1.0,0.959,0,0,2,6,0
0.0,378,0,7,8,0.039,0.959,0,1,0,1,4
31.31,586,1965,7,1,0.009,0.883,0,1,2,3,4
5.56,530,1411,9,5,0.019,0.869,0,1,1,3,4
55.84,659,787,7,6,0.03,0.936,0,1,1,1,4
2.43,7,0,53,7,0.382,0.13,0,0,1,7,3
0.82,14,0,74,7,0.848,0.316,0,0,0,2,4
94.18,1328,1499,3,7,0.074,0.827,0,1,2,1,4
0.0,561,1722,3,9,0.0,0.79,0,1,1,7,4
273.4,1755,502,1,1,0.101,0.761,1,1,1,4,4
86.95,751,1661,6,6,0.0,0.847,0,1,1,3,4
0.43,31,0,215,437,0.734,0.949,0,0,1,1,3
100.45,351,712,8,7,0.0,0.891,0,1,1,5,1
101.95,40,756,6,9,0.0,0.783,0,1,1,1,4
62.88,984,1271,5,1,0.03,0.835,0,1,1,6,4
67.04,498,1206,8,1,0.109,0.806,0,1,1,6,4
65.83,271,608,5,7,0.0,1.0,0,1,1,2,4
76.6,488,607,3,4,0.021,0.966,0,1,1,3,4
79.7,323,361,8,2,0.0,0.753,0,1,1,2,4
99.2,0,81,3,2,0.057,0.536,1,1,1,1,4
0.0,887,1043,4,7,0.0,0.838,0,1,2,7,4
1.7,28,0,374,397,0.844,0.849,0,0,0,3,0
104.99,512,892,7,4,0.02,1.0,0,1,1,3,4
0.0,47,0,377,321,0.789,0.966,0,0,1,4,2
19.62,429,696,5,5,0.0,1.0,0,1,1,6,4
77.65,780,1639,4,8,0.119,0.766,0,1,2,0,4
0.64,61,1129,6,4,0.076,0.682,0,1,1,4,4
5.96,37,0,36,8,0.446,0.036,0,0,1,5,4
56.37,486,271,1,6,0.008,0.842,0,1,1,7,4
18.13,306,1117,8,2,0.0,0.904,0,1,2,5,4
44.78,1060,511,4,1,0.018,0.727,0,1,2,3,4
0.0,750,2067,7,3,0.0,0.756,0,1,1,5,4
2.29,40,0,220,487,0.828,0.955,0,0,1,2,3
74.95,381,667,5,4,0.095,0.938,0,1,1,5,4
63.18,351,0,2,2,0.034,0.754,0,1,1,6,4
40.9,697,2311,1,4,0.021,0.983,0,1,1,2,3
61.78,0,1391,5,7,0.0,1.0,0,1,2,3,3
1.85,423,901,3,7,0.0,1.0,0,1,1,0,4
101.53,433,869,7,5,0.007,0.992,0,1,1,0,4
79.96,398,1638,4,9,0.027,0.975,0,1,1,7,4
0.0,764,1225,4,7,0.076,0.924,0,1,2,4,4
94.4,267,982,1,8,0.0,0.782,0,1,1,0,4
0.0,72,4,148,356,1.0,0.978,0,0,1,5,0
1.97,5,4,56,2,0.383,0.102,0,0,1,1,3
27.55,614,455,5,7,0.024,0.953,0,1,1,3,4
18.9,268,185,10,2,0.054,0.379,4,1,1,5,4
83.47,409,1475,7,5,0.0,0.867,0,1,1,5,4
93.73,613,1421,2,1,0.085,0.853,0,1,1,4,0
125.1,726,1245,3,7,0.0,0.936,0,1,1,1,4
0.0,813,1576,4,1,0.107,0.827,0,1,2,6,4
75.63,785,924,2,8,0.072,0.873,0,1,1,7,4
11.19,554,272,4,1,0.123,0.986,0,1,1,0,4
78.94,551,1092,8,4,0.049,0.689,0,1,1,4,4
50.4,811,1560,8,6,0.007,0.975,0,1,1,1,4
0.0,0,863,3,5,0.114,0.779,0,1,0,6,4
0.0,604,1940,8,1,0.067,0.873,0,1,1,0,4
1.61,115,0,412,364,1.0,0.943,0,0,1,0,3
1.2,54,0,489,299,1.0,0.959,0,0,2,1,3
0.32,44,0,193,457,0.859,1.0,0,0,1,1,3
0.0,872,497,5,9,0.045,0.846,0,1,2,4,4
0.0,0,0,395,337,0.749,0.953,0,0,2,7,3
40.61,382,163,7,6,0.0,0.832,0,1,1,7,4
68.9,43,1089,3,9,0.089,1.0,0,1,1,2,4
23.18,671,695,8,7,0.023,1.0,0,1,1,5,4
27.97,317,1349,6,2,0.01,0.861,0,1,1,0,4
42.52,1081,496,5,5,0.024,0.861,0,1,2,4,4
0.0,10,0,48,7,0.388,0.09,0,0,0,6,4
95.54,192,830,5,8,0.038,0.972,0,1,1,2,4
1.37,10,5,437,243,0.952,0.897,0,0,1,7,3
58.44,1157,660,2,3,0.017,0.701,1,1,1,3,4
2.1,0,6,86,5,0.567,0.33,0,0,0,7,4
40.21,75,585,3,2,0.053,0.488,4,1,1,1,4
114.35,1054,2224,1,5,0.03,0.939,0,1,1,2,4
3.41,55,0,155,134,0.768,0.87,0,0,2,2,3
54.83,547,643,3,6,0.004,1.0,0,1,1,7,4
35.85,153,6,12,2,0.15,0.486,1,0,2,2,4
27.18,236,365,4,6,0.216,0.883,1,0,1,7,4
17.12,792,374,6,9,0.024,0.89,0,1,1,1,4
118.67,526,1604,4,6,0.049,0.876,0,1,2,0,4
37.94,393,900,3,6,0.0,0.877,0,1,1,0,4
4.76,103,0,508,461,1.0,0.989,0,0,1,4,0
51.35,749,1676,2,9,0.013,0.843,0,1,1,1,4
17.99,855,409,1,3,0.047,0.938,0,1,1,6,4
1.63,65,0,136,266,0.965,0.899,0,0,1,7,3
98.12,481,2946,7,5,0.073,0.949,0,1,2,7,4
209.16,495,1786,4,9,0.07,1.0,0,1,1,7,4
23.53,545,1438,5,5,0.0,0.636,0,1,1,5,4
29.48,149,274,7,9,0.0,0.832,0,1,2,5,4
69.79,627,0,1,2,0.031,1.0,0,1,2,7,4
0.0,51,4,152,279,0.658,1.0,0,0,1,5,0
0.0,370,1709,5,4,0.0,0.857,0,1,1,1,4
2.09,24,0,330,208,1.0,0.939,0,0,1,6,0
123.74,0,769,4,5,0.013,0.832,0,1,1,6,4
41.37,627,1946,5,6,0.022,0.916,0,1,1,1,4
0.0,491,901,2,9,0.051,1.0,0,1,1,6,4
2.1,61,0,264,349,0.933,1.0,0,0,1,4,3
49.4,275,198,5,5,0.0,0.973,0,1,2,0,4
93.44,412,1291,9,4,0.108,1.0,0,1,2,2,4
84.51,453,1580,4,3,0.06,0.877,0,1,1,7,4
0.7,59,0,492,201,0.941,1.0,0,0,1,0,3
77.82,839,1516,7,1,0.0,0.994,0,1,1,3,4
40.59,1339,133,9,8,0.035,1.0,0,1,1,6,4
76.91,0,155,1,3,0.055,1.0,0,1,1,2,4
0.0,551,869,5,9,0.0,0.82,0,1,1,2,4
71.12,652,828,7,7,0.094,1.0,0,1,0,6,2
68.03,166,1106,5,9,0.005,0.944,0,1,1,1,3
29.38,762,569,5,1,0.034,1.0,0,1,1,0,4
36.06,548,575,9,9,0.0,0.921,0,1,1,2,4
46.15,730,470,6,5,0.053,0.994,0,1,1,5,4
35.17,336,817,8,8,0.0,0.801,0,1,2,4,4
17.73,721,1224,6,1,0.0,1.0,0,1,1,6,4
0.57,98,0,201,473,0.926,0.937,0,0,1,2,3
36.64,0,742,5,9,0.02,0.814,0,1,1,6,4
0.04,51,4,293,240,0.95,0.989,0,0,1,5,0
0.0,28,3,102,348,0.934,0.898,0,0,2,3,3
28.44,317,1426,2,7,0.028,0.838,0,1,1,2,4
1.76,39,0,64,17,0.52,0.297,0,0,2,1,4
28.98,600,945,5,1,0.049,0.956,0,1,1,2,4
0.21,120,0,421,198,1.0,0.904,0,0,1,2,3
119.15,568,1224,7,8,0.018,0.717,0,1,1,1,4
36.06,1144,856,9,7,0.0,0.904,0,1,1,3,1
76.75,408,520,7,1,0.079,0.807,0,1,1,0,0
102.7,651,962,9,3,0.0,0.774,0,1,1,6,4
59.81,794,1083,7,9,0.073,0.866,0,1,1,1,4
71.95,270,1243,6,4,0.0,0.885,0,1,1,7,4
13.73,202,272,7,4,0.092,0.988,0,1,2,5,4
75.25,890,2025,7,5,0.021,0.686,0,1,1,7,4
2.07,67,0,345,327,0.882,0.864,0,0,1,1,0
53.92,930,1437,4,2,0.058,0.904,0,1,1,7,0
49.6,697,1792,7,8,0.006,0.992,0,1,1,3,4
26.58,601,948,4,5,0.001,0.974,0,1,1,1,4
0.0,0,1638,6,3,0.0,0.985,0,1,1,2,0
2.07,29,0,467,237,0.85,0.9,0,0,2,3,0
60.05,1138,1218,8,8,0.0,0.893,0,1,1,3,4
0.0,125,0,432,277,0.774,0.967,0,0,0,6,0
0.0,49,4,192,330,0.874,1.0,0,0,1,6,0
67.41,738,846,3,8,0.045,1.0,0,1,2,5,4
0.14,0,0,303,100,0.946,0.915,0,0,1,3,3
0.0,495,437,4,1,0.0,1.0,0,1,1,7,4
3.17,42,1,430,347,0.768,0.993,0,0,1,7,2
46.62,714,424,5,3,0.0,1.0,0,1,1,0,1
0.21,37,0,140,433,0.753,0.984,0,0,2,3,0
59.26,580,2213,9,3,0.01,0.919,0,1,1,7,4
0.0,955,548,8,7,0.0,0.897,0,1,1,6,4
109.07,485,1582,1,6,0.096,0.929,0,1,1,1,4
53.81,728,539,2,5,0.0,0.951,0,1,2,6,4
1.44,130,0,126,130,0.86,1.0,0,0,1,7,3
62.76,410,548,4,5,0.007,1.0,0,1,1,6,4
0.0,41,0,356,510,0.887,0.88,0,0,2,2,3
0.0,39,0,291,354,1.0,0.936,0,0,1,7,3
93.19,258,516,5,8,0.0,0.956,0,1,1,3,4
9.82,0,0,31,2,0.342,0.098,0,0,1,3,4
0.0,121,516,9,3,0.054,0.796,0,1,1,2,4
1.17,90,5,130,243,0.876,1.0,0,0,1,2,2
42.95,0,591,3,9,0.0,0.87,0,1,1,4,3
56.74,354,1397,7,2,0.037,0.693,0,1,1,7,0
99.75,0,1257,2,3,0.098,1.0,0,1,1,1,4
1.47,23,8,113,412,0.834,1.0,0,0,1,4,3
144.67,340,1740,9,2,0.0,1.0,0,1,2,0,4
10.22,16,1836,1,9,0.063,1.0,0,1,2,1,4
24.31,1097,262,9,1,0.0,0.774,0,1,1,7,4
32.36,800,0,8,6,0.023,0.562,0,1,1,1,4
58.83,541,303,9,6,0.028,1.0,0,1,1,2,4
11.78,0,111,1,7,0.0,0.861,0,1,1,4,4
112.29,1076,1237,8,5,0.086,0.668,0,1,2,2,4
0.23,27,0,217,443,0.953,0.963,0,0,1,2,0
92.4,739,1352,3,8,0.0,0.86,0,1,1,1,4
0.0,22,0,69,18,0.293,0.3,0,0,2,1,3
2.57,22,0,76,15,0.337,0.02,0,0,1,5,3
24.76,824,1353,5,4,0.062,0.808,0,1,1,6,4
0.68,26,0,175,477,0.831,0.919,0,0,2,7,0
135.84,221,1756,3,8,0.089,0.958,0,1,0,7,4
30.16,793,1129,9,2,0.064,0.625,0,1,1,0,3
58.54,346,406,7,3,0.052,1.0,0,1,1,1,4
102.64,667,1718,1,7,0.039,0.767,0,1,1,2,4
27.13,465,279,8,8,0.039,0.886,0,1,1,2,4
3.88,14,0,142,302,0.928,0.926,0,0,1,5,0
12.49,218,1392,9,2,0.0,0.77,0,1,1,5,1
2.95,62,0,432,327,0.895,0.946,0,0,1,1,2
0.0,31,0,183,349,0.932,0.947,0,0,1,1,3
68.93,777,210,2,5,0.003,0.865,0,1,1,1,4
1.94,56,0,113,257,1.0,0.999,0,0,1,5,3
75.99,246,266,1,9,0.046,0.913,0,1,1,2,4
0.0,11,0,40,19,0.496,0.119,0,0,1,1,3
41.79,608,805,5,2,0.0,0.853,0,1,1,1,4
0.0,225,408,9,7,0.0,0.918,0,1,1,6,1
0.0,33,1,193,193,0.939,0.952,0,0,1,1,3
73.26,672,431,6,7,0.033,0.985,0,1,0,6,4
82.3,1083,589,5,3,0.023,0.952,0,1,1,4,4
4.75,33,2,22,9,0.387,0.142,0,0,1,4,4
0.0,675,762,7,9,0.067,0.816,0,1,1,3,4
92.39,622,862,1,9,0.059,0.924,0,1,1,2,3
52.24,402,883,5,2,0.079,0.732,0,1,1,7,4
31.31,91,598,2,9,0.031,0.843,0,1,1,4,4
146.51,446,0,9,2,0.047,0.946,0,1,1,2,4
1.12,88,0,377,111,1.0,1.0,0,0,1,6,3
53.78,180,568,5,6,0.003,0.937,0,1,2,2,4
9.84,200,1520,3,7,0.0,0.994,0,1,2,4,4
30.9,810,145,1,8,0.114,0.911,0,1,1,6,4
0.0,0,808,1,4,0.0,0.876,0,1,1,1,4
38.73,376,1354,3,3,0.016,0.806,0,1,1,7,3
30.43,445,992,9,7,0.012,0.958,0,1,1,7,4
14.46,237,1421,5,8,0.078,1.0,0,1,2,1,4
153.38,751,1115,1,6,0.0,0.928,0,1,1,3,0
100.19,592,1191,8,8,0.046,0.967,0,1,1,5,4
99.68,520,1130,8,6,0.0,0.904,0,1,1,6,4
5.75,24,1,97,8,0.296,0.471,0,0,1,2,4
2.51,22,0,54,15,0.51,0.111,0,0,2,4,4
77.78,519,1738,1,6,0.0,0.899,0,1,1,1,4
119.13,919,1497,4,8,0.047,1.0,0,1,0,5,4
4.14,23,0,267,275,1.0,0.994,0,0,1,1,3
119.36,339,1613,3,2,0.044,0.913,0,1,1,0,0
66.03,0,781,8,6,0.105,1.0,0,1,1,3,1
1.42,0,0,31,17,0.391,0.359,0,0,2,2,4
113.21,914,557,8,1,0.0,0.826,0,1,2,7,1
33.93,0,359,7,9,0.0,0.866,0,1,1,3,4
1.4,93,3,262,319,1.0,0.947,0,0,0,1,2
77.61,805,800,4,3,0.0,0.937,0,1,1,1,4
6.32,471,2445,2,5,0.077,0.791,0,1,1,7,4
0.0,3,5,89,9,0.165,0.204,0,0,1,1,4
0.0,972,749,6,2,0.0,0.744,0,1,1,3,4
17.55,324,341,13,9,0.079,0.406,2,0,1,3,4
81.6,0,1107,3,4,0.013,0.892,0,1,2,1,4
74.27,571,18,3,9,0.039,0.855,0,1,1,1,4
27.23,140,928,2,9,0.015,0.781,0,1,1,2,4
73.56,181,869,6,7,0.0,0.942,0,1,1,6,4
27.9,528,1276,2,7,0.084,0.826,0,1,1,1,4
0.0,501,1215,6,9,0.006,1.0,0,1,1,7,4
0.0,83,2,162,452,1.0,1.0,0,0,1,1,2
0.0,25,0,41,16,0.374,0.221,0,0,1,5,3
0.0,0,323,4,3,0.0,0.692,1,0,2,7,4
52.18,872,1398,1,1,0.083,0.769,0,1,2,6,4
4.85,3,679,4,7,0.053,0.797,0,1,2,3,4
69.27,405,497,8,6,0.05,1.0,0,1,1,3,2
96.83,365,2237,7,8,0.0,0.924,0,1,2,0,4
77.46,651,1705,5,8,0.001,1.0,0,1,1,7,4
0.0,371,449,4,9,0.005,0.736,4,0,1,1,4
60.16,427,889,2,8,0.0,0.854,0,1,2,6,4
1.85,94,0,391,505,0.827,0.921,0,0,1,5,0
0.0,0,0,332,397,0.897,0.958,0,0,1,6,3
19.5,162,752,3,2,0.063,1.0,0,1,1,2,4
0.9,111,0,394,242,0.783,1.0,0,0,1,3,3
56.57,524,1224,4,5,0.142,0.922,0,1,2,5,4
122.69,1570,568,1,3,0.0,0.75,0,1,2,7,4
60.26,410,1504,3,6,0.09,0.829,0,1,1,0,4
39.84,0,261,2,1,0.005,0.794,0,1,1,4,4
55.24,313,1154,8,5,0.018,0.921,0,1,1,7,0
0.0,53,0,269,208,0.897,0.852,0,0,0,6,3
0.1,16,0,30,11,0.449,0.115,0,0,1,6,0
24.33,761,2139,3,1,0.013,0.894,0,1,0,6,4
107.84,791,844,7,5,0.033,0.894,0,1,1,0,4
71.0,933,431,5,7,0.0,0.822,0,1,1,5,2
0.0,497,1180,5,5,0.098,0.824,0,1,1,5,4
1.75,48,0,463,206,0.921,0.946,0,0,1,6,2
18.64,172,584,8,2,0.175,0.705,3,0,1,7,4
0.0,20,1,87,2,0.374,0.0,0,0,1,7,0
17.49,258,513,2,2,0.225,1.0,2,0,1,0,4
5.13,40,0,74,16,0.388,0.293,0,0,0,7,3
0.0,0,737,7,8,0.0,0.943,0,1,1,1,3
49.11,929,1494,7,2,0.0,0.896,0,1,1,3,4
39.41,474,1471,7,1,0.0,1.0,0,1,1,1,2
29.28,160,1178,5,3,0.102,0.955,0,1,1,1,4
61.9,577,640,4,3,0.015,0.966,0,1,0,7,4
49.26,841,1183,8,4,0.051,1.0,0,1,1,7,4
3.2,46,0,48,15,0.236,0.201,0,0,1,0,3
0.0,11,2,56,4,0.378,0.026,0,0,1,1,4
0.0,311,834,9,3,0.0,0.908,0,1,1,5,4
40.41,388,0,1,8,0.073,0.96,0,1,0,6,4
82.67,355,262,4,3,0.067,0.812,0,1,1,2,4
26.02,751,878,5,7,0.0,1.0,0,1,1,7,4
5.69,429,840,5,4,0.059,0.947,0,1,1,7,4
0.95,58,1,195,158,0.738,0.973,0,0,1,3,3
0.0,33,5,273,188,1.0,0.998,0,0,1,6,3
113.91,496,369,1,8,0.07,0.863,0,1,1,3,4
0.0,59,0,162,131,1.0,0.946,0,0,1,5,2
2.78,12,1,95,12,0.535,0.23,0,0,1,2,4
83.31,671,660,2,8,0.056,0.954,0,1,1,6,4
0.43,29,0,36,8,0.258,0.115,0,0,2,6,0
87.62,325,770,3,5,0.017,0.9,0,1,1,1,0
73.77,338,1275,6,4,0.068,0.916,0,1,1,1,4
112.93,73,1294,9,2,0.0,0.907,0,1,1,5,4
81.27,773,1254,6,5,0.003,0.894,0,1,1,0,4
34.0,158,1498,4,3,0.005,0.912,0,1,1,4,4
58.38,964,208,9,6,0.065,0.88,0,1,1,7,4
55.23,102,1805,2,4,0.013,1.0,0,1,1,0,4
86.29,1011,246,3,1,0.009,0.839,0,1,1,3,4
53.86,852,359,2,5,0.029,1.0,0,1,1,4,4
77.99,861,407,4,2,0.011,0.847,0,1,1,3,3
42.55,996,1127,7,7,0.013,0.856,0,1,1,2,4
40.74,0,1103,9,6,0.049,0.924,0,1,1,2,4
19.87,521,1111,7,7,0.0,0.778,0,1,2,7,3
47.64,1120,1471,3,5,0.0,0.974,0,1,1,2,4
54.41,701,624,9,7,0.0,1.0,0,1,0,0,4
33.61,1061,0,6,6,0.123,0.927,0,1,1,6,4
92.77,430,573,2,5,0.0,0.856,0,1,1,6,4
0.0,660,0,2,5,0.03,0.967,0,1,2,2,4
23.81,218,253,12,1,0.274,0.357,3,1,1,6,4
21.23,230,269,3,1,0.057,0.829,0,1,1,3,2
59.64,323,227,9,5,0.055,0.875,0,1,1,3,4
41.79,540,1722,3,7,0.046,0.908,0,1,2,0,4
0.0,279,392,4,2,0.0,0.861,0,1,1,6,4
69.95,768,1298,8,4,0.018,0.956,0,1,1,2,4
21.49,291,118,14,6,0.303,0.666,2,1,0,1,3
34.82,576,789,7,4,0.022,0.987,0,1,1,2,4
38.52,685,1027,7,1,0.124,0.832,0,1,1,0,4
2.93,70,0,135,394,0.914,0.894,0,0,1,6,2
99.05,565,0,2,1,0.001,0.932,0,1,1,7,4
114.91,376,1611,3,5,0.0,0.913,0,1,1,1,4
37.2,314,1113,8,1,0.037,0.708,0,1,0,4,0
48.75,332,1572,8,4,0.087,0.71,0,1,1,7,4
0.0,20,0,390,288,0.775,0.975,0,0,1,5,3
73.84,380,1007,8,9,0.0,0.974,0,1,0,3,4
0.0,64,9,462,444,0.997,0.875,0,0,1,6,0
1.13,25,0,21,18,0.376,0.231,0,0,1,1,3
77.62,707,621,1,5,0.0,0.7,0,1,1,1,4
3.64,25,0,61,10,0.498,0.372,0,0,1,6,0
0.0,800,1066,3,5,0.086,0.916,0,1,1,7,4
53.46,705,833,9,8,0.0,1.0,0,1,1,6,4
38.93,725,564,4,5,0.0,0.926,0,1,1,4,4
3.87,87,0,338,223,0.949,0.993,0,0,1,1,0
93.97,506,525,2,9,0.017,0.865,0,1,2,6,4
25.61,422,1539,8,4,0.093,0.88,0,1,1,5,4
1.45,22,3,75,17,0.311,0.148,0,0,1,3,4
0.0,548,959,2,7,0.0,0.763,0,1,0,2,4
85.45,455,1764,3,1,0.11,1.0,0,1,1,4,4
77.99,509,923,1,3,0.046,0.919,0,1,2,3,4
0.0,616,339,1,5,0.077,0.828,0,1,1,2,4
8.52,497,1132,9,9,0.024,0.819,0,1,1,6,4
0.0,9,0,295,379,1.0,0.931,0,0,1,3,3
0.0,20,4,83,19,0.951,0.374,0,0,1,7,3
63.17,525,1460,6,2,0.0,0.756,0,1,1,0,4
79.26,239,1688,8,3,0.0,0.879,0,1,1,6,4
58.58,449,1154,5,2,0.011,1.0,0,1,1,0,4
22.18,79,0,3,8,0.045,0.835,0,1,2,1,1
1.22,1,0,429,443,0.86,0.972,0,0,1,1,2
47.85,367,1002,4,3,0.044,0.847,0,1,1,7,4
92.28,135,546,6,4,0.041,0.863,0,1,1,4,4
74.81,315,2754,3,8,0.06,0.938,0,1,1,0,4
22.95,579,631,7,3,0.086,1.0,0,1,1,4,4
0.0,186,698,8,9,0.044,1.0,0,1,1,0,4
0.0,98,6,298,118,1.0,0.971,0,0,1,2,0
44.1,413,1262,5,3,0.0,0.8,0,1,1,1,4
66.68,567,113,3,5,0.062,0.951,0,1,1,7,4
54.27,3,330,6,1,0.0,0.843,0,1,1,1,2
37.95,496,1569,6,1,0.0,0.96,0,1,1,0,4
81.31,714,528,8,9,0.006,1.0,0,1,1,0,3
82.9,500,888,4,2,0.0,0.808,0,1,2,5,4
0.43,36,0,248,408,0.887,0.918,0,0,1,1,0
0.0,495,518,5,7,0.0,0.98,0,1,1,0,4
0.0,270,414,9,9,0.0,0.775,0,1,1,0,4
50.16,498,457,7,2,0.016,1.0,0,1,1,4,3
73.21,369,997,9,9,0.0,1.0,0,1,1,4,4
30.38,253,16,2,3,0.015,1.0,0,1,1,5,2
84.44,461,728,7,9,0.0,0.808,0,1,1,2,4
0.0,79,1090,1,5,0.06,1.0,0,1,1,1,4
0.0,340,1077,5,8,0.074,0.843,0,1,1,2,4
93.92,0,1680,7,9,0.103,0.869,0,1,1,0,4
0.0,6,8,355,353,0.688,0.96,0,0,2,5,3
3.61,186,406,6,7,0.032,1.0,0,1,1,5,4
137.81,806,2061,8,5,0.051,0.941,0,1,2,3,4
0.0,42,0,418,329,1.0,0.924,0,0,1,6,3
130.15,1211,488,2,1,0.114,0.632,0,1,2,3,4
74.4,1101,1157,2,9,0.0,0.779,0,1,0,7,4
102.39,325,1148,7,8,0.126,0.991,0,1,1,2,4
73.56,903,1781,5,6,0.099,0.808,0,1,2,6,4
37.12,262,1391,5,2,0.0,0.803,0,1,1,3,4
36.82,406,1288,3,7,0.055,0.934,0,1,1,4,0
0.0,37,0,305,207,0.819,0.931,0,0,2,6,0
0.0,0,1256,3,1,0.007,0.9,0,1,1,5,4
0.0,58,0,55,6,0.603,0.187,0,0,0,7,0
4.2,374,1207,2,1,0.0,0.816,0,1,2,6,4
0.66,9,2,66,10,0.516,0.0,0,0,1,6,3
60.27,713,1344,4,6,0.086,0.854,0,1,1,3,4
50.98,0,664,3,2,0.003,0.924,0,1,1,3,4
26.25,358,1550,1,8,0.012,1.0,0,1,2,4,4
51.07,355,1982,5,6,0.059,1.0,0,1,2,1,4
65.63,615,1052,9,6,0.075,0.862,0,1,2,2,4
115.94,1130,828,2,1,0.08,0.91,0,1,2,3,4
35.18,211,2183,8,8,0.011,0.823,0,1,0,7,4
18.92,1046,1649,8,8,0.067,0.929,0,1,1,6,4
28.84,572,1521,9,9,0.0,0.853,0,1,1,7,3
0.0,749,116,1,2,0.102,0.961,1,1,1,1,4
140.79,648,1453,8,6,0.0,0.989,0,1,2,5,4
6.13,45,5,223,180,0.968,0.871,0,0,1,2,2
50.36,766,1121,3,4,0.0,0.966,0,1,1,3,4
4.06,27,0,46,17,0.301,0.175,0,0,2,3,4
35.41,829,1625,7,6,0.041,1.0,0,1,1,6,4
2.45,59,1,294,142,0.942,0.94,0,0,2,5,3
19.33,173,629,13,6,0.14,0.502,4,0,1,7,4
2.39,38,1,61,3,0.112,0.0,0,0,1,0,3
39.11,443,1285,4,3,0.09,0.789,0,1,2,5,4
40.14,428,1286,9,5,0.044,0.943,0,1,0,3,4
1.81,66,0,135,289,0.83,0.971,0,0,0,4,3
85.7,531,1184,7,9,0.024,0.954,0,1,1,2,4
23.69,807,1492,4,7,0.085,0.945,0,1,1,1,4
16.84,81,671,6,1,0.188,0.94,3,0,1,5,3
78.28,186,1414,6,8,0.039,0.985,0,1,1,1,4
80.98,829,871,3,7,0.061,0.859,0,1,1,6,0
4.07,18,3,337,189,0.944,0.942,0,0,2,6,0
75.78,823,1040,6,5,0.054,0.695,0,1,2,4,3
94.29,327,1198,2,6,0.0,1.0,0,1,1,6,4
71.93,255,1274,1,9,0.0,0.789,0,1,2,6,4
60.98,43,1506,6,8,0.0,0.886,0,1,0,1,4
98.9,300,864,7,1,0.056,0.899,0,1,1,3,4
39.63,175,385,5,1,0.063,0.559,4,1,1,3,4
14.45,459,1003,3,4,0.0,1.0,0,1,1,3,4
0.0,19,0,90,1,0.235,0.368,0,0,1,5,3
30.03,1231,311,3,4,0.019,0.685,0,1,1,7,4
25.39,479,1457,3,4,0.12,0.856,0,1,2,7,4
78.39,807,0,6,6,0.042,0.919,0,1,1,3,4
33.78,184,1094,5,3,0.0,0.909,0,1,1,6,4
0.0,1160,1549,9,4,0.0,0.921,0,1,1,1,4
55.25,628,1557,3,1,0.0,0.937,0,1,1,1,4
169.96,653,375,1,2,0.091,0.708,0,1,1,0,4
0.0,993,0,2,2,0.047,0.753,1,1,1,0,4
22.07,596,1243,9,5,0.027,0.916,0,1,1,2,4
45.38,472,1401,6,6,0.0,0.833,0,1,0,0,0
49.66,411,2081,9,7,0.054,1.0,0,1,1,7,4
2.96,269,544,7,1,0.02,1.0,0,1,1,0,4
0.0,473,242,4,5,0.0,0.932,0,1,2,1,4
4.47,14,4,27,6,0.621,0.099,0,0,2,0,4
48.12,904,588,9,8,0.0,0.909,0,1,2,4,2
80.21,491,1638,4,8,0.022,0.857,0,1,2,1,4
0.67,43,5,490,243,0.821,0.933,0,0,1,5,3
8.75,0,1102,5,2,0.002,0.978,0,1,2,5,4
77.56,284,1549,5,5,0.006,0.774,0,1,1,1,3
0.0,1082,975,4,9,0.156,0.828,0,1,1,6,4
104.72,1180,1570,7,9,0.0,0.903,0,1,0,2,4
1.84,30,0,486,407,0.91,0.877,0,0,2,5,3
38.21,712,516,1,2,0.056,0.921,0,1,1,0,4
27.87,280,667,4,6,0.0,0.752,0,1,1,5,4
25.47,740,840,4,9,0.003,1.0,0,1,1,1,4
1.43,93,0,313,463,0.924,1.0,0,0,1,4,3
1.67,70,8,202,130,0.873,0.919,0,0,2,4,3
0.0,314,2063,8,8,0.0,0.961,0,1,1,2,4
0.59,490,1508,1,5,0.003,0.886,0,1,1,0,4
0.0,459,599,9,6,0.0,0.988,0,1,1,4,4
49.95,26,2237,6,6,0.0,0.86,0,1,1,7,1
107.49,504,356,7,9,0.0,0.924,0,1,1,7,2
82.18,983,723,2,2,0.007,0.842,0,1,1,5,4
14.31,758,1185,8,1,0.0,0.944,0,1,1,0,4
24.22,813,367,4,8,0.085,0.954,0,1,0,7,0
4.08,11,0,446,177,0.968,0.924,0,0,1,1,3
27.14,27,1537,2,5,0.0,0.882,0,1,1,7,4
0.91,10,0,48,1,0.443,0.253,0,0,1,1,4
12.33,0,375,5,6,0.085,0.912,0,1,1,3,4
76.01,411,1314,8,1,0.082,0.894,0,1,1,7,4
0.33,65,2,187,467,0.945,0.983,0,0,0,6,3
0.0,343,0,4,4,0.0,0.951,0,1,0,6,4
22.77,0,1217,5,7,0.017,0.624,0,1,1,7,4
3.3,215,1145,3,6,0.0,0.925,0,1,1,5,2
27.37,1533,583,3,4,0.008,0.854,0,1,1,1,4
35.02,168,1217,8,9,0.018,0.85,0,1,1,7,4
9.26,570,1247,9,6,0.04,0.841,0,1,2,0,4
1.27,38,10,494,314,1.0,0.932,0,0,1,6,2
28.96,238,817,3,8,0.049,0.9,0,1,1,0,0
50.08,868,348,2,5,0.053,0.695,0,1,1,1,4
0.0,54,0,376,155,0.855,0.887,0,0,1,0,3
75.34,576,1014,8,3,0.0,0.836,0,1,2,6,4
2.05,3,0,79,1,0.261,0.175,0,0,1,5,3
35.27,388,0,7,8,0.045,0.993,0,1,1,7,4
149.6,388,1280,3,3,0.075,0.848,0,1,1,7,4
3.8,51,0,357,492,1.0,0.95,0,0,1,7,3
77.71,510,62,6,7,0.046,1.0,0,1,1,4,4
86.88,0,636,2,1,0.0,0.786,0,1,1,0,4
87.28,93,1712,9,2,0.035,0.82,0,1,1,1,3
0.0,42,8,294,328,0.778,0.928,0,0,1,3,0
31.0,522,1717,4,8,0.024,0.895,0,1,1,0,4
1.63,64,0,464,211,1.0,1.0,0,0,1,5,2
0.0,675,679,8,3,0.0,0.801,0,1,1,7,4
60.13,641,976,7,3,0.0,0.964,0,1,1,6,0
0.0,1,0,40,19,0.15,0.162,0,0,0,6,3
5.47,568,945,2,2,0.063,0.887,0,1,1,2,4
94.38,235,745,4,7,0.057,0.929,0,1,2,6,4
65.21,743,85,3,2,0.069,0.951,0,1,2,3,4
7.68,554,793,6,7,0.009,0.974,0,1,1,5,4
132.59,640,810,8,9,0.081,0.775,0,1,1,5,4
88.82,787,1080,4,6,0.027,0.72,0,1,2,1,4
0.0,71,0,456,227,0.956,0.926,0,0,1,7,3
8.26,419,469,1,6,0.0,1.0,0,1,1,1,4
0.0,0,185,3,7,0.017,0.897,0,1,1,3,4
166.44,623,2017,9,8,0.026,0.917,0,1,1,1,4
75.65,704,1718,6,4,0.009,0.864,0,1,2,4,4
0.0,62,0,115,266,0.817,0.868,0,0,1,7,3
23.8,0,0,13,1,0.0,0.436,2,0,1,1,3
50.7,674,1899,2,5,0.147,1.0,0,1,1,5,4
4.75,66,6,318,312,0.839,0.922,0,0,1,2,3
44.95,144,1308,3,8,0.0,0.908,0,1,1,5,4
1.16,48,0,86,13,0.476,0.286,0,0,1,4,4
15.69,208,1494,7,5,0.071,0.857,0,1,1,2,4
0.0,343,537,3,8,0.075,1.0,0,1,1,1,4
52.41,225,433,2,2,0.193,0.515,4,0,1,4,4
68.2,324,436,6,1,0.025,0.834,0,1,1,5,4
0.0,21,0,425,274,0.819,0.951,0,0,1,6,0
0.0,35,0,107,327,1.0,0.979,0,0,2,4,3
73.09,305,1128,7,4,0.073,0.937,0,1,2,5,0
29.29,879,1589,1,5,0.059,0.895,0,1,1,6,4
0.12,41,0,460,339,0.894,0.872,0,0,0,7,3
35.21,669,535,3,4,0.031,1.0,0,1,1,3,0
2.9,206,607,7,1,0.122,0.352,4,1,2,6,3
0.0,490,0,9,1,0.0,1.0,0,1,1,2,4
2.72,33,0,220,278,0.95,1.0,0,0,1,0,0
74.7,537,1393,3,3,0.0,0.821,0,1,1,0,4
2.09,61,0,424,176,0.87,0.972,0,0,1,1,0
168.83,693,0,4,4,0.021,1.0,1,1,1,2,4
0.0,70,1,224,314,0.619,0.81,0,0,0,3,3
22.77,645,685,4,3,0.0,0.693,0,1,1,4,4
0.84,6,1,51,3,0.3,0.248,0,0,1,3,0
43.14,0,1248,3,7,0.0,0.7,0,1,1,2,4
0.0,0,271,9,4,0.026,0.907,0,1,1,7,4
11.12,59,371,7,4,0.0,0.265,4,0,1,3,4
2.71,30,0,383,226,0.801,1.0,0,0,1,0,2
94.27,290,1169,3,2,0.029,0.787,0,1,2,5,4
87.74,976,1284,9,4,0.0,0.599,0,1,0,0,4
13.52,0,1216,7,2,0.08,0.856,0,1,1,2,4
32.42,116,1098,2,8,0.014,0.858,0,1,1,4,4
1.29,893,646,9,7,0.053,0.93,0,1,1,0,0
45.95,977,1581,2,1,0.004,0.688,0,1,1,5,4
77.34,292,0,3,6,0.0,0.824,0,1,1,4,4
8.39,24,1290,3,2,0.028,0.952,0,1,1,7,4
116.34,390,1099,9,1,0.0,1.0,0,1,1,5,4
0.0,10,0,75,13,0.792,0.0,0,0,1,1,3
72.73,531,523,1,4,0.011,0.9,0,1,1,5,4
77.12,0,1059,2,2,0.061,0.998,0,1,1,7,0
61.52,78,1381,9,5,0.012,0.785,0,1,1,0,4
0.0,15,1,94,17,0.253,0.251,0,0,1,2,0
17.37,520,690,3,8,0.04,0.804,0,1,2,1,4
62.16,880,1378,2,6,0.032,1.0,0,1,2,4,4
0.0,6,0,411,436,0.766,0.935,0,0,2,1,3
203.58,308,654,1,1,0.0,0.782,1,1,1,4,4
0.0,39,0,166,418,0.836,1.0,0,0,1,1,0
0.79,40,9,171,406,1.0,0.939,0,0,1,0,3
7.71,259,125,9,5,0.147,0.946,3,0,1,7,4
78.94,0,557,6,4,0.065,0.892,0,1,2,2,4
80.26,0,178,5,5,0.027,0.841,0,1,1,4,4
5.65,45,929,8,7,0.0,0.902,0,1,1,4,4
0.0,111,1353,3,3,0.0,0.736,0,1,2,1,4
38.3,459,473,6,3,0.007,0.853,0,1,2,5,4
131.45,529,1091,5,6,0.0,0.762,0,1,1,2,3
0.0,502,1429,9,1,0.071,0.919,0,1,1,2,4
6.2,59,525,3,2,0.044,0.437,1,0,1,3,4
24.4,128,1233,3,5,0.0,0.825,0,1,1,7,4
65.63,743,1311,5,2,0.076,0.845,0,1,1,6,4
53.49,668,1187,4,4,0.038,0.827,0,1,0,1,4
53.49,417,904,1,9,0.0,0.894,0,1,1,4,4
0.0,253,496,5,7,0.0,0.825,0,1,1,5,4
5.45,0,0,96,8,0.415,0.303,0,0,1,1,4
52.11,521,848,2,1,0.147,0.904,0,1,1,6,4
0.0,16,1,412,415,1.0,0.916,0,0,2,2,3
66.04,487,1305,6,8,0.0,0.928,0,1,1,1,2
58.26,265,149,8,5,0.0,0.95,0,1,1,1,4
70.57,498,1438,8,8,0.047,0.835,0,1,1,5,0
3.58,21,1,129,317,0.827,0.98,0,0,1,3,2
72.15,301,1996,2,5,0.101,0.848,0,1,1,7,3
54.84,786,1067,8,4,0.107,0.959,0,1,2,1,4
63.85,148,1596,8,3,0.009,0.781,0,1,1,3,4
58.04,524,645,5,7,0.0,0.805,0,1,1,7,4
0.0,296,0,3,7,0.0,0.96,0,1,1,1,0
59.06,661,863,1,4,0.004,0.892,0,1,1,4,4
48.21,161,751,9,3,0.029,0.874,0,1,1,7,0
4.46,109,2251,7,1,0.06,1.0,0,1,1,6,4
0.0,11,5,115,310,0.847,0.953,0,0,1,5,2
95.48,204,0,6,6,0.023,0.776,0,1,1,6,4
12.4,143,193,9,2,0.0,0.78,0,1,2,2,4
65.87,0,1075,3,6,0.026,0.757,0,1,1,3,4
98.81,376,1418,6,4,0.01,0.818,0,1,1,4,4
0.0,38,1,80,2,0.699,0.216,0,0,0,5,0
3.17,67,11,386,202,0.94,0.903,0,0,2,7,3
86.51,561,1831,4,5,0.095,0.881,0,1,1,7,4
45.18,423,995,8,8,0.118,1.0,0,1,2,5,4
11.29,744,8,5,7,0.025,0.95,0,1,2,7,1
0.66,55,4,252,441,1.0,0.919,0,0,1,1,3
33.42,0,723,4,5,0.015,0.862,0,1,1,4,4
2.42,128,0,238,194,0.843,0.937,0,0,1,1,3
33.17,573,1922,1,8,0.027,1.0,0,1,2,4,3
28.38,327,100,4,9,0.066,0.624,3,0,1,2,3
1.06,72,0,233,270,0.945,0.945,0,0,1,3,2
17.56,370,591,1,3,0.192,0.722,4,0,1,3,4
55.85,833,621,6,3,0.0,0.827,0,1,1,6,4
0.0,54,1,443,111,0.828,0.956,0,0,1,4,0
8.62,472,513,5,8,0.01,0.73,0,1,1,2,4
50.78,1004,1401,2,9,0.0,1.0,0,1,0,3,0
0.0,217,1204,5,7,0.022,0.822,0,1,1,4,3
95.54,279,1019,9,6,0.0,0.7,0,1,1,6,4
2.78,58,1,486,302,1.0,0.911,0,0,1,5,3
72.57,452,1759,6,3,0.011,0.809,0,1,1,5,4
14.25,731,263,5,3,0.0,0.911,0,1,1,4,4
40.93,657,1035,5,3,0.047,0.872,0,1,1,2,4
65.84,1012,1303,6,1,0.114,0.894,0,1,0,6,0
14.13,532,830,9,3,0.0,0.713,0,1,1,2,4
116.57,768,685,1,9,0.0,0.858,0,1,2,5,4
38.4,952,1488,9,2,0.03,0.929,0,1,1,0,4
0.0,1011,664,7,5,0.049,1.0,0,1,1,3,4
62.66,242,354,8,7,0.017,0.817,0,1,1,0,4
33.53,0,757,2,2,0.017,0.912,0,1,1,2,4
0.04,78,0,402,160,0.973,0.945,0,0,1,1,3
76.57,359,1037,9,2,0.0,0.858,0,1,1,4,4
20.48,561,937,5,3,0.034,0.858,0,1,1,1,4
0.6,64,0,460,319,0.908,0.882,0,0,1,1,3
82.03,657,1078,3,5,0.0,1.0,0,1,1,3,4
9.12,352,364,7,4,0.0,0.928,0,1,1,6,0
5.31,616,398,2,3,0.034,0.793,0,1,2,5,4
6.06,52,2,304,137,0.797,0.942,0,0,1,7,3
0.0,625,545,6,9,0.0,1.0,0,1,1,0,4
51.39,791,867,4,7,0.07,0.968,0,1,1,3,4
81.79,1233,1031,8,3,0.0,0.942,0,1,1,6,4
2.41,57,0,444,439,0.885,1.0,0,0,1,4,2
13.98,791,750,5,9,0.062,0.939,0,1,2,5,4
18.57,718,270,3,7,0.004,1.0,0,1,2,4,4
126.79,1153,1919,4,7,0.035,0.937,0,1,2,6,4
35.86,876,1614,5,5,0.023,0.784,0,1,1,3,4
40.14,601,1626,1,2,0.108,0.679,0,1,1,1,4
2.46,79,5,195,319,0.94,0.951,0,0,2,0,3
85.93,184,1833,7,2,0.007,1.0,0,1,1,7,4
103.26,831,1266,3,1,0.103,0.797,0,1,1,2,4
29.26,265,1789,7,2,0.037,0.789,0,1,2,0,0
17.36,107,408,10,6,0.144,0.832,2,1,1,0,3
0.0,49,4,113,302,0.986,0.962,0,0,1,2,3
1.08,8,0,390,399,0.737,0.913,0,0,1,4,2
19.53,0,704,4,4,0.062,1.0,0,1,1,0,4
0.0,19,0,473,105,0.819,0.79,0,0,1,0,0
3.42,25,0,59,7,0.489,0.16,0,0,1,1,4
128.81,562,1866,9,1,0.0,0.938,0,1,2,5,2
6.31,0,0,93,16,0.342,0.155,0,0,1,4,0
67.41,911,620,8,5,0.095,0.826,0,1,2,2,4
43.24,448,2690,4,9,0.013,0.682,0,1,1,4,4
37.68,497,311,3,4,0.0,0.85,0,1,0,1,3
82.35,87,935,9,9,0.0,0.991,0,1,2,5,4
47.16,504,95,2,2,0.041,1.0,0,1,0,1,4
122.38,326,1192,3,8,0.014,0.83,0,1,1,6,0
16.14,596,665,5,2,0.054,0.898,0,1,2,7,3
119.18,421,1897,9,6,0.0,0.73,0,1,1,1,4
1.23,39,0,382,134,0.924,0.945,0,0,1,2,3
56.12,472,1184,2,5,0.036,0.835,0,1,1,1,4
1.75,10,4,285,447,0.792,0.933,0,0,1,7,2
23.31,953,1736,4,8,0.043,0.934,0,1,1,0,4
4.09,16,5,320,455,0.693,0.953,0,0,2,0,3
91.68,549,1053,8,7,0.0,0.849,0,1,1,2,4
19.43,424,1258,9,5,0.019,0.856,0,1,2,3,4
62.15,658,1569,1,3,0.048,0.757,0,1,1,2,4
3.22,57,5,272,166,0.952,1.0,0,0,1,2,2
0.0,12,6,45,4,0.72,0.133,0,0,1,5,3
40.24,282,1536,9,4,0.081,1.0,0,1,2,1,4
2.5,50,3,129,465,0.937,0.911,0,0,1,5,3
0.0,196,24,3,4,0.038,0.833,0,1,1,4,4
2.49,56,0,307,467,0.785,0.859,0,0,1,4,3
168.41,792,1470,2,4,0.149,0.836,0,1,1,0,4
0.34,26,0,71,14,0.43,0.205,0,0,2,7,3
32.24,1086,1285,4,7,0.005,0.971,0,1,1,7,4
13.28,701,241,9,7,0.0,0.772,0,1,1,2,4
2.58,177,1126,6,4,0.14,0.914,0,1,1,6,4
122.02,782,516,1,3,0.0,0.791,0,1,2,4,4
43.31,833,1476,3,7,0.008,0.903,0,1,1,5,4
3.97,52,6,352,141,1.0,0.921,0,0,2,4,0
23.31,46,2154,9,4,0.101,0.906,0,1,0,6,4
80.54,19,707,1,2,0.095,0.911,0,1,1,3,4
45.97,900,1042,9,7,0.02,0.789,0,1,1,3,4
0.0,37,0,435,406,0.971,0.967,0,0,1,4,3
2.0,33,2,180,294,0.781,0.947,0,0,1,2,3
2.96,45,0,126,234,0.815,0.979,0,0,2,0,0
74.41,534,776,8,2,0.0,1.0,0,1,1,2,2
59.72,530,0,3,6,0.037,0.895,0,1,1,4,4
94.52,344,551,7,1,0.122,0.941,0,1,1,7,4
27.32,771,1047,5,6,0.013,1.0,0,1,1,4,4
0.47,41,0,393,157,0.935,0.937,0,0,1,6,3
1.58,55,0,445,145,0.78,0.882,0,0,1,2,0
70.36,865,1996,4,1,0.043,0.861,0,1,1,7,4
62.72,4,1942,4,3,0.067,1.0,0,1,1,2,4
35.11,266,1232,2,2,0.014,1.0,0,1,2,1,4
0.0,892,1185,2,6,0.099,1.0,0,1,1,0,4
51.03,374,1663,7,2,0.0,0.842,0,1,2,0,3
196.96,884,1411,9,2,0.09,0.953,0,1,1,0,4
16.37,204,811,6,6,0.0,0.913,0,1,1,6,4
0.0,486,815,5,6,0.069,0.987,0,1,1,2,4
25.5,574,1297,9,4,0.054,0.817,0,1,1,3,4
4.67,110,0,108,205,0.999,0.928,0,0,2,7,3
4.78,13,9,268,488,0.902,0.957,0,0,1,6,3
2.51,8,0,62,11,0.543,0.274,0,0,1,2,3
38.39,297,782,6,2,0.196,0.575,1,1,1,0,3
40.04,713,1057,7,4,0.086,0.713,0,1,1,0,4
65.78,517,1017,3,7,0.062,0.757,0,1,1,7,4
37.58,285,403,4,4,0.061,0.939,0,1,2,5,0
0.0,0,753,5,5,0.011,0.817,0,1,2,2,3
1.46,37,0,46,10,0.696,0.323,0,0,1,7,3
43.44,851,1971,9,7,0.001,0.917,0,1,1,5,4
0.61,30,0,56,8,0.477,0.302,0,0,1,3,3
54.09,434,1467,9,8,0.002,0.897,0,1,1,0,4
48.24,119,421,11,9,0.104,0.357,1,1,1,7,4
107.56,1028,1241,7,9,0.0,0.77,0,1,2,3,4
0.77,318,2520,8,6,0.033,0.971,0,1,1,1,4
105.31,1086,1199,2,3,0.016,0.829,0,1,1,2,4
50.43,768,1829,2,3,0.018,0.802,0,1,1,0,4
0.0,1035,1888,3,2,0.0,0.868,0,1,2,5,4
0.0,10,0,26,13,0.218,0.052,0,0,1,7,3
82.88,795,1187,4,3,0.0,0.814,0,1,1,0,4
5.0,23,0,39,8,0.44,0.283,0,0,1,6,0
85.93,632,1746,8,2,0.0,0.794,0,1,1,4,4
139.06,67,1041,8,6,0.0,1.0,0,1,1,2,3
8.89,408,419,6,8,0.089,0.834,0,1,1,0,4
1.1,61,2,241,301,0.948,0.951,0,0,1,1,3
62.82,216,295,2,6,0.0,0.89,0,1,1,7,4
84.3,401,2009,4,6,0.0,1.0,0,1,1,1,4
0.0,23,5,128,343,0.917,1.0,0,0,1,4,0
1.34,20,0,46,6,0.43,0.258,0,0,1,0,3
4.23,61,7,357,274,0.819,0.975,0,0,1,4,0
6.74,577,1519,4,9,0.044,0.796,0,1,2,2,1
0.0,41,5,89,4,0.613,0.44,0,0,2,1,3
57.55,230,1270,4,9,0.023,0.748,0,1,2,5,4
0.0,44,440,3,2,0.0,0.945,0,1,0,7,4
0.91,16,3,236,268,0.931,0.953,0,0,1,4,3
55.83,502,1195,5,4,0.025,1.0,0,1,1,7,4
74.54,99,561,5,8,0.083,0.854,0,1,1,4,4
94.43,622,48,3,5,0.06,0.831,0,1,2,7,4
55.46,338,1313,8,1,0.002,0.954,0,1,1,2,4
61.43,31,1947,9,7,0.017,0.781,0,1,1,5,4
125.68,891,261,5,3,0.0,0.853,0,1,1,0,4
0.0,623,672,2,2,0.025,0.985,0,1,1,2,4
0.0,0,912,3,8,0.118,0.792,0,1,0,4,0
42.83,333,0,2,8,0.083,0.588,0,1,1,3,4
53.3,588,1203,8,4,0.0,1.0,0,1,1,7,4
66.5,517,623,3,8,0.0,1.0,0,1,1,5,4
51.21,260,689,4,2,0.0,0.899,0,1,2,3,4
111.61,474,1400,1,6,0.0,0.87,0,1,1,4,1
58.69,790,541,7,9,0.0,0.834,0,1,1,5,4
94.86,0,278,5,5,0.0,0.718,0,1,1,7,4
26.56,554,1125,5,3,0.0,0.809,0,1,1,3,4
55.74,0,1099,5,3,0.0,1.0,0,1,1,3,4
52.79,358,1049,7,2,0.008,0.962,0,1,1,2,4
108.28,139,1204,8,9,0.024,0.773,0,1,1,3,2
1.01,19,5,339,246,1.0,0.927,0,0,1,1,0
0.0,88,0,241,174,0.835,0.853,0,0,1,2,0
31.16,770,466,6,6,0.004,0.909,0,1,0,2,4
56.33,658,953,6,9,0.011,0.916,0,1,1,2,0
38.14,549,1021,7,4,0.089,1.0,0,1,1,0,4
140.88,179,1180,2,5,0.0,1.0,0,1,1,0,4
74.1,678,488,4,7,0.042,1.0,0,1,1,2,2
75.78,357,978,7,3,0.037,0.989,0,1,1,2,4
1.83,26,9,325,369,1.0,0.927,0,0,1,4,3
0.0,880,632,6,3,0.0,0.964,0,1,1,3,4
29.04,416,856,2,8,0.0,0.93,0,1,1,0,4
0.0,0,1205,4,7,0.001,1.0,0,1,1,0,4
3.77,0,5,99,13,0.514,0.345,0,0,2,2,0
91.91,1092,1777,1,1,0.124,0.794,0,1,1,5,4
66.29,179,90,2,8,0.0,0.856,0,1,1,4,4
0.0,768,675,4,9,0.013,0.995,0,1,1,6,1
31.28,851,1168,3,5,0.023,0.826,0,1,2,5,4
0.0,10,0,95,6,0.565,0.0,0,0,1,7,0
20.91,371,613,5,7,0.0,1.0,0,1,1,7,4
1.02,14,2,43,9,0.466,0.0,0,0,1,5,0
0.0,50,0,226,355,0.785,0.98,0,0,1,2,3
89.13,30,1786,8,7,0.014,0.59,0,1,1,1,4
106.04,698,1014,9,4,0.003,0.908,0,1,1,2,4
0.0,1144,1594,5,5,0.0,0.869,0,1,1,2,4
84.44,879,925,1,2,0.068,1.0,0,1,1,3,4
0.0,27,0,74,8,0.438,0.148,0,0,2,4,0
12.51,10,0,84,18,0.622,0.081,0,0,2,2,3
0.0,842,663,4,5,0.098,1.0,0,1,0,6,4
79.69,219,1764,2,8,0.042,1.0,0,1,2,1,4
23.54,111,1010,8,1,0.021,0.874,0,1,1,5,4
76.42,252,1591,4,3,0.0,0.965,0,1,1,0,4
13.16,733,306,3,2,0.008,1.0,0,1,1,3,0
39.74,494,824,4,7,0.0,0.705,0,1,2,3,1
0.0,78,5,366,470,0.731,0.99,0,0,1,0,3
23.27,641,1199,6,9,0.0,0.874,0,1,1,7,4
2.25,46,0,157,377,0.679,0.969,0,0,1,4,3
0.86,107,0,166,255,1.0,0.978,0,0,1,7,3
70.9,971,1457,1,5,0.0,0.876,0,1,2,0,4
104.12,221,1704,6,6,0.002,0.783,0,1,1,6,4
4.34,75,0,161,231,0.943,0.936,0,0,2,5,3
58.11,1185,882,6,7,0.0,0.885,0,1,1,2,4
63.9,468,1502,9,5,0.006,1.0,0,1,1,3,4
69.0,131,1943,1,4,0.042,0.952,0,1,1,3,4
0.0,0,0,337,395,0.833,0.908,0,0,1,6,3
103.51,771,1236,5,9,0.064,0.959,0,1,1,3,4
3.03,380,1564,5,1,0.065,0.874,0,1,1,6,2
17.42,586,12,3,4,0.045,0.722,0,1,2,3,4
17.54,0,973,3,2,0.037,0.674,0,1,1,4,3
2.0,96,0,142,248,1.0,0.969,0,0,0,5,2
35.55,454,701,3,2,0.0,0.9,0,1,1,5,4
61.58,0,1057,5,4,0.0,0.785,0,1,2,1,4
40.68,897,1349,5,8,0.0,0.875,0,1,2,0,4
3.94,40,1,37,5,0.706,0.294,0,0,1,2,3
60.13,633,600,2,4,0.0,0.919,0,1,1,1,4
93.31,986,127,9,8,0.024,0.851,0,1,1,2,2
90.73,760,2059,6,1,0.0,0.794,0,1,1,3,4
89.57,253,1463,8,2,0.036,1.0,0,1,1,1,4
7.08,42,0,510,369,0.919,0.832,0,0,1,4,3
27.21,248,283,10,7,0.155,0.963,2,0,1,7,4
104.36,743,757,3,2,0.0,0.89,0,1,1,3,4
0.0,11,0,391,377,0.841,0.894,0,0,1,4,0
11.21,724,549,4,1,0.024,0.95,0,1,1,1,0
74.11,95,2251,9,5,0.052,0.781,0,1,1,0,4
3.87,33,2,275,359,0.945,0.927,0,0,0,5,3
88.33,1538,296,1,3,0.027,0.683,0,1,1,2,4
2.42,27,0,411,105,0.689,0.979,0,0,1,3,2
54.71,167,1951,2,1,0.024,0.936,0,1,1,4,4
87.03,665,457,3,2,0.0,0.876,0,1,2,1,4
0.0,46,1285,7,3,0.0,1.0,0,1,1,0,1
35.69,184,1931,6,8,0.052,0.791,0,1,1,1,3
97.91,438,285,7,6,0.108,0.866,0,1,1,6,1
0.0,0,0,409,465,0.887,1.0,0,0,1,6,3
75.26,740,1392,8,4,0.022,0.939,0,1,1,4,4
0.0,716,1149,2,9,0.014,1.0,0,1,1,7,4
135.74,879,360,3,3,0.008,0.624,1,1,1,2,4
53.84,0,162,4,4,0.0,1.0,1,1,1,7,4
34.32,303,1437,8,7,0.014,1.0,0,1,1,6,4
0.0,890,951,3,9,0.0,1.0,0,1,2,3,3
35.97,495,1458,3,9,0.069,0.947,0,1,1,3,4
74.07,412,0,8,8,0.0,0.948,0,1,1,3,4
47.19,548,1694,4,7,0.0,0.894,0,1,2,7,4
4.28,16,0,29,12,0.715,0.242,0,0,1,6,3
106.24,373,1103,7,8,0.068,0.745,0,1,1,5,4
0.0,913,969,4,6,0.0,0.88,0,1,2,1,4
19.91,238,1214,8,9,0.038,0.752,0,1,2,3,4
1.77,45,1,221,471,0.847,1.0,0,0,1,7,0
15.62,347,2022,8,1,0.007,0.876,0,1,1,7,4
86.52,267,0,7,3,0.0,0.735,0,1,1,6,4
0.0,537,2143,6,6,0.021,0.886,0,1,1,6,3
0.39,56,5,276,457,0.885,0.87,0,0,1,2,3
2.63,84,8,429,283,0.775,0.96,0,0,1,2,3
20.82,915,1072,1,3,0.0,0.943,0,1,2,4,1
0.0,211,376,14,9,0.247,0.992,3,0,1,7,3
33.29,939,1556,3,6,0.056,0.793,0,1,2,4,4
50.89,660,1254,6,1,0.02,1.0,0,1,1,6,4
4.73,12,0,82,11,0.401,0.195,0,0,2,0,3
95.64,1,1206,5,9,0.049,0.608,0,1,1,5,4
7.56,189,1957,5,4,0.017,0.866,0,1,0,3,4
2.93,11,0,86,19,0.501,0.461,0,0,1,1,3
100.71,521,691,9,2,0.067,0.844,0,1,1,2,4
52.25,0,1650,7,8,0.0,0.908,0,1,1,4,4
123.49,0,1173,8,3,0.0,1.0,0,1,1,3,4
36.28,702,1211,1,5,0.036,0.748,0,1,1,5,4
10.65,556,775,8,2,0.013,0.833,0,1,1,6,4
20.8,21,1626,4,6,0.0,0.809,0,1,1,3,4
99.31,502,1041,5,2,0.002,1.0,0,1,1,0,4
7.44,231,1930,2,2,0.0,0.99,0,1,1,4,4
2.44,51,0,294,368,0.724,0.995,0,0,1,2,3
0.0,421,1262,7,1,0.073,0.787,0,1,1,2,4
15.84,968,0,8,8,0.002,0.866,0,1,0,1,1
7.95,89,321,9,1,0.113,0.619,2,0,1,6,4
37.73,566,1216,2,4,0.043,0.879,0,1,1,7,4
25.41,722,1386,8,4,0.085,0.908,0,1,1,3,1
103.13,0,545,5,3,0.021,0.875,0,1,2,3,4
1.74,468,1070,4,6,0.0,0.86,0,1,1,0,4
0.0,38,2,49,10,0.74,0.404,0,0,1,5,4
17.45,462,472,3,6,0.01,0.733,0,1,1,4,4
89.86,0,538,2,5,0.042,1.0,0,1,1,5,4
30.47,329,1658,8,1,0.075,0.945,0,1,1,4,4
7.91,418,572,7,5,0.0,0.88,0,1,1,5,4
44.61,327,841,8,1,0.035,0.866,0,1,1,3,4
114.7,303,1799,4,9,0.028,1.0,0,1,1,7,4
0.0,3,3,29,18,0.774,0.041,0,0,1,2,3
101.56,1346,337,7,4,0.0,0.911,0,1,1,0,4
104.07,280,373,5,7,0.0,0.912,0,1,1,7,4
79.05,171,1979,6,6,0.011,0.857,0,1,1,2,4
13.04,490,1923,9,6,0.042,0.947,0,1,1,0,4
0.48,80,0,240,426,1.0,0.969,0,0,1,2,2
67.04,867,0,2,1,0.065,1.0,0,1,1,4,4
0.0,553,1248,2,9,0.0,1.0,0,1,1,6,4
27.91,959,895,6,6,0.0,0.772,0,1,1,5,2
36.97,532,484,3,3,0.0,0.778,0,1,1,0,4
25.28,369,1672,7,9,0.0,0.816,0,1,1,5,4
2.7,926,1159,9,3,0.071,0.894,0,1,2,3,4
87.07,1316,1230,8,7,0.0,0.695,0,1,1,2,4
0.56,42,0,57,13,0.775,0.509,0,0,1,6,4
0.0,36,0,419,410,0.773,0.977,0,0,1,3,3
0.0,199,2467,8,8,0.037,1.0,0,1,2,3,4
67.98,1218,1019,1,3,0.072,0.824,0,1,2,1,4
55.9,709,1628,7,2,0.113,1.0,0,1,1,3,4
29.38,438,301,8,3,0.0,0.816,0,1,2,6,4
98.06,1018,710,2,6,0.071,0.971,0,1,2,5,4
0.0,478,178,1,3,0.013,0.934,0,1,1,2,4
40.31,865,1625,1,8,0.0,0.882,0,1,1,4,4
93.85,224,835,1,1,0.043,0.939,0,1,2,1,2
80.97,682,455,8,6,0.044,0.8,0,1,1,0,4
0.0,9,0,97,9,0.393,0.44,0,0,1,1,3
74.06,940,751,7,2,0.0,0.935,0,1,0,0,3
10.98,657,520,9,9,0.035,1.0,0,1,2,1,4
0.22,0,2,117,350,1.0,0.923,0,0,1,3,3
5.32,6,0,81,4,0.353,0.171,0,0,1,3,4
114.94,0,632,8,9,0.0,0.829,0,1,2,3,1
0.0,83,0,356,430,1.0,1.0,0,0,1,5,3
12.58,632,1218,5,3,0.0,0.763,0,1,1,0,0
0.26,91,0,472,268,0.868,0.903,0,0,1,2,3
104.6,0,1872,9,8,0.009,0.901,0,1,1,6,4
2.21,0,0,128,161,0.848,1.0,0,0,1,5,0
54.4,308,442,6,2,0.08,0.925,0,1,1,2,4
114.63,482,1484,1,8,0.063,0.775,0,1,2,6,2
0.14,35,0,209,395,0.806,0.937,0,0,1,7,3
58.38,524,2121,2,7,0.0,0.829,0,1,2,0,4
125.81,930,611,2,4,0.051,1.0,1,1,2,3,4
63.68,1190,625,2,6,0.0,1.0,0,1,1,6,4
1.86,8,4,191,383,0.811,1.0,0,0,1,5,0
19.77,1037,0,5,7,0.014,1.0,0,1,1,3,4
4.19,33,0,289,122,0.88,1.0,0,0,1,2,3
38.29,444,1079,8,1,0.0,0.75,0,1,2,2,4
98.92,476,926,3,2,0.042,1.0,0,1,1,0,4
93.25,714,262,5,4,0.0,0.795,0,1,1,6,4
65.49,648,923,3,6,0.025,0.945,0,1,1,1,4
0.0,0,0,90,13,0.268,0.332,0,0,1,5,0
63.25,475,1322,7,3,0.046,0.894,0,1,1,7,4
18.8,734,423,8,9,0.054,0.924,0,1,1,7,4
63.78,566,1905,7,9,0.067,1.0,0,1,1,0,4
64.44,717,657,4,1,0.009,1.0,0,1,1,0,4
18.35,789,1607,2,2,0.0,0.928,0,1,2,4,0
27.59,572,318,4,5,0.0,0.832,0,1,1,0,4
75.9,0,1433,1,1,0.0,1.0,0,1,1,7,4
4.68,8,1,53,3,0.37,0.068,0,0,0,1,3
0.62,72,10,275,190,0.857,0.921,0,0,1,0,3
55.62,468,1549,1,5,0.061,1.0,0,1,1,6,4
108.73,0,718,3,5,0.02,0.848,0,1,1,7,4
3.92,484,2135,5,8,0.039,1.0,0,1,2,1,4
4.03,343,287,6,2,0.042,0.677,2,0,1,6,3
1.19,34,0,329,325,0.951,1.0,0,0,1,1,0
1.23,59,1,120,408,0.935,0.967,0,0,1,0,0
3.42,22,0,278,422,0.783,0.995,0,0,1,5,0
1.26,0,0,97,7,0.49,0.133,0,0,1,2,3
42.13,931,2394,5,3,0.0,0.824,0,1,1,4,4
76.51,578,2083,2,2,0.0,0.695,0,1,1,6,4
32.88,688,926,9,9,0.042,0.721,0,1,1,0,4
135.68,577,874,5,7,0.0,0.926,0,1,1,4,4
45.72,503,784,5,5,0.0,0.654,0,1,1,2,4
2.75,153,171,13,1,0.243,0.691,2,1,1,3,3
1.88,18,5,74,10,0.522,0.207,0,0,1,7,3
83.53,438,858,1,1,0.086,0.997,0,1,2,2,4
48.56,555,1735,9,2,0.0,0.873,0,1,2,1,4
11.69,1260,451,7,2,0.0,1.0,0,1,1,3,4
100.42,175,88,4,3,0.032,0.777,0,1,1,2,4
52.99,571,1389,9,1,0.092,1.0,0,1,2,7,4
48.75,288,932,7,4,0.025,0.797,0,1,1,1,4
44.95,508,947,4,1,0.016,0.982,0,1,2,5,1
21.69,266,891,7,3,0.0,0.835,0,1,2,0,4
34.48,711,2298,8,1,0.0,0.741,0,1,1,7,4
113.44,345,898,4,8,0.0,0.92,0,1,1,1,4
0.0,38,0,325,151,0.891,0.932,0,0,1,3,3
23.26,266,856,2,2,0.0,0.804,0,1,1,0,4
76.98,0,1510,6,1,0.0,0.842,0,1,1,6,4
24.32,951,2169,3,1,0.04,0.778,0,1,1,0,4
71.1,0,1341,3,8,0.0,0.965,0,1,1,4,4
0.0,57,0,141,369,0.904,0.908,0,0,1,1,3
27.21,886,911,8,9,0.024,0.904,0,1,1,4,4
2.03,3,8,505,467,0.874,0.975,0,0,1,6,3
30.79,426,1415,4,8,0.025,0.937,0,1,1,5,4
58.21,522,442,7,5,0.028,0.919,0,1,1,3,4
1.87,32,8,332,423,0.818,0.985,0,0,1,4,3
24.57,0,1639,1,3,0.039,0.827,0,1,1,5,4
109.32,778,679,6,5,0.056,0.867,0,1,2,0,4
42.27,489,1730,1,1,0.078,0.808,0,1,1,0,4
73.94,334,494,4,6,0.0,0.947,0,1,1,5,2
17.95,447,1816,7,7,0.0,0.943,0,1,1,7,4
5.36,0,6,65,6,0.587,0.0,0,0,1,4,3
56.58,920,1119,3,4,0.0,0.835,0,1,2,1,4
20.02,1093,548,7,8,0.021,0.793,0,1,2,5,1
39.52,0,0,3,4,0.04,0.899,0,1,1,4,3
0.0,744,960,3,7,0.0,0.951,0,1,2,4,4
78.44,627,1174,6,5,0.051,0.783,0,1,2,7,4
75.07,347,664,9,8,0.039,0.978,0,1,0,0,4
0.0,50,0,504,196,0.922,0.94,0,0,1,4,3
17.92,258,128,3,9,0.077,1.0,0,1,1,6,4
40.95,276,932,4,3,0.004,0.803,0,1,2,4,4
26.17,1057,2617,4,6,0.109,1.0,0,1,1,3,1
0.0,56,2,460,301,1.0,0.917,0,0,2,1,0
15.83,363,1540,2,5,0.036,0.924,0,1,1,3,4
0.0,18,4,165,254,0.896,0.944,0,0,1,7,3
81.43,688,1834,8,6,0.0,0.929,0,1,2,3,4
20.61,592,144,8,7,0.017,1.0,0,1,1,4,4
0.0,23,0,468,399,0.8,0.993,0,0,1,2,3
23.23,354,1970,4,2,0.014,0.652,0,1,0,5,3
1.45,0,0,456,328,1.0,0.981,0,0,1,0,2
80.97,371,1383,5,4,0.058,0.7,0,1,1,1,4
25.13,263,1123,1,3,0.0,0.953,0,1,1,3,2
0.0,858,696,8,8,0.073,0.714,0,1,1,3,4
2.16,23,0,374,132,0.799,0.916,0,0,2,2,3
0.18,36,0,417,243,0.996,1.0,0,0,2,5,2
151.5,913,279,9,3,0.0,1.0,0,1,1,1,4
0.0,386,947,7,8,0.0,0.8,0,1,1,4,4
50.31,626,907,5,6,0.0,0.96,0,1,0,7,4
22.37,2,281,11,3,0.002,0.697,4,1,1,6,3
25.96,299,2471,8,9,0.029,0.941,0,1,2,6,4
79.37,267,1401,4,4,0.07,1.0,0,1,1,1,4
58.29,1081,1137,8,8,0.046,0.913,0,1,1,7,4
63.37,414,2025,9,8,0.0,0.834,0,1,1,7,4
0.0,24,1,95,4,0.411,0.472,0,0,1,5,3
0.0,47,0,220,344,1.0,0.96,0,0,0,2,3
0.0,797,250,4,1,0.107,1.0,1,1,1,0,4
60.89,174,0,3,2,0.0,0.829,0,1,1,0,4
96.13,264,1107,5,9,0.0,0.938,0,1,1,2,2
2.55,30,0,292,206,0.87,1.0,0,0,1,5,3
11.43,433,752,7,2,0.0,0.984,0,1,1,4,4
45.37,1039,1387,3,8,0.001,0.942,0,1,2,3,4
98.44,215,765,2,6,0.027,0.72,0,1,1,1,4
63.17,1305,312,2,9,0.0,0.998,0,1,1,1,4
0.31,64,0,503,211,0.818,0.904,0,0,1,4,3
47.04,520,824,9,9,0.02,0.873,0,1,1,2,4
0.0,97,7,199,219,0.963,0.947,0,0,2,6,3
0.0,426,582,5,5,0.0,0.731,0,1,1,7,4
1.19,219,251,11,4,0.144,0.917,4,1,1,1,4
0.71,30,10,204,150,0.884,0.917,0,0,1,7,2
0.0,1,0,54,1,0.292,0.284,0,0,1,0,3
0.0,352,1661,2,1,0.105,0.93,0,1,2,2,4
109.3,63,1788,7,7,0.065,0.932,0,1,1,7,4
1.88,69,3,394,222,0.883,1.0,0,0,1,4,0
1.39,61,0,175,190,0.763,0.899,0,0,1,2,3
1.99,72,0,359,197,0.93,0.945,0,0,1,2,3
54.91,115,375,2,8,0.004,0.977,0,1,1,4,4
57.32,567,753,6,5,0.098,0.871,0,1,1,6,1
60.67,849,636,3,1,0.006,0.923,1,1,0,0,4
20.73,279,1757,4,2,0.004,0.817,0,1,1,6,4
58.2,245,284,1,8,0.001,0.967,0,1,1,6,0
44.41,0,2217,8,3,0.037,1.0,0,1,1,4,4
0.64,50,0,52,18,0.337,0.304,0,0,1,5,4
0.0,767,677,9,3,0.0,1.0,0,1,1,2,4
86.84,555,885,5,1,0.041,1.0,0,1,2,4,4
64.29,80,892,6,4,0.037,0.9,0,1,1,6,4
40.68,854,79,1,6,0.061,1.0,0,1,1,6,4
84.05,405,697,2,4,0.127,0.908,0,1,2,7,4
0.0,268,343,3,2,0.122,0.745,4,0,1,0,4
9.51,235,1482,2,3,0.012,0.875,0,1,1,6,4
137.45,857,156,4,2,0.096,0.812,0,1,1,3,4
0.51,20,0,50,19,0.616,0.175,0,0,1,1,3
0.0,78,0,192,480,0.827,0.949,0,0,2,5,3
5.15,241,359,6,8,0.11,0.463,2,0,1,5,4
0.0,32,0,68,10,0.349,0.375,0,0,0,1,4
153.37,590,1175,7,5,0.024,0.69,0,1,0,2,1
1.59,50,2,312,189,0.919,0.904,0,0,1,2,0
38.45,578,1057,6,2,0.066,0.871,0,1,1,7,4
3.4,1377,586,3,1,0.0,0.722,0,1,1,6,4
80.32,104,909,8,8,0.02,0.748,0,1,2,6,4
2.44,0,681,8,1,0.012,0.853,0,1,1,4,4
3.59,41,3,379,477,0.975,1.0,0,0,2,2,3
128.18,439,627,4,3,0.091,1.0,0,1,1,0,4
93.55,516,1611,5,1,0.037,0.962,0,1,2,7,4
63.53,673,1189,3,5,0.076,0.759,0,1,1,0,4
2.62,33,0,457,338,0.92,0.865,0,0,1,2,2
37.88,1063,959,8,7,0.043,0.823,0,1,1,5,4
96.65,817,56,4,1,0.0,0.901,1,1,2,0,4
47.44,687,1168,1,5,0.018,0.801,0,1,1,1,4
79.42,866,1405,2,7,0.078,0.952,0,1,1,2,4
66.47,802,136,4,6,0.114,0.956,0,1,0,5,4
0.0,23,3,80,11,0.25,0.17,0,0,1,3,4
104.43,628,481,1,3,0.0,1.0,0,1,1,2,4
3.52,38,0,211,160,1.0,0.931,0,0,1,1,3
0.77,44,0,99,9,0.374,0.204,0,0,1,0,4
10.35,479,1102,4,5,0.0,1.0,0,1,2,3,3
0.0,26,3,83,11,0.723,0.214,0,0,1,5,3
1.54,45,2,76,12,0.399,0.341,0,0,1,5,0
0.0,868,1108,4,7,0.083,0.897,0,1,2,4,4
26.37,660,1623,8,8,0.0,0.962,0,1,0,5,4
48.19,77,364,9,9,0.0,0.966,0,1,1,0,4
0.13,63,0,132,138,0.959,0.886,0,0,1,3,0
58.97,273,709,1,1,0.109,0.928,0,1,1,3,2
31.26,500,2483,1,5,0.039,0.783,0,1,1,5,4
2.01,31,3,381,314,0.75,0.936,0,0,1,2,3
40.4,684,0,8,4,0.11,0.908,0,1,1,2,4
35.38,413,0,3,2,0.09,1.0,0,1,1,4,4
4.11,135,3,509,343,0.937,0.953,0,0,1,0,3
9.9,134,485,1,6,0.048,0.762,0,1,2,3,4
67.38,624,1083,1,1,0.097,0.912,0,1,0,2,0
0.0,29,1,48,1,0.462,0.151,0,0,1,3,3
4.42,59,645,7,5,0.008,0.887,0,1,1,1,1
52.43,164,710,9,5,0.022,0.994,0,1,1,1,4
13.08,357,11,11,7,0.0,0.663,4,1,1,1,3
77.17,112,1317,7,7,0.084,0.881,0,1,1,7,4
18.85,677,1966,5,9,0.035,0.975,0,1,0,4,4
1.34,50,4,317,369,0.945,0.959,0,0,2,2,3
28.24,780,140,2,1,0.0,0.89,0,1,1,6,4
31.14,575,1276,2,1,0.0,0.783,0,1,1,4,4
79.2,541,1427,9,1,0.0,0.811,0,1,1,6,4
6.9,90,381,7,4,0.084,0.851,2,1,1,4,3
0.0,263,1319,2,6,0.055,0.895,0,1,1,0,4
0.0,72,3,429,121,0.926,1.0,0,0,2,7,3
18.61,162,651,9,3,0.056,0.23,3,1,0,5,4
4.39,115,7,110,182,0.917,0.918,0,0,2,2,3
2.37,0,4,59,9,0.323,0.239,0,0,1,5,3
47.09,329,1555,6,7,0.088,0.936,0,1,2,2,4
99.81,919,1194,4,3,0.0,0.849,0,1,0,2,3
39.55,122,2071,9,9,0.0,1.0,0,1,1,2,4
0.43,12,0,462,408,0.887,0.966,0,0,1,5,3
37.49,871,1690,5,5,0.0,0.741,0,1,1,3,4
1.87,41,1,84,17,0.319,0.194,0,0,1,4,3
56.04,1183,1470,8,7,0.084,1.0,0,1,1,4,4
0.0,16,0,75,4,0.892,0.125,0,0,1,6,4
4.95,17,0,67,7,0.382,0.0,0,0,1,1,0
106.01,473,1557,1,8,0.011,0.822,0,1,1,6,3
133.62,647,740,5,2,0.015,0.963,0,1,1,3,4
66.08,561,1133,6,1,0.0,0.888,0,1,2,2,4
125.95,427,401,7,6,0.0,0.889,0,1,1,7,4
84.82,111,857,6,3,0.015,0.79,0,1,1,4,3
64.22,369,2336,9,6,0.0,0.877,0,1,1,7,2
171.9,379,1511,2,6,0.0,0.808,0,1,1,5,4
124.1,623,1166,4,1,0.0,0.821,0,1,1,1,3
140.38,356,2242,8,8,0.0,0.919,0,1,1,3,3
99.91,1226,0,6,9,0.05,1.0,0,1,1,2,4
82.78,111,0,3,9,0.033,0.777,0,1,1,3,4
35.99,59,643,2,1,0.0,0.892,0,1,1,0,4
47.94,681,1600,7,1,0.0,0.774,0,1,1,5,2
77.45,844,1065,1,2,0.001,0.726,0,1,1,3,4
116.45,807,1588,7,3,0.032,0.791,0,1,1,1,4
34.29,320,232,5,3,0.095,0.951,0,1,1,0,4
2.68,49,3,212,429,0.905,0.923,0,0,1,4,0
1.27,16,0,430,497,0.882,0.892,0,0,2,1,2
13.23,893,1628,9,2,0.069,0.927,0,1,1,5,3
13.61,396,2538,1,7,0.039,0.96,0,1,1,4,4
93.75,406,647,3,7,0.047,0.869,0,1,2,7,3
24.52,895,1374,2,1,0.038,0.897,0,1,1,6,4
51.83,737,1091,2,5,0.051,0.725,0,1,2,1,4
0.0,366,1104,7,8,0.012,1.0,0,1,1,6,4
2.46,617,1140,6,2,0.0,0.738,0,1,1,4,4
9.43,181,1389,2,5,0.027,1.0,0,1,1,5,4
55.87,0,1049,7,5,0.056,0.924,0,1,1,6,4
136.04,840,2012,9,6,0.011,0.928,0,1,1,2,4
41.73,0,407,10,5,0.148,0.743,1,0,1,2,3
0.99,32,1,281,293,0.854,0.942,0,0,1,1,3
95.53,0,1304,1,2,0.008,0.991,0,1,1,7,4
44.93,643,1181,6,8,0.073,0.848,0,1,2,7,4
18.93,112,27,5,6,0.0,0.797,0,1,2,6,4
0.0,9,0,45,17,0.403,0.193,0,0,1,2,3
56.89,358,497,9,4,0.002,0.878,0,1,1,6,4
22.69,750,902,2,8,0.131,0.912,0,1,1,0,4
25.27,419,1610,1,9,0.006,0.785,0,1,2,4,1
0.0,554,1372,9,3,0.0,0.954,0,1,1,7,4
38.58,394,1091,9,6,0.02,0.785,0,1,1,1,4
100.11,586,782,1,4,0.047,0.987,0,1,1,5,4
0.59,45,0,139,292,1.0,1.0,0,0,1,7,3
61.02,870,752,3,3,0.056,0.787,0,1,1,3,4
0.0,0,0,327,469,0.924,0.924,0,0,1,6,2
3.27,54,4,441,185,0.898,0.928,0,0,1,5,3
32.76,533,1301,8,7,0.104,0.818,0,1,1,0,4
121.61,930,1375,8,2,0.0,0.839,0,1,1,0,0
41.44,827,162,5,3,0.016,0.782,0,1,1,1,4
101.87,450,0,4,9,0.0,0.981,0,1,2,0,4
51.7,290,534,5,9,0.0,0.437,3,1,1,1,3
0.0,294,2018,4,8,0.0,0.781,0,1,2,0,4
3.81,42,1,106,140,0.87,0.962,0,0,1,1,3
58.42,789,488,2,8,0.018,0.921,0,1,2,3,4
1.5,1,2,503,218,0.833,0.971,0,0,1,2,3
0.0,508,1369,4,1,0.087,0.898,0,1,1,6,4
42.41,0,1496,1,9,0.129,0.977,0,1,1,6,4
36.52,699,1263,1,4,0.0,0.804,0,1,2,1,4
28.97,0,125,5,6,0.1,0.923,0,1,1,1,4
13.83,398,599,5,6,0.0,0.79,0,1,1,2,4
1.96,46,0,224,467,0.955,0.981,0,0,1,4,3
104.79,692,1536,8,4,0.001,0.989,0,1,1,5,4
6.4,28,1,71,19,0.236,0.231,0,0,1,0,4
94.42,580,2285,3,4,0.012,0.895,0,1,1,7,4
95.83,309,982,2,5,0.0,0.858,0,1,1,7,4
4.41,27,0,92,10,0.345,0.152,0,0,1,5,4
61.7,359,566,3,7,0.0,0.838,0,1,2,3,3
32.65,444,560,6,8,0.006,0.966,0,1,2,1,4
19.32,52,1461,5,5,0.007,0.974,0,1,1,4,4
0.0,234,1268,3,1,0.045,0.878,0,1,1,4,4
27.65,449,1668,5,8,0.0,0.759,0,1,0,3,4
82.22,789,774,1,6,0.0,0.964,0,1,1,5,4
143.12,240,401,1,3,0.053,0.789,0,1,1,6,4
0.48,0,2,228,294,1.0,0.946,0,0,1,0,0
0.49,66,0,386,390,0.969,1.0,0,0,1,0,3
0.0,60,0,235,408,0.952,0.914,0,0,1,2,3
2.83,51,2,284,433,0.75,1.0,0,0,1,6,3
79.71,142,1981,1,7,0.032,0.804,0,1,2,4,4
80.44,399,1633,7,6,0.026,0.811,0,1,1,1,3
77.73,241,1387,4,8,0.0,1.0,0,1,1,2,4
43.87,808,1928,1,9,0.051,0.883,0,1,1,0,4
80.02,872,1357,9,9,0.074,0.966,0,1,1,7,4
129.08,348,817,7,1,0.059,1.0,0,1,1,6,4
17.64,0,1239,1,2,0.047,0.791,0,1,1,3,4
0.89,16,0,200,251,0.98,0.912,0,0,1,4,3
1.17,31,4,265,455,0.959,0.975,0,0,1,0,0
85.74,598,733,6,1,0.039,0.873,0,1,2,3,4
31.64,300,1737,8,5,0.094,0.844,0,1,1,6,4
41.83,0,201,3,5,0.015,0.95,0,1,2,4,4
34.25,965,1158,6,6,0.0,0.991,0,1,1,5,4
30.43,1117,457,4,7,0.0,0.979,0,1,1,2,4
57.52,54,662,1,5,0.033,0.943,0,1,1,1,4
76.52,285,260,7,4,0.056,0.677,0,1,1,3,4
0.0,74,0,467,280,0.911,0.961,0,0,0,7,0
21.07,736,858,2,4,0.069,0.649,0,1,2,5,4
3.97,38,0,90,7,0.339,0.058,0,0,1,0,4
0.0,824,1040,9,4,0.073,0.796,0,1,1,2,4
0.0,902,1968,4,5,0.0,0.855,0,1,1,7,4
98.18,413,802,9,1,0.083,0.802,0,1,2,1,4
27.82,306,1376,9,1,0.017,0.814,0,1,1,3,4
54.6,316,1078,8,6,0.0,0.821,0,1,1,4,4
1.89,15,6,96,12,0.38,0.126,0,0,2,3,0
34.33,507,580,4,3,0.0,1.0,0,1,2,1,4
4.61,15,3,457,361,0.551,0.887,0,0,1,6,3
57.27,501,1386,3,8,0.077,0.933,0,1,1,7,3
4.39,684,138,5,2,0.035,0.852,0,1,1,4,2
0.0,7,5,428,194,0.683,0.944,0,0,1,4,3
0.0,24,0,370,268,0.795,0.958,0,0,1,0,0
77.21,66,1020,8,2,0.025,0.875,0,1,2,4,4
53.93,681,1677,2,8,0.035,0.785,0,1,1,3,4
114.55,149,1258,6,4,0.136,0.837,0,1,1,0,4
137.69,702,1207,2,1,0.128,0.739,0,1,1,7,4
42.08,586,615,6,4,0.08,1.0,0,1,2,5,4
54.81,577,503,4,8,0.091,0.849,0,1,2,4,4
6.16,957,453,9,9,0.0,0.933,0,1,0,6,4
46.58,250,1815,5,6,0.009,0.79,0,1,1,2,4
50.89,873,1017,2,8,0.0,0.77,0,1,1,1,4
0.0,5,0,371,146,0.883,0.889,0,0,1,6,0
2.6,43,0,417,132,0.993,0.995,0,0,1,4,3
22.07,132,860,3,2,0.0,0.877,0,1,0,3,4
94.56,449,791,7,9,0.058,0.808,0,1,1,5,4
82.59,373,835,8,1,0.0,0.79,0,1,1,7,2
1.24,0,1,147,266,1.0,1.0,0,0,2,6,3
36.72,326,1982,4,7,0.0,0.974,0,1,1,0,4
73.54,205,227,1,1,0.0,0.655,0,1,1,4,4
51.38,650,492,8,8,0.036,0.707,0,1,2,4,4
48.32,745,2056,7,8,0.047,0.741,0,1,2,0,4
70.4,9,885,3,8,0.024,0.903,0,1,2,1,4
0.0,373,544,3,8,0.018,0.899,0,1,2,4,4
112.22,962,1150,2,7,0.051,1.0,0,1,2,1,4
38.75,822,668,7,4,0.037,0.99,0,1,1,5,4
43.01,440,333,3,7,0.137,0.656,3,1,2,4,4
34.07,339,1929,2,3,0.026,0.904,0,1,1,0,3
0.0,385,797,2,9,0.077,0.916,0,1,1,3,4
21.31,1022,1447,9,6,0.079,0.844,0,1,2,2,4
1.39,26,0,472,334,0.885,0.976,0,0,1,7,3
91.85,342,1295,2,4,0.059,0.576,0,1,2,7,4
44.94,568,712,4,3,0.0,0.785,0,1,2,5,4
6.48,26,3,56,16,0.714,0.31,0,0,1,6,3
120.09,536,268,1,5,0.0,1.0,0,1,2,7,4
37.87,543,1206,2,2,0.015,1.0,0,1,2,5,4
99.06,469,135,5,4,0.0,0.883,0,1,1,4,4
52.47,514,471,9,9,0.0,0.765,0,1,1,1,4
0.22,23,4,239,246,0.784,0.932,0,0,1,0,3
48.03,483,1155,9,3,0.0,0.994,0,1,2,5,4
20.81,814,772,5,7,0.0,0.859,0,1,1,5,4
1.67,17,3,281,307,0.928,0.91,0,0,1,0,2
1.79,806,0,4,6,0.031,0.876,0,1,0,7,3
2.54,78,0,377,147,0.763,0.958,0,0,1,1,3
2.16,1,5,341,243,0.936,0.909,0,0,1,3,0
59.13,173,598,1,3,0.045,0.883,0,1,1,6,4
97.39,606,1247,2,9,0.0,0.853,0,1,1,6,4
0.0,37,23,4,4,0.128,0.538,3,0,2,0,4
0.0,205,16,3,7,0.0,0.456,2,0,1,5,4
132.53,651,744,8,2,0.0,0.846,0,1,1,2,4
122.43,0,1543,3,4,0.0,1.0,0,1,1,2,4
24.82,190,858,2,4,0.048,0.896,0,1,2,1,4
0.03,148,0,488,454,0.897,0.897,0,0,1,5,0
0.0,756,1342,7,1,0.001,1.0,0,1,1,7,4
77.45,222,1374,3,2,0.0,0.813,0,1,1,5,4
79.51,850,1918,4,9,0.0,0.986,0,1,2,5,4
47.73,861,1755,6,9,0.02,0.969,0,1,1,7,4
1.34,948,457,7,2,0.0,0.763,0,1,0,1,4
89.74,260,312,9,4,0.07,0.962,0,1,2,1,4
61.68,709,267,4,9,0.092,0.875,0,1,1,0,0
123.77,488,1030,4,6,0.0,0.823,0,1,1,7,4
32.4,699,1616,8,6,0.025,0.809,0,1,1,2,4
57.03,263,1683,5,3,0.003,1.0,0,1,1,1,4
46.54,505,1009,2,8,0.033,0.962,0,1,0,5,4
72.37,378,826,8,6,0.0,0.789,0,1,1,0,4
94.72,0,822,4,6,0.0,0.939,0,1,1,2,1
0.92,87,0,298,340,0.907,0.929,0,0,1,2,3
2.35,34,6,172,388,0.959,0.941,0,0,1,2,3
55.18,37,1322,1,8,0.022,0.806,0,1,1,1,4
65.94,399,241,1,8,0.0,1.0,0,1,0,1,4
93.83,97,1431,5,9,0.0,1.0,0,1,1,7,4
77.7,288,2304,5,1,0.006,0.868,0,1,1,2,4
46.18,306,918,3,8,0.034,1.0,0,1,1,3,4
65.79,707,2170,2,3,0.112,0.911,0,1,1,4,4
51.42,291,1696,9,5,0.004,0.938,0,1,1,4,4
47.73,681,1706,6,9,0.143,0.959,0,1,2,7,4
86.1,855,976,3,8,0.006,1.0,0,1,1,6,4
2.07,16,0,68,11,0.492,0.485,0,0,1,1,0
60.52,1035,865,2,7,0.0,0.743,0,1,1,1,4
39.81,631,1433,7,7,0.0,0.932,0,1,1,4,4
73.49,439,1130,2,1,0.005,0.929,0,1,1,4,4
113.84,210,1410,1,2,0.065,0.846,0,1,1,4,4
2.7,24,0,467,403,0.868,0.992,0,0,2,0,3
111.54,871,1724,9,9,0.02,0.912,0,1,1,5,4
32.42,776,482,4,1,0.05,1.0,0,1,1,1,2
125.41,723,741,3,1,0.049,0.92,0,1,1,1,0
37.99,440,1013,8,5,0.0,0.916,0,1,1,3,4
87.65,704,684,2,3,0.098,0.803,0,1,1,1,4
8.96,335,591,8,4,0.0,1.0,0,1,2,7,4
0.0,517,2002,5,5,0.059,1.0,0,1,1,1,4
0.48,75,1,140,192,0.867,0.957,0,0,1,3,3
81.76,187,754,6,7,0.024,0.924,0,1,1,0,0
79.2,261,0,9,9,0.009,1.0,0,1,1,6,4
122.71,440,303,3,7,0.0,0.835,0,1,0,7,3
42.08,152,290,4,4,0.029,0.554,1,1,1,0,4
96.18,491,670,6,2,0.091,1.0,0,1,1,1,4
133.01,383,0,3,7,0.0,0.797,0,1,2,3,4
104.69,355,413,8,4,0.071,0.824,0,1,1,7,4
29.02,251,95,2,5,0.021,0.714,0,1,2,6,4
1.48,44,0,406,296,0.941,0.961,0,0,1,6,3
0.0,28,0,150,112,0.961,0.891,0,0,2,4,3
104.08,646,1272,3,2,0.0,0.886,0,1,1,0,4
3.56,72,0,206,130,0.983,1.0,0,0,1,0,2
43.0,759,1377,4,2,0.055,0.934,0,1,1,4,3
38.09,549,1681,9,8,0.0,0.927,0,1,2,4,4
0.0,21,0,25,16,0.465,0.313,0,0,2,7,3
71.83,441,749,2,5,0.016,0.965,0,1,1,2,3
2.86,56,0,182,404,0.911,0.889,0,0,1,0,3
27.88,326,1775,1,8,0.0,0.675,0,1,1,2,4
26.02,0,306,1,6,0.059,0.688,3,0,2,5,4
86.89,205,1125,6,3,0.025,0.887,0,1,2,6,2
0.0,455,1388,5,3,0.083,0.926,0,1,1,4,3
20.64,411,2298,5,3,0.049,0.721,0,1,1,0,4
12.45,298,278,5,5,0.135,0.712,1,1,1,0,3
4.6,99,0,184,486,0.934,0.9,0,0,1,0,0
0.0,312,1858,4,2,0.0,0.779,0,1,1,2,4
34.03,439,1812,9,4,0.016,0.908,0,1,1,2,0
44.93,504,440,1,7,0.01,0.628,0,1,2,1,0
0.0,264,1511,8,2,0.016,0.873,0,1,2,1,4
1.91,64,11,314,509,0.835,0.898,0,0,1,1,3
12.71,0,1610,3,5,0.003,0.981,0,1,1,0,1
0.0,11,0,154,236,0.859,0.937,0,0,1,4,3
75.3,29,1812,2,5,0.07,0.935,0,1,1,5,4
7.92,460,1080,8,1,0.047,0.681,0,1,1,4,4
64.73,944,1475,8,9,0.0,0.81,0,1,2,5,3
0.96,34,1,374,501,1.0,0.884,0,0,1,4,0
10.27,611,1501,3,6,0.0,1.0,0,1,1,4,4
61.37,416,650,8,7,0.0,0.864,0,1,1,0,4
40.35,671,702,2,5,0.008,0.665,0,1,1,2,4
31.26,547,844,7,6,0.006,0.959,0,1,0,2,4
39.21,410,2063,5,9,0.0,0.893,0,1,1,7,4
1.19,62,0,445,165,0.899,0.917,0,0,1,1,3
0.0,10,0,86,4,0.452,0.378,0,0,1,6,0
77.16,139,791,7,2,0.003,0.948,0,1,1,6,4
2.72,413,1108,5,2,0.012,0.825,0,1,0,6,4
16.91,317,804,4,2,0.0,0.926,0,1,1,1,4
0.0,83,0,436,120,1.0,0.993,0,0,1,0,0
111.94,279,54,8,5,0.009,1.0,0,1,2,2,4
29.94,743,521,8,5,0.031,0.906,0,1,1,1,4
101.82,787,655,1,8,0.022,0.885,0,1,1,4,4
86.16,787,629,8,7,0.123,0.992,0,1,1,4,4
58.31,455,241,8,7,0.033,0.956,0,1,1,4,4
17.65,962,1562,9,8,0.044,0.962,0,1,1,6,4
3.84,30,0,90,1,0.433,0.0,0,0,1,3,0
85.9,755,1500,3,4,0.071,0.749,0,1,1,5,4
58.67,640,527,4,9,0.016,0.721,0,1,1,3,4
4.16,75,0,490,214,0.98,0.986,0,0,1,0,3
0.0,22,0,317,232,1.0,0.965,0,0,1,4,3
33.79,49,818,5,7,0.056,0.772,0,1,1,4,4
15.89,669,0,4,4,0.038,0.953,0,1,1,6,1
17.14,366,97,6,9,0.012,1.0,0,1,2,4,4
77.96,223,1556,3,5,0.0,0.794,0,1,1,5,4
7.15,257,1114,3,2,0.0,0.96,0,1,1,2,4
56.47,389,651,7,4,0.091,0.849,0,1,1,4,4
25.07,407,1202,9,2,0.0,0.89,0,1,2,2,4
38.74,0,2236,5,1,0.054,0.821,0,1,2,3,4
73.95,0,1118,8,4,0.0,0.855,0,1,1,5,4
45.08,652,311,9,8,0.0,0.84,0,1,1,1,2
44.33,244,1243,8,3,0.0,0.994,0,1,1,1,4
0.58,7,1,402,410,0.89,1.0,0,0,1,2,3
0.0,250,1455,2,9,0.0,0.965,0,1,0,2,4
75.4,288,1488,6,9,0.094,0.929,0,1,1,1,1
67.05,651,754,1,6,0.0,0.983,0,1,1,1,4
39.4,45,1215,4,9,0.02,0.92,0,1,1,2,4
0.0,41,0,312,387,0.821,0.907,0,0,1,5,3
114.39,139,748,4,9,0.0,0.681,0,1,1,1,4
73.73,463,1483,6,7,0.048,1.0,0,1,2,7,4
22.64,141,304,2,5,0.012,0.221,4,0,0,1,4
75.79,234,1287,2,5,0.057,1.0,0,1,1,1,4
76.54,528,2562,7,3,0.086,0.933,0,1,2,6,4
32.55,766,860,9,4,0.029,0.948,0,1,2,2,4
69.55,498,1670,8,1,0.048,1.0,0,1,1,0,4
0.0,49,0,318,491,0.959,0.916,0,0,1,6,3
0.0,5,0,46,4,0.681,0.213,0,0,1,4,0
17.87,582,708,2,1,0.001,0.98,0,1,1,2,4
57.1,1566,2121,5,4,0.01,0.872,0,1,2,3,4
8.29,801,0,4,8,0.0,0.802,0,1,1,0,4
4.47,647,371,3,8,0.046,0.844,0,1,1,7,4
41.9,470,1142,9,1,0.109,0.887,0,1,1,2,4
29.82,238,396,7,4,0.001,0.855,0,1,1,4,4
0.0,929,671,1,1,0.055,0.914,1,1,1,5,4
7.84,150,1174,2,9,0.039,0.757,0,1,1,5,4
3.69,24,2,56,16,0.798,0.155,0,0,2,1,4
59.47,463,293,5,6,0.0,0.908,0,1,1,4,4
16.76,333,597,5,1,0.068,0.823,1,0,1,5,3
86.74,225,1282,2,6,0.074,1.0,0,1,1,2,4
24.47,417,673,1,1,0.0,0.731,0,1,1,5,4
6.09,344,1492,2,2,0.0,0.92,0,1,1,6,4
31.37,751,728,1,6,0.0,0.996,0,1,1,6,4
80.0,562,0,6,5,0.092,0.86,0,1,1,0,4
72.96,445,0,5,1,0.0,0.997,0,1,2,2,4
0.0,573,910,2,3,0.037,0.658,0,1,1,3,4
29.16,972,741,4,3,0.016,0.894,0,1,2,0,4
67.83,896,0,1,2,0.047,0.869,0,1,1,0,1
0.0,484,1053,1,6,0.028,0.884,0,1,1,1,4
32.62,267,894,4,3,0.0,1.0,0,1,1,1,4
57.71,589,43,9,1,0.0,1.0,0,1,2,4,4
75.3,887,1282,3,4,0.0,1.0,0,1,1,0,4
5.07,60,8,305,323,0.973,0.967,0,0,1,1,2
38.34,268,926,2,2,0.0,1.0,0,1,1,5,4
63.22,308,1006,7,2,0.0,0.991,0,1,1,4,4
34.86,320,546,2,3,0.07,0.924,0,1,1,3,4
77.02,776,395,1,7,0.069,1.0,0,1,0,6,4
4.85,11,3,44,2,0.468,0.252,0,0,1,3,3
105.29,966,1290,7,5,0.048,1.0,0,1,1,1,4
25.79,587,0,8,7,0.064,0.919,0,1,1,3,4
0.0,567,323,6,5,0.047,0.926,0,1,2,5,4
4.88,20,3,83,6,0.428,0.257,0,0,1,1,3
59.53,0,449,6,2,0.0,0.445,4,1,1,0,4
0.73,55,0,264,475,0.888,0.864,0,0,1,4,3
128.03,247,1097,8,9,0.022,0.907,0,1,1,0,0
118.11,377,1142,5,8,0.0,0.755,0,1,1,3,4
6.45,9,0,87,9,0.672,0.185,0,0,2,7,0
29.76,687,109,3,3,0.118,1.0,0,1,1,5,4
113.48,1062,1575,3,6,0.028,0.881,0,1,1,1,1
0.0,316,477,12,7,0.261,0.64,2,1,1,5,3
0.6,45,2,197,158,0.729,0.919,0,0,1,6,3
50.4,733,1046,7,9,0.0,0.918,0,1,1,3,4
38.51,899,676,8,8,0.054,0.946,0,1,1,7,4
51.22,597,2455,9,6,0.023,1.0,0,1,1,3,4
96.48,1014,1824,2,7,0.034,0.832,0,1,1,2,4
9.29,496,1494,5,4,0.078,0.814,0,1,1,6,4
63.26,603,1807,8,5,0.0,0.926,0,1,1,0,1
65.24,1034,1245,8,1,0.016,0.771,0,1,1,1,4
126.15,570,1353,3,7,0.0,0.835,0,1,2,1,3
56.71,328,824,5,8,0.03,0.996,0,1,1,3,4
34.36,812,1061,9,3,0.072,0.797,0,1,1,5,4
81.06,384,1367,2,5,0.0,0.843,0,1,1,2,4
117.76,406,1039,8,9,0.0,0.88,0,1,1,5,4
16.66,799,1901,4,8,0.0,0.825,0,1,1,1,2
0.0,49,0,101,380,0.882,0.99,0,0,1,0,0
110.76,266,862,8,4,0.0,0.857,0,1,1,0,4
2.54,68,0,330,110,0.981,0.951,0,0,1,2,3
37.37,592,1247,3,6,0.012,0.868,0,1,1,4,4
1.1,310,693,9,6,0.065,0.998,0,1,1,0,4
65.32,112,1647,8,5,0.098,0.925,0,1,1,6,0
0.0,20,7,502,360,0.815,0.888,0,0,1,5,2
0.0,581,676,4,1,0.043,0.892,0,1,1,4,4
64.07,310,1080,2,4,0.0,0.933,0,1,1,2,4
18.1,480,1659,6,1,0.0,1.0,0,1,1,1,4
0.43,36,1,393,378,0.904,0.897,0,0,2,5,3
81.66,932,1107,4,3,0.0,1.0,0,1,2,2,4
1.56,115,0,272,438,0.933,0.997,0,0,2,2,3
5.26,744,1260,8,8,0.079,1.0,0,1,1,6,4
0.0,778,1862,9,2,0.039,0.907,0,1,1,2,3
8.58,18,0,86,10,0.283,0.261,0,0,1,6,0
133.26,297,855,8,8,0.017,0.89,0,1,1,1,4
81.76,1013,1563,6,3,0.019,0.767,0,1,1,1,4
18.78,0,135,7,2,0.25,0.505,1,0,0,6,4
28.34,372,996,7,9,0.0,0.772,0,1,1,7,4
45.14,0,436,7,5,0.0,0.934,0,1,1,0,4
80.53,294,966,8,3,0.057,0.896,0,1,0,2,4
57.83,906,873,8,2,0.133,0.899,0,1,2,4,4
0.0,284,159,2,4,0.064,1.0,0,1,1,3,4
95.35,690,335,7,3,0.0,0.757,0,1,1,5,4
34.81,630,991,6,6,0.043,0.991,0,1,0,3,4
63.16,453,1637,9,6,0.0,0.939,0,1,1,6,4
66.21,530,897,4,2,0.097,0.903,0,1,1,1,4
19.83,123,370,6,9,0.159,0.439,1,1,1,0,4
11.21,901,0,7,8,0.019,1.0,0,1,1,2,4
78.23,497,638,8,4,0.021,0.94,0,1,1,5,4
25.21,419,853,1,3,0.159,0.793,0,1,2,6,4
37.2,26,255,2,4,0.055,0.827,0,1,1,3,4
1.12,50,0,419,126,0.774,0.975,0,0,1,7,3
0.0,9,0,100,250,0.846,0.867,0,0,1,1,0
5.57,47,0,87,9,0.435,0.216,0,0,1,0,3
87.26,58,1043,7,2,0.015,1.0,0,1,2,7,3
110.24,218,1115,5,2,0.043,1.0,0,1,1,5,4
9.28,159,1498,4,7,0.0,0.962,0,1,1,3,4
0.62,63,3,258,152,0.948,0.961,0,0,1,4,0
16.43,198,252,10,3,0.126,0.899,2,0,1,0,4
14.4,0,0,5,2,0.0,1.0,0,1,2,0,3
6.97,56,0,329,404,0.901,0.951,0,0,1,4,2
2.88,173,320,2,9,0.086,0.535,2,0,1,3,4
0.55,69,7,460,453,1.0,0.959,0,0,1,2,3
55.93,534,1331,2,2,0.0,1.0,0,1,1,4,4
0.0,857,851,7,4,0.124,1.0,0,1,1,2,2
85.11,615,0,6,9,0.03,0.958,0,1,1,3,4
86.63,508,2003,3,5,0.0,0.767,0,1,2,4,4
30.15,285,997,8,5,0.027,0.931,0,1,1,4,4
3.58,0,0,145,455,0.862,0.921,0,0,1,3,0
51.12,987,688,2,7,0.055,1.0,0,1,1,7,4
2.41,48,14,297,197,0.88,1.0,0,0,2,2,3
44.6,764,684,9,8,0.037,0.676,0,1,1,5,4
78.22,653,977,4,5,0.056,1.0,0,1,1,6,4
42.76,369,370,8,8,0.179,0.656,3,0,1,7,4
32.28,346,1008,5,1,0.106,0.906,0,1,1,2,4
20.92,127,255,3,7,0.108,0.811,0,1,2,3,4
66.25,728,917,6,2,0.016,0.972,0,1,1,2,4
0.0,713,685,9,9,0.0,0.843,0,1,1,2,4
10.67,33,1882,5,2,0.0,0.936,0,1,1,1,4
27.05,763,789,9,7,0.059,0.871,0,1,1,5,4
62.82,750,1172,5,2,0.037,0.891,0,1,1,2,3
82.69,902,852,2,4,0.0,0.91,0,1,1,5,4
66.05,54,1407,3,8,0.019,0.781,0,1,1,4,4
70.3,723,493,1,8,0.007,0.989,0,1,1,6,4
89.62,472,2356,4,1,0.004,0.955,0,1,2,6,4
0.0,714,622,1,9,0.083,0.679,0,1,1,4,3
92.63,432,955,8,5,0.053,1.0,0,1,1,6,4
63.73,310,1108,5,7,0.056,0.992,0,1,1,5,4
1.16,34,0,352,345,0.844,0.882,0,0,1,7,0
100.83,740,1009,7,8,0.0,0.863,0,1,2,1,4
117.02,626,2182,5,6,0.0,0.83,0,1,1,7,4
59.53,480,315,6,5,0.036,0.926,0,1,2,6,3
27.79,201,394,3,6,0.187,0.519,1,0,1,6,4
0.0,72,0,149,227,0.846,0.933,0,0,2,0,3
120.07,566,993,4,7,0.034,0.688,0,1,1,4,4
49.27,54,107,13,5,0.196,0.648,3,1,1,4,4
17.49,916,517,1,9,0.0,0.853,0,1,1,7,4
81.69,162,312,9,2,0.056,0.964,0,1,1,1,4
57.01,166,941,4,4,0.0,0.838,0,1,1,2,4
12.96,284,318,11,1,0.16,0.663,4,0,0,7,4
51.73,599,576,2,3,0.0,0.772,0,1,1,2,4
111.16,577,0,6,7,0.0,0.887,0,1,1,7,4
15.04,671,1496,4,6,0.0,0.962,0,1,2,6,4
90.77,0,1175,7,7,0.008,0.786,0,1,2,4,4
66.94,515,1253,1,5,0.057,0.912,0,1,2,4,4
41.29,686,2173,4,8,0.114,0.727,0,1,1,0,4
0.0,50,0,483,371,0.973,0.844,0,0,2,6,0
0.0,61,4,508,210,0.985,0.927,0,0,1,3,2
1.22,692,0,9,3,0.131,0.792,0,1,1,7,4
59.11,488,1779,8,5,0.0,0.838,0,1,1,4,4
0.5,379,1162,8,1,0.014,0.762,0,1,1,2,4
88.78,1132,1533,8,1,0.0,0.728,0,1,1,6,4
39.53,692,1573,2,8,0.008,0.937,0,1,1,1,4
3.01,49,0,323,446,0.921,0.904,0,0,0,6,0
96.34,171,505,1,9,0.0,0.805,0,1,1,1,4
60.34,585,773,4,5,0.018,0.9,0,1,1,1,4
22.74,0,306,4,7,0.059,0.578,3,0,1,6,4
0.49,465,730,6,8,0.028,0.903,0,1,1,5,4
1.36,26,1,453,461,0.747,0.938,0,0,1,0,3
18.94,101,544,6,8,0.127,0.618,0,1,1,6,4
121.29,684,1312,8,6,0.0,0.903,0,1,1,2,3
67.89,314,0,4,8,0.087,0.941,0,1,2,6,4
0.0,22,0,163,449,1.0,0.981,0,0,0,4,3
132.63,287,1617,4,2,0.049,0.627,0,1,0,4,4
56.44,484,1003,2,6,0.053,1.0,0,1,1,7,4
39.43,479,2148,2,4,0.023,0.976,0,1,2,5,4
40.36,0,1173,1,9,0.004,0.926,0,1,1,3,4
17.55,901,911,4,9,0.0,0.88,0,1,1,3,4
86.66,1042,278,8,6,0.001,0.887,0,1,2,1,4
7.63,52,1,89,3,0.682,0.102,0,0,1,5,0
19.29,194,1921,8,2,0.012,0.757,0,1,1,4,4
37.39,684,852,6,8,0.0,0.973,0,1,1,5,4
1.35,20,4,331,173,0.824,0.938,0,0,1,2,0
6.67,299,896,1,1,0.016,1.0,0,1,1,6,4
30.36,0,1582,3,3,0.026,0.929,0,1,1,1,2
56.05,81,759,4,1,0.0,0.896,0,1,1,5,3
0.0,29,0,505,363,0.921,0.866,0,0,1,4,0
76.11,756,682,3,4,0.0,0.928,0,1,1,7,4
17.93,1022,2018,9,9,0.0,1.0,0,1,1,6,4
123.73,909,614,8,7,0.071,0.949,0,1,1,1,4
22.71,165,1330,8,5,0.0,1.0,0,1,2,4,4
0.05,0,0,451,236,1.0,0.942,0,0,1,6,3
0.33,0,5,130,289,0.904,1.0,0,0,1,3,3
11.27,669,744,9,7,0.064,1.0,0,1,1,6,4
8.52,263,755,5,5,0.005,0.955,0,1,1,6,4
24.33,414,2198,2,7,0.109,0.869,0,1,2,0,4
2.14,57,0,188,112,0.924,0.93,0,0,2,3,0
1.32,37,3,509,357,0.801,0.912,0,0,2,6,3
0.0,202,1060,7,1,0.049,0.973,0,1,1,7,4
71.22,444,978,5,3,0.057,0.845,0,1,1,4,2
18.5,0,0,14,1,0.254,0.496,1,0,0,6,3
4.81,448,713,8,1,0.0,0.977,0,1,0,4,4
97.68,921,1264,4,9,0.086,1.0,0,1,1,0,4
109.3,216,0,9,7,0.0,0.989,0,1,2,2,4
21.52,819,0,8,7,0.085,1.0,0,1,1,1,4
16.98,505,713,3,7,0.103,1.0,0,1,1,3,4
78.68,470,955,5,9,0.0,0.883,0,1,1,3,3
2.0,72,5,258,358,0.847,0.921,0,0,2,5,3
12.29,525,368,4,1,0.0,0.783,0,1,1,6,4
65.93,557,1589,9,5,0.0,0.916,0,1,1,2,4
48.03,614,1183,3,6,0.0,0.733,0,1,1,0,4
10.93,504,381,4,8,0.118,0.516,1,1,2,1,3
74.75,531,1626,8,1,0.03,0.925,0,1,1,5,4
1.58,8,0,82,10,0.804,0.162,0,0,1,7,3
4.49,5,0,63,19,0.549,0.245,0,0,1,7,0
0.0,23,0,27,2,0.0,0.354,0,0,1,0,4
66.64,231,290,4,6,0.021,0.915,0,1,1,1,2
19.18,941,137,5,8,0.0,0.833,0,1,1,0,4
19.1,203,1043,7,1,0.0,1.0,0,1,1,5,4
1.12,47,5,458,166,1.0,0.875,0,0,1,3,2
51.17,380,2083,5,5,0.034,0.943,0,1,1,4,4
64.44,578,1407,1,7,0.025,0.884,0,1,1,1,4
39.06,828,1060,5,5,0.0,1.0,0,1,1,5,4
131.66,697,863,9,9,0.0,0.77,0,1,1,5,1
0.0,37,0,302,303,0.749,0.976,0,0,1,6,3
122.91,663,1279,8,3,0.0,0.97,0,1,1,0,4
2.13,40,0,474,178,0.969,0.934,0,0,1,1,3
6.12,19,0,46,1,0.187,0.215,0,0,2,5,3
40.26,192,294,1,8,0.262,0.807,4,1,1,7,3
52.37,614,874,7,6,0.0,0.983,0,1,1,1,4
1.38,30,1,39,18,0.521,0.0,0,0,1,0,3
85.47,216,686,5,4,0.023,0.837,0,1,1,1,4
3.23,31,1900,9,4,0.0,0.807,0,1,1,5,4
0.0,28,0,416,461,0.933,0.957,0,0,1,1,3
110.16,1458,150,3,2,0.043,0.842,0,1,1,1,4
0.0,223,868,1,1,0.078,0.908,0,1,1,7,4
0.0,21,8,442,193,0.846,1.0,0,0,1,6,3
67.33,499,1859,5,6,0.0,0.869,0,1,1,0,2
35.67,754,1651,7,3,0.031,0.596,0,1,0,2,4
89.32,247,501,2,7,0.0,0.991,0,1,2,6,4
11.96,949,1076,5,7,0.072,0.927,0,1,1,4,4
9.92,735,1429,2,8,0.067,0.901,0,1,1,7,4
5.41,61,0,50,17,0.599,0.0,0,0,1,1,0
66.93,203,2087,5,3,0.08,0.929,0,1,1,7,4
0.0,84,8,241,228,1.0,0.941,0,0,1,3,0
77.81,231,2441,8,3,0.012,1.0,0,1,1,1,4
124.04,605,953,6,5,0.0,1.0,0,1,2,3,4
38.35,450,1426,3,7,0.07,0.915,0,1,1,6,3
43.47,797,1864,9,6,0.036,0.787,0,1,0,7,3
2.21,46,2,380,159,0.785,0.937,0,0,1,4,0
93.16,586,1016,3,2,0.0,0.928,0,1,1,6,4
0.0,774,1566,2,2,0.0,0.865,0,1,1,7,4
2.71,59,3,339,474,0.717,0.948,0,0,1,1,3
41.7,394,1227,4,6,0.026,0.839,0,1,1,4,4
27.02,230,741,5,6,0.026,0.998,0,1,1,5,4
0.0,57,4,475,250,0.773,1.0,0,0,1,7,3
35.22,813,685,7,6,0.0,0.936,0,1,1,3,4
0.64,10,7,284,448,0.903,1.0,0,0,1,0,3
71.22,312,2626,8,3,0.0,0.925,0,1,1,0,4
39.81,721,0,5,5,0.048,0.834,0,1,1,3,4
22.52,730,1647,8,9,0.0,0.667,0,1,1,5,4
23.71,632,773,4,8,0.0,0.858,0,1,1,5,4
36.95,526,965,2,7,0.016,0.867,0,1,1,6,4
103.03,543,311,2,1,0.0,0.836,0,1,1,5,1
0.0,406,866,1,9,0.007,0.883,0,1,1,5,4
137.2,502,574,3,2,0.129,0.831,0,1,0,5,4
0.0,906,991,3,6,0.009,1.0,0,1,1,7,4
24.01,593,467,2,8,0.151,0.777,0,1,1,2,4
80.99,400,1293,5,7,0.0,0.922,0,1,1,3,4
52.1,964,1320,2,5,0.044,0.693,0,1,1,2,4
0.0,774,1672,9,4,0.0,0.986,0,1,2,1,4
0.11,108,0,102,321,1.0,0.983,0,0,1,7,0
93.5,732,841,4,1,0.0,0.925,0,1,2,6,4
123.29,681,92,2,1,0.034,0.761,1,1,0,6,4
99.59,148,752,9,5,0.052,0.868,0,1,1,6,4
10.44,63,208,4,2,0.246,0.8,4,0,1,0,3
40.7,353,1631,2,6,0.005,0.859,0,1,1,6,4
35.46,361,184,5,6,0.0,1.0,0,1,1,5,4
90.14,668,1032,3,3,0.0,0.782,0,1,2,5,3
87.69,159,2090,3,2,0.0,0.835,0,1,1,7,4
82.35,483,1633,6,5,0.057,0.812,0,1,2,7,4
16.99,450,413,9,5,0.01,0.706,0,1,1,4,4
77.22,480,179,5,6,0.031,0.925,0,1,1,2,4
34.25,467,438,14,2,0.11,0.372,4,0,1,1,4
63.21,514,912,9,8,0.0,0.994,0,1,1,2,4
0.0,0,681,5,2,0.062,0.644,0,1,1,4,4
1.33,89,0,303,129,1.0,0.947,0,0,1,0,0
25.07,58,306,3,3,0.0,0.814,0,1,2,2,4
6.56,320,1193,2,5,0.04,0.915,0,1,1,1,4
29.41,261,274,1,6,0.01,0.908,0,1,1,5,3
0.42,15,0,64,1,0.381,0.301,0,0,1,2,0
0.0,0,757,8,2,0.0,0.704,0,1,1,3,3
67.66,664,700,4,5,0.035,1.0,0,1,1,1,4
91.53,540,387,7,8,0.035,1.0,0,1,1,0,4
89.88,290,1232,3,1,0.065,0.886,0,1,1,0,4
1.38,45,0,391,467,0.774,0.863,0,0,2,2,3
15.23,231,1286,5,7,0.056,0.949,0,1,0,4,4
0.0,324,213,3,6,0.0,0.987,0,1,1,7,4
14.04,795,912,9,1,0.062,0.763,0,1,2,1,4
73.36,699,0,1,6,0.0,0.987,0,1,1,6,4
0.0,0,1733,7,8,0.015,0.805,0,1,1,7,4
84.34,0,642,5,2,0.001,0.821,0,1,2,5,4
0.0,41,2,31,12,0.243,0.007,0,0,2,3,4
24.35,737,616,7,7,0.051,1.0,0,1,1,6,4
28.12,253,933,7,6,0.037,1.0,0,1,1,5,3
1.33,603,989,5,7,0.0,0.938,0,1,1,2,4
0.35,58,0,441,488,0.75,0.911,0,0,2,7,0
26.22,180,1918,7,3,0.0,0.94,0,1,2,7,4
49.1,376,1316,7,8,0.081,0.862,0,1,2,3,4
0.0,0,0,277,358,0.968,0.982,0,0,1,6,3
2.98,28,1,196,116,0.89,0.904,0,0,0,4,0
101.55,457,1293,5,7,0.0,0.751,0,1,2,6,4
0.0,411,693,9,7,0.055,1.0,0,1,1,6,4
0.0,327,701,5,5,0.034,0.87,0,1,1,6,4
37.56,542,1144,7,3,0.063,0.701,0,1,1,4,4
87.95,501,942,7,1,0.0,0.874,0,1,1,7,4
0.31,93,3,407,215,0.93,0.964,0,0,1,2,3
38.48,191,1116,3,6,0.057,0.796,0,1,2,0,4
103.51,705,1360,7,6,0.0,0.901,0,1,2,0,4
67.6,175,72,6,3,0.094,0.863,0,1,1,3,4
98.71,465,397,1,2,0.058,0.771,0,1,2,4,4
28.69,474,349,5,1,0.132,0.929,0,1,1,0,4
23.41,0,1043,9,3,0.0,0.779,0,1,1,4,1
3.36,84,7,158,116,0.892,0.926,0,0,1,4,0
67.28,1079,1419,5,8,0.012,0.841,0,1,1,1,4
36.5,492,1064,1,7,0.0,0.817,0,1,1,0,4
0.0,429,1253,9,4,0.032,0.979,0,1,1,1,4
114.21,0,1120,8,8,0.0,0.814,0,1,2,3,4
0.0,163,1671,1,6,0.066,0.919,0,1,1,1,4
0.45,41,0,298,240,0.795,0.889,0,0,1,1,3
0.27,18,0,42,3,0.363,0.215,0,0,1,6,3
28.93,466,1022,4,4,0.0,0.903,0,1,1,6,4
88.02,356,688,9,1,0.0,0.904,0,1,2,6,4
102.82,582,322,7,3,0.0,0.783,0,1,1,4,4
27.44,679,1755,8,3,0.029,0.942,0,1,2,2,0
66.87,767,324,1,4,0.079,0.866,0,1,1,1,4
0.0,402,1619,8,4,0.054,0.78,0,1,1,6,4
7.56,291,379,8,5,0.034,0.577,3,0,2,5,4
56.92,560,845,1,9,0.002,1.0,0,1,2,1,4
24.16,671,1918,2,6,0.0,0.994,0,1,1,6,0
79.84,631,567,2,1,0.094,0.95,0,1,1,7,4
12.49,531,1721,1,3,0.01,0.854,0,1,1,5,4
118.65,280,33,6,5,0.0,0.988,0,1,1,6,4
93.99,578,766,9,9,0.049,1.0,0,1,1,1,2
1.7,6,0,314,347,0.858,0.915,0,0,1,2,3
108.89,432,637,3,3,0.011,1.0,0,1,1,6,3
45.95,164,745,1,6,0.021,0.906,0,1,1,5,4
70.03,675,809,2,3,0.0,0.869,0,1,1,4,4
32.15,266,723,5,1,0.073,0.801,0,1,2,0,4
45.73,191,1610,3,8,0.049,0.848,0,1,1,6,4
93.97,654,2006,1,9,0.046,0.967,0,1,1,5,4
0.0,71,4,318,320,0.94,0.998,0,0,1,5,3
78.85,307,837,8,7,0.0,0.85,0,1,1,6,4
47.74,285,644,7,2,0.0,0.873,0,1,1,7,4
0.85,69,0,304,272,1.0,1.0,0,0,1,0,0
3.69,69,0,152,267,0.868,0.962,0,0,1,3,3
58.44,940,375,2,5,0.0,0.947,0,1,1,6,4
84.3,399,0,3,2,0.043,0.708,0,1,1,1,4
69.16,353,816,9,8,0.046,0.995,0,1,2,1,4
12.37,865,962,7,7,0.097,0.779,0,1,1,4,4
113.03,516,1902,9,6,0.0,0.956,0,1,0,3,4
30.32,194,1528,3,5,0.0,1.0,0,1,2,2,4
24.59,720,1217,5,3,0.051,0.961,0,1,1,0,4
12.21,844,1011,1,3,0.0,0.82,0,1,1,5,4
0.06,30,0,401,191,0.972,0.979,0,0,1,4,3
27.9,423,1174,2,5,0.082,1.0,0,1,1,3,4
166.91,647,550,6,5,0.045,0.843,0,1,1,2,0
24.2,350,1323,6,6,0.016,0.927,0,1,1,2,4
22.89,0,516,1,1,0.035,0.914,1,1,1,1,4
70.85,352,1821,1,6,0.033,1.0,0,1,1,7,4
23.51,283,1429,9,4,0.0,0.909,0,1,1,6,4
28.58,798,755,4,8,0.036,0.768,0,1,2,6,4
11.6,388,738,7,1,0.028,0.946,0,1,1,0,4
87.76,642,1612,9,7,0.0,0.968,0,1,1,5,4
7.8,87,1521,8,7,0.061,0.626,0,1,1,3,4
43.44,268,1153,9,7,0.004,0.924,0,1,2,1,4
36.9,124,984,6,8,0.016,0.695,0,1,0,1,4
0.0,0,1412,2,6,0.062,0.686,0,1,2,4,4
10.75,1087,1091,2,9,0.054,0.971,0,1,1,2,4
99.43,286,1464,4,1,0.041,0.885,0,1,1,1,4
3.49,45,0,240,200,0.886,1.0,0,0,1,4,3
44.12,471,1145,9,7,0.009,0.913,0,1,1,6,4
50.67,482,1408,1,6,0.062,0.879,0,1,1,2,4
55.32,535,1360,3,7,0.015,0.835,0,1,1,4,4
4.37,34,1,56,12,0.553,0.231,0,0,1,5,3
32.34,343,1569,7,3,0.0,0.809,0,1,1,7,4
73.68,389,245,4,2,0.093,0.765,0,1,1,4,4
83.05,66,471,1,6,0.0,0.908,0,1,1,6,4
78.81,0,0,2,6,0.051,0.902,0,1,1,6,4
8.86,894,1373,7,4,0.05,0.702,0,1,2,2,4
0.0,720,684,2,3,0.038,0.824,0,1,2,4,4
0.39,1072,737,4,7,0.023,0.957,0,1,2,2,4
50.18,368,1756,5,3,0.0,0.74,0,1,1,0,4
53.77,461,784,9,2,0.0,0.775,0,1,1,3,4
42.58,69,1357,2,8,0.066,0.806,0,1,0,5,4
19.92,119,1305,7,7,0.014,0.932,0,1,1,3,4
140.82,379,30,4,2,0.085,0.849,0,1,2,1,4
1.48,52,9,138,348,0.716,0.918,0,0,1,6,3
0.2,82,0,123,274,0.681,0.897,0,0,1,2,3
1.96,35,0,256,342,1.0,0.966,0,0,1,2,3
46.65,301,305,3,5,0.029,0.836,0,1,1,0,4
0.0,47,0,366,445,0.888,0.862,0,0,2,0,0
69.17,545,818,8,4,0.0,0.925,0,1,1,5,4
38.26,389,1288,4,4,0.097,0.909,0,1,1,1,4
0.0,33,0,383,326,0.726,0.98,0,0,1,5,3
0.0,250,0,9,9,0.016,0.928,0,1,1,1,3
3.52,66,1,204,226,0.712,1.0,0,0,2,0,0
60.22,541,1191,3,7,0.035,0.987,0,1,1,7,4
85.05,18,1920,8,1,0.0,0.885,0,1,1,1,2
82.42,750,1631,5,1,0.0,1.0,0,1,1,4,4
51.1,254,547,8,1,0.018,0.878,0,1,1,1,4
118.8,366,1081,4,3,0.046,0.805,0,1,2,7,4
143.87,0,1388,4,1,0.041,0.926,0,1,1,2,4
4.52,42,0,110,211,0.902,1.0,0,0,1,7,0
17.96,330,1213,8,9,0.0,0.904,0,1,1,3,4
80.58,415,1000,4,5,0.0,0.824,0,1,1,6,4
40.25,186,1335,3,4,0.0,1.0,0,1,1,5,4
35.81,661,1267,2,5,0.01,0.958,0,1,1,4,4
98.92,574,863,7,8,0.0,0.966,0,1,1,7,4
61.2,643,67,5,2,0.038,1.0,0,1,1,3,4
99.28,343,950,8,8,0.023,1.0,0,1,1,5,0
5.71,8,2,80,15,0.629,0.111,0,0,1,5,3
59.3,704,0,5,6,0.087,0.821,0,1,1,0,4
0.0,429,684,8,8,0.024,0.876,0,1,1,5,4
25.9,679,385,8,2,0.041,0.936,0,1,1,5,0
85.82,259,928,8,5,0.059,1.0,0,1,2,2,4
55.73,275,1443,2,6,0.0,0.823,0,1,1,0,3
2.49,29,0,183,250,0.814,0.88,0,0,1,1,3
17.2,0,857,8,7,0.0,0.843,0,1,2,5,4
52.06,689,1602,3,3,0.031,0.835,0,1,1,7,4
2.28,0,0,76,8,0.291,0.353,0,0,1,6,0
0.0,514,543,9,5,0.0,0.969,0,1,1,7,4
47.5,659,833,6,1,0.0,0.772,0,1,1,0,4
143.69,766,617,9,3,0.0,0.905,0,1,1,5,4
3.67,15,0,82,16,0.22,0.243,0,0,1,0,0
18.95,370,1464,5,9,0.0,0.87,0,1,1,2,4
0.36,0,2,264,377,0.908,0.882,0,0,2,5,2
60.04,579,1650,3,4,0.0,0.922,0,1,1,0,4
58.0,827,601,1,8,0.0,0.942,0,1,1,5,4
8.15,81,399,9,5,0.186,0.628,1,0,2,3,3
3.04,70,0,353,176,0.95,0.996,0,0,1,1,3
62.51,258,1459,6,9,0.0,0.759,0,1,2,2,4
51.28,584,483,8,9,0.0,0.899,0,1,1,3,4
123.53,761,0,7,6,0.0,1.0,0,1,1,6,4
118.63,453,1145,8,2,0.029,0.929,0,1,2,4,1
89.49,720,962,9,2,0.032,0.752,0,1,1,7,4
30.61,452,1971,5,4,0.0,0.967,0,1,1,0,2
0.0,432,253,2,8,0.033,0.701,0,1,1,4,4
96.56,628,655,8,6,0.053,0.882,0,1,1,2,4
2.81,53,0,377,107,0.726,0.946,0,0,1,0,2
0.0,615,2502,5,5,0.041,0.726,0,1,2,3,4
5.26,7,0,195,401,0.944,0.97,0,0,2,3,3
0.0,0,1671,9,4,0.022,1.0,0,1,1,4,4
19.64,550,1859,2,6,0.003,0.837,0,1,1,2,4
6.47,18,0,469,118,0.931,0.975,0,0,1,6,2
76.68,140,599,2,2,0.0,0.853,0,1,1,5,4
0.0,856,801,9,5,0.025,0.997,0,1,1,4,4
62.62,835,1285,7,6,0.0,0.926,0,1,1,5,4
0.0,586,923,8,6,0.048,1.0,0,1,1,2,4
56.2,441,1519,3,6,0.0,0.875,0,1,1,3,4
93.07,492,275,1,1,0.053,0.932,0,1,1,4,4
7.3,318,430,6,4,0.09,1.0,0,1,2,3,4
81.21,653,54,4,9,0.033,0.735,0,1,1,6,4
62.84,1124,497,2,5,0.096,0.918,0,1,1,5,4
1.65,37,0,180,464,0.862,1.0,0,0,1,6,0
30.09,328,636,5,2,0.017,1.0,0,1,1,4,4
61.02,280,1144,2,3,0.0,0.752,0,1,2,5,4
59.43,397,626,4,9,0.0,0.804,0,1,1,5,4
25.31,535,1053,5,7,0.025,1.0,0,1,1,7,4
137.62,303,1359,5,6,0.039,1.0,0,1,2,6,4
2.42,41,5,398,271,0.896,0.929,0,0,1,2,0
2.32,0,0,97,10,0.423,0.317,0,0,1,0,3
0.0,120,1418,8,7,0.003,1.0,0,1,1,3,4
105.27,872,403,2,8,0.015,0.959,0,1,1,4,4
45.41,74,1194,2,5,0.018,1.0,0,1,0,5,4
16.8,392,51,8,7,0.0,0.383,1,0,2,7,4
0.0,358,1767,6,2,0.023,0.817,0,1,0,1,4
116.81,173,0,9,1,0.016,1.0,0,1,1,3,3
7.94,33,0,56,15,0.765,0.092,0,0,1,5,3
0.0,704,995,8,2,0.016,0.911,0,1,1,5,2
31.95,410,1512,8,3,0.13,0.822,0,1,0,0,4
67.5,744,535,2,2,0.088,0.814,1,1,2,0,4
6.22,490,976,2,7,0.0,0.853,0,1,1,6,4
49.58,581,1255,2,6,0.048,1.0,0,1,1,4,4
2.14,31,0,297,496,0.866,0.944,0,0,2,6,3
4.9,25,2,85,17,0.569,0.26,0,0,1,3,0
0.0,149,0,413,459,0.905,0.91,0,0,1,4,0
0.0,37,0,296,364,1.0,0.929,0,0,1,7,3
62.29,814,210,2,3,0.0,0.68,0,1,2,6,4
69.32,114,1939,5,8,0.0,0.829,0,1,1,0,0
0.0,1051,0,9,3,0.023,0.842,0,1,1,1,4
0.0,451,1367,2,3,0.08,1.0,0,1,1,2,4
0.0,44,0,393,163,0.844,0.944,0,0,1,4,3
22.27,184,226,12,6,0.247,0.45,2,1,1,4,4
11.58,42,267,7,7,0.201,0.934,1,0,1,4,4
0.0,1028,1537,3,2,0.0,0.913,0,1,1,5,4
91.92,1053,285,4,6,0.057,0.957,0,1,1,6,4
98.63,26,1368,1,6,0.0,0.811,0,1,1,5,4
125.21,256,269,9,2,0.082,0.745,0,1,1,3,4
32.5,259,1629,7,2,0.005,0.931,0,1,0,5,4
41.73,222,0,3,7,0.076,0.822,0,1,1,4,4
42.25,445,1631,2,3,0.024,0.923,0,1,1,0,4
75.47,1239,556,3,3,0.074,1.0,0,1,2,2,4
5.5,333,735,2,2,0.002,0.977,0,1,1,4,4
2.39,23,0,86,6,0.27,0.211,0,0,1,7,3
49.8,523,873,5,6,0.003,0.952,0,1,1,5,4
19.66,737,1665,8,9,0.0,0.954,0,1,2,6,0
105.65,192,2122,1,4,0.017,0.823,0,1,1,6,4
43.23,182,362,4,2,0.0,0.935,0,1,1,1,4
98.64,199,598,9,3,0.0,0.868,0,1,1,2,4
49.98,433,1010,8,5,0.002,0.735,0,1,1,3,4
0.0,24,0,82,14,0.467,0.284,0,0,2,5,3
0.0,0,0,72,5,0.459,0.195,0,0,1,3,0
62.72,382,862,8,7,0.13,0.879,0,1,1,7,4
91.89,55,0,2,3,0.013,1.0,1,1,2,2,4
7.12,19,2,51,6,0.502,0.059,0,0,1,7,3
0.0,73,0,288,438,1.0,0.973,0,0,1,6,2
38.38,506,1301,4,1,0.01,1.0,0,1,1,2,4
93.08,813,1125,7,4,0.0,1.0,0,1,1,2,4
115.03,231,875,5,2,0.0,0.959,0,1,1,0,4
4.85,18,2,35,13,0.315,0.168,0,0,1,2,3
36.92,971,597,8,8,0.044,0.895,0,1,1,2,4
2.41,16,0,390,431,0.956,0.963,0,0,1,3,3
16.67,297,1057,4,1,0.0,0.9,0,1,1,6,4
161.25,463,1200,4,1,0.0,1.0,0,1,1,6,4
110.56,0,1020,2,6,0.035,0.787,0,1,2,4,4
18.09,412,1538,6,1,0.0,0.952,0,1,1,1,4
0.0,17,2,248,297,0.682,0.945,0,0,2,2,0
7.78,257,1954,7,2,0.0,0.874,0,1,0,4,4
6.59,73,6,488,348,0.99,0.918,0,0,1,3,3
73.44,923,987,8,8,0.04,0.78,0,1,1,4,4
59.76,311,1338,6,6,0.092,0.656,0,1,1,0,0
14.03,657,1093,9,1,0.065,0.735,0,1,1,6,4
117.9,945,2142,4,7,0.044,0.876,0,1,1,7,4
1.02,13,0,89,6,0.412,0.115,0,0,1,4,3
68.46,570,936,9,3,0.13,1.0,0,1,1,3,4
0.0,69,0,367,129,0.856,1.0,0,0,1,1,3
0.0,17,0,252,273,0.722,0.936,0,0,2,4,0
2.97,8,1,62,9,0.434,0.32,0,0,1,0,4
86.03,712,701,6,9,0.0,0.834,0,1,1,4,4
35.34,465,1040,2,3,0.0,0.807,0,1,1,3,4
7.34,447,1822,3,7,0.021,0.926,0,1,1,7,4
70.28,724,699,3,5,0.028,1.0,0,1,1,1,0
135.22,436,1259,8,9,0.0,0.668,0,1,1,2,4
6.04,47,0,206,249,0.867,0.94,0,0,1,5,3
89.86,582,528,9,1,0.0,0.946,0,1,1,6,4
104.41,320,679,2,2,0.035,1.0,0,1,0,7,4
45.68,1377,973,3,3,0.033,0.822,0,1,2,5,4
0.74,41,0,246,354,0.853,0.907,0,0,1,5,3
17.31,486,804,6,5,0.076,1.0,0,1,1,3,4
0.0,360,1065,6,8,0.0,0.896,0,1,1,3,4
60.64,335,2504,7,9,0.057,0.864,0,1,1,6,4
55.78,241,765,7,5,0.099,0.952,0,1,1,3,4
44.65,903,558,2,3,0.016,0.956,0,1,1,1,4
18.3,325,486,3,8,0.049,0.904,0,1,1,6,4
42.0,509,444,9,9,0.025,1.0,0,1,1,1,4
48.64,699,216,1,7,0.088,0.951,0,1,1,1,4
0.0,156,705,7,8,0.057,0.867,0,1,1,7,4
106.87,389,413,4,4,0.0,0.643,0,1,1,4,4
42.91,384,1071,6,9,0.052,0.802,0,1,2,3,3
181.63,464,1886,9,7,0.046,0.953,0,1,1,0,4
89.57,1093,2006,4,2,0.076,0.878,0,1,1,2,4
90.25,438,1716,7,3,0.0,0.749,0,1,1,3,4
63.14,773,2062,7,6,0.096,0.967,0,1,1,3,3
65.57,422,274,6,7,0.06,0.94,0,1,1,4,3
1.32,26,0,426,504,0.944,1.0,0,0,1,3,3
35.84,1060,1700,8,8,0.045,0.968,0,1,1,7,4
117.02,389,3174,1,8,0.064,0.728,0,1,1,2,4
1.92,74,2,478,427,0.912,0.961,0,0,1,3,3
35.53,514,1091,7,3,0.052,0.905,0,1,1,0,4
0.0,207,1401,8,3,0.048,1.0,0,1,1,1,4
99.41,792,951,6,4,0.02,0.827,0,1,1,6,4
55.84,973,831,4,8,0.014,0.912,0,1,1,3,4
59.93,1006,930,7,9,0.064,0.943,0,1,1,4,3
3.37,36,0,313,273,0.863,0.907,0,0,1,3,0
52.94,1129,1261,2,2,0.067,0.805,0,1,1,6,4
4.77,826,1048,9,2,0.0,0.963,0,1,1,6,0
20.3,322,1468,1,3,0.0,0.951,0,1,1,6,4
50.16,511,1797,8,3,0.046,0.838,0,1,1,4,0
74.02,672,603,5,1,0.053,0.989,0,1,1,4,4
159.07,129,778,7,1,0.0,0.951,0,1,1,0,4
6.77,42,7,347,477,0.753,0.882,0,0,0,6,3
65.62,1057,1312,2,5,0.062,0.804,0,1,1,4,4
0.0,0,379,6,9,0.019,0.88,0,1,1,3,4
1.81,9,0,80,7,0.351,0.218,0,0,1,6,3
36.6,279,403,7,4,0.108,1.0,0,1,1,7,2
112.63,486,1839,5,4,0.0,0.842,0,1,2,6,4
70.08,348,1236,2,6,0.0,0.949,0,1,1,7,4
76.0,302,799,3,5,0.0,1.0,0,1,1,4,4
94.62,366,552,5,7,0.043,0.811,0,1,1,3,4
0.0,1072,469,5,4,0.017,1.0,0,1,1,4,4
60.17,34,795,4,7,0.0,0.903,0,1,2,4,4
49.71,832,545,1,6,0.044,0.882,0,1,1,3,4
38.07,524,1432,6,5,0.063,0.906,0,1,1,3,3
45.04,289,1521,9,3,0.0,0.947,0,1,1,1,4
62.78,285,1095,6,3,0.002,0.886,0,1,1,5,4
19.72,565,1235,3,5,0.089,0.726,0,1,1,6,4
34.36,0,1442,3,9,0.02,1.0,0,1,2,2,4
57.31,680,832,4,3,0.0,0.857,0,1,1,4,4
76.72,351,800,9,9,0.047,0.798,0,1,2,3,4
48.12,646,1663,2,5,0.041,0.92,0,1,1,0,4
101.17,913,1249,4,2,0.0,0.856,0,1,1,2,4
41.86,1039,530,8,1,0.112,0.735,0,1,1,1,4
1.8,12,0,34,6,0.618,0.539,0,0,1,2,3
0.0,570,645,1,9,0.023,0.813,0,1,0,6,4
24.57,695,1168,1,5,0.056,0.896,0,1,1,7,4
3.54,0,3,292,475,0.763,0.928,0,0,0,0,0
43.84,828,405,9,7,0.002,0.801,0,1,1,2,4
19.48,241,641,8,4,0.0,0.67,3,0,1,7,4
65.26,386,513,4,2,0.032,0.901,0,1,1,0,4
50.46,579,2036,1,2,0.073,0.875,0,1,0,2,4
72.24,711,313,4,7,0.0,0.979,0,1,1,0,4
44.92,245,2220,1,6,0.002,0.767,0,1,1,3,0
2.18,10,0,48,4,0.563,0.0,0,0,1,5,3
3.09,472,1170,8,6,0.0,0.839,0,1,1,6,4
11.04,694,1609,2,9,0.034,0.714,0,1,1,1,4
88.54,1017,315,3,9,0.01,0.951,0,1,1,0,4
53.12,557,2025,8,9,0.033,0.797,0,1,2,3,4
30.07,629,737,8,8,0.061,0.941,0,1,2,6,4
60.98,631,1282,6,4,0.002,0.943,0,1,1,3,4
69.13,567,1340,8,8,0.032,0.955,0,1,1,1,4
63.33,254,1440,5,2,0.0,0.87,0,1,2,5,4
0.6,21,5,210,129,0.748,0.937,0,0,1,7,0
0.96,84,0,292,455,0.903,0.868,0,0,1,7,2
0.07,65,0,475,157,0.943,0.938,0,0,1,1,3
43.22,710,1161,2,1,0.17,1.0,0,1,1,0,4
35.18,60,1520,6,9,0.0,1.0,0,1,1,4,4
4.95,521,1137,6,7,0.035,0.795,0,1,1,1,4
4.84,17,0,61,10,0.471,0.101,0,0,1,7,3
26.65,145,960,2,5,0.0,0.848,0,1,1,0,4
0.23,85,7,308,212,0.733,0.869,0,0,1,7,3
3.43,641,1612,4,6,0.021,0.807,0,1,1,4,3
0.0,41,0,429,217,0.946,0.968,0,0,1,6,2
59.55,248,2402,5,6,0.101,0.916,0,1,1,7,4
69.85,741,0,2,2,0.0,0.978,0,1,0,7,4
45.51,789,1241,6,7,0.005,0.748,0,1,1,6,4
28.42,670,176,4,3,0.0,0.913,0,1,1,6,4
1.67,20,7,41,14,0.46,0.182,0,0,1,0,3
0.0,523,734,1,5,0.082,0.749,0,1,0,3,4
88.79,372,1574,9,6,0.0,0.765,0,1,1,7,4
21.16,294,1531,1,3,0.025,0.735,0,1,1,2,4
61.62,608,730,8,6,0.032,0.785,0,1,2,1,4
46.73,469,1621,7,4,0.0,1.0,0,1,2,0,3
148.63,584,1378,9,1,0.016,0.892,0,1,1,3,4
50.95,242,1472,8,7,0.004,0.787,0,1,1,6,0
68.97,768,1000,8,4,0.0,0.878,0,1,0,5,4
5.0,14,0,421,102,0.967,0.923,0,0,1,5,3
47.84,107,1512,1,9,0.0,0.879,0,1,1,0,4
0.73,666,1247,2,1,0.008,0.882,0,1,1,2,4
31.56,273,1043,2,6,0.034,0.858,0,1,2,2,4
0.0,736,538,1,2,0.0,0.836,0,1,1,2,4
48.34,522,1496,3,3,0.0,0.929,0,1,1,5,0
2.42,0,9,480,460,1.0,0.95,0,0,1,4,0
77.76,0,1455,5,2,0.046,0.987,0,1,1,2,4
0.0,54,1,158,348,0.838,1.0,0,0,1,0,3
66.08,212,867,9,4,0.041,0.901,0,1,1,1,4
18.43,443,439,7,1,0.027,0.869,2,0,1,7,3
34.79,876,1398,7,7,0.01,0.962,0,1,2,1,0
6.49,661,330,4,3,0.0,0.975,0,1,1,0,3
34.73,480,904,3,8,0.026,1.0,0,1,1,3,4
23.37,377,874,6,1,0.044,0.924,0,1,2,4,1
1.94,0,0,77,3,0.371,0.352,0,0,1,0,3
22.97,668,667,5,6,0.055,0.788,0,1,2,0,4
2.78,560,1072,3,4,0.119,0.872,0,1,1,7,4
67.48,2235,234,1,4,0.027,0.871,1,1,1,2,4
69.15,720,1571,6,1,0.058,0.953,0,1,2,6,4
10.4,372,473,14,1,0.123,0.521,4,0,2,0,4
61.45,214,1047,1,4,0.0,0.917,0,1,1,4,3
21.46,293,452,6,6,0.065,0.921,0,1,1,0,4
26.21,309,925,9,2,0.072,0.829,0,1,1,1,4
40.45,431,1214,9,3,0.064,1.0,0,1,1,1,3
26.63,477,1289,6,2,0.057,0.8,0,1,1,0,4
0.0,0,0,46,4,0.411,0.036,0,0,0,6,0
56.26,451,1601,8,1,0.0,0.772,0,1,1,5,4
0.69,47,3,393,190,0.699,0.91,0,0,1,4,0
130.79,37,561,7,3,0.025,0.927,0,1,1,7,4
1.12,22,0,96,11,0.59,0.19,0,0,1,7,0
3.11,65,1,262,447,0.967,0.998,0,0,1,5,3
10.81,1068,155,9,7,0.018,0.815,0,1,0,3,4
29.02,430,1202,9,3,0.01,0.988,0,1,2,5,4
5.21,58,10,447,378,0.937,0.968,0,0,1,1,3
55.98,534,1510,2,5,0.0,0.928,0,1,2,4,4
65.88,519,481,1,4,0.0,0.957,0,1,1,2,4
46.84,753,1255,1,3,0.0,0.868,0,1,1,3,4
97.25,413,1606,9,7,0.119,0.727,0,1,1,5,4
0.0,265,1023,8,6,0.0,0.879,0,1,0,1,4
0.0,9,2,245,458,0.784,0.849,0,0,1,5,2
71.57,116,237,8,1,0.0,0.912,0,1,1,0,4
26.89,952,1669,5,2,0.0,0.831,0,1,1,1,4
0.38,4,0,488,403,0.842,0.935,0,0,1,3,3
1.26,5,0,57,9,0.26,0.287,0,0,1,6,3
112.9,695,590,3,3,0.015,0.818,0,1,1,2,4
40.85,208,1474,7,2,0.022,0.766,0,1,1,4,4
0.0,113,1425,7,9,0.0,0.829,0,1,1,1,4
2.09,66,0,182,301,0.936,0.939,0,0,1,5,3
72.47,448,1986,4,6,0.004,0.924,0,1,1,3,4
40.84,821,554,9,9,0.0,0.811,0,1,1,1,4
2.37,86,0,466,500,0.662,0.882,0,0,1,0,2
47.86,467,2094,5,7,0.023,0.964,0,1,1,5,4
47.26,345,1694,2,1,0.012,0.784,0,1,1,0,4
120.21,688,560,5,2,0.06,0.799,0,1,2,7,4
70.23,352,708,1,8,0.009,0.868,0,1,1,2,4
47.04,477,1553,3,7,0.029,0.963,0,1,1,0,2
30.85,116,290,14,7,0.265,0.594,1,0,1,5,4
0.0,444,2827,6,7,0.0,0.924,0,1,2,0,4
136.34,0,282,4,3,0.031,0.92,0,1,1,4,0
11.9,291,340,11,3,0.101,0.686,2,1,1,5,4
4.47,16,0,509,146,1.0,1.0,0,0,1,5,3
60.11,0,1259,3,6,0.105,1.0,0,1,1,6,4
8.91,422,553,7,1,0.0,1.0,0,1,1,7,4
92.09,495,1380,1,5,0.044,0.837,0,1,0,4,4
0.0,6,0,172,305,0.85,0.903,0,0,1,5,0
71.69,787,599,4,9,0.038,0.9,0,1,2,6,2
63.97,128,663,3,5,0.068,0.83,0,1,1,7,4
2.29,34,0,320,113,0.987,0.926,0,0,2,7,3
7.24,605,0,4,4,0.031,0.959,0,1,1,2,4
54.92,549,1509,5,1,0.008,0.782,0,1,1,4,4
76.64,654,510,2,2,0.056,0.954,0,1,1,0,4
48.51,1016,1806,4,7,0.014,0.782,0,1,2,4,4
0.0,84,135,6,6,0.0,1.0,0,1,1,4,4
101.08,469,2569,9,4,0.0,0.783,0,1,1,7,4
0.76,183,783,5,6,0.007,1.0,0,1,1,7,4
11.23,526,840,2,9,0.032,0.937,0,1,1,4,4
5.91,0,2,64,14,0.893,0.0,0,0,1,1,4
50.25,611,1876,1,3,0.095,0.882,0,1,1,6,4
32.4,603,1622,5,8,0.077,0.94,0,1,1,2,4
1.72,64,3,192,386,0.851,0.9,0,0,1,4,3
0.0,0,1180,9,7,0.0,0.935,0,1,1,0,4
130.21,338,712,1,5,0.034,0.811,0,1,1,2,4
9.53,235,64,10,4,0.0,0.639,4,0,1,2,3
37.54,566,563,4,4,0.014,0.927,0,1,2,1,1
0.0,76,0,257,222,0.918,0.996,0,0,1,6,0
0.0,24,0,276,377,0.906,0.958,0,0,1,7,0
0.23,85,0,323,138,0.994,0.944,0,0,1,1,2
0.0,39,2,201,407,0.885,0.978,0,0,1,0,0
37.22,784,1664,6,8,0.031,0.812,0,1,1,6,4
21.65,712,695,4,1,0.0,0.856,0,1,1,3,4
76.5,184,851,7,4,0.0,0.98,0,1,1,6,4
0.0,1367,569,7,9,0.042,0.615,0,1,1,6,4
0.0,227,2051,8,2,0.0,0.97,0,1,1,3,4
6.37,0,0,254,422,1.0,0.983,0,0,1,5,3
0.89,6,0,55,3,0.172,0.37,0,0,1,3,0
60.4,532,1179,5,4,0.0,1.0,0,1,1,5,4
41.61,218,1415,5,3,0.035,0.886,0,1,1,2,4
90.16,998,117,6,1,0.084,1.0,0,1,1,0,3
8.46,1059,732,1,7,0.0,0.845,0,1,1,4,4
83.55,780,476,5,8,0.0,1.0,0,1,1,3,4
61.17,303,649,3,9,0.0,0.855,0,1,1,0,4
5.24,17,0,21,6,0.255,0.178,0,0,1,7,0
74.71,728,1301,1,1,0.0,0.86,0,1,1,7,4
0.0,26,1,54,2,0.518,0.207,0,0,0,3,3
78.85,628,851,8,3,0.0,0.854,0,1,1,7,3
60.22,492,747,9,9,0.005,0.884,0,1,2,5,4
69.45,908,1416,3,5,0.0,0.908,0,1,1,7,4
161.9,643,1303,5,1,0.086,0.76,0,1,1,0,4
11.88,536,843,4,6,0.11,1.0,0,1,0,2,4
0.0,608,440,4,6,0.008,0.963,0,1,1,4,4
66.43,683,1222,5,8,0.0,0.83,0,1,2,2,3
84.57,111,1424,6,1,0.001,0.851,0,1,1,6,4
115.58,493,2088,5,2,0.073,0.972,0,1,1,5,4
0.0,362,1342,6,1,0.042,0.945,0,1,2,3,4
96.64,453,195,1,6,0.059,0.829,0,1,1,6,4
38.41,558,1371,1,1,0.031,1.0,0,1,1,0,1
25.43,630,1541,3,6,0.017,0.979,0,1,2,0,4
105.81,869,771,2,2,0.0,0.886,0,1,1,6,4
69.89,226,1546,6,1,0.129,1.0,0,1,1,2,4
0.0,975,1684,8,5,0.026,0.865,0,1,1,0,4
4.11,46,4,284,176,0.862,1.0,0,0,2,3,2
31.37,308,450,11,6,0.033,0.692,3,0,2,0,4
2.13,107,0,479,173,0.903,0.89,0,0,2,7,3
55.17,986,0,4,3,0.091,0.994,0,1,1,0,4
37.86,775,1045,7,1,0.0,0.894,0,1,1,1,4
80.42,271,620,2,8,0.017,0.955,0,1,1,7,0
0.58,34,1,485,187,0.791,0.998,0,0,1,6,2
28.65,574,1069,7,4,0.0,0.881,0,1,1,0,4
85.45,208,1851,3,5,0.0,0.963,0,1,1,0,0
3.64,70,0,272,437,0.966,1.0,0,0,2,4,3
45.33,172,1531,1,7,0.1,0.735,0,1,1,3,4
142.48,99,328,8,2,0.088,0.944,0,1,1,3,4
54.88,426,1734,5,9,0.076,0.898,0,1,1,4,4
68.79,746,977,9,2,0.0,0.982,0,1,2,4,4
0.0,80,0,473,256,0.866,0.947,0,0,1,4,3
0.0,775,0,9,5,0.061,0.741,0,1,0,7,4
0.0,494,565,1,6,0.044,0.868,0,1,1,2,4
0.0,57,1371,5,9,0.14,0.798,0,1,1,5,4
71.68,278,370,4,6,0.032,0.89,0,1,2,2,4
11.93,664,92,4,3,0.005,0.844,1,1,2,2,4
34.15,22,310,14,1,0.054,0.767,2,1,2,7,4
80.92,502,1354,4,9,0.075,0.88,0,1,1,7,4
0.0,39,8,483,247,0.92,0.906,0,0,1,7,3
0.0,0,2,335,444,0.958,0.971,0,0,1,7,2
48.05,434,568,7,8,0.089,0.728,0,1,1,0,4
85.23,558,1072,5,2,0.03,0.904,0,1,2,3,2
77.17,659,909,2,4,0.047,0.914,0,1,1,1,4
66.24,1016,1445,2,6,0.0,0.849,0,1,1,7,1
20.82,909,1053,2,7,0.029,0.909,0,1,1,4,4
0.0,356,1903,5,4,0.022,0.979,0,1,1,6,4
97.5,317,914,3,8,0.0,0.703,0,1,1,0,0
61.97,952,1146,8,4,0.0,0.966,0,1,1,4,4
140.36,141,1012,1,8,0.02,1.0,0,1,2,6,4
0.0,489,974,7,2,0.033,1.0,0,1,1,5,4
0.0,65,5,204,432,1.0,0.989,0,0,0,5,2
16.19,642,1277,4,3,0.045,0.843,0,1,1,6,3
73.83,970,1221,2,6,0.155,1.0,0,1,1,5,4
49.7,671,415,4,9,0.0,0.855,0,1,1,7,4
41.89,219,2526,2,8,0.058,0.929,0,1,1,1,4
111.98,766,1603,3,6,0.008,1.0,0,1,1,7,4
5.07,11,0,66,7,0.182,0.256,0,0,1,6,3
1.77,59,0,208,386,0.944,0.933,0,0,0,1,3
0.0,289,18,3,2,0.034,0.859,0,1,2,7,2
4.2,334,310,4,2,0.0,0.942,0,1,1,0,4
44.99,462,1522,7,1,0.03,1.0,0,1,1,6,0
0.0,0,600,1,1,0.0,0.957,0,1,1,4,4
54.66,571,1169,8,7,0.042,0.864,0,1,1,5,4
0.0,83,4,419,312,0.836,0.924,0,0,1,1,0
38.62,854,2518,6,7,0.076,0.871,0,1,1,0,4
75.19,949,1122,4,3,0.0,1.0,0,1,1,3,4
0.0,522,1808,4,6,0.0,0.992,0,1,1,6,4
0.07,63,0,175,353,0.982,1.0,0,0,2,0,3
24.25,439,1420,6,7,0.0,0.972,0,1,1,6,4
62.71,396,1901,9,1,0.031,0.975,0,1,1,3,4
0.0,17,2,88,5,0.672,0.221,0,0,1,5,4
100.17,88,2233,1,5,0.015,0.927,0,1,1,4,4
16.56,25,9,2,2,0.0,0.599,3,0,1,3,4
2.98,27,0,305,387,1.0,0.903,0,0,2,2,2
78.3,467,1028,1,2,0.032,0.753,0,1,1,2,4
22.16,425,585,3,6,0.047,0.845,0,1,2,0,4
0.0,8,0,94,13,0.445,0.34,0,0,1,7,3
42.65,0,0,5,9,0.0,0.85,0,1,1,6,4
0.59,87,521,6,8,0.207,0.457,4,0,0,7,4
57.43,241,647,9,9,0.048,1.0,0,1,2,1,4
172.04,805,2466,4,7,0.0,0.867,0,1,1,1,4
98.48,289,1338,2,4,0.074,0.857,0,1,1,2,4
0.0,103,0,449,298,0.764,0.973,0,0,2,4,3
92.5,250,294,9,8,0.0,0.827,0,1,2,5,4
52.89,371,417,1,5,0.0,1.0,0,1,1,1,4
6.0,444,2135,4,7,0.078,0.558,0,1,1,0,4
0.0,873,1277,2,1,0.064,0.872,0,1,2,0,4
3.01,46,0,124,237,0.81,0.952,0,0,1,3,0
36.11,360,1115,1,2,0.0,0.979,0,1,0,2,4
46.79,418,1015,3,8,0.014,0.919,0,1,1,6,4
0.7,52,0,211,384,0.958,1.0,0,0,2,3,2
49.23,325,2227,7,5,0.016,0.865,0,1,1,0,4
110.51,23,1075,6,3,0.004,0.963,0,1,1,4,4
76.53,484,1251,7,1,0.044,0.98,0,1,1,7,4
0.84,100,0,453,192,0.964,0.964,0,0,1,1,3
5.54,38,0,98,5,0.856,0.088,0,0,2,7,4
86.0,1199,2157,9,6,0.0,0.769,0,1,2,4,4
0.52,71,0,327,356,0.851,1.0,0,0,2,0,3
54.5,205,981,4,7,0.0,0.897,0,1,2,4,4
1.91,74,0,180,392,0.959,0.984,0,0,2,4,3
56.7,236,1038,5,3,0.087,0.789,0,1,2,6,4
90.11,221,0,7,4,0.0,0.963,0,1,2,3,4
0.0,24,4,21,14,0.611,0.178,0,0,2,4,3
0.45,0,2101,1,3,0.078,0.953,0,1,0,1,4
5.69,14,7,229,436,0.919,1.0,0,0,1,2,2
95.65,360,1527,1,4,0.007,0.838,0,1,1,3,4
58.49,319,444,5,9,0.034,0.825,0,1,0,6,3
0.0,18,0,309,432,0.771,0.908,0,0,1,5,0
2.55,359,1451,9,5,0.023,0.87,0,1,1,4,4
0.79,60,5,210,258,0.835,0.966,0,0,1,6,3
106.35,832,369,8,7,0.043,0.853,0,1,1,4,0
44.62,870,618,4,8,0.068,0.955,0,1,1,1,4
0.71,39,0,439,265,0.725,0.948,0,0,1,6,3
54.04,828,1586,8,2,0.0,0.982,0,1,0,0,4
93.78,329,1116,8,4,0.016,0.815,0,1,1,4,4
81.31,674,689,6,6,0.007,0.861,0,1,2,7,4
2.01,51,0,493,438,0.746,0.952,0,0,1,4,3
116.77,767,1275,7,9,0.053,0.81,0,1,1,2,3
29.41,461,1586,7,9,0.008,0.735,0,1,2,7,4
0.83,88,6,363,460,1.0,0.932,0,0,0,6,3
3.78,55,0,387,364,0.796,1.0,0,0,1,5,3
4.38,63,5,384,271,0.887,0.858,0,0,1,6,3
5.0,711,209,5,9,0.092,0.81,0,1,1,7,4
0.4,63,1,348,499,0.886,0.954,0,0,1,0,0
26.36,421,1169,1,6,0.041,0.985,0,1,1,6,4
7.79,701,858,2,2,0.033,1.0,0,1,1,5,4
45.59,789,416,2,2,0.053,0.813,0,1,1,0,4
4.03,556,1573,7,7,0.035,0.758,0,1,2,5,4
52.34,855,1349,7,1,0.0,0.781,0,1,0,5,4
6.73,876,1444,9,3,0.059,0.968,0,1,1,6,2
16.92,343,1528,2,2,0.071,0.789,0,1,0,4,4
95.65,981,447,9,3,0.0,0.829,0,1,1,4,1
41.66,448,1178,7,7,0.075,0.903,0,1,1,3,4
70.64,1083,1065,4,3,0.106,0.901,0,1,1,4,0
36.06,478,1965,8,2,0.09,1.0,0,1,1,0,4
34.51,828,2175,7,8,0.018,0.864,0,1,2,1,4
73.05,567,1023,2,5,0.0,0.907,0,1,2,2,4
0.4,32,0,321,443,0.74,0.997,0,0,1,2,2
42.33,624,1533,7,4,0.066,0.875,0,1,2,4,4
35.16,226,1187,7,3,0.055,0.779,0,1,0,6,3
3.16,54,0,289,393,0.845,1.0,0,0,0,0,0
59.51,376,202,8,2,0.0,0.856,0,1,1,3,4
39.55,405,1858,6,4,0.0,0.965,0,1,1,3,4
0.0,28,2,272,394,0.778,1.0,0,0,2,6,3
79.92,371,1383,5,1,0.024,0.897,0,1,1,7,4
99.3,1049,2371,5,7,0.061,1.0,0,1,1,0,4
36.55,561,1963,1,7,0.055,0.768,0,1,2,3,4
57.27,341,859,6,1,0.0,0.945,0,1,2,5,4
54.54,66,273,4,8,0.091,1.0,0,1,1,4,3
52.44,868,983,9,9,0.021,0.921,0,1,0,1,4
0.0,24,0,45,17,0.505,0.274,0,0,2,2,3
68.01,540,847,1,8,0.0,0.933,0,1,1,2,4
25.44,965,907,6,6,0.0,0.934,0,1,1,5,4
17.69,747,699,5,8,0.02,0.855,0,1,1,5,4
59.47,781,1920,8,7,0.088,0.935,0,1,1,3,4
91.34,227,622,8,3,0.0,0.733,0,1,1,2,4
28.43,82,0,1,5,0.0,1.0,0,1,1,4,4
125.5,563,949,3,8,0.072,0.997,0,1,1,2,4
0.0,594,542,7,2,0.012,0.83,0,1,1,2,4
37.53,148,1148,7,8,0.049,1.0,0,1,1,5,4
3.01,73,0,319,207,0.952,0.887,0,0,1,3,0
60.55,822,540,2,8,0.008,0.949,0,1,1,5,4
23.85,612,1623,8,3,0.092,0.942,0,1,1,3,2
1.3,1036,1534,9,1,0.003,0.814,0,1,1,1,4
1.94,30,0,185,253,0.968,0.931,0,0,1,3,0
16.55,135,185,9,5,0.249,0.543,4,1,1,0,3
65.35,366,1328,3,9,0.017,0.864,0,1,1,0,4
2.84,1,0,90,12,0.471,0.132,0,0,1,2,3
5.32,317,2179,3,3,0.0,0.914,0,1,1,1,4
0.0,47,0,169,302,0.763,0.892,0,0,2,0,0
17.9,894,535,4,2,0.0,1.0,0,1,1,6,4
68.42,301,1975,2,7,0.0,0.827,0,1,1,7,4
32.24,360,1849,5,4,0.025,0.891,0,1,1,5,4
8.62,311,690,2,4,0.021,0.904,0,1,1,7,4
50.07,844,1265,7,8,0.002,0.95,0,1,1,5,4
104.97,304,1528,2,7,0.031,0.836,0,1,1,4,0
45.16,534,1323,5,5,0.1,0.865,0,1,0,4,4
75.87,514,575,4,4,0.049,1.0,0,1,0,6,4
72.62,152,892,8,8,0.02,0.874,0,1,1,0,4
23.88,0,639,4,7,0.0,0.81,0,1,1,1,4
49.64,364,879,9,7,0.06,0.906,0,1,2,3,4
55.0,406,1586,1,9,0.01,0.766,0,1,2,5,4
96.08,192,1623,9,9,0.063,0.797,0,1,1,6,1
0.86,42,0,486,429,1.0,0.988,0,0,1,1,3
0.0,23,0,82,10,0.311,0.133,0,0,1,5,3
0.0,95,3,275,169,1.0,0.925,0,0,1,0,0
0.0,749,198,2,9,0.05,0.932,0,1,1,0,4
119.74,492,1119,8,3,0.0,0.913,0,1,1,3,4
56.33,801,1601,5,6,0.006,0.668,0,1,1,0,3
72.98,446,338,3,8,0.0,0.883,0,1,1,0,4
70.63,743,1637,2,5,0.0,1.0,0,1,2,3,4
1.45,15,4,343,332,1.0,0.888,0,0,1,2,3
0.0,587,2723,6,7,0.172,0.724,0,1,1,6,4
10.11,206,9,5,8,0.076,0.895,0,1,1,6,4
2.08,65,1,499,369,0.804,0.93,0,0,1,5,3
32.01,536,1199,7,5,0.0,1.0,0,1,1,2,4
42.65,534,469,2,1,0.029,0.846,0,1,2,4,4
57.42,761,758,3,3,0.0,0.746,0,1,1,7,4
67.14,675,1037,5,5,0.093,0.801,0,1,1,3,4
21.16,604,646,5,5,0.04,0.728,0,1,1,0,4
147.11,545,2259,3,1,0.0,0.89,0,1,2,3,4
73.17,670,1349,9,7,0.013,0.614,0,1,1,3,3
56.92,748,925,3,9,0.043,0.761,0,1,1,1,4
19.17,501,814,3,6,0.0,0.912,0,1,1,7,4
52.54,801,169,3,1,0.151,0.958,0,1,1,5,4
0.0,720,1572,7,6,0.0,0.856,0,1,1,2,1
142.08,492,1141,6,2,0.096,0.841,0,1,2,4,4
102.26,997,718,6,6,0.0,0.998,0,1,1,3,4
1.37,67,13,468,370,0.887,0.935,0,0,1,1,2
0.0,12,3,88,12,0.505,0.424,0,0,1,0,3
7.98,349,854,8,3,0.0,1.0,0,1,1,5,4
146.82,367,1300,1,4,0.074,0.812,0,1,1,5,4
42.66,180,1336,3,9,0.0,0.96,0,1,0,7,4
115.92,529,2255,3,8,0.05,0.874,0,1,1,2,4
66.52,153,183,3,6,0.021,1.0,0,1,1,3,4
21.1,11,1338,8,2,0.045,0.853,0,1,1,4,4
0.0,548,1047,3,5,0.033,0.896,0,1,1,7,4
11.66,357,755,5,2,0.04,1.0,0,1,2,3,4
0.34,78,0,160,246,0.865,1.0,0,0,0,5,3
66.94,613,2145,8,2,0.0,0.803,0,1,1,4,4
6.99,15,0,68,16,0.525,0.391,0,0,1,0,0
56.64,480,1279,9,2,0.009,0.912,0,1,1,7,4
35.76,413,1124,7,4,0.05,1.0,0,1,1,7,4
47.45,599,77,9,8,0.038,0.895,0,1,2,0,4
80.22,866,539,4,4,0.011,1.0,0,1,1,2,3
52.94,956,196,4,3,0.108,1.0,0,1,0,2,4
0.0,524,960,1,3,0.066,0.951,0,1,0,2,3
100.53,821,1164,6,1,0.078,1.0,0,1,2,2,4
84.03,0,1086,9,2,0.078,0.685,0,1,1,7,4
160.44,538,1808,1,1,0.031,0.927,0,1,0,3,4
2.57,76,0,203,375,1.0,0.943,0,0,1,2,0
12.24,464,852,9,2,0.037,0.806,0,1,1,6,4
0.0,2349,420,2,2,0.125,0.555,1,1,1,6,4
1.59,94,4,320,502,0.99,0.962,0,0,1,7,3
0.0,109,0,321,327,1.0,1.0,0,0,1,1,2
30.33,533,949,3,4,0.014,0.837,0,1,0,3,4
72.33,747,248,9,3,0.0,0.913,0,1,1,4,4
17.32,594,1880,2,5,0.0,0.758,0,1,1,7,4
31.3,116,1049,7,8,0.038,0.964,0,1,1,6,4
54.17,378,830,6,8,0.031,0.788,0,1,1,1,0
0.0,140,2756,5,9,0.022,0.894,0,1,1,0,4
77.01,517,212,9,9,0.0,1.0,0,1,1,4,4
0.0,0,0,2,4,0.059,0.952,0,1,2,2,0
50.37,896,2402,9,1,0.035,0.988,0,1,0,0,2
114.48,789,516,8,2,0.002,0.772,0,1,1,0,4
16.41,401,619,1,1,0.0,0.958,0,1,1,4,4
6.45,56,0,47,11,0.678,0.048,0,0,1,3,3
66.29,669,424,1,1,0.025,0.861,0,1,1,6,4
55.27,68,483,2,5,0.0,0.834,0,1,2,5,4
0.0,98,1,441,183,0.795,1.0,0,0,2,3,3
0.0,34,0,129,328,0.896,0.938,0,0,1,4,2
27.38,304,869,6,3,0.071,0.84,0,1,1,7,4
0.0,0,2070,7,4,0.0,0.859,0,1,1,1,4
120.83,473,894,3,6,0.0,1.0,0,1,2,0,4
18.61,834,1241,9,1,0.034,1.0,0,1,1,4,4
0.0,23,10,488,348,0.71,0.908,0,0,1,0,2
100.84,689,263,1,4,0.043,1.0,0,1,1,7,4
0.75,18,1,90,12,0.333,0.271,0,0,0,2,3
4.18,79,8,274,468,0.742,0.871,0,0,1,5,3
34.96,716,865,1,2,0.001,0.756,0,1,1,2,4
0.0,68,692,5,2,0.035,0.977,0,1,1,4,4
3.47,17,0,321,181,0.982,1.0,0,0,1,6,3
0.0,373,1363,8,9,0.0,0.686,0,1,1,7,4
38.09,1149,1187,9,6,0.0,0.879,0,1,1,4,4
0.0,0,573,3,8,0.258,0.742,2,1,2,6,3
2.63,24,3,220,400,1.0,0.944,0,0,2,7,3
48.62,689,1049,8,9,0.044,1.0,0,1,1,5,4
32.28,499,2550,3,5,0.052,0.974,0,1,1,5,4
120.47,579,0,6,6,0.0,0.935,0,1,2,6,4
0.0,15,5,229,381,0.875,0.977,0,0,2,0,2
25.22,0,1291,2,6,0.018,0.82,0,1,1,0,4
23.18,206,172,9,1,0.0,0.988,0,1,1,2,4
41.88,841,861,4,5,0.038,0.825,0,1,1,4,4
34.08,354,696,3,3,0.095,1.0,0,1,2,7,4
0.77,75,1,121,355,1.0,0.953,0,0,1,5,3
48.14,580,810,1,4,0.0,0.816,0,1,1,3,4
20.94,283,586,3,9,0.05,1.0,0,1,1,4,4
0.0,0,0,36,15,0.347,0.206,0,0,1,4,0
19.37,20,490,12,3,0.0,0.622,4,0,1,5,4
1.81,49,0,228,281,0.946,0.938,0,0,1,3,0
74.8,365,596,9,1,0.0,0.809,0,1,2,5,4
97.32,331,926,3,7,0.07,0.998,0,1,1,4,4
55.52,469,307,7,5,0.011,0.97,0,1,1,1,1
0.0,910,1189,2,5,0.0,0.755,0,1,2,3,4
1.67,35,4,305,440,0.936,0.961,0,0,1,6,0
4.05,20,0,287,483,1.0,0.936,0,0,1,2,3
123.16,769,1709,3,3,0.102,0.805,0,1,0,0,4
58.21,308,1567,1,2,0.041,0.908,0,1,1,4,3
26.71,0,1363,7,2,0.035,0.859,0,1,1,2,4
75.59,1113,210,7,6,0.055,0.774,0,1,1,3,4
79.92,554,1315,5,4,0.041,0.917,0,1,1,2,4
0.0,527,166,5,5,0.049,0.934,0,1,1,3,4
75.96,919,255,4,1,0.0,0.941,0,1,1,7,4
99.5,174,1480,3,5,0.0,0.746,0,1,1,3,4
0.0,839,881,1,7,0.045,0.909,0,1,1,1,4
29.41,262,1227,8,2,0.117,0.821,0,1,1,1,4
64.93,894,693,8,5,0.002,1.0,0,1,1,6,4
29.69,0,259,4,4,0.0,0.983,0,1,1,4,4
57.31,409,323,5,4,0.0,0.83,0,1,2,6,4
51.65,265,258,7,2,0.135,0.478,4,0,1,3,4
51.06,340,0,7,9,0.006,0.722,0,1,1,3,4
42.31,0,950,5,1,0.007,0.855,0,1,1,5,4
0.0,35,0,164,505,0.844,0.907,0,0,1,4,3
19.22,650,379,9,4,0.0,1.0,0,1,1,5,4
3.23,70,0,322,287,0.787,1.0,0,0,1,7,0
50.35,425,777,3,7,0.08,0.895,0,1,1,6,4
3.74,548,2007,1,4,0.0,0.846,0,1,2,4,4
3.15,42,0,471,131,0.695,1.0,0,0,1,3,3
1.27,0,0,102,359,1.0,0.966,0,0,1,5,3
0.0,0,779,2,2,0.0,0.803,0,1,1,5,4
0.0,38,0,84,18,0.306,0.392,0,0,1,6,3
66.86,252,909,6,8,0.011,0.858,0,1,1,6,4
0.25,35,0,259,441,0.938,0.967,0,0,2,0,3
102.65,311,1270,8,3,0.057,0.869,0,1,1,2,4
4.13,42,0,128,341,0.934,0.913,0,0,0,5,3
50.68,316,920,1,1,0.041,1.0,0,1,2,0,4
29.34,435,1222,6,5,0.052,0.978,0,1,2,3,4
69.32,528,571,5,6,0.008,1.0,0,1,1,5,0
3.32,230,1092,5,2,0.009,0.957,0,1,1,2,4
52.99,327,1171,6,1,0.0,0.891,0,1,0,5,4
0.0,1278,1325,1,3,0.0,0.883,0,1,1,3,0
120.47,492,298,1,2,0.0,0.906,1,1,2,7,4
0.0,546,1227,7,5,0.0,0.909,0,1,1,5,4
0.0,709,1266,5,2,0.019,0.862,0,1,1,2,4
0.86,35,0,131,101,0.89,0.907,0,0,1,4,3
65.45,651,801,6,1,0.038,0.889,0,1,1,7,4
9.73,199,1383,3,5,0.105,0.987,0,1,1,2,4
109.76,549,869,9,3,0.0,1.0,0,1,1,5,0
0.0,1011,996,3,1,0.0,0.826,0,1,1,2,4
0.0,481,1562,4,7,0.0,0.925,0,1,0,0,2
67.61,321,1640,1,6,0.0,1.0,0,1,1,3,4
17.47,105,362,14,5,0.065,0.493,4,0,1,6,4
6.72,14,2,65,7,0.384,0.105,0,0,1,3,3
42.03,453,553,2,2,0.007,0.945,0,1,1,4,4
108.51,178,809,9,7,0.0,0.826,0,1,2,2,1
65.53,493,414,1,2,0.025,0.624,0,1,2,4,4
124.69,410,313,7,7,0.002,1.0,0,1,2,6,3
41.7,82,1108,1,2,0.022,0.873,0,1,1,3,4
85.18,495,1553,1,6,0.035,0.828,0,1,2,1,4
4.31,101,0,159,306,0.926,1.0,0,0,1,1,3
1.0,110,2,221,485,0.719,0.877,0,0,1,6,0
67.17,514,781,6,7,0.0,0.83,0,1,1,2,4
4.38,3,0,92,16,0.67,0.329,0,0,1,0,3
0.0,77,1,492,458,0.91,0.886,0,0,1,2,3
12.3,0,745,5,7,0.018,0.783,0,1,1,7,4
70.11,0,345,8,8,0.0,0.874,0,1,1,1,4
53.77,0,1429,5,2,0.0,0.791,0,1,1,7,4
9.47,619,352,8,5,0.07,0.658,0,1,1,0,4
3.41,5,4,256,304,1.0,0.96,0,0,1,2,3
0.0,681,1637,5,3,0.0,0.854,0,1,2,6,4
57.52,621,1495,2,8,0.037,0.906,0,1,2,4,4
49.23,1026,569,5,4,0.0,0.926,0,1,1,2,4
107.52,125,76,5,7,0.009,0.956,0,1,2,3,4
0.0,350,375,2,6,0.024,0.884,0,1,2,2,4
0.0,414,696,6,5,0.006,0.989,0,1,0,1,4
50.19,406,257,5,5,0.083,1.0,0,1,2,0,4
0.8,51,1,366,481,1.0,1.0,0,0,1,2,3
0.58,8,0,97,4,0.864,0.201,0,0,0,5,3
60.27,663,760,7,3,0.024,0.854,0,1,2,4,3
2.19,19,0,104,494,0.953,0.948,0,0,1,2,0
0.0,1196,933,1,5,0.138,0.927,0,1,1,4,4
104.03,670,1559,8,7,0.0,0.979,0,1,1,6,4
0.0,21,0,84,3,0.69,0.367,0,0,1,0,0
101.07,469,854,4,4,0.052,0.946,0,1,1,0,4
78.3,229,1067,1,6,0.167,0.84,0,1,1,1,4
60.49,999,1073,3,7,0.021,0.789,0,1,2,4,0
10.46,97,392,9,8,0.285,0.711,1,0,1,0,3
0.0,33,8,346,262,0.971,0.981,0,0,1,4,3
130.4,702,1391,9,1,0.0,0.865,0,1,1,3,4
29.84,632,1025,4,2,0.0,0.913,0,1,0,3,4
3.09,83,3,449,295,0.968,1.0,0,0,1,2,0
43.02,355,1631,1,2,0.072,1.0,0,1,1,3,4
1.12,90,3,311,186,0.975,0.92,0,0,1,4,3
56.65,326,1248,1,2,0.0,0.889,0,1,1,2,4
39.7,117,215,4,8,0.218,0.668,4,1,1,7,4
5.57,492,1279,9,3,0.109,0.835,0,1,1,1,4
34.98,641,1376,2,3,0.028,0.869,0,1,1,6,4
0.85,78,0,154,497,0.965,0.953,0,0,1,5,2
23.8,537,576,8,2,0.002,0.806,0,1,1,3,1
0.34,26,2,469,399,0.935,0.925,0,0,2,2,3
36.17,511,105,4,9,0.052,0.966,0,1,2,5,4
1.4,68,9,322,434,0.973,0.928,0,0,1,0,3
29.63,0,319,14,9,0.038,0.303,1,0,1,1,4
85.43,572,849,3,9,0.0,0.816,0,1,2,6,4
29.21,142,715,6,7,0.0,0.84,0,1,1,2,4
0.0,746,296,9,3,0.0,1.0,0,1,1,1,4
133.8,565,693,2,8,0.108,0.972,0,1,2,7,4
53.7,182,0,2,5,0.066,0.913,0,1,1,4,4
62.45,288,36,2,9,0.089,1.0,0,1,1,4,4
67.68,208,1520,7,8,0.027,1.0,0,1,1,0,3
0.58,39,0,466,462,0.986,0.976,0,0,1,6,0
48.19,312,1036,4,6,0.0,0.925,0,1,1,1,4
6.05,7,0,68,1,0.84,0.16,0,0,1,6,0
51.23,368,0,8,6,0.0,0.805,0,1,2,3,4
2.23,3,0,84,5,0.81,0.0,0,0,1,6,3
30.44,413,1199,7,8,0.19,0.907,0,1,1,2,4
102.2,208,654,4,9,0.002,0.88,0,1,1,3,4
86.1,306,1406,6,8,0.032,1.0,0,1,1,0,1
50.25,831,1372,8,1,0.0,0.976,0,1,1,1,4
4.24,21,0,45,13,0.785,0.169,0,0,1,7,4
86.42,384,1571,9,5,0.0,0.93,0,1,1,0,4
0.58,50,0,197,288,0.793,0.852,0,0,0,2,3
3.06,16,1,71,2,0.479,0.161,0,0,1,4,4
0.0,685,824,2,8,0.0,0.778,0,1,2,1,4
3.0,6,0,305,390,1.0,0.991,0,0,1,0,0
95.86,836,955,6,2,0.039,0.736,0,1,1,0,4
3.15,10,0,189,298,0.635,0.972,0,0,1,3,0
1.07,390,155,6,7,0.0,0.98,0,1,1,6,4
0.0,337,953,4,2,0.025,0.699,0,1,2,5,4
0.0,12,0,152,165,0.935,0.963,0,0,1,2,3
0.0,643,713,9,2,0.018,0.91,0,1,1,0,1
35.52,889,1893,7,7,0.023,0.758,0,1,1,7,4
28.24,365,1562,2,3,0.0,0.699,0,1,1,5,4
10.28,413,1613,3,8,0.038,0.676,0,1,1,6,4
3.53,32,0,210,266,0.875,1.0,0,0,2,7,3
86.29,721,1034,7,9,0.046,0.867,0,1,2,0,4
62.09,18,921,6,2,0.0,0.737,0,1,1,3,3
4.11,31,0,378,398,0.904,0.878,0,0,1,2,3
32.61,893,1789,9,6,0.0,0.949,0,1,1,1,4
1.22,53,0,251,440,1.0,0.94,0,0,1,2,3
27.59,376,381,8,2,0.16,0.741,2,0,1,6,4
65.85,236,1538,3,8,0.0,0.917,0,1,2,1,4
0.0,72,0,252,163,0.865,0.901,0,0,1,2,0
0.0,46,2,453,334,0.856,0.945,0,0,1,4,0
58.85,1240,1750,4,6,0.059,0.991,0,1,1,4,4
74.24,356,836,9,6,0.022,0.917,0,1,2,0,4
0.0,751,599,3,6,0.0,0.796,0,1,1,3,4
90.61,79,1146,7,2,0.036,0.925,0,1,1,7,4
50.29,139,1583,1,5,0.045,0.674,0,1,1,7,4
2.86,8,0,146,424,0.889,0.999,0,0,2,6,3
21.62,565,1357,5,5,0.038,0.979,0,1,1,2,3
137.69,385,2566,9,9,0.015,0.883,0,1,1,2,3
11.08,909,456,7,8,0.0,0.824,0,1,1,1,0
85.0,1016,468,9,3,0.026,0.725,0,1,1,2,4
57.91,958,522,5,6,0.0,0.862,0,1,2,5,4
78.55,114,1017,1,6,0.0,0.983,0,1,2,1,4
4.69,403,2826,7,7,0.0,0.865,0,1,2,0,4
100.64,582,955,2,2,0.068,0.752,0,1,1,6,4
73.3,725,1006,1,9,0.068,0.781,0,1,0,6,4
102.27,434,1511,1,7,0.026,0.742,0,1,1,2,4
68.77,39,986,8,1,0.031,1.0,0,1,1,0,3
70.49,604,2186,4,8,0.014,0.801,0,1,1,7,4
0.0,108,3,481,301,0.833,0.937,0,0,1,3,0
22.27,288,211,6,3,0.25,0.382,3,1,1,7,4
125.6,227,1138,4,4,0.004,1.0,0,1,1,0,4
89.48,349,851,4,2,0.114,0.949,0,1,1,7,4
88.99,293,0,2,2,0.0,1.0,0,1,1,4,4
6.72,194,1313,9,4,0.116,0.929,0,1,2,1,4
153.48,695,1031,5,4,0.063,0.844,0,1,1,4,4
0.0,76,0,219,148,0.998,0.955,0,0,1,3,3
85.51,482,435,2,9,0.003,0.823,0,1,2,0,4
48.17,286,633,7,7,0.075,0.73,0,1,1,5,0
99.16,864,1396,4,5,0.089,0.78,0,1,1,4,4
17.56,98,1695,7,5,0.021,1.0,0,1,1,0,0
76.03,363,689,2,5,0.062,0.872,0,1,1,0,4
21.93,601,187,3,2,0.0,0.864,0,1,1,0,4
73.05,340,514,2,4,0.0,0.916,0,1,1,2,4
3.22,52,0,484,394,0.896,1.0,0,0,1,4,0
41.44,776,990,3,9,0.019,0.931,0,1,1,7,4
62.84,291,0,4,9,0.089,0.985,0,1,1,3,4
62.76,599,1148,2,6,0.097,0.831,0,1,1,3,4
28.17,1090,1719,4,3,0.0,0.848,0,1,1,2,4
5.48,0,0,57,19,0.079,0.0,0,0,2,4,0
1.76,69,0,287,366,0.861,0.891,0,0,1,5,3
104.17,418,1618,8,5,0.042,0.795,0,1,1,2,4
18.9,472,1280,9,2,0.0,0.793,0,1,1,1,4
48.03,659,558,1,5,0.0,0.964,0,1,1,6,1
67.94,463,2195,9,4,0.016,0.957,0,1,1,3,2
95.44,112,567,4,3,0.0,0.818,0,1,2,0,2
63.01,410,1430,5,3,0.01,0.986,0,1,1,3,4
99.34,643,1156,5,9,0.003,0.889,0,1,1,4,1
0.65,33,0,496,234,0.965,0.935,0,0,1,5,2
68.22,632,562,4,6,0.026,1.0,0,1,1,6,0
9.37,640,0,8,1,0.015,0.974,0,1,1,3,4
94.56,304,807,1,1,0.0,0.746,0,1,1,6,4
75.39,136,691,7,8,0.044,0.932,0,1,2,6,4
1.66,49,0,283,207,1.0,0.925,0,0,1,2,3
6.48,28,0,80,19,0.423,0.156,0,0,2,7,3
18.19,292,1020,2,5,0.021,0.784,0,1,1,1,4
3.74,70,3,295,241,0.825,0.923,0,0,1,7,3
61.93,88,0,1,7,0.0,0.889,0,1,1,2,4
84.12,627,1082,7,1,0.0,0.745,0,1,2,0,4
15.89,0,603,9,9,0.119,1.0,0,1,1,5,4
49.68,300,462,5,7,0.045,1.0,0,1,1,6,4
0.0,295,620,9,1,0.074,0.897,0,1,1,6,4
0.0,318,1983,4,3,0.169,0.851,0,1,2,5,4
0.0,11,0,89,1,0.166,0.285,0,0,1,0,4
1.91,18,0,21,1,0.577,0.245,0,0,1,5,4
0.0,0,0,47,11,1.0,0.194,0,0,1,1,0
0.0,296,1084,2,4,0.0,0.962,0,1,1,0,4
28.15,368,412,5,3,0.0,0.927,0,1,1,7,4
125.22,291,924,1,8,0.036,0.884,0,1,1,2,4
2.91,76,0,368,431,0.896,1.0,0,0,1,6,3
28.89,0,514,8,4,0.001,0.906,0,1,1,5,4
1.74,69,8,245,367,0.816,0.97,0,0,2,3,3
32.86,0,410,7,1,0.0,0.983,0,1,1,6,4
109.89,785,1679,3,6,0.0,0.911,0,1,1,7,4
0.89,204,1447,6,8,0.02,0.913,0,1,1,3,3
0.0,6,3,21,11,0.637,0.126,0,0,1,3,4
75.33,29,981,2,2,0.016,0.977,0,1,1,7,4
47.49,297,1268,2,4,0.041,0.885,0,1,1,4,4
23.36,210,289,12,7,0.329,0.472,4,1,2,5,3
7.23,89,1138,3,6,0.028,1.0,0,1,1,6,0
0.0,1191,1560,2,9,0.084,0.839,0,1,1,1,0
72.5,931,1659,9,6,0.0,1.0,0,1,1,2,4
0.0,10,2,84,17,0.243,0.0,0,0,2,5,4
79.22,605,386,4,2,0.0,0.797,0,1,1,6,4
0.0,62,0,225,319,0.925,0.915,0,0,1,1,3
0.0,0,499,8,6,0.0,0.716,0,1,1,0,4
12.09,781,1252,7,9,0.01,0.858,0,1,1,6,4
24.58,513,1185,1,7,0.035,0.907,0,1,1,1,4
13.54,383,206,7,1,0.144,0.664,3,1,1,0,4
69.45,114,1396,1,9,0.0,0.88,0,1,1,2,4
1.17,51,11,214,281,0.983,0.981,0,0,1,2,2
32.27,419,319,5,5,0.091,0.935,0,1,2,3,4
67.38,741,1176,6,6,0.036,0.857,0,1,2,1,4
63.83,1100,530,9,7,0.018,0.977,0,1,1,3,4
0.0,63,5,61,7,0.467,0.178,0,0,1,6,4
96.3,485,1139,9,5,0.061,1.0,0,1,1,4,4
52.87,745,1151,4,2,0.0,0.845,0,1,1,3,4
40.15,1071,1406,8,9,0.023,0.739,0,1,1,5,4
1.77,14,0,245,248,0.865,0.905,0,0,1,5,0
61.75,326,56,3,6,0.04,0.903,0,1,2,3,4
104.43,334,640,2,1,0.058,0.89,0,1,1,7,4
2.57,76,0,307,121,0.734,0.97,0,0,1,1,3
23.66,345,0,1,6,0.079,0.937,0,1,1,0,4
0.0,124,0,125,161,0.986,0.951,0,0,1,0,0
47.27,795,428,2,9,0.04,0.782,0,1,1,1,4
70.37,702,911,3,4,0.001,0.903,0,1,1,6,4
72.08,95,854,2,6,0.0,1.0,0,1,1,7,4
0.0,69,0,154,213,0.818,0.924,0,0,1,4,2
36.51,0,752,14,7,0.005,0.362,4,1,2,3,4
77.95,407,1609,4,8,0.0,0.853,0,1,1,3,4
78.29,171,1072,2,9,0.0,0.861,0,1,1,6,0
0.0,532,1705,2,4,0.0,0.85,0,1,1,0,4
2.21,45,0,22,15,0.644,0.054,0,0,0,0,0
27.2,446,47,2,5,0.081,0.88,0,1,2,2,3
0.0,395,1165,4,7,0.075,0.923,0,1,0,5,4
0.88,63,1,374,271,0.907,0.967,0,0,1,6,3
5.09,32,3,62,10,0.556,0.091,0,0,1,0,0
0.0,54,1,362,478,1.0,1.0,0,0,1,4,3
0.0,52,0,241,435,0.86,0.855,0,0,0,2,3
71.63,441,1484,7,9,0.014,0.994,0,1,1,1,4
47.71,485,1516,8,7,0.004,0.68,0,1,1,0,4
51.52,1014,2450,7,8,0.0,0.825,0,1,1,5,4
106.48,449,1781,9,1,0.091,1.0,0,1,1,5,4
15.16,950,908,3,4,0.14,1.0,0,1,1,1,4
27.29,340,884,8,1,0.0,0.936,0,1,1,1,4
1.15,86,0,218,337,0.697,0.904,0,0,1,1,0
0.0,487,1008,5,8,0.021,0.907,0,1,1,4,2
20.55,226,1631,1,5,0.0,0.926,0,1,1,2,4
4.75,0,0,44,17,0.331,0.208,0,0,1,0,0
13.91,192,1531,7,8,0.0,0.74,0,1,1,7,4
13.11,342,154,4,8,0.241,0.326,3,0,1,4,4
2.48,104,0,349,468,0.779,0.997,0,0,1,0,0
85.42,102,0,9,7,0.008,0.925,0,1,1,6,4
1.63,35,3,439,344,0.925,1.0,0,0,1,1,3
31.08,266,964,1,6,0.045,0.976,0,1,1,5,4
29.05,303,734,2,4,0.078,0.783,4,1,1,4,4
47.53,324,1467,1,5,0.016,0.961,0,1,2,4,4
51.25,202,791,4,6,0.0,0.909,0,1,1,7,4
94.44,133,258,6,2,0.0,0.909,0,1,0,0,4
18.77,196,971,6,6,0.008,0.858,0,1,1,7,4
59.28,616,327,3,2,0.004,0.917,0,1,1,7,4
0.0,43,5,342,385,0.856,0.933,0,0,1,4,0
87.53,699,584,1,3,0.077,0.845,0,1,2,6,0
95.64,816,1683,4,9,0.074,0.865,0,1,1,1,4
0.0,179,829,7,3,0.0,0.84,0,1,1,1,4
0.0,29,0,81,8,0.775,0.428,0,0,2,7,3
124.19,860,323,9,5,0.0,0.892,0,1,1,0,4
92.11,903,957,2,9,0.0,1.0,0,1,1,3,0
167.87,657,818,8,4,0.0,0.842,0,1,1,1,4
68.82,722,471,3,4,0.017,0.747,0,1,1,4,4
72.05,417,1599,5,6,0.023,0.988,0,1,1,7,1
88.29,280,1240,9,8,0.0,0.804,0,1,1,4,4
43.22,586,1841,1,7,0.0,0.863,0,1,2,6,2
12.73,286,1204,2,4,0.039,0.85,0,1,1,1,4
48.66,171,984,4,6,0.0,0.87,0,1,1,4,4
20.16,608,1255,4,4,0.0,0.832,0,1,1,7,4
4.01,43,0,85,19,0.584,0.108,0,0,2,5,3
117.52,597,1332,5,8,0.013,1.0,0,1,2,2,4
2.11,77,0,429,182,1.0,1.0,0,0,1,4,0
0.0,31,6,129,102,0.742,0.921,0,0,1,2,3
2.35,11,0,31,15,0.77,0.239,0,0,1,5,0
34.19,539,1700,7,3,0.0,0.884,0,1,0,1,4
77.53,827,1177,6,6,0.016,0.871,0,1,1,4,2
1.0,94,0,351,158,1.0,1.0,0,0,2,1,3
0.0,53,0,200,302,1.0,0.885,0,0,1,6,3
0.02,24,0,51,10,0.999,0.41,0,0,2,5,3
25.29,224,543,4,3,0.0,0.805,0,1,1,6,4
0.09,18,0,283,496,0.931,0.923,0,0,1,3,0
119.39,537,1382,9,1,0.074,0.763,0,1,1,4,2
0.72,14,5,86,15,1.0,0.239,0,0,1,7,4
96.06,421,1409,1,4,0.01,0.972,0,1,1,4,4
58.48,72,290,7,5,0.0,0.965,0,1,1,7,4
0.68,55,1,252,157,1.0,0.954,0,0,1,6,3
22.73,215,923,9,2,0.005,0.757,0,1,1,4,0
0.17,78,0,243,258,0.982,0.921,0,0,1,0,0
23.13,56,108,5,9,0.086,0.524,3,0,1,4,4
99.5,573,872,7,7,0.013,0.761,0,1,1,1,4
11.71,8,2,52,14,0.895,0.0,0,0,1,6,0
2.19,12,4,423,162,0.948,0.902,0,0,1,6,3
15.02,574,717,6,6,0.042,0.873,0,1,2,7,4
0.0,338,1612,7,1,0.0,0.831,0,1,1,7,4
106.97,86,411,9,1,0.046,0.968,0,1,1,1,4
0.0,28,0,121,120,0.94,0.944,0,0,1,1,2
4.0,26,1,268,475,0.956,0.982,0,0,2,5,3
0.0,756,595,1,3,0.088,0.763,0,1,1,7,4
142.73,788,1219,8,6,0.104,0.923,0,1,2,3,1
50.14,72,755,3,5,0.0,0.758,0,1,1,1,4
1.03,64,0,293,420,0.917,0.858,0,0,2,5,3
30.53,687,711,6,8,0.0,1.0,0,1,1,4,3
39.73,797,0,3,1,0.0,0.843,0,1,1,6,4
33.85,741,1055,3,8,0.044,0.91,0,1,1,5,4
0.0,548,865,6,1,0.0,1.0,0,1,1,7,4
61.32,733,514,5,1,0.0,0.97,0,1,1,3,4
24.11,400,1011,3,4,0.06,0.767,0,1,0,4,4
0.0,946,897,7,5,0.025,0.737,0,1,1,1,4
74.59,256,720,3,2,0.065,1.0,0,1,1,2,4
1.58,65,0,335,232,0.741,0.956,0,0,1,6,3
78.35,501,1220,8,5,0.0,1.0,0,1,1,5,4
0.0,567,376,4,7,0.152,0.915,0,1,1,5,4
88.02,442,1574,3,8,0.004,0.96,0,1,1,2,4
53.74,171,573,9,7,0.0,0.783,0,1,1,1,4
0.49,15,0,62,13,0.793,0.084,0,0,1,1,3
0.54,22,5,41,2,0.491,0.262,0,0,1,3,3
23.07,0,1698,7,2,0.0,1.0,0,1,1,3,4
0.0,21,2,51,15,0.308,0.075,0,0,1,0,0
108.63,121,1163,8,1,0.0,1.0,0,1,1,4,4
46.35,448,161,9,5,0.0,0.804,0,1,1,2,4
20.03,85,1489,9,6,0.067,1.0,0,1,1,0,4
12.02,198,43,7,2,0.348,0.365,4,1,1,2,4
1.95,0,0,22,8,0.313,0.477,0,0,2,0,3
51.13,726,1875,9,4,0.013,0.958,0,1,1,7,4
77.49,588,1955,1,2,0.0,0.921,0,1,1,6,4
75.42,567,1556,7,1,0.027,0.977,0,1,2,5,4
65.04,79,1565,6,9,0.102,0.97,0,1,2,7,3
65.3,1347,1365,5,9,0.0,1.0,0,1,1,4,4
0.0,28,11,299,449,0.988,0.993,0,0,1,7,3
2.29,62,4,146,284,0.953,0.95,0,0,2,1,3
18.19,663,0,4,4,0.009,0.856,0,1,0,2,4
0.0,163,1867,9,4,0.061,0.702,0,1,1,0,2
0.08,47,0,316,502,0.848,1.0,0,0,1,7,3
57.71,117,244,8,4,0.022,0.921,0,1,1,6,4
68.11,0,501,3,6,0.049,0.784,0,1,2,6,4
1.35,650,234,5,6,0.0,0.773,0,1,1,6,3
32.57,0,278,12,9,0.127,0.664,2,0,1,1,3
61.05,257,956,6,2,0.0,0.878,0,1,1,4,4
74.43,1043,780,9,7,0.067,0.817,0,1,0,2,2
152.41,476,421,6,1,0.0,0.923,0,1,2,7,4
56.42,862,1503,4,5,0.004,0.588,0,1,1,2,4
64.85,0,1656,4,7,0.054,0.914,0,1,2,5,4
42.39,362,699,1,4,0.054,0.834,0,1,1,4,4
86.12,497,855,8,7,0.099,0.904,0,1,1,0,4
8.1,690,0,4,8,0.061,0.94,0,1,1,4,3
33.47,605,1622,1,5,0.018,0.967,0,1,1,0,4
10.14,592,106,8,7,0.037,0.78,0,1,1,5,4
0.0,46,0,319,203,0.75,1.0,0,0,1,3,0
10.21,662,473,3,3,0.005,0.842,0,1,1,4,4
44.96,686,588,5,7,0.0,1.0,0,1,1,1,3
63.08,486,1450,5,7,0.0,0.85,0,1,1,4,4
57.93,421,655,9,3,0.046,0.776,0,1,2,4,4
55.12,677,999,6,9,0.092,1.0,0,1,1,6,4
65.4,0,1358,8,8,0.006,0.916,0,1,0,3,4
105.7,612,1777,1,8,0.021,0.977,0,1,1,3,4
24.71,279,1548,1,1,0.015,0.887,0,1,1,1,0
0.4,90,0,259,378,0.986,0.941,0,0,0,1,0
88.84,349,1805,4,3,0.0,0.769,0,1,1,0,4
91.73,726,1739,9,1,0.07,0.911,0,1,1,7,1
27.53,759,1180,7,5,0.017,1.0,0,1,1,7,4
8.13,229,1303,8,2,0.036,0.888,0,1,1,0,2
2.8,20,0,92,1,0.424,0.128,0,0,0,2,0
2.56,13,0,261,467,0.933,0.955,0,0,1,4,2
18.91,326,1965,5,4,0.0,1.0,0,1,1,3,1
106.45,640,1207,3,5,0.0,0.936,0,1,2,5,4
121.77,745,2145,6,1,0.029,0.757,0,1,1,0,4
47.47,704,451,6,8,0.0,0.8,0,1,2,0,4
72.15,555,99,5,6,0.0,0.798,0,1,1,4,4
66.16,365,904,8,2,0.0,1.0,0,1,1,7,4
37.17,162,0,3,4,0.036,0.733,0,1,1,5,4
2.92,6,0,69,16,0.559,0.256,0,0,1,1,0
70.49,319,1200,2,9,0.053,0.774,0,1,1,2,1
147.34,648,964,2,3,0.0,0.907,0,1,1,1,4
0.0,508,850,5,3,0.022,0.892,0,1,1,4,4
48.42,158,1445,6,6,0.02,0.988,0,1,1,7,4
32.62,557,1345,4,2,0.112,0.933,0,1,0,6,4
37.92,352,793,6,9,0.0,1.0,0,1,2,4,4
0.0,327,1469,1,6,0.091,0.842,0,1,1,1,4
0.0,551,613,4,3,0.065,1.0,0,1,1,3,4
52.02,824,1083,3,9,0.0,0.882,0,1,1,1,4
21.89,330,551,2,2,0.0,1.0,0,1,1,3,4
0.0,65,0,409,408,0.894,0.953,0,0,2,7,2
69.94,818,943,7,3,0.049,0.772,0,1,1,7,0
3.97,27,1,423,258,1.0,0.946,0,0,1,4,0
142.58,145,1203,5,1,0.04,0.886,0,1,1,6,4
1.25,22,0,42,1,0.729,0.057,0,0,1,6,3
50.39,582,951,8,6,0.071,0.998,0,1,2,2,3
70.37,1042,147,2,1,0.036,0.883,0,1,1,3,4
6.94,21,1,43,11,0.463,0.258,0,0,1,5,3
76.21,620,1357,5,7,0.0,0.854,0,1,1,2,4
0.0,38,0,90,2,0.683,0.241,0,0,1,7,4
83.53,844,571,3,2,0.0,0.85,0,1,1,2,4
112.22,712,791,5,2,0.0,0.94,0,1,1,2,4
99.37,446,1713,1,8,0.0,0.742,0,1,1,2,4
30.82,667,1307,1,9,0.057,0.968,0,1,1,1,4
15.46,479,1318,6,8,0.13,0.855,0,1,1,1,4
77.5,995,1042,7,8,0.138,0.712,0,1,2,2,4
33.34,274,777,8,8,0.056,1.0,0,1,0,5,4
0.0,506,1044,2,8,0.054,0.762,0,1,2,4,4
45.63,394,1835,3,8,0.0,1.0,0,1,2,2,4
0.0,262,785,2,7,0.0,0.792,0,1,1,3,2
92.63,359,661,1,2,0.099,0.667,1,1,2,2,4
28.67,87,533,4,1,0.0,0.628,2,0,1,1,4
0.0,61,0,127,403,0.895,0.924,0,0,1,6,0
0.0,661,1420,8,6,0.0,1.0,0,1,0,2,4
4.43,526,1676,8,3,0.1,0.714,0,1,1,7,4
52.85,845,1327,4,4,0.029,1.0,0,1,1,3,4
29.12,943,838,2,3,0.025,0.793,0,1,1,3,1
3.57,30,0,424,384,0.817,0.933,0,0,1,2,0
0.0,43,0,105,500,1.0,0.942,0,0,1,2,0
1.38,3,0,21,19,0.568,0.191,0,0,2,6,3
0.0,35,196,9,1,0.0,0.835,0,1,1,5,4
53.31,86,798,4,9,0.027,0.859,0,1,2,4,4
0.0,526,1566,7,1,0.073,0.825,0,1,1,6,4
0.82,5,0,76,5,0.471,0.377,0,0,1,0,3
15.77,314,351,6,3,0.195,0.688,3,0,1,6,3
34.19,264,528,4,3,0.214,0.626,4,1,1,6,3
0.0,0,76,9,5,0.0,1.0,0,1,0,2,4
23.31,516,777,2,7,0.0,0.974,0,1,2,3,4
173.2,559,680,2,1,0.105,0.918,1,1,1,7,4
91.69,426,631,7,1,0.0,1.0,0,1,1,4,0
85.37,581,1668,3,6,0.02,0.736,0,1,1,1,3
71.53,841,1453,1,1,0.069,0.947,0,1,1,4,4
10.21,251,288,5,8,0.112,0.743,1,1,1,1,4
106.87,1109,1489,9,3,0.077,0.947,0,1,1,4,4
40.84,457,2078,6,4,0.002,0.871,0,1,2,2,4
84.08,709,168,1,3,0.013,0.934,0,1,1,1,4
30.43,509,1350,7,7,0.0,0.634,0,1,1,2,3
0.0,450,969,7,5,0.029,1.0,0,1,1,3,4
88.01,291,1693,9,2,0.036,1.0,0,1,1,3,4
69.09,1096,1206,8,5,0.046,1.0,0,1,1,4,2
45.82,206,1545,9,1,0.014,0.934,0,1,2,3,4
107.92,668,2050,2,4,0.053,1.0,0,1,1,6,4
0.0,394,550,3,8,0.043,0.865,0,1,1,1,4
12.04,439,275,2,1,0.069,0.81,0,1,0,3,4
2.63,18,0,380,448,0.888,0.949,0,0,2,2,0
26.9,670,1767,5,5,0.015,1.0,0,1,1,2,4
2.57,86,5,400,300,0.917,0.897,0,0,2,6,3
2.68,4,1,28,7,0.206,0.354,0,0,1,6,3
87.98,541,1203,6,7,0.165,0.914,0,1,1,2,4
55.43,693,344,1,6,0.036,0.956,0,1,1,0,4
60.41,626,1377,4,1,0.103,0.901,0,1,1,1,4
51.59,745,1599,6,3,0.0,0.917,0,1,1,3,4
49.28,0,1242,5,5,0.012,0.931,0,1,1,2,4
0.0,53,0,325,115,0.796,0.992,0,0,1,4,2
94.96,371,628,1,8,0.115,0.8,0,1,1,1,4
47.86,995,2022,4,9,0.02,1.0,0,1,1,0,4
0.0,104,5,146,267,0.883,0.901,0,0,1,4,0
30.23,0,1760,7,3,0.0,0.852,0,1,1,2,4
36.2,374,1908,5,5,0.009,0.842,0,1,1,7,4
14.06,729,2259,9,1,0.14,0.941,0,1,2,4,3
1.92,9,0,93,15,0.024,0.138,0,0,1,4,3
0.0,506,610,1,3,0.0,0.825,0,1,1,1,1
0.0,4,2,66,15,0.676,0.379,0,0,1,4,3
20.06,1103,1569,9,4,0.084,0.857,0,1,1,4,4
29.92,636,2000,8,6,0.048,0.897,0,1,1,4,4
0.21,0,2,496,304,0.828,0.91,0,0,1,2,2
65.59,695,1260,9,6,0.028,0.8,0,1,2,5,4
0.0,61,0,411,478,0.729,0.928,0,0,1,1,3
26.87,523,393,8,4,0.152,0.769,1,0,2,2,4
60.31,379,720,4,8,0.038,0.804,0,1,1,7,4
0.15,70,1862,1,8,0.015,0.887,0,1,2,2,2
111.41,812,402,8,7,0.047,0.882,0,1,2,4,4
0.0,701,1913,1,9,0.053,0.918,0,1,2,5,4
3.87,42,8,292,413,0.909,0.903,0,0,2,4,3
86.23,71,860,8,8,0.0,0.809,0,1,1,5,4
85.05,530,1836,8,2,0.0,0.965,0,1,1,0,4
1.99,12,0,53,1,0.79,0.014,0,0,2,7,3
0.22,0,0,44,18,0.476,0.156,0,0,1,1,0
3.88,49,15,453,360,0.8,0.873,0,0,1,5,3
0.0,812,1574,3,6,0.0,0.957,0,1,1,1,4
1.98,102,5,321,189,0.942,0.943,0,0,1,2,2
23.36,83,733,2,8,0.0,0.853,0,1,2,3,2
3.47,51,1,167,471,0.519,0.895,0,0,1,2,2
74.86,617,1527,2,8,0.0,0.955,0,1,1,3,4
0.0,952,0,5,6,0.028,0.786,0,1,1,4,4
91.33,907,1224,6,8,0.003,0.944,0,1,1,7,4
0.0,537,1645,2,3,0.0,0.743,0,1,1,4,4
0.0,13,0,352,134,0.87,0.945,0,0,1,3,3
4.87,69,0,244,136,0.939,0.94,0,0,2,7,0
97.04,473,1607,1,2,0.037,1.0,0,1,1,2,4
2.24,78,0,128,293,0.622,0.953,0,0,2,3,3
101.1,569,296,4,7,0.0,0.939,0,1,1,7,4
0.0,15,7,177,196,0.915,0.909,0,0,2,4,3
115.02,510,1444,6,9,0.0,0.849,0,1,2,1,3
2.2,63,7,396,362,1.0,1.0,0,0,2,3,2
80.17,765,84,1,1,0.0,1.0,0,1,1,4,4
0.0,10,0,112,223,0.947,1.0,0,0,1,2,3
30.75,944,771,4,6,0.012,0.718,0,1,1,6,4
55.26,479,1552,2,1,0.1,0.926,0,1,1,6,1
55.54,643,998,6,7,0.121,0.954,0,1,2,3,3
2.21,28,0,97,12,0.265,0.056,0,0,1,2,4
84.3,738,2254,6,6,0.012,0.978,0,1,1,1,4
6.73,239,477,9,4,0.0,0.869,0,1,1,2,4
75.88,507,1160,6,7,0.0,0.825,0,1,1,3,4
33.61,606,247,6,1,0.127,1.0,0,1,1,5,4
1.66,13,8,142,470,0.874,0.928,0,0,1,4,3
138.8,877,640,1,3,0.012,0.928,1,1,1,6,4
0.0,36,0,305,107,0.946,0.945,0,0,1,5,3
78.11,490,557,5,8,0.051,0.836,0,1,1,4,2
108.4,522,824,6,9,0.0,0.952,0,1,2,1,4
68.14,424,0,4,8,0.074,0.968,0,1,1,7,4
41.83,250,1215,3,4,0.016,0.894,0,1,2,6,4
0.0,243,119,2,2,0.063,0.773,1,0,1,6,4
65.18,373,591,5,1,0.041,0.865,0,1,1,1,4
98.2,0,754,1,4,0.0,0.776,0,1,1,4,4
63.89,244,1526,2,3,0.057,0.94,0,1,1,6,4
78.1,338,1091,7,5,0.046,0.863,0,1,1,5,4
0.0,1037,946,5,2,0.0,0.806,0,1,1,5,4
0.0,393,1724,4,6,0.04,0.761,0,1,1,4,4
121.31,0,516,7,9,0.018,0.764,0,1,1,1,0
45.33,740,1475,4,6,0.074,0.93,0,1,2,0,4
42.89,685,3417,5,9,0.076,0.782,0,1,1,6,1
50.0,914,855,7,9,0.07,0.78,0,1,0,1,2
30.52,610,331,7,3,0.028,0.798,0,1,2,7,4
160.73,422,680,4,2,0.058,0.485,1,1,1,7,4
0.8,102,7,247,155,1.0,0.953,0,0,1,5,3
28.08,503,1245,6,3,0.038,0.889,0,1,2,3,4
0.0,86,0,491,376,0.782,0.95,0,0,2,7,3
0.0,0,2677,9,4,0.148,0.869,0,1,1,2,4
0.0,301,1322,5,9,0.0,1.0,0,1,1,3,4
41.18,41,0,7,2,0.071,0.798,0,1,1,6,4
0.46,226,963,2,6,0.0,0.876,0,1,1,0,4
0.0,717,1834,5,8,0.046,1.0,0,1,1,7,4
1.62,39,6,280,281,1.0,0.942,0,0,1,6,0
0.0,945,459,2,4,0.098,0.886,0,1,1,3,4
30.82,376,1243,8,1,0.079,1.0,0,1,1,3,4
79.39,286,571,9,2,0.068,0.928,0,1,1,5,4
38.99,213,224,14,3,0.156,0.678,2,1,1,0,4
88.83,0,699,9,4,0.0,0.794,0,1,1,3,4
56.63,189,1317,7,3,0.059,0.834,0,1,1,1,4
2.39,51,0,221,297,0.855,0.888,0,0,2,0,0
69.63,483,1153,8,7,0.0,0.918,0,1,1,5,4
1.31,21,0,85,16,0.646,0.308,0,0,1,6,0
228.37,436,584,1,4,0.073,0.735,1,1,1,5,4
3.18,80,4,132,455,0.818,0.961,0,0,1,3,0
58.87,1066,1546,6,9,0.01,0.88,0,1,1,7,4
7.57,715,0,1,1,0.001,0.831,0,1,0,0,4
0.0,30,0,47,8,0.843,0.309,0,0,1,6,3
9.19,143,554,3,5,0.012,0.835,0,1,2,1,4
146.51,803,673,6,2,0.023,0.999,0,1,1,1,4
0.0,372,1463,7,2,0.006,0.817,0,1,2,0,4
27.27,140,350,5,6,0.066,0.375,4,0,1,7,4
20.32,518,904,2,5,0.0,0.836,0,1,0,6,4
57.57,656,1619,5,3,0.09,0.893,0,1,1,1,4
72.69,869,1329,6,4,0.0,0.817,0,1,1,1,4
19.23,699,580,8,8,0.063,0.858,0,1,1,7,4
51.27,0,3,9,6,0.0,0.892,0,1,1,3,4
37.72,527,462,4,9,0.0,1.0,0,1,1,0,4
0.0,8,0,326,455,0.883,0.959,0,0,1,4,3
64.22,747,584,2,1,0.0,0.884,0,1,1,0,4
30.76,846,1097,9,4,0.073,0.845,0,1,1,1,4
0.0,66,4,485,267,1.0,0.929,0,0,1,4,3
46.91,66,206,6,5,0.103,0.892,0,1,1,2,4
0.0,596,828,5,2,0.019,0.929,0,1,1,5,4
47.49,1189,990,6,1,0.0,0.876,0,1,1,4,0
3.1,39,1,119,113,0.892,0.955,0,0,2,6,3
135.78,380,2032,3,6,0.092,0.964,0,1,1,1,4
71.13,120,2199,6,7,0.094,0.916,0,1,1,2,3
58.26,157,1374,5,4,0.0,0.902,0,1,2,6,4
19.06,221,453,8,7,0.0,0.633,0,1,2,6,4
105.07,804,1018,1,6,0.021,0.825,0,1,2,4,0
60.29,460,0,3,1,0.08,0.918,0,1,1,7,4
0.0,20,0,490,238,0.869,0.893,0,0,1,1,3
4.84,462,108,4,4,0.031,0.814,0,1,2,1,4
68.12,876,1046,4,8,0.008,0.782,0,1,1,0,4
0.0,372,1913,3,5,0.0,0.928,0,1,1,2,4
0.0,352,827,1,3,0.069,1.0,0,1,1,6,0
63.93,581,486,7,4,0.029,0.918,0,1,1,1,4
102.15,980,879,2,7,0.059,0.894,0,1,1,3,4
88.83,133,243,9,6,0.01,0.948,0,1,1,0,4
46.62,411,735,2,4,0.0,0.902,0,1,2,6,4
0.0,112,0,188,249,0.895,1.0,0,0,1,7,3
17.13,979,1285,9,3,0.065,0.893,0,1,1,2,4
52.54,656,1316,4,1,0.0,0.804,0,1,1,0,4
15.64,847,1533,8,3,0.05,0.828,0,1,1,5,4
86.0,215,0,3,6,0.102,0.86,0,1,2,4,4
39.63,1092,521,9,9,0.0,0.988,0,1,1,0,0
14.03,700,1999,3,6,0.0,0.935,0,1,1,7,1
204.2,1364,235,1,1,0.004,0.636,0,1,1,3,4
18.4,646,0,5,6,0.054,0.901,0,1,1,6,4
1.49,47,0,463,243,0.917,1.0,0,0,2,4,3
0.0,49,0,276,201,0.852,0.837,0,0,2,3,3
0.0,13,0,127,427,0.888,0.97,0,0,1,0,3
40.56,510,1069,9,1,0.074,0.829,0,1,2,2,4
40.27,730,1090,9,7,0.0,0.9,0,1,1,0,0
130.47,1007,1428,2,3,0.0,0.896,0,1,1,4,4
63.16,484,1363,5,2,0.0,0.852,0,1,1,2,4
63.2,575,817,9,2,0.103,0.758,0,1,1,0,4
0.0,74,3,173,249,0.901,0.918,0,0,2,6,3
1.83,21,0,82,5,0.939,0.272,0,0,2,7,0
2.12,23,0,432,315,0.949,0.985,0,0,1,6,2
26.97,362,766,9,5,0.0,0.889,0,1,2,2,4
104.82,786,1582,3,8,0.0,0.906,0,1,1,0,4
19.08,38,1258,9,4,0.0,1.0,0,1,1,7,4
0.0,414,859,2,5,0.044,0.74,0,1,1,1,4
0.0,486,2137,2,8,0.072,0.972,0,1,1,7,4
5.99,0,0,84,5,0.205,0.0,0,0,2,1,4
1.13,19,0,79,17,0.75,0.246,0,0,2,3,0
43.63,495,820,5,1,0.0,0.885,0,1,1,3,4
1.94,24,1,80,8,0.245,0.118,0,0,1,2,3
0.41,35,0,79,11,1.0,0.0,0,0,1,3,3
66.52,653,735,6,1,0.094,0.812,0,1,1,1,4
45.99,489,1377,4,7,0.0,0.986,0,1,1,5,4
80.45,841,1078,5,6,0.0,1.0,0,1,1,1,4
0.0,71,6,220,382,0.957,0.873,0,0,1,7,2
40.19,398,970,8,9,0.045,1.0,0,1,1,1,4
66.73,738,1093,1,4,0.0,0.933,0,1,1,2,4
99.75,644,1815,5,5,0.073,0.854,0,1,1,7,4
24.7,1196,86,6,4,0.02,0.947,0,1,2,5,4
45.27,951,540,6,4,0.088,0.851,0,1,1,1,4
52.49,402,1492,4,7,0.013,0.938,0,1,1,4,4
2.66,20,0,357,420,0.908,0.949,0,0,1,5,3
88.14,545,1012,8,9,0.0,0.898,0,1,1,7,4
3.91,46,0,433,447,0.873,1.0,0,0,1,3,0
37.02,376,472,9,6,0.084,0.889,0,1,1,0,4
40.0,578,1133,3,4,0.003,0.94,0,1,1,4,2
10.58,334,1270,4,5,0.037,1.0,0,1,2,0,4
2.43,0,7,200,472,0.967,0.954,0,0,2,0,3
1.8,79,0,334,456,0.699,0.902,0,0,1,3,0
80.19,71,897,4,6,0.0,0.834,0,1,1,4,4
3.28,33,1,264,357,1.0,0.946,0,0,1,6,2
73.34,362,1191,2,6,0.0,1.0,0,1,2,0,4
17.2,497,1966,4,4,0.154,0.851,0,1,1,4,4
99.22,196,915,6,5,0.0,1.0,0,1,1,5,4
4.32,32,0,398,307,0.927,0.951,0,0,2,5,0
0.61,50,0,254,147,0.994,0.917,0,0,1,5,3
102.03,443,773,1,1,0.003,1.0,0,1,1,5,4
76.56,932,0,2,1,0.079,0.855,0,1,2,0,4
90.76,849,2240,5,2,0.028,0.839,0,1,1,4,4
77.7,442,0,1,8,0.033,0.987,0,1,1,1,4
127.94,362,1260,3,2,0.0,1.0,0,1,1,7,4
44.02,607,1069,9,2,0.026,0.73,0,1,1,2,4
10.27,673,1334,1,5,0.005,0.836,0,1,1,4,4
1.95,44,1,119,444,1.0,0.986,0,0,1,5,3
94.34,725,1436,4,1,0.0,1.0,0,1,1,1,4
95.57,321,2082,3,3,0.0,0.814,0,1,1,2,4
8.66,366,97,12,1,0.086,0.526,2,1,1,3,3
1.22,18,0,350,297,0.923,0.941,0,0,1,4,3
7.88,0,2070,9,3,0.0,0.837,0,1,1,4,4
1.51,986,597,7,9,0.048,0.893,0,1,1,1,4
36.83,798,1898,8,9,0.0,0.921,0,1,1,7,4
70.88,1776,687,4,1,0.097,0.884,1,1,2,3,4
58.03,535,299,4,8,0.0,0.938,0,1,1,3,4
32.03,439,677,5,4,0.044,0.797,0,1,1,6,4
65.03,881,0,2,1,0.04,0.941,0,1,1,7,4
73.84,528,2195,5,2,0.057,0.977,0,1,1,6,4
0.0,19,0,204,264,0.988,0.912,0,0,1,4,2
0.85,3,1,159,317,0.895,0.926,0,0,1,0,2
75.71,275,1439,8,4,0.0,1.0,0,1,1,0,4
28.23,713,964,6,4,0.032,0.788,0,1,1,7,4
1.04,50,0,97,10,0.403,0.155,0,0,1,2,4
0.0,48,6,469,119,0.829,0.973,0,0,2,7,0
64.97,411,234,3,2,0.069,0.79,0,1,1,0,4
16.74,569,1016,6,3,0.061,0.903,0,1,1,0,4
37.4,141,0,6,7,0.113,0.143,2,1,1,3,4
0.56,68,0,266,391,1.0,0.857,0,0,1,2,3
57.21,788,1037,6,8,0.0,0.926,0,1,1,5,4
0.88,31,0,236,459,0.86,0.939,0,0,1,3,0
2.47,89,0,263,226,0.995,1.0,0,0,2,6,3
1.37,19,0,253,351,1.0,0.931,0,0,0,0,2
0.0,40,0,79,3,0.243,0.061,0,0,1,0,0
3.47,9,1,80,2,0.494,0.346,0,0,1,4,0
96.05,431,128,6,7,0.0,0.889,0,1,1,1,0
130.03,1767,237,1,4,0.097,0.689,1,1,1,2,4
59.56,633,543,5,7,0.02,0.91,0,1,2,4,3
1.96,80,0,166,182,0.734,1.0,0,0,1,4,0
100.03,562,1736,7,3,0.005,0.997,0,1,1,4,4
128.42,320,1391,2,6,0.0,0.713,0,1,1,7,1
0.23,51,5,341,117,0.826,0.95,0,0,1,4,3
3.4,52,0,141,456,0.679,0.978,0,0,1,0,3
57.58,554,0,4,7,0.0,0.793,0,1,1,0,4
0.75,62,1,345,338,0.738,0.947,0,0,1,7,3
0.0,54,696,4,4,0.077,0.778,0,1,1,7,4
61.14,343,833,7,2,0.052,0.888,0,1,1,1,4
0.0,367,1243,4,6,0.003,1.0,0,1,2,4,4
83.67,287,349,1,9,0.093,1.0,0,1,1,2,4
20.72,975,1299,8,9,0.054,0.936,0,1,2,2,4
119.17,575,1635,3,8,0.003,0.934,0,1,1,4,4
19.61,1167,891,1,5,0.118,0.869,0,1,1,3,4
32.82,27,1229,5,4,0.008,0.948,0,1,1,6,4
0.92,18,0,243,419,0.774,0.925,0,0,1,7,3
124.01,888,1436,3,5,0.093,0.826,0,1,1,6,4
34.1,497,1491,6,9,0.0,0.836,0,1,1,7,4
0.0,752,83,3,3,0.014,1.0,0,1,1,7,4
5.33,0,458,14,5,0.0,0.642,3,1,1,6,4
145.67,346,265,7,5,0.064,0.846,0,1,1,5,4
51.85,277,405,8,8,0.006,0.894,0,1,1,5,4
0.0,46,0,438,196,0.879,0.957,0,0,1,7,3
1.21,604,358,7,8,0.015,1.0,0,1,1,6,4
0.0,48,0,277,500,0.904,0.986,0,0,1,5,3
0.0,30,3,30,17,0.354,0.202,0,0,1,6,4
113.98,268,457,7,3,0.0,1.0,0,1,0,6,4
0.0,248,1635,3,2,0.055,1.0,0,1,1,1,4
21.22,265,582,8,5,0.0,0.547,1,0,0,6,4
0.0,525,1624,4,1,0.017,0.918,0,1,1,4,4
60.56,903,529,3,2,0.072,0.707,1,1,1,6,4
17.83,875,540,7,8,0.0,1.0,0,1,1,5,3
23.32,658,803,7,3,0.0,1.0,0,1,1,1,4
46.63,516,1146,3,8,0.011,0.859,0,1,1,6,4
47.05,0,1096,4,5,0.031,0.881,0,1,1,3,4
0.0,154,421,9,9,0.197,0.775,2,1,1,5,3
95.84,509,1098,4,9,0.069,0.899,0,1,1,0,4
69.16,563,0,9,7,0.05,0.794,0,1,1,0,4
1.02,56,2,475,343,0.913,1.0,0,0,1,1,3
2.67,76,0,450,354,1.0,0.847,0,0,1,6,0
1.62,0,0,157,503,0.897,0.939,0,0,1,3,0
27.51,182,298,1,2,0.105,0.569,3,0,2,3,4
3.19,0,7,206,439,0.589,0.953,0,0,1,2,3
27.22,907,1978,1,2,0.0,0.898,0,1,1,0,4
144.07,162,1202,9,5,0.002,0.827,0,1,1,4,4
85.17,874,807,2,3,0.0,0.919,0,1,1,1,4
3.18,74,0,258,466,0.761,0.947,0,0,2,2,0
3.18,798,540,7,2,0.083,0.924,0,1,1,5,4
70.5,327,711,8,5,0.0,0.89,0,1,1,4,4
2.95,56,3,162,324,0.88,1.0,0,0,2,2,3
4.1,39,0,337,233,1.0,1.0,0,0,1,7,0
54.48,753,1526,2,8,0.0,1.0,0,1,1,6,4
133.42,447,1458,2,5,0.081,0.774,0,1,1,4,4
0.0,52,2,445,494,0.873,0.919,0,0,0,6,3
87.5,366,468,1,2,0.0,1.0,0,1,1,0,4
0.0,87,1,210,190,0.83,0.89,0,0,1,7,3
2.11,583,228,4,6,0.009,0.87,0,1,1,1,4
160.13,458,895,6,9,0.008,0.746,0,1,1,2,4
17.62,350,1240,2,8,0.014,0.77,0,1,2,1,1
28.12,448,1189,1,5,0.055,0.812,0,1,2,5,3
101.6,755,314,6,3,0.016,0.738,0,1,1,2,4
16.3,244,868,3,1,0.0,0.842,0,1,2,6,4
63.23,88,640,2,5,0.092,0.95,0,1,2,3,4
0.0,43,0,310,288,0.887,0.958,0,0,2,2,3
36.42,595,840,3,9,0.139,0.937,0,1,1,6,4
1.06,79,0,406,281,0.961,0.906,0,0,2,1,3
101.6,735,1148,9,3,0.0,1.0,0,1,1,5,4
64.96,240,1441,6,8,0.0,0.902,0,1,1,5,4
0.97,103,0,417,413,0.873,0.947,0,0,1,0,3
20.67,208,1250,2,4,0.106,0.82,0,1,1,2,0
49.82,715,712,8,6,0.043,0.939,0,1,1,2,3
4.93,75,4,333,366,0.888,0.951,0,0,1,1,3
0.0,40,0,183,391,1.0,0.941,0,0,2,4,3
9.42,627,0,3,3,0.0,0.869,0,1,1,4,4
73.22,577,1728,3,5,0.048,0.843,0,1,2,0,4
97.26,962,2241,6,1,0.062,0.879,0,1,1,0,4
39.49,457,988,3,4,0.015,0.83,0,1,1,5,4
63.17,633,1197,7,6,0.038,0.786,0,1,1,2,4
0.0,4,0,245,453,0.847,0.928,0,0,1,0,3
35.1,764,1434,4,2,0.013,0.853,0,1,1,6,4
59.38,3,1529,5,9,0.04,0.896,0,1,1,3,4
2.58,8,5,71,13,0.36,0.213,0,0,1,7,3
0.0,25,3,162,295,0.881,0.916,0,0,2,6,3
27.5,249,413,10,7,0.092,0.562,2,0,1,7,4
0.0,29,0,90,9,0.517,0.196,0,0,2,3,0
40.12,569,1482,7,7,0.02,0.815,0,1,0,7,4
18.13,989,1249,2,5,0.096,0.997,0,1,1,7,4
3.44,35,2,34,10,0.669,0.189,0,0,1,2,4
26.08,136,563,3,2,0.18,0.431,3,1,1,3,4
109.58,440,372,3,7,0.0,0.938,0,1,1,4,4
0.0,0,4,374,215,0.807,0.921,0,0,1,4,3
0.38,1,4,498,192,0.934,0.922,0,0,1,5,3
107.2,364,1213,3,5,0.0,0.809,0,1,1,3,4
24.0,546,248,9,1,0.114,0.358,3,0,1,1,4
0.0,912,2088,5,6,0.078,0.993,0,1,2,5,4
0.97,69,3,113,295,0.901,0.853,0,0,1,6,3
1.51,78,0,480,386,1.0,0.857,0,0,1,1,3
0.0,58,0,271,216,0.966,1.0,0,0,1,6,2
93.37,335,931,1,8,0.046,0.873,0,1,2,7,4
1.26,34,0,63,5,0.185,0.124,0,0,1,5,3
83.16,809,1841,8,7,0.024,0.995,0,1,2,2,4
16.37,406,1202,2,3,0.0,0.999,0,1,1,3,4
55.84,333,957,8,5,0.061,1.0,0,1,1,6,4
103.71,904,267,3,8,0.0,0.871,0,1,1,2,0
49.0,596,1239,5,7,0.046,1.0,0,1,1,2,4
64.06,989,1525,3,1,0.0,0.933,0,1,1,2,4
40.61,263,837,9,2,0.0,1.0,0,1,1,0,4
38.06,90,33,4,3,0.047,0.556,0,1,1,3,4
0.0,541,1412,8,8,0.046,0.74,0,1,1,5,3
12.06,310,0,6,9,0.072,0.827,0,1,1,7,4
59.92,305,1087,9,8,0.007,0.885,0,1,0,4,4
3.89,78,0,314,418,0.849,0.873,0,0,1,0,0
25.1,548,1390,6,2,0.034,0.839,0,1,1,3,4
46.42,631,1076,1,4,0.041,1.0,0,1,1,2,4
1.73,66,2,481,166,0.881,0.934,0,0,1,7,0
75.03,0,1717,7,3,0.0,0.865,0,1,1,1,4
0.0,354,1055,1,4,0.0,1.0,0,1,1,0,4
36.36,205,1565,5,2,0.042,0.939,0,1,1,2,4
57.21,738,0,4,8,0.043,0.835,0,1,1,5,4
82.36,893,944,7,3,0.067,0.778,0,1,1,0,4
48.48,732,404,1,4,0.085,0.795,0,1,1,1,4
2.41,0,0,451,368,0.724,0.928,0,0,1,3,3
125.37,691,705,8,3,0.0,0.987,0,1,1,6,0
98.16,1013,1959,9,8,0.055,0.976,0,1,1,3,4
9.22,779,804,8,4,0.0,0.797,0,1,2,5,0
8.64,560,1131,4,2,0.002,1.0,0,1,1,1,4
2.48,30,0,462,131,0.9,0.959,0,0,2,6,0
0.0,0,0,268,145,0.969,0.937,0,0,1,2,0
0.62,30,0,430,433,0.833,0.988,0,0,1,7,2
20.9,659,888,6,3,0.0,0.989,0,1,1,0,1
25.57,41,178,8,2,0.0,0.884,0,1,1,5,4
1.56,221,330,3,1,0.054,0.801,0,1,1,7,4
78.15,490,0,7,6,0.0,0.857,0,1,1,0,4
37.58,0,1928,9,8,0.01,0.968,0,1,1,2,4
73.52,292,774,7,2,0.053,0.929,0,1,1,0,4
55.36,573,649,5,1,0.0,0.987,0,1,1,5,4
0.0,22,0,44,9,0.458,0.377,0,0,1,7,3
57.28,671,1028,3,4,0.12,0.707,0,1,1,4,4
92.43,203,606,8,9,0.045,1.0,0,1,1,7,4
33.51,1142,1247,5,9,0.036,0.934,0,1,1,3,4
37.26,334,1152,1,1,0.0,1.0,0,1,1,2,4
65.28,786,1215,1,1,0.0,0.916,0,1,1,7,4
2.46,85,2,352,356,1.0,0.948,0,0,1,7,3
79.6,482,499,5,5,0.0,0.9,0,1,1,7,4
2.4,51,0,274,490,1.0,0.954,0,0,1,4,3
72.4,715,220,1,7,0.072,0.938,0,1,1,7,1
2.37,17,3,30,15,0.578,0.467,0,0,1,1,3
156.2,913,512,3,2,0.078,0.799,1,1,2,4,4
0.16,26,0,148,220,0.957,0.993,0,0,1,6,2
34.71,1262,0,8,9,0.048,0.921,0,1,1,7,4
0.0,273,920,6,5,0.056,0.763,0,1,2,5,4
88.28,586,1116,5,4,0.0,0.785,0,1,1,3,4
3.13,58,4,301,395,0.858,0.913,0,0,1,1,2
42.22,278,188,9,1,0.0,0.729,0,1,1,7,4
6.66,420,620,4,3,0.0,0.875,0,1,1,6,4
26.08,750,1756,8,3,0.066,0.907,0,1,1,3,4
54.79,606,870,6,9,0.051,0.892,0,1,1,6,2
14.82,467,246,4,3,0.0,1.0,0,1,1,3,4
0.0,95,0,227,407,0.854,0.96,0,0,0,3,3
67.99,187,1934,7,1,0.0,0.911,0,1,2,2,4
46.38,1020,1009,2,5,0.062,0.8,0,1,1,5,4
88.49,422,2035,7,9,0.0,1.0,0,1,0,1,4
0.98,66,2,400,480,0.812,0.923,0,0,1,1,3
2.25,45,6,369,204,0.95,1.0,0,0,2,6,3
44.03,227,160,5,2,0.0,0.78,0,1,1,3,4
0.0,550,1420,4,2,0.0,0.82,0,1,1,7,4
74.75,772,675,8,5,0.0,0.773,0,1,1,1,2
37.71,931,1591,3,8,0.0,0.795,0,1,1,7,4
2.04,104,0,157,451,1.0,1.0,0,0,1,2,2
0.99,39,0,124,156,0.979,0.906,0,0,1,1,0
2.6,0,4,46,1,0.268,0.0,0,0,1,5,3
4.13,33,2,51,5,0.578,0.365,0,0,1,7,4
38.05,444,937,2,6,0.019,0.847,0,1,2,1,3
0.0,472,614,9,2,0.0,0.811,0,1,2,4,4
0.0,16,0,50,9,0.013,0.078,0,0,1,4,3
5.37,25,3,29,15,0.925,0.001,0,0,2,4,3
31.07,163,1512,8,3,0.127,0.697,0,1,1,3,4
43.82,239,1138,9,3,0.069,1.0,0,1,1,5,4
2.81,57,1,180,399,1.0,0.924,0,0,2,0,3
73.57,382,608,1,6,0.012,0.911,0,1,1,0,1
24.98,459,1177,1,8,0.035,0.908,0,1,1,3,4
0.0,818,124,4,1,0.095,0.802,1,1,1,4,4
1.18,28,1,97,17,0.541,0.006,0,0,0,1,0
5.43,8,6,38,4,0.845,0.309,0,0,1,5,4
197.57,479,155,2,2,0.08,0.668,0,1,2,4,4
82.15,564,1373,6,8,0.093,0.969,0,1,1,6,4
0.0,62,7,472,248,0.944,0.998,0,0,1,5,3
0.0,527,396,2,4,0.0,0.796,0,1,1,3,4
11.9,74,322,14,5,0.156,0.37,2,0,1,6,4
2.61,49,0,216,231,0.644,1.0,0,0,1,5,2
0.0,928,0,4,2,0.091,0.801,0,1,1,1,1
38.76,628,203,4,6,0.012,0.934,0,1,1,0,1
54.01,53,1986,5,5,0.0,0.927,0,1,0,2,4
10.61,109,0,6,7,0.057,1.0,0,1,0,6,4
2.23,14,0,332,314,0.848,0.91,0,0,0,7,3
16.93,248,2460,9,9,0.0,0.947,0,1,2,2,4
2.22,44,1,53,8,0.57,0.446,0,0,1,5,0
81.8,498,1303,9,4,0.01,1.0,0,1,1,3,4
73.14,916,1753,9,7,0.0,1.0,0,1,2,2,0
25.39,703,666,3,7,0.059,0.984,0,1,1,1,4
81.9,0,1571,4,2,0.068,0.719,0,1,1,3,4
39.14,322,1620,1,8,0.084,0.776,0,1,2,7,4
26.57,173,232,1,3,0.046,0.878,0,1,2,3,4
51.05,682,1138,9,9,0.004,0.884,0,1,2,1,4
50.86,332,1612,2,2,0.02,0.876,0,1,2,5,4
126.8,420,1741,9,5,0.019,0.896,0,1,2,6,4
0.0,352,1327,7,5,0.0,0.99,0,1,1,0,4
28.12,96,1680,6,8,0.094,0.904,0,1,0,7,4
47.15,110,1063,4,7,0.064,0.993,0,1,1,7,4
5.63,56,0,146,143,0.917,0.914,0,0,1,0,2
4.36,52,3,355,131,0.992,1.0,0,0,0,3,0
84.36,191,2043,1,1,0.103,0.901,0,1,2,5,4
58.72,179,926,1,5,0.043,0.856,0,1,1,6,4
0.02,67,1,344,189,0.848,1.0,0,0,1,5,3
68.16,934,991,3,9,0.123,0.742,0,1,1,1,4
111.24,549,1594,2,1,0.124,0.887,0,1,2,5,4
3.82,0,0,87,7,0.761,0.015,0,0,1,5,4
131.33,708,853,6,4,0.093,0.986,0,1,1,4,4
61.0,220,983,4,2,0.053,0.922,0,1,2,6,4
106.08,933,1856,8,8,0.0,0.678,0,1,1,6,4
60.46,366,611,8,7,0.013,0.8,0,1,1,5,4
0.0,76,0,414,252,0.89,0.873,0,0,1,4,0
53.29,948,530,9,6,0.079,0.996,0,1,2,7,4
34.49,608,2546,2,1,0.033,0.817,0,1,1,2,4
81.86,616,1638,5,3,0.0,0.972,0,1,1,5,4
3.32,48,1,415,124,0.937,0.995,0,0,1,5,0
0.0,7,4,328,408,0.985,0.899,0,0,2,3,0
27.62,382,1506,7,8,0.054,1.0,0,1,1,5,4
1.27,26,4,381,176,0.68,1.0,0,0,2,6,0
35.89,34,1301,7,4,0.021,0.96,0,1,1,7,4
138.67,348,1143,4,1,0.027,1.0,0,1,1,6,4
105.94,620,956,7,5,0.099,1.0,0,1,2,0,1
0.0,18,1,47,8,0.582,0.265,0,0,1,5,3
17.66,368,333,4,8,0.04,0.931,0,1,1,6,4
64.69,531,1757,9,3,0.0,1.0,0,1,2,2,4
0.0,312,1301,5,7,0.035,0.822,0,1,1,3,4
12.03,330,367,3,9,0.09,0.965,3,0,2,2,4
13.58,1013,809,9,4,0.061,1.0,0,1,1,3,4
52.13,454,568,3,3,0.05,0.961,0,1,2,5,4
0.0,0,0,62,2,0.014,0.161,0,0,2,1,4
57.02,0,1260,7,5,0.0,0.933,0,1,1,5,4
0.0,52,0,167,470,0.906,0.994,0,0,2,2,3
64.63,544,2388,2,6,0.01,0.936,0,1,1,6,4
58.63,880,802,3,7,0.025,0.83,0,1,1,0,4
3.58,12,2,90,13,0.652,0.678,0,0,1,7,0
101.51,748,257,6,6,0.062,1.0,0,1,1,2,4
56.97,375,549,6,6,0.061,0.907,0,1,1,0,4
66.29,803,646,3,1,0.138,0.802,0,1,1,6,4
107.96,118,1126,1,6,0.011,1.0,0,1,0,6,4
0.0,0,0,72,14,0.561,0.179,0,0,1,5,3
70.38,493,1268,1,8,0.05,0.846,0,1,1,2,4
22.05,790,1586,8,6,0.0,0.885,0,1,1,7,4
0.8,50,4,460,291,0.991,0.882,0,0,1,4,3
30.41,837,807,5,3,0.045,1.0,0,1,2,5,4
96.99,98,1379,2,6,0.032,0.993,0,1,1,0,3
3.25,667,547,8,2,0.014,0.929,0,1,1,7,4
9.89,31,0,32,19,0.805,0.099,0,0,1,1,4
2.86,51,1,79,15,0.416,0.38,0,0,0,5,3
54.02,516,583,4,5,0.063,0.877,0,1,1,7,4
100.58,743,639,6,2,0.006,0.747,0,1,1,4,4
88.75,557,198,5,4,0.113,0.762,0,1,2,5,4
0.0,533,1316,7,7,0.003,0.892,0,1,1,7,4
85.22,161,1609,7,3,0.025,0.888,0,1,1,1,3
2.3,53,0,202,251,1.0,0.983,0,0,0,6,3
40.08,67,404,1,5,0.24,0.485,3,0,1,3,3
25.74,301,1005,1,1,0.0,0.921,0,1,1,5,4
79.58,643,1126,7,3,0.0,0.88,0,1,1,3,3
23.84,1047,1377,8,1,0.034,0.899,0,1,1,7,4
76.15,777,1706,6,5,0.088,1.0,0,1,2,6,4
44.47,668,2075,8,5,0.092,0.881,0,1,1,3,4
0.0,35,0,157,394,0.907,0.905,0,0,2,7,3
0.0,50,5,244,271,0.741,0.973,0,0,1,2,0
22.33,286,262,4,6,0.0,0.723,0,1,1,3,4
38.48,320,361,12,8,0.165,0.379,3,0,1,4,4
95.67,225,1428,1,4,0.0,0.813,0,1,0,6,4
47.41,647,1780,1,9,0.0,0.702,0,1,2,5,4
15.63,320,1413,1,2,0.0,0.907,0,1,2,7,2
62.71,229,0,3,2,0.0,0.793,0,1,1,1,0
121.53,689,576,4,6,0.09,0.982,0,1,1,1,4
0.0,75,0,384,423,0.821,0.924,0,0,1,1,3
34.62,218,345,5,7,0.052,0.939,0,1,1,2,2
59.54,344,305,2,5,0.032,0.876,0,1,1,7,4
57.7,157,887,2,1,0.015,1.0,0,1,1,2,3
43.82,521,462,6,4,0.0,0.815,0,1,1,6,4
72.27,294,1150,3,2,0.0,1.0,0,1,0,6,4
64.65,217,357,9,7,0.0,0.81,0,1,1,1,4
94.26,980,1761,2,1,0.119,0.875,0,1,1,4,4
0.0,292,1163,2,7,0.072,1.0,0,1,1,1,4
46.53,300,2336,5,7,0.062,0.962,0,1,1,0,2
34.18,52,211,2,4,0.0,0.97,0,1,1,6,4
39.04,979,303,2,7,0.0,0.9,0,1,1,1,4
0.0,23,4,385,480,0.996,0.964,0,0,1,6,3
34.83,355,1839,9,5,0.0,0.901,0,1,0,1,4
66.47,355,1738,4,3,0.0,0.902,0,1,1,7,4
70.44,791,1297,6,5,0.009,0.906,0,1,2,1,4
85.59,0,990,3,2,0.0,0.947,0,1,1,0,4
33.25,233,1776,2,9,0.0,0.783,0,1,2,3,4
1.28,61,5,135,106,0.923,0.934,0,0,1,0,3
65.88,288,930,5,6,0.0,0.869,0,1,1,1,1
50.63,0,866,4,9,0.0,0.911,0,1,2,2,4
0.0,370,1426,8,2,0.067,0.847,0,1,2,5,4
12.84,600,1286,5,9,0.0,0.976,0,1,1,0,4
37.25,0,856,8,7,0.005,0.904,0,1,2,2,3
86.57,254,840,5,3,0.104,0.92,0,1,1,4,3
26.38,773,1235,3,5,0.02,0.827,0,1,0,6,4
0.0,39,7,162,465,0.939,0.946,0,0,1,6,0
0.19,34,0,26,12,0.39,0.092,0,0,1,5,4
100.35,207,1467,2,2,0.046,0.895,0,1,1,3,4
0.0,0,846,8,2,0.0,0.844,0,1,1,5,4
0.0,53,0,174,328,0.978,0.855,0,0,2,5,2
53.25,1016,1369,1,3,0.0,1.0,0,1,1,2,3
16.09,892,1140,9,1,0.018,0.923,0,1,2,7,4
27.44,279,0,8,7,0.031,0.985,0,1,1,7,4
1.51,50,0,163,370,0.911,0.917,0,0,1,6,3
88.63,140,1015,4,6,0.101,0.817,0,1,1,3,4
101.78,709,1511,5,7,0.027,0.801,0,1,1,5,1
123.04,572,1319,4,3,0.066,1.0,0,1,1,7,4
13.86,269,513,2,5,0.001,1.0,0,1,1,5,4
103.86,729,2618,8,3,0.0,0.806,0,1,1,3,4
24.37,592,854,5,2,0.02,1.0,0,1,1,5,4
91.66,529,622,7,9,0.062,0.859,0,1,1,0,4
63.81,490,388,5,7,0.079,0.889,0,1,1,1,4
143.33,830,1407,4,9,0.066,0.764,0,1,1,7,4
13.7,886,390,4,9,0.0,0.951,0,1,1,4,0
0.0,64,0,318,382,0.904,0.964,0,0,1,4,3
63.59,404,1210,5,1,0.072,0.93,0,1,2,7,4
122.64,1091,1867,4,4,0.027,0.887,0,1,1,4,4
32.1,216,223,1,6,0.0,0.773,0,1,1,1,4
2.65,88,0,220,471,0.917,0.911,0,0,1,3,3
8.0,402,916,6,5,0.0,0.806,0,1,0,4,4
1.24,126,3,403,403,0.921,0.952,0,0,1,6,3
3.99,89,0,400,295,0.774,0.94,0,0,2,0,0
97.41,699,176,4,7,0.0,0.982,0,1,2,1,4
2.82,39,0,122,229,1.0,0.874,0,0,1,3,2
53.52,7,1234,3,3,0.0,1.0,0,1,1,3,4
8.09,511,1942,8,1,0.031,0.86,0,1,1,3,4
1.79,115,0,113,152,1.0,0.949,0,0,1,7,3
5.27,260,344,3,4,0.244,0.737,4,1,1,4,4
39.55,497,751,6,9,0.096,0.923,0,1,1,3,4
15.95,9,1638,7,7,0.0,0.842,0,1,1,6,4
72.82,372,802,7,8,0.005,0.987,0,1,1,2,4
45.44,484,935,8,9,0.0,0.91,0,1,1,1,4
112.15,681,1614,7,4,0.0,0.918,0,1,2,3,4
37.72,397,221,6,2,0.1,0.532,1,0,1,0,3
2.09,53,7,455,409,0.828,0.928,0,0,1,7,0
7.1,376,503,6,8,0.028,0.831,0,1,1,5,4
12.98,574,1871,1,5,0.01,0.985,0,1,1,6,3
1.8,8,0,365,508,0.845,0.949,0,0,2,3,0
101.67,837,627,3,9,0.114,1.0,0,1,1,2,4
17.0,0,911,4,1,0.064,0.852,0,1,1,0,4
42.94,260,331,5,9,0.0,1.0,0,1,1,0,4
29.03,551,1320,4,7,0.033,0.967,0,1,2,6,4
131.39,232,888,5,2,0.019,0.959,0,1,1,6,4
21.62,0,311,12,1,0.196,0.101,2,1,1,3,3
38.28,868,554,8,3,0.102,0.844,0,1,1,1,4
1.88,25,0,473,473,0.924,0.869,0,0,1,7,3
34.25,448,0,8,8,0.067,0.851,0,1,1,7,4
53.39,972,2067,7,3,0.028,0.977,0,1,1,1,3
13.57,0,80,5,5,0.039,0.497,1,1,0,3,4
88.53,686,1641,5,3,0.0,0.854,0,1,1,4,4
113.7,321,145,4,6,0.033,0.879,0,1,1,7,4
48.08,207,704,7,5,0.011,1.0,0,1,1,3,4
56.77,378,1851,4,8,0.016,0.977,0,1,1,7,4
34.98,359,602,7,6,0.018,1.0,0,1,1,6,4
80.02,532,0,1,2,0.1,1.0,1,1,2,4,4
65.97,652,734,1,5,0.029,1.0,0,1,1,7,4
49.75,690,874,7,6,0.049,0.939,0,1,1,7,4
69.35,516,162,3,1,0.001,0.923,0,1,1,5,4
72.97,765,741,1,5,0.0,0.984,0,1,1,0,1
57.98,744,606,8,8,0.0,0.695,0,1,1,6,4
47.38,909,1287,4,1,0.065,0.848,0,1,1,2,4
0.71,56,1,371,359,1.0,1.0,0,0,1,6,2
2.41,34,2,174,219,0.901,0.99,0,0,0,4,2
26.9,122,1267,8,5,0.0,0.865,0,1,2,1,4
18.21,468,1102,5,2,0.09,0.872,0,1,1,0,4
32.68,740,1133,5,8,0.008,0.763,0,1,1,6,3
41.87,694,116,7,2,0.01,0.819,0,1,1,1,4
0.0,51,4,376,486,0.756,1.0,0,0,1,4,3
0.0,308,1664,1,8,0.027,0.792,0,1,1,4,4
8.59,153,264,7,7,0.026,0.456,2,1,1,4,4
77.86,514,1076,7,6,0.047,0.959,0,1,1,4,4
57.95,810,1220,4,4,0.01,0.993,0,1,1,1,4
67.49,0,324,5,9,0.07,0.759,0,1,1,6,4
32.17,694,1548,1,6,0.0,0.954,0,1,2,7,2
6.69,315,888,2,7,0.131,1.0,0,1,1,3,4
2.02,23,2,220,341,1.0,0.995,0,0,1,4,0
4.68,30,1,161,320,0.975,0.965,0,0,1,2,2
23.87,498,658,9,4,0.004,0.872,0,1,2,5,4
55.93,666,1849,7,1,0.071,0.885,0,1,0,2,2
61.94,459,2255,3,8,0.076,0.859,0,1,2,5,4
36.16,601,900,8,3,0.132,1.0,0,1,1,3,4
0.0,862,1240,6,4,0.0,0.992,0,1,2,6,0
106.02,938,581,7,8,0.108,1.0,0,1,1,6,4
2.4,109,0,323,188,0.939,0.997,0,0,1,3,0
96.14,1589,1110,4,4,0.111,0.384,1,1,1,5,4
70.38,748,940,3,3,0.0,0.874,0,1,2,7,4
6.98,10,3,67,11,0.578,0.101,0,0,1,0,4
2.88,28,0,76,13,0.687,0.027,0,0,1,1,4
0.0,461,368,1,8,0.0,0.768,0,1,1,2,4
34.91,470,263,8,6,0.0,0.257,3,1,1,0,4
80.25,250,2031,2,9,0.0,0.924,0,1,1,6,4
0.0,358,0,7,6,0.024,1.0,0,1,2,6,4
66.59,315,307,2,7,0.014,0.847,0,1,1,3,1
93.49,577,850,4,3,0.036,0.9,0,1,2,6,4
0.0,549,1015,6,2,0.045,1.0,0,1,1,0,4
65.35,82,1377,3,9,0.01,0.85,0,1,0,3,4
84.97,0,2429,3,5,0.042,0.747,0,1,2,2,4
9.13,541,706,5,6,0.009,0.75,0,1,1,7,4
85.86,621,840,8,9,0.0,0.831,0,1,0,5,4
0.95,50,0,408,191,0.779,0.981,0,0,2,2,3
0.43,74,3,438,408,0.86,0.897,0,0,1,1,0
0.73,270,731,3,7,0.0,0.949,0,1,2,6,4
26.27,16,36,7,2,0.184,1.0,2,0,2,0,4
2.85,916,1742,8,1,0.032,0.873,0,1,2,1,4
0.0,585,1112,3,2,0.029,0.912,0,1,1,0,2
2.43,241,2325,6,2,0.135,0.794,0,1,1,7,4
1.62,10,0,397,310,0.986,0.99,0,0,1,7,2
161.09,536,147,1,2,0.035,0.886,1,1,1,4,4
55.02,671,2538,2,2,0.042,0.716,0,1,2,7,4
1.14,70,0,243,439,0.953,0.932,0,0,0,3,3
14.53,11,38,8,1,0.044,0.882,3,1,1,6,4
0.0,615,1949,4,4,0.0,0.957,0,1,1,2,4
2.57,38,0,289,317,0.86,0.921,0,0,1,2,3
70.37,474,1587,9,1,0.0,0.966,0,1,2,5,3
6.52,23,2,44,3,0.773,0.135,0,0,0,1,0
27.16,473,2144,4,2,0.007,0.864,0,1,1,4,4
8.19,652,1954,9,5,0.064,0.935,0,1,1,6,2
49.07,322,0,1,5,0.035,0.752,0,1,1,7,4
36.25,714,651,7,5,0.035,0.951,0,1,1,3,4
85.21,283,1137,2,7,0.03,1.0,0,1,1,3,4
0.0,0,0,404,100,0.929,1.0,0,0,1,1,0
53.37,707,762,4,9,0.0,0.99,0,1,1,5,2
183.54,1056,625,1,1,0.08,0.778,0,1,1,6,4
20.14,55,1373,9,1,0.07,0.993,0,1,1,6,4
60.76,714,1378,4,2,0.016,0.822,0,1,1,2,3
0.0,57,0,463,146,0.679,0.863,0,0,1,1,2
115.52,812,1694,8,2,0.091,0.762,0,1,1,3,4
0.0,25,1,67,13,0.311,0.163,0,0,0,4,4
48.02,15,369,8,7,0.034,0.98,0,1,1,4,4
26.76,1100,491,6,4,0.058,0.801,0,1,1,5,4
35.35,1027,1043,2,6,0.062,0.871,0,1,1,0,4
30.16,770,694,5,6,0.058,0.844,0,1,1,0,4
4.04,4,0,245,469,1.0,1.0,0,0,1,3,0
93.05,370,871,3,3,0.042,1.0,0,1,1,0,4
105.77,1019,2022,6,2,0.004,0.959,0,1,1,4,4
28.64,867,1306,6,8,0.026,1.0,0,1,1,1,4
5.32,62,1,201,490,0.934,0.984,0,0,0,3,0
80.23,184,1707,6,8,0.017,1.0,0,1,2,1,0
19.18,192,327,6,4,0.0,0.447,1,0,1,7,4
42.28,448,1482,7,6,0.012,0.949,0,1,1,7,4
163.95,936,1080,8,8,0.0,0.903,0,1,1,2,4
0.0,0,0,493,151,0.878,0.952,0,0,1,0,3
75.27,0,1866,2,9,0.035,0.991,0,1,2,4,4
1.71,28,0,492,421,1.0,0.931,0,0,1,3,3
85.73,354,1333,9,7,0.0,0.958,0,1,1,1,4
1.62,18,0,211,344,0.925,1.0,0,0,2,4,2
0.0,613,1437,9,7,0.0,0.801,0,1,1,4,4
42.83,540,350,4,6,0.022,0.962,0,1,2,6,4
70.42,240,1099,3,6,0.037,0.779,0,1,1,7,4
3.44,27,0,93,4,0.683,0.12,0,0,1,6,0
59.67,241,1025,7,4,0.052,0.877,0,1,1,6,4
0.0,12,948,2,2,0.008,1.0,0,1,2,2,4
54.67,505,1746,4,9,0.045,0.91,0,1,1,5,0
26.4,286,17,3,3,0.0,0.96,0,1,1,5,4
1.24,16,6,76,13,0.453,0.4,0,0,2,5,4
48.61,86,1819,8,4,0.094,0.939,0,1,1,4,2
52.69,758,1175,3,7,0.001,0.708,0,1,1,6,4
3.14,28,1,21,10,0.514,0.189,0,0,1,6,0
72.2,685,853,8,8,0.053,0.82,0,1,2,5,4
43.05,285,421,8,6,0.004,0.781,0,1,1,3,4
122.02,814,2096,9,2,0.0,0.632,0,1,1,7,4
111.27,543,2735,4,6,0.0,1.0,0,1,0,2,4
47.62,548,789,2,9,0.009,1.0,0,1,1,1,4
16.3,913,2524,9,9,0.109,0.862,0,1,1,3,2
0.37,78,0,394,111,0.803,0.904,0,0,1,3,3
0.0,0,1084,8,2,0.0,1.0,0,1,1,5,3
62.92,457,1006,4,8,0.008,0.905,0,1,1,5,2
3.63,73,0,401,363,0.953,0.874,0,0,1,6,0
1.28,30,0,360,429,1.0,1.0,0,0,1,4,3
3.57,3,0,67,5,0.742,0.126,0,0,1,1,0
66.08,303,337,7,4,0.0,0.891,0,1,2,6,4
0.0,386,1075,5,7,0.042,0.709,0,1,1,1,4
17.38,70,411,9,9,0.107,0.396,4,0,1,4,3
28.55,456,478,8,4,0.0,0.776,0,1,1,0,4
34.78,920,981,3,3,0.118,0.917,0,1,1,4,4
2.16,23,1,150,132,0.965,0.916,0,0,1,2,3
84.63,318,740,4,9,0.034,0.839,0,1,1,6,4
0.0,796,969,2,5,0.0,0.829,0,1,1,2,4
164.41,1072,551,2,1,0.117,0.565,1,1,0,4,4
0.0,363,1210,8,1,0.176,0.857,0,1,1,4,4
1.3,85,0,387,427,0.97,0.957,0,0,2,5,0
30.05,204,1614,3,3,0.056,0.861,0,1,1,1,4
85.87,60,1483,3,3,0.0,0.977,0,1,1,6,4
49.89,646,1918,7,2,0.0,0.746,0,1,1,1,4
8.6,304,1378,2,3,0.057,0.888,0,1,1,6,4
90.46,405,1377,1,5,0.024,0.861,0,1,2,6,4
12.46,0,0,7,5,0.141,0.515,4,0,1,7,4
69.73,650,620,6,4,0.038,0.927,0,1,2,7,3
47.02,514,1009,9,4,0.012,0.846,0,1,1,0,4
0.0,479,149,6,9,0.096,0.986,0,1,1,7,4
33.18,0,262,7,5,0.032,0.876,0,1,1,3,0
3.52,10,0,67,13,0.848,0.265,0,0,2,6,4
93.26,179,879,2,9,0.0,0.897,0,1,1,5,4
59.94,148,1020,2,3,0.0,0.861,0,1,1,4,4
36.49,879,797,5,9,0.0,0.978,0,1,1,2,4
97.81,275,656,5,2,0.009,0.636,0,1,1,3,4
2.81,57,0,408,141,0.843,0.987,0,0,1,0,3
39.96,364,2081,7,2,0.0,0.965,0,1,1,7,4
3.16,59,0,353,132,0.883,0.88,0,0,1,6,2
27.72,133,1014,9,4,0.011,0.903,0,1,0,1,4
79.4,443,848,5,4,0.0,0.872,0,1,1,3,4
0.0,44,3,357,131,0.952,0.893,0,0,1,0,3
0.0,335,1087,4,4,0.056,0.974,0,1,1,3,4
33.68,779,1571,8,8,0.026,0.885,0,1,1,3,4
0.0,96,5,263,355,0.819,0.913,0,0,1,7,3
79.26,220,971,8,2,0.046,0.951,0,1,2,7,4
0.0,60,6,193,429,0.871,0.896,0,0,1,2,0
83.14,895,46,7,5,0.071,0.951,0,1,1,5,4
114.06,154,595,7,5,0.05,1.0,0,1,0,7,3
0.0,0,0,164,297,0.819,0.973,0,0,1,0,3
1.3,0,7,379,305,0.838,0.881,0,0,1,5,3
46.79,850,376,5,1,0.027,0.834,0,1,1,2,4
0.0,18,0,41,14,0.652,0.241,0,0,2,0,0
5.38,11,0,71,6,0.512,0.2,0,0,2,6,3
27.91,418,185,8,5,0.0,0.479,2,0,2,1,4
83.47,786,1220,4,6,0.0,0.833,0,1,0,4,4
62.28,333,1665,1,5,0.0,1.0,0,1,1,4,4
4.41,40,0,41,18,0.359,0.281,0,0,1,2,0
39.46,351,816,4,5,0.01,0.999,0,1,0,1,4
1.04,462,154,8,7,0.01,0.905,0,1,1,0,4
24.39,437,793,1,8,0.0,0.983,0,1,1,7,4
0.0,338,953,6,2,0.015,0.796,0,1,1,2,4
55.12,475,1253,6,5,0.067,0.768,0,1,1,2,3
94.46,629,736,2,3,0.0,0.794,0,1,1,7,4
79.84,754,989,4,3,0.0,1.0,0,1,1,3,4
31.86,882,1497,5,4,0.006,0.854,0,1,1,2,3
37.52,566,541,8,6,0.051,1.0,0,1,0,0,3
1.41,92,0,186,148,0.699,0.857,0,0,1,0,3
68.04,782,222,4,5,0.064,0.868,0,1,1,3,4
0.58,20,0,60,7,0.734,0.008,0,0,1,2,3
2.94,46,0,118,138,0.853,0.973,0,0,2,7,3
10.0,4,1000,6,2,0.0,1.0,0,1,1,1,4
0.0,872,1183,4,9,0.0,0.974,0,1,1,3,4
84.28,351,2047,2,4,0.0,0.931,0,1,1,2,0
14.16,1169,672,1,1,0.062,0.834,1,1,1,5,4
2.7,30,0,36,5,0.564,0.325,0,0,1,0,3
0.0,43,7,273,112,0.986,0.914,0,0,0,5,3
68.07,777,1672,6,6,0.0,0.785,0,1,2,5,4
21.56,520,924,1,5,0.034,0.975,0,1,1,3,1
0.0,85,3,358,151,0.861,0.994,0,0,1,4,2
85.27,448,1649,7,4,0.043,0.85,0,1,1,2,4
0.0,711,1593,7,5,0.046,0.822,0,1,1,6,4
125.94,908,611,4,4,0.014,1.0,0,1,1,5,4
33.8,0,1591,2,9,0.0,0.888,0,1,1,6,4
18.15,83,552,8,1,0.092,0.463,2,1,1,2,4
0.0,213,1125,5,4,0.048,0.893,0,1,2,6,4
51.44,432,325,7,8,0.051,0.793,0,1,2,0,4
6.81,893,1137,5,9,0.051,1.0,0,1,1,6,4
47.36,179,0,6,8,0.0,0.974,0,1,1,1,4
56.23,774,0,2,6,0.0,0.872,0,1,1,0,4
24.06,762,38,1,1,0.0,0.836,0,1,1,5,4
3.06,31,0,85,16,0.208,0.357,0,0,2,6,3
1.18,34,1,483,146,1.0,0.933,0,0,1,3,0
0.0,66,0,213,180,0.906,0.941,0,0,1,1,3
21.28,463,1528,8,2,0.0,0.906,0,1,2,7,4
1.66,43,0,258,401,0.951,1.0,0,0,1,6,3
0.39,27,0,42,13,0.172,0.12,0,0,1,2,4
112.31,333,679,3,6,0.0,0.847,0,1,0,2,4
25.49,552,0,4,9,0.003,0.916,0,1,1,7,4
0.0,50,0,175,482,0.888,0.974,0,0,1,4,2
55.2,1616,905,2,4,0.004,0.933,0,1,1,6,4
0.03,10,0,81,7,0.634,0.077,0,0,0,4,0
34.97,930,1525,7,7,0.035,0.775,0,1,2,2,4
33.97,817,2260,4,1,0.005,0.844,0,1,1,4,4
34.64,1138,1837,9,8,0.0,0.884,0,1,1,6,2
70.01,681,980,5,5,0.03,0.931,0,1,1,6,4
0.0,32,5,95,10,0.368,0.0,0,0,2,5,3
32.92,711,787,2,4,0.025,0.789,0,1,1,2,4
0.72,26,0,276,230,0.887,0.93,0,0,2,5,3
27.84,619,227,2,7,0.013,0.911,0,1,1,7,4
0.0,284,739,6,5,0.0,0.936,0,1,2,5,3
100.05,437,1156,9,5,0.0,1.0,0,1,1,6,4
56.2,553,759,7,3,0.0,0.671,0,1,1,6,4
79.43,399,876,1,6,0.001,0.738,0,1,1,4,4
48.54,475,1665,4,2,0.055,0.856,0,1,1,3,4
3.68,64,5,275,280,0.803,0.883,0,0,2,2,3
2.11,29,1,57,3,0.238,0.573,0,0,1,6,3
51.31,289,1225,6,3,0.042,0.884,0,1,1,4,4
0.0,704,273,7,3,0.0,0.791,0,1,2,3,3
0.0,395,845,4,9,0.01,0.813,0,1,1,0,4
91.36,278,170,6,5,0.073,0.687,0,1,1,6,0
36.85,731,890,1,3,0.032,0.806,0,1,1,6,0
77.98,301,1530,6,8,0.076,0.921,0,1,1,7,4
108.48,787,1380,6,1,0.0,0.974,0,1,2,0,4
20.08,584,983,1,4,0.0,0.905,0,1,1,1,3
1.39,0,0,47,13,0.471,0.531,0,0,1,7,3
51.59,312,569,6,9,0.0,1.0,0,1,1,4,4
5.69,41,3,36,6,0.578,0.289,0,0,1,7,0
0.0,70,7,330,301,0.925,0.993,0,0,1,2,3
201.37,582,0,2,4,0.0,0.792,1,1,1,4,4
3.34,0,0,469,394,0.766,0.922,0,0,2,6,3
142.48,873,242,1,2,0.048,0.747,1,1,1,7,4
11.66,154,2269,8,9,0.039,0.943,0,1,1,2,2
61.68,123,1725,5,2,0.0,0.835,0,1,2,4,4
18.82,575,563,7,7,0.077,0.929,0,1,0,0,4
2.83,18,0,143,214,0.91,0.964,0,0,1,6,3
73.01,621,0,6,5,0.0,1.0,0,1,1,4,4
1.93,37,5,35,11,0.824,0.422,0,0,1,7,3
41.15,710,1472,5,3,0.081,0.869,0,1,1,7,4
84.77,571,1149,1,5,0.002,0.887,0,1,1,2,4
12.23,655,1778,9,6,0.0,1.0,0,1,1,3,4
1.18,47,0,152,371,0.871,0.935,0,0,1,0,3
0.0,71,0,289,405,0.815,0.992,0,0,1,2,3
25.56,492,917,3,3,0.0,0.915,0,1,1,4,4
4.54,460,1280,2,3,0.005,0.818,0,1,1,3,4
81.24,427,198,5,7,0.024,0.912,0,1,1,7,4
0.0,0,288,6,3,0.076,1.0,0,1,1,3,4
39.24,0,1557,1,5,0.0,0.953,0,1,0,6,4
20.75,588,829,9,2,0.046,0.873,0,1,2,1,4
6.23,11,0,68,11,0.682,0.0,0,0,1,5,3
61.89,204,580,6,6,0.0,0.917,0,1,2,5,3
77.43,447,2080,6,1,0.0,0.981,0,1,1,7,4
0.0,82,0,159,191,0.781,1.0,0,0,1,6,3
0.0,418,684,3,2,0.008,1.0,0,1,1,1,2
29.39,1084,195,1,3,0.056,0.678,0,1,1,5,4
64.02,493,916,3,2,0.054,0.779,0,1,2,2,4
58.6,354,919,2,1,0.0,0.849,0,1,2,7,3
68.73,494,1163,8,2,0.0,1.0,0,1,1,0,4
0.49,68,3,439,175,0.952,1.0,0,0,2,2,3
5.5,0,0,90,2,0.423,0.233,0,0,1,7,4
0.0,97,270,7,3,0.004,0.962,0,1,2,6,4
26.11,551,1628,4,4,0.068,0.931,0,1,1,3,4
92.04,493,1080,9,4,0.0,0.881,0,1,1,4,4
47.56,697,1217,2,5,0.026,0.814,0,1,1,0,4
61.55,705,525,8,4,0.022,1.0,0,1,2,4,4
30.14,688,1930,5,1,0.0,1.0,0,1,1,1,4
49.21,860,1059,4,8,0.009,0.743,0,1,1,7,4
19.7,1213,1448,1,5,0.084,0.925,0,1,1,6,4
101.52,0,1459,8,4,0.0,0.905,0,1,1,4,4
3.6,9,0,75,16,0.678,0.34,0,0,1,5,0
92.65,0,1117,2,2,0.009,0.84,0,1,1,1,4
82.15,811,1125,1,6,0.0,0.831,0,1,1,6,4
23.2,1043,1648,1,1,0.0,0.973,0,1,0,6,4
66.13,503,1081,5,7,0.059,0.782,0,1,1,4,4
8.51,0,652,2,3,0.0,0.845,0,1,2,4,4
60.23,643,1015,9,3,0.022,0.912,0,1,1,1,4
54.02,235,622,6,6,0.041,0.737,0,1,1,0,4
56.33,408,1420,3,3,0.063,0.916,0,1,1,5,4
0.0,179,1062,8,3,0.0,0.82,0,1,1,7,4
66.33,0,800,8,6,0.036,0.916,0,1,2,2,4
63.45,878,1505,5,6,0.0,1.0,0,1,1,7,4
0.0,34,1,273,166,0.934,0.895,0,0,1,3,3
48.36,175,1152,6,4,0.013,1.0,0,1,1,5,3
93.47,381,1421,7,4,0.026,0.887,0,1,1,2,0
78.79,818,1406,2,6,0.04,0.868,0,1,1,3,4
0.0,0,7,291,237,0.935,0.835,0,0,1,1,0
118.02,752,0,5,9,0.0,0.887,0,1,1,6,4
58.16,319,1623,9,4,0.0,0.983,0,1,1,5,4
64.79,585,1681,4,6,0.0,0.802,0,1,1,5,4
84.09,1172,853,2,7,0.02,0.947,0,1,1,2,4
0.0,37,5,59,9,0.729,0.035,0,0,2,2,0
71.62,90,1029,1,3,0.015,0.845,0,1,1,2,4
9.31,0,871,4,7,0.165,0.954,0,1,1,1,4
42.4,378,1072,9,7,0.0,0.83,0,1,2,5,4
23.84,502,1002,8,8,0.018,0.934,0,1,1,0,4
29.65,403,483,9,7,0.046,0.935,0,1,1,5,4
2.42,45,0,420,347,0.896,0.904,0,0,1,3,3
0.0,107,3,143,207,0.996,0.92,0,0,2,3,3
3.14,49,6,335,385,0.98,0.97,0,0,1,6,3
47.18,0,147,3,1,0.049,1.0,0,1,1,2,4
108.37,675,1066,7,8,0.01,0.819,0,1,2,3,4
2.77,80,2,478,479,1.0,0.909,0,0,2,0,3
0.0,472,0,5,9,0.042,0.822,0,1,1,1,4
27.92,99,1451,1,1,0.0,0.912,0,1,1,0,4
103.96,191,1263,6,8,0.001,1.0,0,1,1,5,4
1.75,434,415,1,7,0.0,0.876,0,1,1,0,4
74.38,297,523,1,2,0.044,0.843,0,1,1,6,4
65.42,140,1143,2,7,0.0,0.946,0,1,1,7,4
49.67,282,659,4,4,0.171,1.0,0,1,1,2,4
74.61,219,659,6,7,0.002,0.837,0,1,1,1,4
37.58,765,8,9,8,0.0,0.989,0,1,1,6,4
1.19,38,0,96,7,0.635,0.0,0,0,2,1,4
31.4,341,1157,2,6,0.0,0.957,0,1,1,7,4
0.0,69,0,408,206,0.896,0.96,0,0,0,6,3
66.75,730,1669,4,5,0.004,0.982,0,1,1,3,4
0.64,0,1298,4,9,0.125,0.899,0,1,1,7,4
4.17,98,744,8,2,0.033,0.762,0,1,1,2,4
0.0,31,0,75,1,0.649,0.0,0,0,1,3,0
66.12,759,1238,3,5,0.002,0.888,0,1,1,4,4
0.0,69,4,138,364,0.881,0.912,0,0,1,5,3
3.85,6,0,95,8,0.499,0.339,0,0,1,5,3
0.0,13,1479,5,9,0.0,0.949,0,1,1,4,4
55.43,723,1019,8,6,0.0,0.853,0,1,1,5,4
85.34,264,248,8,9,0.03,0.732,0,1,1,0,4
17.66,543,1894,6,6,0.108,1.0,0,1,1,1,4
24.35,38,1868,6,6,0.0,0.858,0,1,1,3,4
87.02,641,1589,7,4,0.062,0.889,0,1,1,6,4
28.37,236,535,1,9,0.104,0.945,0,1,1,1,4
102.45,347,741,9,7,0.048,0.889,0,1,1,6,4
58.08,518,1399,3,6,0.066,0.832,0,1,1,4,4
2.46,59,9,256,349,0.893,0.916,0,0,1,3,3
81.27,483,1723,5,7,0.0,0.91,0,1,1,6,4
1.27,35,0,312,344,0.748,0.931,0,0,1,0,0
66.67,85,780,3,2,0.001,0.893,0,1,1,2,4
72.53,466,60,5,9,0.066,0.997,0,1,1,0,4
3.17,11,1,74,11,0.547,0.075,0,0,1,7,3
17.99,540,261,8,4,0.184,0.575,2,0,0,2,3
14.84,361,1662,1,9,0.045,0.898,0,1,1,3,4
0.54,75,0,480,193,0.818,0.935,0,0,2,4,3
106.34,512,1864,1,4,0.044,0.694,0,1,1,5,4
77.08,391,682,1,7,0.029,0.947,0,1,1,4,1
44.86,158,223,9,8,0.344,0.538,1,1,1,5,4
34.89,230,1071,5,7,0.041,0.928,0,1,1,0,4
87.38,297,298,4,4,0.0,0.961,0,1,2,7,4
37.28,752,901,6,5,0.069,0.96,0,1,0,4,4
5.65,15,0,59,3,0.43,0.0,0,0,1,1,0
31.49,451,2136,1,2,0.0,0.994,0,1,2,3,4
22.04,715,672,1,1,0.005,0.991,0,1,1,3,4
90.7,415,99,6,7,0.081,0.9,0,1,2,2,4
82.73,528,869,7,3,0.0,0.929,0,1,0,2,4
16.12,646,1277,2,3,0.097,0.798,0,1,2,7,4
0.0,0,40,3,1,0.029,0.928,0,1,1,4,4
67.47,285,1633,9,3,0.0,0.805,0,1,1,3,4
35.05,252,181,1,4,0.25,0.254,3,1,1,1,4
104.3,409,1193,1,5,0.0,0.878,0,1,1,3,4
12.97,1061,89,3,7,0.005,0.913,0,1,0,7,4
50.78,245,1175,1,9,0.0,0.841,0,1,2,4,4
43.03,715,1519,6,9,0.033,0.847,0,1,1,7,3
0.0,41,1153,6,2,0.016,0.764,0,1,2,4,4
49.75,526,1757,7,4,0.005,1.0,0,1,1,6,0
102.62,546,1934,3,8,0.0,0.864,0,1,1,6,4
68.78,18,1482,6,8,0.066,0.884,0,1,1,3,4
76.79,711,1129,3,4,0.053,0.74,0,1,1,4,4
27.95,645,974,1,3,0.084,0.968,0,1,1,2,4
53.95,277,2312,8,6,0.0,0.909,0,1,1,5,4
32.09,193,1834,1,6,0.0,0.993,0,1,1,4,4
39.61,265,384,8,3,0.0,0.92,0,1,1,7,4
31.97,278,0,4,9,0.045,0.692,4,0,1,7,4
52.05,758,1921,6,6,0.0,1.0,0,1,2,5,4
29.82,176,1998,5,1,0.016,0.889,0,1,1,6,4
28.27,609,558,3,1,0.0,0.899,0,1,1,5,4
3.62,49,0,380,228,1.0,0.961,0,0,1,0,2
52.88,1205,1480,4,6,0.074,0.903,0,1,1,6,4
2.95,93,0,468,225,0.978,0.955,0,0,1,1,3
41.68,0,1670,6,4,0.011,0.866,0,1,2,6,4
93.85,154,1729,2,7,0.061,0.882,0,1,1,7,4
2.9,38,1,151,223,0.828,0.935,0,0,1,4,0
58.33,746,1447,3,7,0.0,0.906,0,1,1,5,4
0.0,52,1,383,244,0.887,0.923,0,0,1,6,3
37.66,1161,1731,8,8,0.012,0.836,0,1,2,6,4
56.24,1014,1738,5,3,0.0,0.897,0,1,1,5,3
0.0,434,1485,4,5,0.0,1.0,0,1,1,5,4
46.65,812,997,3,5,0.02,0.897,0,1,1,1,4
0.81,206,1309,4,5,0.01,0.964,0,1,1,3,4
44.24,629,800,7,8,0.0,0.733,0,1,2,4,4
27.13,848,380,7,1,0.085,1.0,0,1,1,0,4
5.11,68,0,413,107,0.948,0.881,0,0,1,6,3
3.32,95,0,417,321,0.973,0.994,0,0,1,3,3
1.94,76,0,467,155,0.992,1.0,0,0,1,5,3
94.92,356,1617,6,7,0.026,0.968,0,1,1,3,3
0.0,71,1,427,323,0.951,0.993,0,0,1,0,3
92.65,32,1262,6,2,0.049,0.781,0,1,0,5,4
46.05,378,1423,7,7,0.09,0.778,0,1,1,0,1
32.97,366,1253,9,4,0.0,1.0,0,1,0,2,4
1.83,3,1,21,7,0.615,0.136,0,0,1,0,0
125.12,1253,532,7,4,0.011,0.898,0,1,1,2,4
0.0,625,0,7,5,0.0,1.0,0,1,1,5,4
5.73,732,1770,2,4,0.0,0.787,0,1,1,5,4
0.03,67,0,235,313,0.961,0.971,0,0,1,2,0
0.0,734,2028,4,7,0.026,0.885,0,1,1,2,4
43.49,0,892,1,5,0.056,0.994,0,1,2,6,0
77.39,787,1420,9,8,0.067,0.94,0,1,1,7,4
38.58,858,1004,9,9,0.137,0.921,0,1,1,5,4
75.97,830,1855,4,9,0.0,0.998,0,1,2,5,4
1.8,94,0,142,473,0.866,0.872,0,0,1,5,2
52.78,573,1169,7,3,0.0,1.0,0,1,1,4,4
43.32,97,1825,3,9,0.015,0.793,0,1,2,3,4
78.21,523,998,9,7,0.0,1.0,0,1,1,2,4
0.0,610,871,8,3,0.004,0.725,0,1,1,3,4
0.66,23,0,103,387,0.955,0.981,0,0,1,6,3
0.0,343,1713,1,1,0.0,0.811,0,1,2,1,4
0.29,38,3,26,18,0.69,0.264,0,0,1,5,0
114.22,831,819,4,7,0.051,0.999,0,1,2,5,4
50.15,0,1407,4,2,0.0,0.903,0,1,1,3,4
28.99,259,506,9,1,0.034,1.0,0,1,1,2,4
16.02,259,1214,6,4,0.038,0.975,0,1,1,3,4
112.03,329,1683,5,5,0.0,0.921,0,1,1,7,1
0.0,795,759,9,8,0.065,0.984,0,1,1,4,0
27.59,751,0,3,5,0.0,0.929,0,1,2,1,4
0.99,7,0,128,272,0.909,0.929,0,0,1,6,0
0.0,779,1166,7,3,0.0,0.819,0,1,1,5,4
0.0,564,455,9,4,0.034,0.942,0,1,1,4,3
0.0,35,3,189,303,0.975,0.911,0,0,1,4,0
0.0,316,2390,5,8,0.0,0.867,0,1,1,2,0
108.28,0,2150,3,8,0.0,0.945,0,1,1,1,4
14.55,647,268,8,1,0.0,1.0,0,1,1,2,4
2.22,55,2,264,129,0.892,0.99,0,0,1,2,3
137.94,370,328,6,9,0.049,0.911,0,1,1,6,4
0.0,1093,1639,7,4,0.0,0.782,0,1,1,5,4
13.63,801,1424,4,2,0.0,0.919,0,1,1,7,4
49.86,772,1014,1,4,0.053,0.806,0,1,1,6,4
28.97,449,849,7,4,0.012,0.93,0,1,1,3,4
2.82,28,2,76,14,0.469,0.215,0,0,1,7,0
77.21,610,888,1,7,0.0,0.867,0,1,1,0,4
21.18,0,1068,7,7,0.0,0.665,0,1,1,1,4
33.94,682,1439,4,1,0.056,0.758,0,1,1,5,4
86.73,696,1058,2,1,0.029,0.978,0,1,1,2,3
0.0,20,0,26,17,0.473,0.003,0,0,1,1,3
53.67,580,349,2,1,0.053,0.776,0,1,1,1,4
67.96,337,335,7,3,0.056,0.915,0,1,1,1,4
48.75,417,0,8,4,0.013,0.855,0,1,1,5,4
0.0,67,0,164,102,1.0,0.907,0,0,2,4,0
11.42,609,655,4,6,0.068,0.8,0,1,1,4,4
2.94,1,8,99,14,0.92,0.143,0,0,2,0,4
45.96,717,862,1,2,0.033,0.978,0,1,1,0,4
3.34,39,0,183,122,0.971,1.0,0,0,1,2,0
45.86,323,1035,5,8,0.13,1.0,0,1,1,5,4
76.11,314,868,9,2,0.0,0.907,0,1,1,0,4
35.2,600,1119,9,6,0.028,0.858,0,1,1,0,4
149.38,632,375,8,7,0.047,0.928,0,1,1,6,4
103.9,536,1345,2,8,0.033,0.825,0,1,1,4,4
24.89,583,1539,2,3,0.025,0.8,0,1,1,1,4
50.52,819,467,2,2,0.0,1.0,0,1,2,2,4
1.38,57,5,125,266,0.894,0.996,0,0,1,2,3
26.97,96,1613,6,9,0.109,0.785,0,1,1,4,4
102.88,687,354,3,7,0.0,0.905,0,1,2,1,4
0.0,353,0,5,2,0.022,0.678,4,0,1,6,4
98.62,15,61,6,6,0.0,0.964,0,1,1,1,4
92.45,683,1413,3,5,0.0,1.0,0,1,1,5,4
0.0,1045,1580,7,3,0.014,0.709,0,1,2,2,3
40.97,936,1059,6,9,0.054,0.968,0,1,1,3,4
0.0,0,986,5,2,0.066,1.0,0,1,1,2,4
58.85,939,1238,1,1,0.0,0.842,0,1,1,7,4
80.63,384,755,6,1,0.043,0.989,0,1,2,1,4
50.0,790,1865,2,7,0.0,0.921,0,1,1,1,4
87.83,989,1145,7,8,0.098,0.831,0,1,0,1,4
0.0,674,1708,8,7,0.0,0.965,0,1,1,7,1
14.73,818,493,8,3,0.012,0.758,0,1,1,5,4
40.39,321,386,11,7,0.158,0.829,4,1,0,0,4
71.47,323,1240,4,3,0.0,0.938,0,1,1,6,4
0.0,5,0,48,3,0.282,0.252,0,0,1,5,3
35.01,210,1268,1,4,0.0,0.853,0,1,1,0,4
55.22,145,381,2,4,0.035,1.0,0,1,2,5,0
68.86,957,1038,8,4,0.0,0.848,0,1,1,7,0
0.0,49,0,362,500,1.0,0.932,0,0,1,0,0
66.81,467,991,4,8,0.015,0.989,0,1,1,3,4
30.43,200,576,8,6,0.108,0.902,0,1,1,7,4
0.0,883,1345,2,5,0.0,0.936,0,1,1,4,4
55.42,366,0,5,8,0.002,0.774,0,1,1,7,4
81.93,353,1802,5,7,0.034,1.0,0,1,1,7,4
72.37,384,976,2,5,0.044,1.0,0,1,1,1,0
0.08,46,0,293,297,0.94,0.934,0,0,2,0,3
71.79,453,1729,3,8,0.045,1.0,0,1,1,2,2
84.86,222,997,3,6,0.03,0.973,0,1,0,2,4
43.81,212,878,2,8,0.014,0.94,0,1,1,6,0
7.83,4,0,95,8,0.526,0.077,0,0,1,1,3
22.38,177,1079,6,1,0.018,0.937,0,1,1,1,3
36.7,578,1237,1,8,0.011,1.0,0,1,1,5,4
73.23,821,994,8,6,0.036,0.835,0,1,2,2,4
24.6,180,234,10,8,0.174,0.598,4,0,2,1,3
0.78,82,0,415,478,0.793,1.0,0,0,1,1,2
0.0,448,1480,1,8,0.0,0.716,0,1,2,7,4
5.3,18,2,74,5,0.479,0.185,0,0,1,5,0
0.0,24,2,453,188,0.895,0.942,0,0,1,6,3
0.0,645,1709,1,9,0.007,0.976,0,1,1,7,4
23.74,788,1663,8,1,0.073,0.966,0,1,1,2,4
0.0,784,895,8,7,0.0,0.821,0,1,1,5,4
83.13,647,1700,4,4,0.019,0.908,0,1,1,1,4
67.47,1148,754,4,8,0.124,0.914,0,1,1,0,4
40.43,614,438,8,4,0.03,0.939,0,1,1,5,4
7.46,544,511,4,4,0.02,0.884,0,1,1,3,4
0.0,52,2,375,120,0.729,0.902,0,0,2,4,3
2.3,80,0,124,489,0.956,0.958,0,0,1,3,3
51.01,230,1518,8,5,0.0,1.0,0,1,1,1,4
2.12,72,4,310,423,0.774,0.907,0,0,1,4,2
70.65,912,834,6,9,0.0,0.926,0,1,1,7,4
0.0,378,1036,9,7,0.065,0.761,0,1,1,2,4
40.75,446,1245,5,2,0.0,1.0,0,1,2,4,4
2.01,30,6,316,454,0.852,0.912,0,0,1,7,3
0.0,38,0,397,223,0.89,0.95,0,0,1,2,2
78.11,603,698,8,8,0.0,0.962,0,1,2,1,2
82.36,453,1630,1,4,0.0,0.777,0,1,1,4,4
95.78,352,716,5,4,0.0,0.921,0,1,1,2,4
0.58,15,0,83,2,0.752,0.12,0,0,1,1,3
0.0,0,2,321,143,0.829,0.984,0,0,0,5,3
3.16,22,0,60,2,0.618,0.047,0,0,1,5,4
0.0,254,1236,2,5,0.0,0.871,0,1,1,1,3
4.09,227,497,9,7,0.082,0.239,1,0,2,3,4
89.13,527,490,9,8,0.003,0.695,0,1,1,4,2
90.21,312,275,9,1,0.057,0.706,0,1,2,1,3
11.14,720,910,3,6,0.015,0.835,0,1,2,1,4
80.57,0,613,7,7,0.069,0.875,0,1,1,5,3
13.03,276,1196,5,9,0.0,0.736,0,1,1,2,4
0.31,17,2,507,491,0.981,0.97,0,0,1,2,3
88.55,328,1102,5,5,0.0,0.866,0,1,1,3,4
82.57,233,1177,1,5,0.008,0.898,0,1,1,0,4
63.42,485,1864,4,3,0.055,1.0,0,1,1,1,4
59.01,59,1660,9,6,0.055,1.0,0,1,2,3,3
0.0,391,928,8,6,0.0,0.827,0,1,1,4,4
68.5,821,343,6,2,0.137,0.971,0,1,1,3,4
0.25,812,1528,2,3,0.0,0.768,0,1,1,5,4
55.53,183,1750,4,2,0.04,0.917,0,1,2,5,4
80.63,434,1396,6,8,0.0,0.944,0,1,2,0,4
32.52,497,460,7,3,0.057,0.809,0,1,1,0,4
69.12,354,1573,4,2,0.0,0.956,0,1,1,2,4
47.15,637,1288,1,2,0.0,0.74,0,1,2,3,4
35.14,696,1534,6,7,0.016,0.944,0,1,1,2,4
120.97,885,542,8,2,0.027,0.79,0,1,1,4,4
1.11,71,4,186,406,1.0,1.0,0,0,1,6,2
42.03,530,1661,5,9,0.009,1.0,0,1,1,7,4
11.1,70,395,12,6,0.214,0.565,4,0,1,2,4
24.46,794,1363,6,8,0.051,0.884,0,1,1,1,4
3.37,607,1339,1,9,0.002,0.838,0,1,1,5,4
83.69,365,48,1,7,0.007,1.0,0,1,2,5,0
34.98,0,1218,4,8,0.0,0.866,0,1,1,7,4
100.44,567,911,1,9,0.064,0.873,0,1,2,1,4
0.0,72,5,336,288,0.912,0.949,0,0,2,7,3
0.0,17,0,26,17,0.164,0.155,0,0,1,5,0
9.24,0,1,96,1,0.61,0.118,0,0,1,6,3
50.64,481,1723,7,9,0.098,0.606,0,1,1,6,3
0.0,71,3,161,279,0.651,1.0,0,0,1,6,3
13.41,1274,1279,7,2,0.066,0.935,0,1,1,0,4
9.39,156,566,10,6,0.111,0.895,3,1,1,0,4
38.27,325,2445,5,5,0.079,0.968,0,1,1,5,4
39.73,362,561,1,1,0.022,0.544,1,1,2,3,4
2.23,978,940,2,4,0.02,0.857,0,1,1,5,4
61.41,575,1165,9,8,0.0,0.784,0,1,1,7,4
1.78,43,0,106,274,0.897,0.981,0,0,2,2,2
44.97,258,1236,4,6,0.045,0.943,0,1,1,7,4
110.19,430,543,9,6,0.032,1.0,0,1,1,2,4
18.23,689,1172,2,9,0.0,1.0,0,1,1,7,3
0.46,48,0,133,325,0.854,0.928,0,0,1,1,0
0.95,62,2,326,459,1.0,0.915,0,0,2,4,3
9.85,817,1040,1,7,0.035,0.939,0,1,1,1,4
2.96,60,10,168,479,0.915,0.924,0,0,0,4,0
54.13,218,1407,4,3,0.011,0.915,0,1,1,6,4
121.81,419,461,8,9,0.002,0.94,0,1,1,2,4
0.12,44,0,85,6,0.609,0.223,0,0,1,6,0
0.0,256,1114,2,8,0.073,0.811,0,1,1,2,4
3.32,50,2,314,338,0.9,0.962,0,0,1,6,3
13.85,695,1646,1,1,0.0,0.93,0,1,1,6,4
0.0,89,432,8,4,0.0,1.0,0,1,1,4,4
2.07,51,0,400,507,0.748,0.932,0,0,1,6,2
41.53,34,238,1,9,0.074,0.886,0,1,2,5,4
1.4,34,0,277,462,0.941,0.921,0,0,1,5,3
47.16,684,1485,7,6,0.088,1.0,0,1,1,6,4
65.79,933,257,7,5,0.0,0.984,0,1,1,1,4
0.0,30,0,265,377,0.992,1.0,0,0,1,1,3
93.25,357,1054,2,9,0.039,0.798,0,1,1,4,4
37.34,18,163,5,8,0.002,0.957,0,1,1,3,4
90.56,353,618,4,9,0.027,1.0,0,1,1,1,4
103.1,605,1162,4,4,0.007,0.994,0,1,1,6,1
84.06,193,0,9,5,0.039,0.759,0,1,1,0,4
56.59,406,244,2,8,0.123,0.749,0,1,1,6,4
0.78,17,0,447,208,0.881,0.974,0,0,1,7,3
0.0,267,0,3,1,0.131,0.618,0,1,2,7,4
63.65,0,787,8,2,0.054,0.909,0,1,1,5,4
63.93,451,79,6,5,0.085,0.772,0,1,1,3,4
59.86,772,630,6,9,0.063,1.0,0,1,2,6,2
0.0,49,3,160,368,0.849,0.933,0,0,1,0,3
122.08,771,1294,4,7,0.0,0.843,0,1,1,0,0
35.59,218,286,5,3,0.046,0.941,0,1,1,6,2
4.5,281,575,8,8,0.102,0.796,0,1,1,3,4
48.23,330,0,3,3,0.016,1.0,0,1,1,6,4
43.42,656,1489,1,8,0.0,0.895,0,1,1,5,4
0.0,740,180,4,4,0.0,0.95,0,1,1,0,4
81.09,619,889,8,9,0.053,0.766,0,1,1,1,4
27.8,0,843,8,8,0.062,0.868,0,1,1,6,4
50.77,644,659,4,9,0.08,0.678,0,1,1,7,4
137.78,346,673,6,6,0.0,0.905,0,1,1,1,3
50.25,343,665,8,7,0.023,0.86,0,1,1,7,4
0.56,52,0,270,477,0.994,0.942,0,0,1,2,0
52.5,442,797,7,9,0.051,1.0,0,1,2,4,4
49.27,531,895,6,3,0.0,0.811,0,1,1,7,0
20.58,650,1451,1,5,0.0,0.781,0,1,1,5,4
50.99,711,1361,1,3,0.0,0.939,0,1,0,6,3
118.96,206,265,1,2,0.06,0.737,1,1,1,0,4
27.79,896,1357,6,1,0.0,1.0,0,1,1,6,4
0.0,1112,1890,2,6,0.009,0.699,0,1,1,3,4
0.0,608,487,8,2,0.083,0.98,0,1,0,7,4
0.0,573,918,9,1,0.022,0.907,0,1,1,4,4
5.89,371,392,7,2,0.167,0.641,4,0,1,4,3
41.13,270,1286,4,9,0.0,1.0,0,1,1,3,4
0.85,44,3,185,474,0.757,0.959,0,0,1,6,3
83.29,488,874,5,2,0.048,0.942,0,1,1,1,4
120.97,386,1473,1,2,0.026,0.928,0,1,1,3,4
0.0,114,0,507,290,0.794,0.941,0,0,1,6,3
81.25,203,1622,4,6,0.047,0.683,0,1,1,6,4
0.0,289,602,4,9,0.032,0.909,0,1,2,5,4
55.11,445,1275,1,4,0.0,0.84,0,1,2,5,2
31.13,314,1050,1,9,0.0,0.783,0,1,1,6,2
2.2,16,1,97,17,0.596,0.411,0,0,2,2,4
6.42,55,0,159,406,0.97,0.908,0,0,1,6,3
61.57,462,55,2,8,0.035,0.786,0,1,1,4,4
112.64,437,0,3,1,0.012,0.856,0,1,1,5,4
3.03,0,0,224,159,0.886,0.927,0,0,2,6,3
45.99,217,2058,7,7,0.0,1.0,0,1,1,2,4
0.0,564,603,6,7,0.001,0.902,0,1,1,6,4
60.11,460,1699,1,3,0.023,0.996,0,1,1,1,4
3.42,49,0,473,229,0.907,0.936,0,0,1,5,0
51.17,143,999,3,7,0.039,0.87,0,1,0,6,4
15.51,383,0,9,3,0.001,1.0,0,1,1,1,4
73.94,471,137,7,5,0.0,0.791,0,1,1,5,4
16.42,611,0,1,5,0.002,0.77,0,1,2,6,4
27.66,499,1401,9,9,0.006,0.831,0,1,1,0,4
2.03,258,565,7,6,0.0,0.788,0,1,1,5,4
39.69,25,1014,9,8,0.0,0.945,0,1,2,0,4
110.06,694,1683,2,2,0.0,0.952,0,1,1,5,4
1.9,0,2,427,136,0.794,1.0,0,0,1,3,3
33.37,1023,1273,2,8,0.0,0.795,0,1,1,4,4
159.9,917,260,1,4,0.025,0.816,0,1,1,5,4
0.0,723,1043,5,5,0.065,0.848,0,1,0,4,4
47.52,350,802,5,3,0.029,0.836,0,1,2,6,4
0.0,19,0,71,18,0.649,0.243,0,0,1,4,3
10.16,520,1416,8,1,0.0,0.772,0,1,2,6,4
67.24,813,316,9,2,0.018,0.99,0,1,1,4,4
139.37,723,459,4,1,0.007,0.734,0,1,1,3,4
1.25,37,3,223,468,0.778,0.971,0,0,1,6,2
1.21,41,2,45,19,0.505,0.024,0,0,1,7,3
50.96,484,59,6,9,0.039,0.97,0,1,2,7,4
27.17,455,1959,6,4,0.053,0.922,0,1,1,3,4
46.05,889,0,3,3,0.049,0.887,0,1,1,1,0
16.72,969,0,6,5,0.0,0.952,0,1,1,4,4
69.99,344,566,6,6,0.002,0.963,0,1,1,7,4
0.0,0,1640,9,5,0.052,0.836,0,1,1,7,4
67.3,233,1307,5,8,0.0,0.821,0,1,2,5,0
123.26,1003,971,7,4,0.08,0.975,0,1,1,3,4
17.03,406,1358,5,4,0.005,0.812,0,1,1,7,4
40.71,23,972,4,6,0.0,0.842,0,1,1,5,4
2.86,293,454,2,7,0.051,1.0,0,1,1,3,4
0.95,0,0,5,4,0.088,0.953,0,1,1,7,4
0.0,34,0,256,404,1.0,0.937,0,0,1,1,0
21.55,1208,298,2,9,0.035,0.967,0,1,0,7,4
224.03,542,478,1,1,0.043,0.672,1,1,1,6,4
56.96,185,610,1,8,0.0,0.772,0,1,1,4,2
2.6,68,0,260,272,1.0,0.93,0,0,1,2,3
63.78,933,548,5,1,0.017,0.854,0,1,1,2,4
44.61,540,1394,7,3,0.047,0.85,0,1,2,2,3
12.84,914,209,4,2,0.0,0.677,0,1,2,0,4
94.9,420,1274,2,6,0.0,0.843,0,1,2,7,4
1.41,80,0,109,182,0.711,0.996,0,0,1,4,0
47.43,578,1729,2,7,0.0,0.868,0,1,2,0,0
89.88,91,73,6,1,0.126,0.937,0,1,1,3,4
54.93,674,1505,2,6,0.07,0.824,0,1,2,3,4
110.39,414,1195,7,4,0.0,0.819,0,1,1,6,4
11.01,839,798,5,4,0.014,0.923,0,1,1,4,4
2.11,40,7,438,470,1.0,0.897,0,0,1,4,0
6.27,345,1170,9,3,0.068,0.867,0,1,1,3,4
0.0,48,1248,5,3,0.0,0.855,0,1,1,4,4
75.33,453,1377,8,5,0.0,0.842,0,1,1,1,1
0.84,48,1,93,6,0.814,0.164,0,0,1,7,4
24.42,0,1413,8,1,0.0,0.765,0,1,1,5,4
40.19,769,1129,6,7,0.0,0.845,0,1,1,7,4
0.27,13,6,100,191,0.744,0.957,0,0,1,1,3
68.17,366,1960,9,9,0.0,0.731,0,1,2,6,4
37.54,857,907,9,4,0.0,0.982,0,1,2,0,4
77.1,165,1172,7,4,0.0,0.995,0,1,1,1,4
5.57,38,0,92,16,0.463,0.403,0,0,2,2,3
1.97,50,0,220,258,0.898,1.0,0,0,1,3,2
0.0,1190,679,7,8,0.0,0.864,0,1,1,0,4
9.33,787,1718,9,4,0.0,0.848,0,1,1,4,4
115.26,105,1707,5,3,0.068,0.897,0,1,1,0,4
39.86,563,1738,1,5,0.0,0.889,0,1,1,2,4
14.81,799,865,4,6,0.08,0.851,0,1,1,2,4
0.0,683,889,5,2,0.052,1.0,0,1,1,2,4
67.85,0,834,2,5,0.0,1.0,0,1,1,5,4
56.49,658,1175,8,9,0.005,0.969,0,1,1,7,4
58.98,149,766,3,5,0.0,0.783,0,1,1,6,0
3.41,24,0,438,302,0.907,1.0,0,0,2,2,3
0.0,68,0,222,368,1.0,0.912,0,0,2,7,3
0.0,49,4,188,227,0.646,1.0,0,0,1,5,0
0.79,37,0,421,192,1.0,1.0,0,0,1,2,2
72.99,292,1446,9,2,0.131,0.777,0,1,1,6,1
43.88,485,1333,2,9,0.038,0.843,0,1,1,4,4
0.0,71,1,360,287,0.887,0.94,0,0,1,2,3
78.92,599,990,3,5,0.0,0.839,0,1,1,3,4
45.7,75,785,6,7,0.053,0.882,0,1,1,7,4
26.31,246,0,7,7,0.154,0.877,3,1,1,0,4
63.06,248,1925,2,9,0.0,0.927,0,1,1,2,4
91.52,425,1543,4,9,0.0,0.938,0,1,2,0,4
30.32,897,413,8,8,0.018,0.918,0,1,1,2,0
0.68,88,2,379,111,0.866,0.889,0,0,2,0,0
23.89,406,368,9,9,0.119,0.376,4,0,1,1,3
67.91,508,1574,8,9,0.0,0.906,0,1,1,1,3
42.96,451,1059,5,4,0.03,0.806,0,1,1,1,4
0.0,477,1529,8,9,0.065,1.0,0,1,1,7,4
7.56,131,1477,8,6,0.027,1.0,0,1,1,4,4
0.0,998,895,3,9,0.06,0.995,0,1,1,7,1
55.48,670,437,6,2,0.075,0.95,0,1,1,3,4
48.17,794,721,6,5,0.0,0.911,0,1,1,6,4
5.59,415,223,12,7,0.348,0.637,4,0,2,0,4
0.0,827,593,1,9,0.031,0.828,0,1,2,3,3
26.44,642,1395,4,3,0.0,0.975,0,1,1,0,4
47.24,253,1692,7,5,0.026,0.869,0,1,1,5,4
28.23,22,393,2,7,0.071,0.86,1,1,1,6,4
72.55,765,957,7,8,0.003,0.952,0,1,1,1,4
26.18,312,426,4,7,0.053,1.0,0,1,1,1,4
0.25,119,2,114,179,1.0,0.984,0,0,1,2,2
81.14,767,41,5,3,0.0,0.712,0,1,1,4,4
84.57,529,1823,1,2,0.051,0.847,0,1,1,6,3
0.0,804,1208,3,6,0.0,1.0,0,1,0,5,4
81.56,340,2188,3,7,0.083,0.963,0,1,2,4,4
3.03,18,2,249,507,0.891,0.886,0,0,1,3,0
16.97,251,722,1,4,0.072,0.847,1,1,1,1,4
57.21,1528,749,1,3,0.019,0.597,1,1,2,3,4
0.0,447,875,1,9,0.0,1.0,0,1,1,6,4
2.06,69,2,498,259,0.87,0.95,0,0,1,7,2
33.06,487,1602,3,1,0.042,0.779,0,1,1,2,4
2.59,90,1,111,261,0.761,0.921,0,0,1,4,3
20.1,464,45,7,2,0.125,0.84,0,1,1,2,0
65.37,228,1908,1,3,0.0,0.731,0,1,1,5,4
102.23,845,622,1,8,0.089,1.0,0,1,1,6,4
104.69,717,782,6,8,0.0,1.0,0,1,1,2,4
80.31,808,2218,8,4,0.0,0.999,0,1,1,0,4
0.0,111,0,315,507,1.0,1.0,0,0,2,4,0
0.0,889,1023,2,4,0.108,0.827,0,1,0,2,4
0.93,60,5,454,313,0.898,0.868,0,0,1,1,2
0.0,22,0,500,490,0.858,0.933,0,0,1,4,2
3.0,0,0,257,212,0.852,0.948,0,0,1,6,0
79.58,372,2303,7,7,0.0,0.895,0,1,1,5,4
0.0,576,956,2,7,0.0,0.841,0,1,1,4,4
140.82,490,443,3,5,0.031,0.799,0,1,1,5,4
0.0,48,4,182,142,1.0,0.947,0,0,1,2,0
64.32,189,842,8,2,0.0,0.794,0,1,1,6,4
67.28,407,1689,5,8,0.0,0.839,0,1,1,0,4
60.92,88,1442,7,9,0.11,0.832,0,1,1,6,4
39.39,535,1651,3,7,0.075,0.934,0,1,2,2,4
67.91,29,636,9,5,0.0,0.917,0,1,2,6,4
2.35,0,3,31,8,0.801,0.188,0,0,2,2,0
16.44,0,1074,1,9,0.0,0.84,0,1,2,2,4
13.69,914,559,5,7,0.01,0.922,0,1,1,2,4
5.94,0,7,242,153,0.805,0.973,0,0,1,5,3
2.24,162,0,12,7,0.208,0.524,1,1,1,4,4
56.23,244,273,4,3,0.079,0.847,0,1,0,7,4
0.0,57,0,469,249,0.884,0.98,0,0,2,0,3
0.0,33,1,58,7,0.214,0.458,0,0,1,2,0
43.86,431,0,5,5,0.023,0.881,0,1,1,1,4
29.75,338,399,4,5,0.119,0.738,0,1,1,0,4
42.05,312,1115,6,9,0.0,0.561,0,1,1,7,4
77.95,698,246,8,7,0.105,0.767,0,1,2,6,4
14.17,222,922,4,2,0.057,0.917,0,1,1,7,4
0.0,42,6,287,420,0.805,0.934,0,0,2,1,3
2.79,61,0,163,474,0.729,1.0,0,0,1,6,3
1.01,29,1,22,11,0.251,0.085,0,0,1,5,3
67.35,320,122,6,6,0.038,0.763,0,1,0,2,4
70.64,540,2626,9,6,0.048,1.0,0,1,1,1,4
69.76,26,568,7,4,0.0,1.0,0,1,1,3,4
0.0,94,403,2,2,0.0,0.896,0,1,1,1,4
181.39,501,0,3,3,0.0,0.72,1,1,1,1,4
75.72,351,947,2,8,0.0,0.935,0,1,1,0,4
0.0,512,641,7,8,0.0,0.889,0,1,2,0,4
94.03,622,430,9,9,0.055,0.954,0,1,1,1,4
85.96,145,1025,7,6,0.065,0.956,0,1,2,1,4
24.23,756,831,1,2,0.0,0.754,0,1,1,3,0
40.89,418,1285,6,2,0.0,0.962,0,1,2,3,4
0.0,0,17,145,471,0.86,0.951,0,0,1,6,3
0.0,0,171,1,5,0.0,0.981,0,1,1,4,4
27.02,0,784,2,9,0.018,0.855,0,1,0,7,4
28.06,276,182,8,7,0.0,0.939,0,1,1,7,4
35.15,0,793,1,2,0.08,0.89,0,1,1,4,4
96.93,272,144,7,4,0.049,0.833,0,1,1,6,4
3.1,52,11,114,240,0.83,1.0,0,0,1,2,0
34.01,1165,1521,5,8,0.059,0.82,0,1,1,3,4
14.42,317,177,9,1,0.0,0.902,0,1,1,0,4
4.87,40,0,54,2,0.295,0.0,0,0,0,5,3
129.2,44,741,4,4,0.044,0.552,1,1,1,1,4
66.68,963,1183,7,4,0.012,0.7,0,1,1,6,4
55.65,870,598,3,5,0.096,0.897,0,1,1,5,4
51.12,0,1131,5,8,0.0,0.757,0,1,2,7,4
55.79,162,337,8,3,0.0,0.913,0,1,1,2,4
0.0,967,833,2,2,0.009,0.83,0,1,2,3,4
94.5,203,1024,6,7,0.042,0.951,0,1,0,2,4
0.0,26,1,328,157,0.787,0.94,0,0,0,7,3
2.89,0,241,3,6,0.098,0.662,3,0,1,7,4
2.12,28,0,346,504,0.845,0.849,0,0,2,4,0
40.85,489,707,4,4,0.041,1.0,0,1,2,6,3
0.64,44,0,122,246,0.983,0.837,0,0,1,6,3
79.86,234,805,9,7,0.083,0.917,0,1,1,1,4
0.0,14,0,358,144,0.931,0.887,0,0,1,2,3
6.61,805,1173,7,7,0.042,0.832,0,1,1,5,4
0.0,52,217,2,1,0.0,0.938,0,1,1,3,4
0.0,559,1882,3,5,0.0,0.855,0,1,2,0,4
84.9,750,1022,9,7,0.053,0.817,0,1,1,6,4
94.52,748,1655,4,8,0.0,0.87,0,1,1,5,4
70.43,1026,323,6,9,0.103,1.0,0,1,2,3,4
27.85,396,1181,5,7,0.034,1.0,0,1,1,6,4
8.19,108,153,14,3,0.123,0.487,2,0,1,0,4
4.09,7,0,81,16,0.936,0.09,0,0,1,5,0
1.55,32,5,152,145,0.907,0.936,0,0,1,3,2
101.96,348,1256,3,7,0.045,0.794,0,1,1,5,4
79.82,544,1115,7,9,0.0,0.83,0,1,1,0,4
58.09,618,432,5,5,0.058,1.0,0,1,1,7,4
3.58,24,0,308,428,0.604,0.999,0,0,2,3,3
40.43,357,1328,1,5,0.059,0.812,0,1,1,6,4
27.5,405,1107,9,4,0.063,0.662,0,1,1,5,4
0.0,775,385,7,7,0.009,1.0,0,1,1,2,4
78.19,177,450,2,7,0.0,0.872,0,1,2,1,4
63.69,348,443,4,2,0.066,0.773,0,1,1,1,4
25.32,780,690,6,5,0.0,0.807,0,1,1,3,3
61.32,168,403,5,6,0.065,0.86,0,1,2,7,4
1.9,83,0,219,299,0.91,0.948,0,0,2,7,3
42.99,365,514,5,4,0.076,0.97,0,1,1,5,4
138.99,565,1061,7,9,0.01,0.896,0,1,1,2,4
0.0,434,1679,6,2,0.025,0.735,0,1,1,7,4
94.07,368,811,5,5,0.0,0.909,0,1,1,7,4
1.27,80,2,339,331,0.965,0.977,0,0,2,0,3
0.0,107,10,291,318,0.993,0.851,0,0,1,1,0
4.2,55,0,231,413,0.837,1.0,0,0,2,0,3
0.85,55,0,370,314,0.913,1.0,0,0,1,1,3
6.25,725,1614,8,3,0.003,0.736,0,1,1,2,4
31.75,855,1154,3,4,0.007,0.778,0,1,1,0,4
24.6,965,850,5,8,0.0,0.806,0,1,1,2,4
46.25,915,537,7,5,0.004,1.0,0,1,1,2,4
39.08,288,1653,3,9,0.0,0.849,0,1,1,5,4
25.04,225,1262,8,8,0.05,0.901,0,1,1,0,4
0.0,0,544,1,8,0.069,0.878,0,1,2,3,4
94.3,455,0,4,9,0.053,0.847,0,1,1,2,4
66.99,492,279,2,1,0.0,0.713,0,1,1,3,4
0.0,510,930,6,9,0.128,0.869,0,1,2,6,4
7.72,153,812,2,5,0.006,0.744,0,1,1,5,4
45.05,425,862,8,2,0.06,0.963,0,1,1,3,4
0.97,60,0,413,175,0.946,0.981,0,0,1,7,0
61.36,598,987,7,6,0.0,0.85,0,1,1,3,3
0.0,27,6,242,121,0.905,0.958,0,0,1,3,0
65.43,87,966,4,5,0.051,0.905,0,1,1,2,4
44.83,432,1202,8,5,0.0,0.873,0,1,1,0,4
53.74,402,801,7,4,0.0,0.713,0,1,1,6,4
1.24,19,9,229,415,0.918,0.985,0,0,2,5,3
2.4,0,3,191,424,0.905,1.0,0,0,1,5,3
42.35,417,1571,7,7,0.001,0.855,0,1,1,2,4
47.08,435,0,1,2,0.071,1.0,0,1,1,5,4
3.51,655,1477,5,3,0.0,0.93,0,1,1,7,0
39.33,917,1001,2,6,0.021,0.885,0,1,1,4,4
35.26,754,1762,9,9,0.018,0.971,0,1,2,5,4
47.25,391,1991,6,6,0.025,1.0,0,1,1,1,4
111.33,672,1083,4,9,0.024,0.91,0,1,1,4,4
0.0,47,1157,4,8,0.0,0.919,0,1,1,5,4
111.02,232,954,3,2,0.012,0.705,0,1,1,5,4
61.87,289,1679,6,2,0.007,1.0,0,1,1,4,4
27.87,0,687,5,8,0.0,0.929,0,1,2,2,4
14.87,1050,421,1,3,0.013,0.702,0,1,1,5,4
36.33,244,120,11,2,0.091,0.677,3,0,1,1,3
0.0,381,23,9,1,0.14,0.912,3,0,1,4,4
1.41,11,0,86,1,0.526,0.083,0,0,1,7,3
58.1,675,1757,4,6,0.074,0.918,0,1,2,7,4
0.0,306,1299,9,8,0.016,1.0,0,1,1,6,4
0.24,35,0,47,2,0.535,0.033,0,0,1,3,0
3.17,60,3,394,111,0.899,0.961,0,0,1,3,3
0.0,666,517,2,4,0.01,0.825,0,1,1,7,4
13.07,223,1227,2,3,0.114,0.927,0,1,1,3,4
0.0,432,745,4,2,0.0,0.866,0,1,1,4,2
73.61,232,614,7,4,0.0,0.961,0,1,2,7,4
0.0,214,484,1,4,0.08,0.712,0,1,1,2,4
1.43,56,0,306,333,1.0,0.893,0,0,1,5,3
81.11,282,1257,3,6,0.101,0.874,0,1,2,1,4
150.51,705,1806,5,6,0.046,0.948,0,1,1,7,0
0.0,26,3,75,6,0.447,0.269,0,0,1,3,0
4.25,16,0,461,138,0.749,0.861,0,0,1,0,2
51.66,182,739,2,3,0.044,0.932,0,1,1,0,4
30.94,426,1868,5,7,0.084,0.849,0,1,1,3,4
74.42,670,533,6,1,0.104,1.0,0,1,2,2,4
7.61,336,248,14,8,0.0,0.288,4,0,2,4,4
67.62,652,922,2,9,0.0,0.983,0,1,1,3,4
0.0,36,3,450,491,1.0,0.947,0,0,1,3,3
45.73,335,1510,8,2,0.022,0.988,0,1,1,4,4
0.82,81,5,365,377,0.848,1.0,0,0,1,5,3
119.75,412,1175,9,6,0.02,0.89,0,1,1,5,4
0.0,42,0,142,491,0.757,0.87,0,0,1,6,0
35.9,1188,692,2,4,0.024,0.734,1,1,1,6,4
71.8,212,2162,7,1,0.0,0.98,0,1,1,7,4
34.35,462,1154,2,5,0.007,0.959,0,1,2,3,4
23.22,356,702,4,5,0.041,0.733,0,1,1,7,4
12.63,789,1180,4,4,0.017,0.985,0,1,2,3,1
52.69,294,1263,8,6,0.0,0.82,0,1,1,6,4
30.69,227,752,4,8,0.069,0.749,0,1,2,4,0
12.99,61,539,4,7,0.0,0.823,0,1,1,4,4
1.46,73,0,315,397,0.875,1.0,0,0,1,3,3
89.69,452,854,2,9,0.015,0.948,0,1,0,3,4
0.71,22,0,346,486,0.72,0.957,0,0,1,0,0
27.0,657,612,1,9,0.039,0.835,0,1,2,2,4
57.58,324,1064,9,7,0.0,0.837,0,1,0,7,2
0.71,40,0,116,137,0.88,0.93,0,0,2,0,0
127.06,843,494,4,3,0.0,0.971,0,1,1,7,4
22.1,1037,1570,5,8,0.0,0.912,0,1,1,6,4
15.57,271,1217,7,3,0.08,0.788,0,1,0,1,4
43.36,400,14,6,3,0.07,0.904,0,1,2,7,4
85.46,515,2005,9,3,0.063,0.992,0,1,1,1,4
0.0,70,0,103,256,0.848,0.972,0,0,1,5,3
33.91,167,0,5,7,0.222,0.453,2,0,1,1,4
16.24,46,1144,4,5,0.0,1.0,0,1,2,4,4
0.45,21,0,83,4,0.626,0.423,0,0,0,2,0
1.51,520,1728,7,2,0.009,0.805,0,1,2,3,0
1.82,809,225,5,7,0.019,1.0,0,1,2,0,4
46.02,334,1452,2,5,0.0,0.898,0,1,2,5,0
8.61,402,1615,2,3,0.065,0.844,0,1,1,5,3
51.96,551,1164,1,9,0.112,0.827,0,1,2,1,4
0.0,712,1720,3,9,0.083,0.839,0,1,1,6,4
1.24,17,0,333,385,0.832,0.91,0,0,1,1,3
100.99,527,1383,6,4,0.022,0.911,0,1,1,2,4
126.9,656,1473,1,4,0.022,0.962,0,1,1,2,2
44.6,715,625,6,8,0.036,0.852,0,1,1,5,4
2.71,0,4,281,143,0.957,0.995,0,0,1,3,2
2.15,16,0,28,12,0.559,0.293,0,0,2,7,4
0.0,55,0,104,479,1.0,0.985,0,0,1,3,2
56.54,442,796,6,2,0.07,1.0,0,1,1,3,4
0.0,27,0,369,261,0.867,0.991,0,0,2,5,2
15.04,477,306,1,1,0.0,0.824,0,1,1,5,4
6.92,20,1,30,2,0.592,0.063,0,0,2,0,0
59.4,997,0,6,4,0.025,0.954,0,1,1,3,4
14.54,576,216,2,1,0.057,1.0,0,1,2,4,4
36.6,311,1098,9,5,0.038,0.803,0,1,1,0,0
85.07,238,667,3,6,0.094,0.987,0,1,1,0,4
8.5,847,719,1,3,0.064,0.885,0,1,2,4,4
2.85,62,7,499,347,1.0,0.928,0,0,1,7,0
1.96,112,0,243,350,0.825,0.906,0,0,1,2,3
2.64,45,0,276,440,0.836,0.999,0,0,2,6,2
59.98,755,1608,9,5,0.01,0.935,0,1,1,1,4
1.61,12,0,343,329,0.913,0.982,0,0,0,2,3
0.0,76,0,310,481,0.765,0.95,0,0,1,7,2
38.17,545,1347,3,2,0.069,0.877,0,1,1,4,4
58.32,126,1706,6,1,0.0,0.845,0,1,1,6,4
92.33,578,1612,8,3,0.045,0.882,0,1,1,6,4
3.5,36,4,451,367,1.0,0.927,0,0,1,7,3
31.42,264,986,2,7,0.038,0.817,0,1,2,5,4
55.91,671,258,1,4,0.085,0.599,1,1,1,1,4
0.13,62,0,292,201,1.0,0.958,0,0,1,3,3
92.27,67,1095,8,8,0.0,0.949,0,1,2,6,4
74.3,1669,784,2,1,0.091,0.818,0,1,1,1,4
0.65,245,290,4,9,0.057,0.56,2,1,1,6,3
3.19,405,514,6,6,0.027,0.966,0,1,1,0,4
101.54,301,1268,8,8,0.035,0.717,0,1,1,7,2
6.54,713,1101,7,6,0.0,0.931,0,1,1,7,4
1.46,39,6,108,287,0.803,0.926,0,0,1,0,0
32.44,919,625,7,1,0.066,0.867,0,1,1,6,4
37.05,480,591,9,8,0.0,0.887,0,1,1,1,4
122.77,1063,1163,4,4,0.037,0.998,0,1,2,5,4
103.26,584,0,9,6,0.042,0.795,0,1,2,0,4
5.05,334,927,1,2,0.0,0.782,0,1,1,1,4
93.59,589,956,7,5,0.006,0.775,0,1,1,3,4
0.0,28,7,227,197,0.835,0.945,0,0,1,4,3
0.0,90,6,347,126,0.995,0.934,0,0,1,6,2
99.58,697,1231,5,1,0.0,0.924,0,1,1,1,4
16.95,0,2036,3,8,0.095,1.0,0,1,1,5,4
0.0,97,184,8,6,0.324,1.0,2,0,1,5,4
0.18,35,5,169,200,0.943,0.995,0,0,1,6,3
0.0,28,0,41,19,0.564,0.231,0,0,1,7,3
0.25,36,0,418,344,0.802,0.998,0,0,0,0,3
23.42,650,798,7,3,0.019,0.933,0,1,1,7,4
101.18,290,563,4,8,0.006,1.0,0,1,1,4,4
72.2,927,541,2,9,0.04,0.83,0,1,1,4,4
0.0,1080,33,9,3,0.034,0.836,0,1,2,6,4
83.08,784,1596,2,7,0.03,0.866,0,1,1,4,2
76.44,164,1129,4,1,0.0,0.892,0,1,1,2,4
85.74,206,1458,4,5,0.048,0.981,0,1,2,6,4
3.41,15,3,30,15,0.512,0.162,0,0,2,7,3
0.14,99,1,341,184,0.995,0.995,0,0,1,7,3
81.42,372,1747,2,7,0.055,0.939,0,1,1,0,4
0.0,26,0,78,18,0.693,0.243,0,0,2,2,3
14.89,0,270,5,1,0.0,0.978,0,1,0,7,4
62.31,313,1154,8,4,0.062,0.805,0,1,2,2,4
102.37,720,1001,8,4,0.0,0.818,0,1,1,4,3
0.0,26,0,78,4,0.476,0.295,0,0,1,2,0
3.73,29,4,450,264,1.0,1.0,0,0,1,3,3
11.47,514,723,7,7,0.086,0.812,0,1,1,5,4
0.0,739,478,2,1,0.0,0.931,0,1,1,1,4
35.06,27,182,3,3,0.0,0.943,0,1,1,5,4
119.78,513,0,1,4,0.022,0.874,0,1,2,6,4
2.11,25,5,72,19,0.546,0.122,0,0,0,7,0
5.29,488,953,9,7,0.033,0.959,0,1,1,7,0
51.51,922,1346,5,6,0.0,1.0,0,1,1,4,2
70.93,864,988,4,4,0.0,0.923,0,1,2,2,4
10.42,329,478,4,4,0.0,0.687,3,1,1,0,3
83.57,969,1545,1,1,0.013,0.696,0,1,2,4,2
9.48,0,834,1,4,0.047,0.933,0,1,1,2,4
0.0,33,4,394,450,1.0,0.993,0,0,0,6,0
5.46,230,914,2,1,0.028,1.0,0,1,2,4,2
67.3,131,828,2,2,0.026,0.822,0,1,2,4,4
0.0,79,0,215,492,0.797,0.883,0,0,1,4,3
2.16,20,0,333,364,0.923,0.962,0,0,1,5,3
0.0,641,1281,5,8,0.0,0.843,0,1,1,1,4
2.1,45,9,329,375,0.754,0.944,0,0,1,2,3
3.59,841,1399,9,9,0.109,1.0,0,1,0,2,4
119.23,768,695,3,8,0.035,0.849,0,1,1,7,4
21.61,354,105,11,2,0.123,0.561,1,1,1,2,4
74.78,371,1479,4,5,0.044,0.79,0,1,1,6,4
70.71,206,756,4,4,0.011,0.847,0,1,1,1,4
79.32,422,2024,8,4,0.017,0.961,0,1,2,4,4
81.33,871,902,7,9,0.066,1.0,0,1,1,4,4
0.0,292,424,1,7,0.017,0.76,0,1,1,1,4
0.0,469,1212,6,4,0.018,0.858,0,1,1,0,4
18.97,654,1941,7,2,0.0,0.959,0,1,1,3,4
7.49,423,166,7,9,0.0,0.822,0,1,1,0,4
10.63,405,351,14,5,0.135,0.329,3,0,1,3,3
0.0,48,5,242,421,0.871,0.959,0,0,1,6,3
0.0,8,10,506,369,0.817,0.995,0,0,1,2,0
14.46,674,1083,4,1,0.091,0.85,0,1,1,5,4
0.0,940,829,9,2,0.0,0.95,0,1,1,1,4
141.93,608,544,4,5,0.082,1.0,0,1,2,2,4
86.25,753,640,3,8,0.07,0.93,0,1,1,4,4
28.79,45,1405,7,8,0.044,0.869,0,1,2,6,4
0.77,60,0,312,236,0.955,1.0,0,0,2,0,3
1.87,40,1,87,5,0.504,0.378,0,0,2,4,0
96.02,221,826,3,6,0.048,0.956,0,1,1,6,2
6.4,29,0,98,5,0.371,0.328,0,0,1,7,3
81.55,284,430,9,5,0.072,1.0,0,1,1,3,4
1.38,25,0,207,207,0.848,1.0,0,0,2,5,3
64.18,1235,945,9,6,0.054,0.914,0,1,1,3,4
0.0,113,2,479,183,1.0,0.884,0,0,2,3,0
33.68,506,717,4,6,0.0,0.82,0,1,1,1,4
0.0,605,1551,6,4,0.0,1.0,0,1,1,6,4
3.18,23,2,113,217,1.0,0.969,0,0,1,6,3
0.0,264,1290,8,6,0.151,0.909,0,1,2,6,4
48.76,650,1339,8,6,0.0,0.8,0,1,1,3,4
55.62,318,396,4,2,0.0,0.974,0,1,1,6,4
59.81,532,1948,2,8,0.0,1.0,0,1,2,4,4
85.78,269,186,4,3,0.096,0.76,0,1,0,4,4
0.0,419,0,2,5,0.012,0.828,0,1,2,4,4
0.0,47,2,296,445,0.889,0.935,0,0,1,4,0
2.2,0,0,161,138,0.837,0.971,0,0,1,3,2
21.48,580,1144,4,1,0.032,1.0,0,1,1,3,4
14.32,385,0,2,3,0.0,0.917,0,1,1,0,3
2.98,88,9,245,390,1.0,0.943,0,0,1,5,2
93.86,24,832,2,4,0.001,0.907,0,1,2,3,4
61.33,837,1089,9,3,0.122,0.906,0,1,1,1,4
14.06,493,1428,1,7,0.0,0.91,0,1,2,1,4
38.48,515,1663,7,4,0.05,1.0,0,1,1,7,4
0.38,637,1569,3,3,0.0,0.668,0,1,1,5,4
48.12,394,1081,3,6,0.0,0.819,0,1,1,5,4
63.94,237,727,8,4,0.11,0.809,0,1,1,1,4
58.48,506,1402,6,6,0.024,1.0,0,1,2,2,4
162.07,600,926,9,3,0.039,0.962,0,1,1,1,4
32.26,814,1186,2,6,0.0,0.955,0,1,1,5,4
123.33,0,1626,2,5,0.08,0.825,0,1,1,5,4
93.32,670,1923,5,8,0.071,0.923,0,1,2,0,4
0.0,491,0,7,3,0.042,0.972,0,1,2,5,4
102.85,815,891,6,2,0.032,0.898,0,1,1,5,4
49.48,721,2500,6,6,0.028,0.868,0,1,1,3,4
0.0,696,805,1,9,0.125,1.0,0,1,1,1,4
4.7,0,0,80,4,0.597,0.124,0,0,1,1,3
11.46,11,1130,2,2,0.011,1.0,0,1,1,2,1
36.87,988,798,8,4,0.101,0.879,0,1,1,4,3
135.77,991,710,7,1,0.0,0.736,0,1,1,5,4
79.73,665,1369,1,5,0.051,1.0,0,1,1,7,4
32.42,403,32,7,4,0.105,0.88,0,1,1,4,4
0.0,34,0,74,15,0.353,0.0,0,0,2,7,0
0.0,96,899,4,8,0.086,0.831,0,1,2,5,4
24.39,391,1373,9,5,0.0,0.792,0,1,1,1,4
33.5,609,655,9,6,0.052,0.857,0,1,1,4,2
96.88,490,868,5,6,0.051,0.932,0,1,1,1,2
29.34,590,289,6,4,0.04,0.836,0,1,1,6,4
76.83,1023,1022,7,9,0.101,0.94,0,1,1,2,4
136.48,385,1114,4,3,0.032,0.972,0,1,1,4,2
0.0,997,522,9,1,0.0,1.0,0,1,1,5,4
54.12,745,1162,2,7,0.043,0.846,0,1,2,7,4
48.92,625,1552,3,5,0.0,1.0,0,1,1,2,2
11.62,379,990,6,4,0.014,0.837,0,1,0,0,4
81.64,421,724,7,7,0.062,0.977,0,1,1,7,4
0.0,0,971,3,7,0.022,1.0,0,1,1,0,4
4.69,32,0,43,1,0.221,0.106,0,0,1,3,3
130.01,130,1778,5,2,0.0,1.0,0,1,1,7,3
25.11,189,329,9,6,0.212,0.709,2,0,1,4,4
70.53,0,991,2,8,0.077,0.805,0,1,1,3,4
0.0,381,44,6,2,0.022,0.793,0,1,2,6,4
53.42,967,534,7,1,0.067,0.861,0,1,1,7,4
9.79,495,1301,4,7,0.006,0.98,0,1,1,1,4
0.22,319,661,2,3,0.069,0.947,0,1,1,2,0
4.62,33,0,71,3,0.643,0.052,0,0,1,6,4
54.59,233,364,9,3,0.079,1.0,0,1,1,2,4
63.77,216,1790,3,7,0.059,0.989,0,1,1,3,4
2.62,103,0,499,320,0.898,0.966,0,0,1,1,0
85.95,456,2219,2,8,0.034,0.862,0,1,2,0,4
126.04,575,499,6,5,0.083,0.951,0,1,0,7,4
18.66,531,1667,6,6,0.034,0.882,0,1,1,0,4
0.15,12,4,358,462,0.879,1.0,0,0,1,7,3
17.61,489,73,8,3,0.0,0.866,0,1,2,5,4
2.47,0,1,462,474,0.797,1.0,0,0,1,5,3
65.13,244,225,12,3,0.0,0.476,3,0,1,7,3
40.21,680,755,7,8,0.021,0.88,0,1,1,7,4
96.06,721,908,8,2,0.031,1.0,0,1,2,1,1
0.0,108,9,120,149,0.795,0.938,0,0,0,2,3
30.0,474,953,3,1,0.028,0.959,0,1,1,4,4
52.24,166,1779,1,7,0.013,1.0,0,1,1,3,2
64.25,0,420,9,8,0.0,0.892,0,1,1,0,4
2.36,45,1,227,109,0.834,0.981,0,0,2,0,3
0.0,404,61,8,7,0.03,0.717,0,1,1,2,4
58.2,531,1654,8,7,0.021,0.879,0,1,1,3,4
53.75,654,831,3,7,0.0,0.841,0,1,1,2,4
66.26,256,933,5,8,0.042,0.955,0,1,1,6,0
2.32,56,2,396,362,0.993,0.888,0,0,1,5,2
0.0,378,2072,7,6,0.064,0.939,0,1,1,0,4
86.12,703,377,3,4,0.055,0.733,0,1,1,5,4
48.2,736,1298,6,3,0.0,0.995,0,1,1,2,4
37.02,425,531,6,7,0.097,0.885,0,1,1,7,4
2.87,62,4,171,453,0.949,0.894,0,0,1,3,0
1.77,55,0,417,105,0.986,0.892,0,0,1,6,0
97.19,96,0,1,9,0.0,0.91,0,1,1,7,4
32.0,610,832,3,2,0.08,0.948,0,1,2,1,4
90.86,1041,1179,2,7,0.091,0.684,0,1,1,6,4
0.0,0,0,28,18,0.667,0.131,0,0,0,0,0
79.18,887,1727,5,5,0.0,0.979,0,1,2,4,4
19.93,499,1440,3,8,0.027,0.884,0,1,1,3,4
2.03,103,7,506,487,0.793,0.935,0,0,1,0,3
2.35,14,0,66,18,0.735,0.229,0,0,1,5,3
26.54,664,703,4,5,0.0,0.872,0,1,1,7,4
69.24,854,2093,7,1,0.0,0.721,0,1,0,4,4
201.33,1420,659,3,3,0.032,0.737,0,1,1,6,4
74.27,299,1403,5,1,0.009,1.0,0,1,1,5,4
35.17,752,1876,2,6,0.022,1.0,0,1,0,0,4
58.12,513,1386,4,8,0.0,0.912,0,1,1,1,4
0.75,70,0,119,231,0.838,0.937,0,0,0,0,3
104.36,275,79,4,1,0.024,0.96,0,1,1,3,4
96.17,595,939,9,8,0.0,0.897,0,1,0,0,4
60.01,612,1134,1,6,0.069,0.903,0,1,2,1,4
72.92,605,1525,2,7,0.049,1.0,0,1,1,1,4
0.27,14,0,63,13,0.398,0.0,0,0,2,1,3
93.31,346,568,8,4,0.068,0.948,0,1,1,2,4
0.0,48,12,368,439,0.884,0.93,0,0,1,1,3
1.14,85,0,434,313,1.0,0.904,0,0,1,0,2
122.64,441,482,5,4,0.0,1.0,0,1,1,2,4
111.11,197,0,4,6,0.0,0.886,0,1,1,0,4
1.2,31,1,157,426,0.769,0.971,0,0,2,3,3
3.97,10,0,261,163,0.895,0.938,0,0,1,3,3
23.08,1159,952,4,9,0.054,1.0,0,1,1,0,3
56.99,0,545,6,4,0.074,0.948,0,1,1,6,4
67.63,0,1547,2,9,0.003,0.883,0,1,1,1,4
21.0,911,85,3,2,0.013,1.0,1,1,1,0,4
4.85,84,5,279,365,0.87,0.933,0,0,1,7,3
2.5,25,5,360,196,0.994,0.868,0,0,1,0,0
52.48,168,1407,7,6,0.074,0.932,0,1,1,0,3
9.64,496,21,3,5,0.081,1.0,0,1,2,3,4
108.0,258,0,3,6,0.01,0.795,0,1,1,1,4
48.74,566,2294,1,7,0.0,0.866,0,1,2,3,4
3.54,82,2,220,502,1.0,0.964,0,0,1,7,3
0.0,78,4,268,204,0.908,0.946,0,0,1,2,0
1.39,59,0,413,180,0.9,0.951,0,0,1,3,3
0.0,761,0,2,5,0.092,0.868,0,1,1,0,4
0.3,634,1828,3,6,0.0,0.922,0,1,1,6,4
6.58,522,1351,6,4,0.016,0.818,0,1,1,6,4
65.2,325,1597,6,2,0.0,0.983,0,1,2,5,4
8.62,11,2,50,13,0.565,0.156,0,0,1,7,0
45.12,506,1580,4,6,0.085,1.0,0,1,2,2,4
65.97,896,489,1,6,0.051,1.0,0,1,1,6,4
62.44,606,1767,4,3,0.083,0.862,0,1,1,6,3
1.53,127,0,175,404,0.793,0.864,0,0,1,4,3
1.31,18,0,399,246,0.892,1.0,0,0,1,4,3
31.62,373,1473,6,4,0.0,0.93,0,1,1,2,4
0.0,678,1534,9,3,0.051,1.0,0,1,1,7,4
80.7,788,1615,3,9,0.0,0.797,0,1,1,5,4
0.0,539,258,9,8,0.116,1.0,3,0,2,6,4
59.55,87,1721,4,9,0.076,0.731,0,1,1,3,4
172.34,652,1544,9,9,0.0,0.63,0,1,1,4,4
57.14,12,851,1,7,0.048,0.859,0,1,2,5,2
52.21,641,386,1,6,0.163,0.946,0,1,1,6,4
31.31,0,646,4,3,0.0,0.937,0,1,2,3,0
4.79,21,1,233,494,0.793,0.891,0,0,2,5,3
0.0,25,0,392,254,0.843,0.911,0,0,1,4,3
32.12,540,413,5,8,0.016,0.936,0,1,1,3,0
79.0,402,813,9,5,0.082,0.911,0,1,1,3,4
0.44,8,0,148,347,0.917,1.0,0,0,0,7,3
43.21,457,1414,3,2,0.021,0.898,0,1,1,0,4
70.2,329,918,2,4,0.031,0.889,0,1,1,1,4
2.81,13,0,385,365,0.996,0.959,0,0,1,1,2
3.18,53,0,347,342,0.884,0.952,0,0,1,5,3
83.99,665,819,2,3,0.006,0.924,0,1,1,0,4
1.06,57,0,223,191,1.0,0.89,0,0,1,3,0
65.69,477,2501,8,8,0.023,0.983,0,1,1,5,4
4.38,14,0,36,6,0.663,0.176,0,0,1,0,0
35.69,160,1770,5,4,0.098,0.877,0,1,2,6,3
73.39,31,334,3,1,0.0,0.831,0,1,1,2,4
82.62,932,1031,9,6,0.058,0.785,0,1,1,4,4
90.89,713,1429,4,6,0.036,0.945,0,1,1,4,4
40.73,363,1854,2,9,0.0,0.978,0,1,1,6,4
86.64,689,2174,5,2,0.009,0.863,0,1,1,7,4
64.78,374,624,9,1,0.008,0.753,0,1,1,7,4
71.56,675,1464,2,4,0.0,1.0,0,1,1,6,4
16.29,716,1205,1,5,0.0,0.849,0,1,1,5,2
0.0,518,744,5,3,0.0,0.967,0,1,0,2,3
10.87,533,1152,4,3,0.0,0.827,0,1,1,2,4
17.09,239,1554,4,4,0.002,0.876,0,1,2,3,4
103.41,615,784,1,6,0.0,0.857,0,1,2,3,4
0.35,14,0,77,9,0.668,0.416,0,0,2,1,4
0.71,29,3,373,136,0.794,0.946,0,0,2,4,2
107.55,0,1066,7,1,0.048,0.891,0,1,1,7,4
37.03,732,346,4,8,0.03,0.905,0,1,1,5,4
2.81,24,0,91,9,0.867,0.134,0,0,1,7,0
48.21,0,1588,9,1,0.0,0.937,0,1,1,4,4
1.77,62,0,507,256,0.894,0.897,0,0,1,0,0
96.52,394,1832,4,9,0.049,1.0,0,1,1,7,4
10.44,332,418,4,5,0.046,0.773,0,1,1,1,4
68.69,14,1155,2,2,0.013,1.0,0,1,2,3,3
86.86,433,672,9,6,0.0,0.822,0,1,1,6,4
137.45,695,828,3,4,0.045,0.904,0,1,1,5,4
2.64,4,0,175,424,0.933,0.923,0,0,2,3,3
30.96,213,740,9,5,0.053,0.933,0,1,1,3,4
41.68,468,89,7,3,0.016,0.958,0,1,1,6,4
0.0,732,867,9,6,0.047,0.695,0,1,1,1,4
2.11,21,3,302,275,0.936,0.96,0,0,1,6,0
1.52,5,4,69,19,0.428,0.115,0,0,1,0,3
51.32,680,2142,5,2,0.033,0.785,0,1,2,3,4
18.37,717,1884,6,7,0.006,1.0,0,1,1,5,4
56.51,613,752,9,5,0.0,0.993,0,1,1,4,4
94.81,206,0,5,8,0.054,0.782,0,1,1,7,0
15.2,131,0,1,3,0.0,0.689,0,1,1,5,4
134.74,589,832,3,2,0.019,0.869,0,1,1,3,4
5.34,66,0,218,328,0.845,0.954,0,0,1,2,3
90.88,858,1787,8,2,0.0,0.88,0,1,2,4,3
0.16,41,0,148,510,0.84,0.884,0,0,0,0,0
0.0,333,1103,6,7,0.0,0.712,0,1,1,4,4
73.68,625,1840,6,4,0.019,1.0,0,1,1,3,4
94.93,344,2745,7,1,0.0,0.824,0,1,1,3,4
1.84,13,1,33,5,0.447,0.323,0,0,2,3,3
96.34,132,1983,4,5,0.054,0.992,0,1,1,3,4
0.0,69,6,482,198,0.885,0.897,0,0,1,4,3
62.18,583,1617,7,5,0.0,0.763,0,1,1,5,4
1.24,0,2,376,474,0.868,0.976,0,0,1,0,3
41.95,715,504,2,1,0.013,0.948,0,1,1,5,4
55.59,650,216,7,6,0.063,0.856,0,1,1,2,2
37.67,1355,540,2,2,0.059,0.97,0,1,1,4,4
0.0,16,5,140,472,0.854,1.0,0,0,2,6,3
53.43,0,0,3,1,0.032,0.901,0,1,1,7,3
0.82,14,0,71,3,0.436,0.234,0,0,1,2,0
2.45,52,3,332,313,0.894,0.989,0,0,1,1,0
0.97,45,1,112,320,1.0,1.0,0,0,1,4,2
2.7,235,249,10,5,0.037,0.851,1,0,1,7,4
1.26,69,1,198,279,0.82,0.938,0,0,2,1,3
0.0,36,10,407,485,1.0,0.904,0,0,1,5,3
45.78,688,1280,8,1,0.031,0.873,0,1,1,6,0
1.41,9,0,297,464,0.928,0.88,0,0,2,0,3
3.24,74,0,232,472,0.968,1.0,0,0,1,6,3
5.33,228,619,6,6,0.0,0.771,0,1,1,2,4
38.76,51,1094,9,3,0.0,0.933,0,1,1,6,4
0.0,845,288,6,3,0.0,0.772,0,1,1,0,4
39.15,662,1237,9,6,0.073,0.914,0,1,1,6,4
107.95,609,1683,1,1,0.041,0.868,0,1,2,4,4
52.41,610,1906,8,2,0.051,1.0,0,1,1,7,4
10.73,825,1622,2,6,0.0,0.932,0,1,1,7,4
0.79,82,0,257,224,0.886,0.923,0,0,1,5,0
51.51,272,536,9,5,0.007,0.874,0,1,2,6,4
45.78,247,901,5,2,0.112,0.987,0,1,1,7,4
0.0,675,895,5,1,0.023,0.822,0,1,1,4,4
1.7,37,6,183,243,0.897,0.964,0,0,1,1,0
33.61,428,1213,9,6,0.078,0.86,0,1,1,7,3
45.87,462,690,8,1,0.0,1.0,0,1,1,6,4
11.01,735,425,4,7,0.047,0.868,0,1,1,4,4
0.0,400,1023,8,2,0.0,0.815,0,1,1,6,4
71.4,542,2307,2,9,0.059,0.802,0,1,1,2,4
19.99,919,567,7,9,0.087,0.979,0,1,1,0,4
39.17,407,1664,5,1,0.037,0.829,0,1,2,3,4
0.0,0,7,377,266,0.967,0.946,0,0,1,1,3
2.24,72,2,474,277,0.998,1.0,0,0,2,6,0
95.54,741,1352,8,7,0.0,1.0,0,1,1,5,4
70.04,825,1175,3,8,0.054,0.797,0,1,1,1,4
0.0,1060,1971,4,1,0.0,0.908,0,1,1,2,4
15.13,0,2013,1,9,0.159,0.836,0,1,1,7,0
2.7,80,2,168,494,0.866,0.897,0,0,1,6,3
75.41,620,1437,3,7,0.0,0.962,0,1,1,5,4
14.64,343,1259,8,5,0.059,0.886,0,1,1,5,4
108.13,329,872,4,5,0.019,0.745,0,1,1,4,4
0.0,198,542,1,9,0.078,1.0,0,1,1,4,4
67.9,1046,1002,8,6,0.0,0.781,0,1,1,0,4
0.64,20,2,52,7,0.169,0.063,0,0,1,7,0
56.16,236,1090,5,5,0.009,1.0,0,1,1,0,4
56.73,853,240,7,5,0.0,0.936,0,1,1,4,4
9.46,622,1581,1,7,0.081,0.94,0,1,2,5,4
0.0,54,6,335,299,0.863,0.972,0,0,2,2,3
0.0,38,0,367,469,0.652,0.88,0,0,2,1,2
7.4,16,5,88,2,0.287,0.268,0,0,0,6,3
118.67,583,299,4,4,0.0,0.992,0,1,1,6,4
86.5,346,1351,6,2,0.0,0.996,0,1,1,5,4
5.19,63,0,361,349,0.798,0.98,0,0,1,3,0
1.4,37,0,235,115,0.932,0.939,0,0,1,3,0
30.05,283,2250,9,3,0.012,0.684,0,1,1,0,4
2.69,10,1,439,448,0.806,0.986,0,0,2,7,3
0.0,28,0,156,374,0.89,0.912,0,0,1,2,3
0.2,47,0,490,368,0.935,0.899,0,0,1,4,3
7.56,669,1438,7,5,0.0,0.95,0,1,1,5,4
46.81,199,0,8,7,0.04,0.876,0,1,1,6,4
126.92,458,899,2,1,0.0,0.867,0,1,0,4,4
6.17,13,0,60,6,0.5,0.203,0,0,2,5,4
77.96,243,1819,9,5,0.0,0.904,0,1,1,5,4
62.77,517,626,7,5,0.085,1.0,0,1,2,0,2
46.02,293,1772,1,6,0.054,0.805,0,1,1,0,4
86.55,0,777,9,3,0.059,0.874,0,1,1,2,4
1.69,361,240,9,6,0.026,0.978,0,1,1,3,2
46.27,425,1379,2,4,0.086,0.946,0,1,1,6,4
71.2,451,1192,6,2,0.035,0.841,0,1,1,1,4
18.92,142,2212,8,2,0.0,0.883,0,1,1,2,1
29.96,149,376,9,4,0.054,0.671,1,1,1,1,3
98.92,423,673,4,5,0.0,0.913,0,1,2,4,2
0.0,36,0,202,134,0.921,0.892,0,0,1,6,0
37.68,588,860,8,1,0.0,0.951,0,1,2,1,3
130.04,0,1890,3,3,0.036,0.921,0,1,2,1,4
139.05,899,2165,2,3,0.031,0.999,0,1,1,4,4
65.29,283,1206,5,6,0.0,0.783,0,1,1,2,4
111.08,440,151,3,7,0.022,0.943,0,1,0,0,4
162.0,341,1585,4,4,0.0,0.718,0,1,2,6,4
95.75,0,1200,7,7,0.047,0.937,0,1,1,4,4
57.43,524,609,4,6,0.0,0.868,0,1,0,7,4
2.36,71,3,468,456,0.975,0.858,0,0,1,4,3
83.97,797,188,5,8,0.089,0.922,0,1,1,7,4
0.0,20,1,48,6,0.642,0.068,0,0,1,1,3
63.41,0,867,2,9,0.008,0.949,0,1,1,5,4
0.63,80,0,210,177,0.759,0.909,0,0,1,5,0
50.23,241,1261,7,7,0.0,0.736,0,1,1,0,4
0.0,475,276,3,2,0.0,1.0,0,1,1,6,4
2.01,1,2,244,424,0.906,0.938,0,0,2,2,3
45.95,0,2358,2,2,0.024,1.0,0,1,1,5,4
69.46,367,730,2,2,0.0,0.95,0,1,1,1,3
0.0,997,84,3,1,0.036,0.524,0,1,1,6,4
59.72,468,1818,7,6,0.167,0.892,0,1,1,2,2
45.34,385,647,7,1,0.0,0.411,2,1,1,2,4
56.0,405,1397,2,8,0.0,0.878,0,1,1,2,4
52.13,693,1074,8,2,0.0,0.88,0,1,1,7,4
15.57,472,558,8,4,0.102,0.921,0,1,1,5,4
52.76,688,1397,2,1,0.065,0.925,0,1,1,4,1
0.0,124,196,4,5,0.071,0.834,0,1,1,5,4
0.81,47,0,297,132,0.895,0.921,0,0,1,2,3
0.77,61,0,408,391,0.84,0.916,0,0,1,0,3
96.59,206,0,7,3,0.0,0.839,0,1,1,6,4
0.0,1055,837,3,3,0.087,0.82,0,1,1,3,1
21.13,784,695,8,5,0.0,1.0,0,1,2,5,4
0.0,67,0,292,417,0.972,0.99,0,0,2,0,0
4.07,0,0,84,5,0.399,0.0,0,0,1,6,0
0.0,427,1042,6,3,0.0,0.907,0,1,1,5,4
0.0,55,1,453,290,0.977,0.943,0,0,2,5,2
103.18,576,1054,4,3,0.0,0.991,0,1,1,0,4
0.85,48,0,255,286,0.816,0.885,0,0,0,4,3
127.55,335,1229,4,9,0.007,0.979,0,1,1,3,4
76.61,677,1367,5,7,0.088,0.901,0,1,1,6,4
1.09,26,3,38,9,0.375,0.269,0,0,0,1,0
43.46,582,2134,2,7,0.0,0.987,0,1,1,7,4
0.51,55,5,483,389,0.779,0.978,0,0,0,1,3
1.15,0,0,84,16,0.593,0.296,0,0,1,1,0
0.0,21,0,462,314,0.79,0.928,0,0,1,7,2
2.64,47,0,310,372,0.955,0.883,0,0,1,2,0
73.97,369,625,2,3,0.033,0.943,0,1,2,5,4
33.82,606,468,1,6,0.0,0.81,0,1,1,2,4
0.32,48,11,392,129,1.0,0.99,0,0,1,2,3
0.91,621,1420,7,1,0.0,1.0,0,1,1,3,4
91.67,528,1840,9,1,0.067,0.97,0,1,1,6,3
0.81,143,0,348,392,0.611,0.953,0,0,2,1,3
74.68,101,1838,3,7,0.013,0.673,0,1,1,5,4
0.0,113,1115,6,6,0.06,0.887,0,1,1,0,4
59.93,448,977,8,8,0.008,1.0,0,1,1,6,4
26.9,926,81,4,3,0.059,0.898,0,1,1,5,4
0.0,644,1162,4,3,0.084,1.0,0,1,2,1,4
0.54,48,1,220,372,0.843,0.965,0,0,2,3,3
2.55,63,0,475,370,0.953,0.919,0,0,2,5,3
67.98,722,1279,8,5,0.0,0.984,0,1,2,4,4
1.83,0,0,353,463,0.946,0.961,0,0,2,5,3
86.2,476,1534,5,3,0.0,0.782,0,1,1,1,2
59.9,626,766,8,9,0.064,0.977,0,1,1,1,4
46.03,595,1169,7,3,0.081,0.723,0,1,1,7,4
81.04,584,748,3,4,0.0,1.0,0,1,1,2,4
27.98,158,1569,4,1,0.073,0.835,0,1,1,7,4
115.73,628,374,5,5,0.077,1.0,0,1,2,0,4
105.92,860,165,1,7,0.168,0.885,0,1,1,6,2
2.64,0,0,22,8,0.674,0.348,0,0,1,1,3
3.91,496,1232,1,7,0.017,0.851,0,1,1,5,0
1.95,614,901,2,1,0.029,0.978,0,1,2,5,4
18.09,556,1402,7,2,0.116,0.922,0,1,1,6,4
28.55,405,1527,2,8,0.052,0.892,0,1,2,5,4
50.47,93,583,6,9,0.0,0.967,0,1,2,6,4
2.3,7,0,73,8,0.633,0.24,0,0,1,3,3
65.64,645,1217,9,8,0.056,0.975,0,1,2,2,4
2.99,20,1,174,390,0.971,0.948,0,0,2,7,2
0.0,14,4,294,320,1.0,0.902,0,0,1,1,3
98.49,275,1522,1,6,0.11,0.786,0,1,1,3,4
0.0,66,5,110,208,0.924,0.955,0,0,1,0,3
67.91,710,1083,5,8,0.116,1.0,0,1,1,1,4
0.55,54,0,338,211,0.912,0.909,0,0,1,3,3
70.65,393,1362,1,5,0.0,0.87,0,1,1,4,4
3.01,51,0,70,6,0.307,0.0,0,0,1,3,3
0.0,64,6,282,154,0.777,0.946,0,0,1,5,3
80.95,715,112,9,3,0.022,0.842,0,1,1,4,4
47.71,239,898,6,8,0.005,1.0,0,1,2,3,4
0.0,19,6,486,219,0.928,0.979,0,0,1,6,3
39.45,214,2182,8,3,0.073,0.812,0,1,1,0,4
47.61,715,793,4,8,0.106,0.778,0,1,1,2,4
53.03,724,572,8,7,0.033,1.0,0,1,2,2,3
107.98,839,1036,4,9,0.0,0.947,0,1,1,0,0
76.14,497,1861,4,8,0.0,0.925,0,1,1,3,4
30.24,0,184,12,2,0.037,0.391,2,0,1,1,4
93.8,421,383,8,3,0.0,0.937,0,1,1,5,4
82.52,579,1605,6,5,0.123,0.824,0,1,1,5,4
38.12,806,2308,2,4,0.022,1.0,0,1,1,3,4
52.83,434,1894,5,4,0.0,0.763,0,1,1,6,1
57.54,46,0,1,6,0.024,0.861,0,1,1,0,4
3.92,0,2,496,469,0.872,0.917,0,0,1,7,3
2.66,875,1253,2,9,0.0,0.779,0,1,1,2,3
48.74,577,1277,3,3,0.023,0.77,0,1,1,4,4
3.74,6,3,55,4,0.791,0.413,0,0,1,3,4
16.0,270,701,6,6,0.024,0.946,0,1,1,7,4
100.51,220,892,8,1,0.06,0.863,0,1,1,3,4
147.15,272,1272,9,1,0.0,0.725,0,1,2,6,4
47.64,292,653,4,5,0.0,0.783,0,1,2,3,4
2.28,98,0,195,139,0.945,1.0,0,0,1,6,2
43.68,526,1171,3,5,0.0,0.779,0,1,1,5,4
39.99,228,989,1,2,0.023,0.93,0,1,1,2,4
37.47,691,844,1,7,0.025,0.957,0,1,1,5,0
0.0,835,494,8,9,0.071,0.915,0,1,1,0,4
0.0,558,544,2,4,0.032,0.879,0,1,1,4,1
0.0,402,1143,2,6,0.046,0.848,0,1,1,4,4
71.94,35,766,8,3,0.032,0.849,0,1,1,4,4
2.65,56,2,500,118,0.924,0.953,0,0,2,1,3
1.57,387,2079,5,5,0.0,1.0,0,1,2,4,4
2.75,40,0,158,418,1.0,0.998,0,0,1,4,0
0.0,346,932,5,3,0.011,0.812,0,1,0,3,3
98.72,297,574,9,5,0.0,0.838,0,1,1,4,3
43.78,83,1725,4,5,0.0,0.906,0,1,1,5,4
1.67,56,0,482,397,0.829,0.878,0,0,2,0,0
24.58,482,886,4,7,0.034,0.947,0,1,1,0,4
27.03,432,1397,2,3,0.004,1.0,0,1,1,7,4
30.83,128,190,10,6,0.095,0.485,2,1,1,0,4
1.15,8,3,93,1,0.697,0.392,0,0,1,7,4
59.19,565,1035,7,3,0.031,0.885,0,1,1,3,4
0.31,22,0,79,9,0.347,0.038,0,0,1,1,3
0.0,191,957,2,7,0.025,0.928,0,1,1,7,4
1.2,36,295,14,6,0.0,1.0,1,0,2,5,4
6.18,282,2334,9,4,0.06,0.835,0,1,1,5,4
19.11,438,2067,6,9,0.038,0.891,0,1,2,7,4
55.84,411,728,7,8,0.022,1.0,0,1,0,6,4
39.28,189,1113,5,4,0.016,0.816,0,1,1,4,4
124.55,0,1651,8,1,0.068,0.834,0,1,1,0,4
3.37,72,0,453,249,0.836,0.964,0,0,1,4,3
82.32,169,1479,4,5,0.094,0.562,0,1,1,1,4
6.61,479,502,1,5,0.015,0.865,0,1,1,2,4
2.48,16,8,220,318,0.726,0.985,0,0,1,0,0
6.0,25,2,80,15,0.552,0.0,0,0,1,0,0
57.26,653,662,6,4,0.001,0.978,0,1,1,3,4
86.05,766,906,5,7,0.0,0.808,0,1,1,5,4
25.2,3,737,6,8,0.005,0.8,0,1,1,1,4
90.77,970,934,5,2,0.026,1.0,0,1,1,7,3
47.43,600,0,2,5,0.079,0.992,0,1,2,6,4
0.0,1126,1953,5,8,0.081,0.831,0,1,1,2,4
28.12,886,1245,5,5,0.118,0.653,0,1,1,4,4
50.35,772,564,7,6,0.1,0.785,0,1,1,4,0
47.95,703,1628,9,9,0.0,0.685,0,1,1,0,4
41.55,473,1214,5,6,0.015,0.899,0,1,1,4,0
0.0,58,0,503,280,1.0,0.979,0,0,1,3,0
95.81,549,1216,7,3,0.072,0.932,0,1,2,6,4
80.36,19,1908,5,9,0.007,0.987,0,1,1,0,4
153.51,814,920,4,4,0.075,0.979,0,1,1,7,4
0.0,476,787,5,5,0.0,0.87,0,1,1,5,4
5.6,826,1012,9,5,0.029,0.957,0,1,2,1,4
68.37,665,821,5,6,0.0,0.971,0,1,1,5,1
2.98,53,0,169,319,0.909,0.984,0,0,1,7,0
56.64,251,0,4,8,0.001,0.766,0,1,2,3,4
4.26,693,1496,2,2,0.108,0.884,0,1,2,5,4
98.67,568,745,7,9,0.0,0.905,0,1,1,7,0
0.0,763,232,7,9,0.0,1.0,0,1,2,0,1
41.24,590,1520,8,2,0.0,0.774,0,1,1,1,0
1.22,90,0,440,242,0.984,0.964,0,0,1,6,3
6.1,489,928,1,4,0.007,1.0,0,1,1,1,4
39.51,79,760,5,8,0.013,0.78,0,1,1,4,4
85.02,437,314,2,3,0.0,0.706,0,1,1,2,4
20.07,0,372,12,3,0.183,0.762,4,1,2,3,4
6.71,3,602,3,4,0.059,0.523,1,1,1,6,4
89.11,337,974,1,9,0.072,0.911,0,1,1,3,4
8.15,582,325,1,3,0.041,1.0,0,1,0,7,4
41.13,381,1230,2,6,0.033,0.96,0,1,1,3,4
63.27,485,241,3,1,0.036,0.92,0,1,1,3,4
80.89,351,978,3,4,0.0,0.933,0,1,1,4,4
2.24,80,0,117,345,0.943,0.992,0,0,1,6,0
29.9,331,1985,2,6,0.008,0.898,0,1,1,3,4
119.07,1265,52,3,1,0.0,1.0,1,1,2,4,4
18.77,467,16,2,5,0.006,0.841,0,1,1,5,4
69.68,194,1021,9,2,0.039,1.0,0,1,0,5,4
59.44,265,772,3,8,0.041,0.686,0,1,1,1,4
0.0,148,1633,8,9,0.0,1.0,0,1,1,5,3
0.0,529,1110,5,2,0.101,0.902,0,1,1,1,4
70.77,397,1282,4,1,0.0,0.781,0,1,1,6,4
60.94,708,946,9,7,0.055,0.958,0,1,1,4,4
36.96,606,712,4,8,0.028,0.976,0,1,1,6,4
4.34,89,0,297,102,0.909,0.984,0,0,0,7,3
89.65,1060,1687,2,1,0.088,0.928,0,1,0,6,4
55.45,776,565,7,4,0.004,0.887,0,1,1,6,3
0.0,78,0,469,424,0.914,1.0,0,0,1,3,3
64.65,0,862,7,1,0.124,0.99,0,1,0,6,4
1.27,58,9,486,256,0.855,0.891,0,0,1,2,3
28.12,489,693,6,1,0.0,0.956,0,1,1,7,4
98.01,37,1906,3,1,0.0,0.791,0,1,1,0,4
18.49,1077,957,7,7,0.003,0.865,0,1,1,2,4
0.0,64,1,441,256,1.0,0.971,0,0,1,7,2
67.91,953,1688,1,2,0.094,0.829,0,1,1,1,4
0.0,639,1019,2,7,0.0,0.79,0,1,2,7,2
2.01,13,0,41,4,0.47,0.46,0,0,1,2,3
2.7,20,0,67,3,0.563,0.157,0,0,1,4,0
106.86,324,1376,8,7,0.064,0.781,0,1,1,0,1
1.98,45,0,450,189,0.857,0.997,0,0,0,5,3
84.35,836,1408,3,6,0.0,0.864,0,1,1,5,4
0.0,453,1507,3,6,0.031,0.958,0,1,1,7,4
38.49,828,1236,9,7,0.068,0.871,0,1,1,3,4
0.0,59,0,228,125,0.653,0.89,0,0,1,4,0
6.48,233,593,5,8,0.045,1.0,0,1,1,3,4
0.0,61,6,419,173,0.849,0.921,0,0,1,3,3
20.57,899,929,3,6,0.03,0.856,0,1,1,6,4
0.0,56,1,275,462,0.904,0.961,0,0,1,6,3
66.81,896,126,3,3,0.031,1.0,0,1,1,1,4
1.04,79,1,155,409,0.833,0.965,0,0,1,1,3
7.52,724,1085,8,3,0.002,0.844,0,1,1,6,4
42.33,134,251,7,5,0.0,0.785,3,0,1,3,4
1.05,225,439,5,2,0.0,0.842,0,1,1,3,4
1.52,22,0,26,2,0.63,0.138,0,0,1,1,4
22.7,55,568,6,7,0.0,0.881,0,1,1,6,4
55.55,706,1573,1,9,0.079,0.94,0,1,1,6,0
81.83,65,687,6,2,0.15,1.0,0,1,1,6,4
68.2,914,605,1,5,0.138,0.95,0,1,1,4,0
0.0,63,0,502,333,1.0,0.976,0,0,1,6,0
51.25,257,1283,8,7,0.059,0.843,0,1,1,1,4
41.39,378,1033,8,3,0.101,0.64,0,1,1,7,0
0.0,123,957,8,6,0.062,0.94,0,1,1,1,4
2.25,23,0,382,488,0.924,0.92,0,0,1,1,3
57.1,485,1357,3,9,0.027,0.714,0,1,1,6,4
7.7,378,1320,1,7,0.063,0.886,0,1,2,6,4
17.6,115,1915,3,1,0.065,1.0,0,1,1,3,1
61.52,239,796,9,3,0.034,0.946,0,1,2,6,4
0.54,69,0,100,449,0.995,0.885,0,0,1,3,0
44.35,26,0,7,7,0.034,0.864,0,1,1,4,4
77.39,877,0,8,6,0.025,0.884,0,1,1,4,4
59.92,542,674,5,8,0.016,0.706,0,1,0,4,2
0.0,0,3,65,15,0.855,0.129,0,0,0,7,3
54.47,233,1005,1,9,0.0,0.896,0,1,1,7,4
53.19,521,874,8,7,0.016,0.966,0,1,1,0,4
41.46,598,0,8,8,0.012,0.747,0,1,1,6,3
41.63,349,0,4,9,0.079,0.804,0,1,1,4,4
98.53,0,1388,7,1,0.0,0.715,0,1,2,4,4
41.8,439,826,7,8,0.014,0.845,0,1,2,3,0
0.0,45,1,103,269,0.901,0.984,0,0,1,0,3
10.17,351,1003,3,3,0.0,0.898,0,1,1,2,4
5.08,36,0,21,7,0.4,0.251,0,0,1,4,3
69.94,257,1387,3,1,0.012,0.811,0,1,0,7,3
20.85,423,1207,3,5,0.0,0.923,0,1,1,7,4
11.79,417,859,4,4,0.031,0.934,0,1,1,6,4
57.88,0,941,3,9,0.037,0.867,0,1,1,6,4
94.22,275,819,3,8,0.076,0.749,0,1,2,5,4
50.36,380,569,1,7,0.0,0.713,0,1,2,5,4
61.6,868,806,4,5,0.046,0.81,0,1,2,5,4
64.09,336,0,4,2,0.0,1.0,0,1,2,0,4
21.12,782,852,4,2,0.063,0.983,0,1,0,0,4
2.66,12,0,449,452,0.831,0.886,0,0,1,5,3
48.22,437,1842,1,6,0.117,0.717,0,1,2,2,4
0.08,27,5,316,401,0.787,0.932,0,0,2,2,0
34.73,239,410,10,7,0.052,0.332,1,0,1,6,4
58.63,121,1156,1,1,0.03,0.954,0,1,1,1,1
89.91,508,103,1,2,0.112,0.747,0,1,1,3,4
35.81,806,1211,9,5,0.012,1.0,0,1,1,5,4
71.74,221,424,7,2,0.0,0.864,0,1,1,7,4
32.31,189,1163,3,9,0.0,0.951,0,1,1,2,4
0.0,1106,1173,8,4,0.051,1.0,0,1,2,5,0
106.66,388,577,4,5,0.0,1.0,0,1,1,2,4
47.04,0,1168,4,1,0.035,0.712,0,1,1,0,4
17.24,595,481,2,9,0.029,0.755,0,1,1,0,4
79.26,568,48,6,6,0.0,0.846,0,1,0,2,1
64.72,564,1058,8,5,0.004,0.931,0,1,1,4,4
0.0,490,345,8,4,0.103,0.919,0,1,1,6,4
0.0,1084,1791,1,5,0.0,0.849,0,1,2,4,1
28.95,317,704,1,9,0.068,0.897,0,1,1,6,4
32.45,594,1231,4,6,0.131,0.891,0,1,1,4,4
76.44,497,556,6,5,0.12,1.0,0,1,1,7,4
48.06,482,846,5,7,0.045,1.0,0,1,2,4,3
11.95,186,1119,8,1,0.094,0.817,0,1,1,6,4
3.36,60,0,483,123,0.906,0.999,0,0,2,4,3
102.24,900,1000,2,9,0.0,0.893,0,1,2,6,0
90.12,49,0,4,8,0.008,0.824,0,1,1,0,4
121.65,747,1417,7,9,0.061,0.823,0,1,1,7,3
0.0,579,311,1,3,0.009,1.0,0,1,1,4,0
25.63,640,811,1,8,0.031,1.0,0,1,1,0,4
42.95,729,1107,7,3,0.045,0.84,0,1,1,0,0
2.54,63,608,1,3,0.042,0.771,0,1,1,7,4
63.15,144,1974,1,7,0.0,0.788,0,1,1,7,4
97.97,551,0,6,6,0.027,1.0,0,1,1,3,4
121.79,151,1306,1,7,0.0,0.95,0,1,1,5,4
30.13,427,636,5,7,0.0,0.815,0,1,2,4,4
0.0,620,935,7,9,0.0,0.976,0,1,1,3,4
9.82,680,74,1,9,0.068,0.91,0,1,1,1,4
38.17,807,592,2,5,0.0,0.852,0,1,1,4,4
37.54,109,110,2,8,0.115,0.876,0,1,1,1,4
143.9,576,1268,2,5,0.0,0.924,0,1,1,4,4
21.99,1513,477,4,2,0.104,0.934,0,1,2,5,4
108.7,594,0,3,6,0.0,0.944,0,1,1,6,4
118.76,295,1119,3,4,0.068,0.846,0,1,2,3,1
0.0,14,0,253,315,0.839,0.94,0,0,0,3,0
0.0,27,4,86,1,0.553,0.338,0,0,0,4,0
110.45,389,1794,8,3,0.0,0.958,0,1,1,6,4
104.35,251,911,8,4,0.0,0.817,0,1,1,5,4
150.03,325,6,8,8,0.004,0.778,0,1,1,5,4
0.0,50,3,291,291,1.0,0.869,0,0,1,3,3
36.9,379,75,14,9,0.111,0.72,1,0,1,1,4
40.53,207,1862,3,9,0.0,0.831,0,1,1,7,1
38.55,127,31,11,4,0.0,0.62,1,0,0,5,4
91.86,0,1026,1,4,0.024,0.887,0,1,1,5,4
6.36,153,395,2,7,0.18,0.592,4,0,1,7,3
0.0,545,774,5,2,0.01,0.93,0,1,1,5,4
6.42,21,0,38,8,0.382,0.0,0,0,1,5,4
10.63,311,820,8,1,0.017,0.872,0,1,1,7,4
60.05,81,919,1,7,0.0,0.803,0,1,2,0,4
17.74,763,1771,1,5,0.005,0.968,0,1,2,2,2
0.0,651,2082,8,8,0.0,0.948,0,1,2,1,3
17.66,352,183,6,2,0.3,0.512,3,0,1,0,4
40.14,680,1223,7,9,0.0,0.856,0,1,1,0,4
10.42,756,1279,8,5,0.0,0.843,0,1,1,1,4
62.18,0,1247,4,9,0.0,0.789,0,1,1,4,4
0.0,0,1708,1,8,0.0,0.927,0,1,2,0,4
76.94,478,1315,8,9,0.073,0.982,0,1,1,2,4
22.62,1042,1860,6,9,0.056,0.876,0,1,1,3,4
0.0,497,1426,5,5,0.043,0.901,0,1,1,2,4
83.88,292,788,9,6,0.069,1.0,0,1,1,2,3
71.12,1062,0,1,1,0.055,0.718,1,1,1,6,4
67.49,209,779,6,4,0.057,1.0,0,1,1,0,4
27.64,540,966,2,6,0.009,0.875,0,1,1,3,2
3.44,42,3,44,11,0.477,0.238,0,0,1,6,3
66.46,731,884,4,4,0.0,0.901,0,1,2,3,3
63.73,742,796,7,4,0.0,0.897,0,1,1,6,4
76.58,616,1261,5,3,0.0,1.0,0,1,1,7,4
6.63,41,1,90,8,0.545,0.119,0,0,1,1,4
56.52,375,1550,7,4,0.051,0.946,0,1,1,1,4
0.0,22,0,51,19,0.472,0.294,0,0,1,0,3
0.2,4,0,54,9,0.243,0.307,0,0,1,5,0
22.89,1417,1491,9,3,0.026,1.0,0,1,1,7,4
8.32,644,471,3,9,0.011,0.892,0,1,1,7,3
29.26,333,318,7,1,0.14,0.88,1,1,1,0,4
3.17,26,0,22,17,0.671,0.164,0,0,1,4,0
0.0,615,1084,1,8,0.0,1.0,0,1,2,1,4
58.94,730,223,3,8,0.0,0.851,0,1,1,2,3
0.0,46,1,283,220,0.9,0.922,0,0,1,0,0
174.44,497,582,1,3,0.035,0.916,0,1,1,1,4
17.75,0,155,6,3,0.085,0.606,3,0,2,1,4
0.0,388,1526,7,5,0.026,0.948,0,1,2,4,3
3.15,35,5,510,332,0.98,0.827,0,0,1,6,3
8.04,209,225,1,1,0.0,0.835,0,1,1,6,4
51.98,686,546,4,7,0.0,0.887,0,1,1,4,4
0.0,543,1030,3,2,0.0,0.86,0,1,2,6,4
2.68,11,1,43,11,0.482,0.206,0,0,1,6,3
23.58,1044,1016,9,7,0.118,0.885,0,1,1,2,4
74.72,645,1654,7,7,0.0,0.846,0,1,1,7,4
75.7,1089,967,2,6,0.043,0.795,0,1,1,3,3
74.29,469,78,7,4,0.052,0.797,0,1,1,3,4
1.94,56,5,277,382,0.918,0.929,0,0,1,2,3
33.24,905,1083,8,5,0.016,0.725,0,1,1,7,4
8.8,30,0,61,1,0.624,0.002,0,0,1,4,3
57.03,485,1389,2,3,0.0,0.951,0,1,1,7,4
0.13,82,0,261,412,0.915,1.0,0,0,1,2,2
50.18,650,1439,3,3,0.102,0.851,0,1,1,6,4
0.92,0,0,121,112,0.773,0.911,0,0,1,0,2
62.57,385,1850,4,2,0.0,0.916,0,1,1,7,4
24.83,234,292,3,4,0.076,0.527,1,0,1,7,4
0.0,220,1411,7,3,0.028,0.868,0,1,1,3,4
35.78,656,482,6,4,0.117,0.82,0,1,1,5,4
0.0,33,0,222,296,0.793,0.904,0,0,1,5,0
71.02,55,1168,8,5,0.0,0.867,0,1,0,5,4
80.65,692,1202,5,4,0.04,0.816,0,1,2,6,4
15.99,406,360,4,9,0.102,0.525,4,1,1,6,4
48.26,759,724,1,1,0.097,0.749,0,1,1,3,4
86.04,424,762,8,2,0.0,1.0,0,1,1,1,4
27.19,488,1344,7,5,0.0,1.0,0,1,2,6,4
0.0,740,2275,4,4,0.0,0.97,0,1,2,1,4
2.32,27,0,190,493,0.957,0.924,0,0,1,6,3
40.94,205,575,4,6,0.025,1.0,0,1,2,4,4
16.04,279,874,4,8,0.027,0.954,0,1,2,1,4
22.44,1180,193,6,8,0.013,1.0,0,1,0,0,4
0.0,304,1082,1,2,0.036,1.0,0,1,1,4,4
0.0,0,135,1,3,0.152,0.75,1,1,1,0,3
1.56,44,0,165,209,0.928,0.942,0,0,2,6,3
0.0,451,919,3,2,0.0,0.994,0,1,1,0,4
0.1,20,0,190,298,0.936,0.97,0,0,0,1,2
69.93,286,687,4,8,0.056,0.848,0,1,1,6,1
102.49,362,660,5,6,0.0,0.938,0,1,1,6,4
112.6,888,205,1,1,0.01,0.765,0,1,1,2,4
21.84,684,1347,4,1,0.056,0.867,0,1,1,6,4
65.71,275,691,8,9,0.043,0.974,0,1,1,4,0
0.0,18,0,12,8,0.221,0.981,1,1,2,5,4
0.0,745,1010,8,6,0.024,0.906,0,1,1,1,3
0.0,513,456,4,3,0.002,1.0,0,1,1,5,4
26.9,392,1853,5,9,0.008,1.0,0,1,1,4,4
2.2,350,583,9,9,0.0,0.825,0,1,2,6,4
4.03,9,0,47,2,0.048,0.162,0,0,1,3,3
34.06,288,952,8,6,0.0,0.915,0,1,1,3,4
22.0,267,240,3,4,0.056,0.496,1,1,1,6,3
39.85,683,921,2,1,0.031,1.0,0,1,2,2,1
3.18,0,0,185,328,0.732,0.955,0,0,1,0,3
85.39,772,1207,9,7,0.001,0.895,0,1,1,0,4
0.0,24,6,21,14,0.598,0.175,0,0,2,2,3
25.22,915,823,9,8,0.003,0.84,0,1,0,0,4
46.54,142,444,8,9,0.0,0.964,0,1,1,0,4
3.65,23,0,90,7,0.506,0.175,0,0,1,0,4
2.91,83,6,496,187,0.834,0.875,0,0,1,2,3
18.17,604,25,9,5,0.053,0.942,0,1,1,7,4
0.0,646,1572,1,7,0.103,0.763,0,1,1,3,4
1.78,37,4,254,265,1.0,1.0,0,0,1,2,0
28.45,520,2500,2,1,0.0,1.0,0,1,1,0,3
0.0,659,1366,6,4,0.034,1.0,0,1,1,5,4
47.88,403,404,9,6,0.049,0.794,0,1,2,7,4
38.1,264,589,1,4,0.007,1.0,0,1,1,1,4
29.36,571,1491,9,1,0.029,0.936,0,1,1,3,4
3.64,23,6,493,191,0.922,0.96,0,0,1,0,2
155.51,576,1250,4,4,0.0,0.899,0,1,1,6,4
82.55,251,529,9,4,0.047,0.903,0,1,1,1,4
27.12,533,636,1,3,0.0,0.827,0,1,1,0,4
0.0,58,0,452,454,0.806,0.949,0,0,0,3,0
0.0,35,3,380,432,1.0,1.0,0,0,1,5,3
114.1,522,352,7,2,0.0,0.806,0,1,1,3,0
10.32,44,0,26,9,0.612,0.214,0,0,1,4,3
0.0,19,0,50,14,0.486,0.391,0,0,1,1,3
41.57,58,255,13,8,0.0,0.653,4,1,2,0,4
0.0,91,1778,2,6,0.084,0.918,0,1,2,7,4
0.61,16,8,196,395,0.898,0.9,0,0,1,4,2
128.94,763,800,2,5,0.096,0.945,0,1,1,0,4
95.01,336,1273,5,4,0.012,0.956,0,1,2,2,4
0.0,813,633,3,3,0.039,1.0,0,1,1,4,4
65.25,400,675,6,9,0.0,0.908,0,1,2,7,4
41.89,394,486,14,7,0.212,0.664,3,0,1,4,3
43.52,566,1168,5,5,0.002,0.799,0,1,1,4,4
124.24,117,1692,4,3,0.079,0.727,0,1,1,3,4
2.06,63,2,281,156,0.878,0.897,0,0,1,7,3
37.99,478,787,3,3,0.001,0.82,0,1,0,6,4
77.58,381,1244,3,8,0.064,0.86,0,1,2,5,0
101.22,240,607,8,4,0.022,0.794,0,1,1,1,4
38.8,0,165,5,7,0.027,0.904,0,1,1,6,2
41.01,3,338,13,4,0.143,0.478,1,1,2,7,4
48.94,450,296,3,7,0.134,1.0,0,1,0,4,4
0.0,607,699,1,5,0.0,0.972,0,1,1,2,4
53.85,541,1420,6,3,0.105,0.94,0,1,1,6,4
4.12,67,0,121,411,0.95,1.0,0,0,1,4,3
4.05,565,142,8,9,0.12,0.867,0,1,2,1,4
113.35,88,1603,1,7,0.122,0.97,0,1,1,6,4
39.8,407,1696,1,3,0.0,0.982,0,1,2,6,4
1.1,29,0,80,18,0.58,0.482,0,0,2,0,0
16.51,322,321,10,3,0.032,0.491,3,0,1,1,4
32.51,1648,444,4,1,0.063,0.631,0,1,1,6,4
0.0,907,1329,2,3,0.076,0.989,0,1,1,1,4
0.0,47,0,130,149,0.972,0.96,0,0,1,0,2
1.91,96,0,376,407,0.904,0.981,0,0,1,4,3
0.0,65,7,228,130,0.834,1.0,0,0,1,2,0
0.0,0,0,6,1,0.007,0.974,0,1,1,3,4
40.58,859,1067,8,1,0.0,0.915,0,1,1,1,4
0.0,7,0,460,164,0.915,0.992,0,0,2,1,0
83.25,562,13,9,8,0.036,0.915,0,1,2,6,4
0.0,0,1761,3,7,0.0,0.877,0,1,1,7,4
3.37,33,1,22,4,0.23,0.279,0,0,1,2,4
45.96,225,867,5,5,0.083,0.885,0,1,1,0,1
99.96,500,1055,4,3,0.01,0.767,0,1,1,7,3
35.04,590,1079,3,9,0.0,1.0,0,1,2,7,4
44.29,240,1459,8,7,0.06,1.0,0,1,1,0,4
71.63,0,836,9,7,0.069,0.897,0,1,0,7,4
1.81,22,1,496,486,0.954,0.974,0,0,1,3,3
0.0,33,4,262,431,0.937,1.0,0,0,1,6,3
100.77,729,669,6,6,0.0,0.882,0,1,1,7,4
47.34,242,230,1,7,0.112,1.0,0,1,1,2,4
93.28,767,577,5,1,0.0,0.836,0,1,1,5,4
73.31,538,1382,5,8,0.071,0.867,0,1,1,4,4
84.63,261,888,8,6,0.045,0.952,0,1,1,0,4
0.77,87,4,122,391,0.924,0.892,0,0,1,6,3
55.97,426,1460,9,4,0.06,0.773,0,1,1,7,4
34.37,442,501,7,3,0.044,1.0,0,1,1,5,4
8.43,166,119,11,2,0.08,0.521,4,0,1,7,4
0.0,71,0,222,198,0.877,0.952,0,0,1,1,3
33.08,398,1166,7,7,0.0,0.991,0,1,1,3,4
0.0,588,1095,3,5,0.031,0.908,0,1,1,4,4
47.32,306,1827,8,7,0.0,0.837,0,1,1,2,4
0.0,128,0,370,377,0.942,0.966,0,0,1,2,3
15.5,50,1167,7,3,0.056,0.896,0,1,1,6,4
45.7,435,1630,2,9,0.01,0.964,0,1,1,4,4
0.0,126,905,2,9,0.117,0.835,0,1,1,5,4
130.75,249,0,1,3,0.167,0.884,0,1,1,3,4
2.6,58,0,149,445,0.778,1.0,0,0,1,5,3
71.11,624,301,9,7,0.0,1.0,0,1,1,2,4
109.44,538,1559,4,7,0.0,0.889,0,1,2,1,0
41.09,593,993,2,1,0.046,0.914,0,1,1,6,4
0.0,0,1643,3,9,0.049,1.0,0,1,1,4,4
0.0,229,618,4,3,0.159,0.215,2,0,2,2,3
44.58,792,1000,8,4,0.007,0.9,0,1,2,6,4
84.28,576,1644,3,9,0.054,0.759,0,1,1,7,4
32.59,309,824,4,8,0.044,1.0,0,1,1,5,4
21.98,377,432,1,5,0.0,0.949,0,1,1,4,4
91.5,269,1246,5,4,0.0,0.894,0,1,1,0,4
10.1,323,1425,9,3,0.005,0.828,0,1,1,2,4
58.3,611,933,2,6,0.033,0.811,0,1,1,1,4
78.09,725,840,2,5,0.001,0.777,0,1,2,4,4
1.3,72,6,115,404,1.0,0.946,0,0,1,4,3
2.36,25,2,59,19,0.647,0.263,0,0,1,3,0
0.64,55,9,295,265,1.0,0.984,0,0,1,7,3
60.92,467,1338,4,8,0.008,0.859,0,1,1,2,3
53.66,486,460,8,5,0.032,0.971,0,1,0,1,4
34.23,66,1047,6,7,0.0,0.859,0,1,1,7,2
48.17,528,1107,3,7,0.009,0.868,0,1,1,5,4
88.96,272,873,4,7,0.074,1.0,0,1,1,6,4
62.94,85,384,7,7,0.012,0.6,2,0,2,0,4
37.44,101,702,7,9,0.051,0.652,0,1,1,5,4
8.34,0,794,3,2,0.027,0.864,0,1,1,4,4
0.79,66,3,164,139,0.8,0.974,0,0,1,3,0
5.01,68,9,277,121,0.888,0.991,0,0,1,4,2
0.0,632,1489,9,3,0.094,0.822,0,1,1,5,4
73.0,601,948,3,4,0.029,0.866,0,1,2,4,4
24.3,388,575,5,8,0.187,0.719,3,0,2,4,4
96.2,1618,213,3,2,0.022,1.0,1,1,1,6,4
0.0,9,0,164,274,1.0,0.996,0,0,1,1,2
5.19,59,0,152,120,0.827,1.0,0,0,1,7,3
2.61,541,1116,1,8,0.018,1.0,0,1,1,2,4
45.42,304,585,9,1,0.0,0.801,0,1,0,7,4
17.79,315,905,5,2,0.012,0.945,0,1,1,5,4
48.53,422,56,6,3,0.0,0.846,0,1,1,2,4
4.52,15,1,91,14,0.728,0.098,0,0,1,1,3
9.84,1048,1059,1,2,0.024,0.875,0,1,1,0,4
44.67,162,1405,2,2,0.056,0.666,0,1,2,4,4
0.57,0,2055,5,7,0.078,1.0,0,1,1,6,1
0.0,61,0,384,399,0.82,0.944,0,0,2,3,0
0.0,516,988,1,2,0.071,0.8,0,1,2,4,4
42.98,986,1107,6,3,0.0,0.894,0,1,1,1,4
33.14,788,625,6,6,0.021,1.0,0,1,1,1,4
4.09,37,3,97,7,0.23,0.38,0,0,1,0,3
1.1,649,933,9,1,0.034,0.952,0,1,2,7,2
1.23,43,0,99,12,0.73,0.221,0,0,1,1,3
4.49,31,0,23,12,0.377,0.033,0,0,1,3,0
21.42,1212,2346,4,6,0.0,0.773,0,1,1,4,4
81.64,0,1758,9,3,0.049,0.89,0,1,1,3,4
46.74,262,1861,2,4,0.013,0.922,0,1,1,3,4
8.22,13,1,70,12,0.467,0.306,0,0,2,3,3
0.0,1125,1487,8,7,0.05,0.887,0,1,2,1,4
2.28,818,0,9,7,0.027,0.853,0,1,1,0,4
88.23,457,745,5,5,0.059,1.0,0,1,1,2,4
29.79,716,1180,8,2,0.016,0.917,0,1,0,5,4
16.03,266,140,3,7,0.223,0.866,4,0,2,3,3
0.0,963,1537,1,8,0.051,0.799,0,1,1,4,3
36.98,349,0,5,6,0.0,1.0,0,1,1,5,4
64.37,678,1649,5,3,0.02,0.985,0,1,1,4,0
92.79,556,0,6,3,0.02,0.786,0,1,1,6,4
1.4,15,0,351,179,0.687,0.945,0,0,1,5,0
0.11,40,6,171,132,1.0,0.939,0,0,1,5,0
81.8,385,351,1,1,0.038,1.0,0,1,2,6,4
26.33,1004,711,4,6,0.0,0.939,0,1,1,1,3
51.68,274,898,5,3,0.008,0.781,0,1,1,0,4
93.84,416,606,7,4,0.019,0.9,0,1,1,1,4
0.99,727,1646,5,4,0.121,1.0,0,1,2,7,4
38.99,499,343,11,5,0.0,0.557,2,1,1,3,4
0.0,299,2524,7,1,0.0,0.817,0,1,1,7,4
67.12,994,1035,5,2,0.02,0.824,0,1,2,2,4
0.0,76,4,122,506,0.954,0.977,0,0,1,5,3
75.52,1208,1715,2,3,0.0,0.936,0,1,2,5,4
17.66,361,1562,8,1,0.0,0.809,0,1,1,6,1
9.1,459,689,8,3,0.0,0.913,0,1,1,2,4
44.01,214,1485,6,7,0.0,1.0,0,1,1,1,4
102.76,490,660,1,6,0.0,1.0,0,1,1,6,4
86.93,732,1638,8,5,0.02,1.0,0,1,1,6,2
0.0,79,0,455,192,0.747,0.949,0,0,1,6,0
58.27,428,1185,1,2,0.033,0.964,0,1,1,5,4
0.68,51,1,399,355,0.904,1.0,0,0,1,0,2
49.89,240,991,1,3,0.084,0.988,0,1,2,2,4
61.04,1039,1004,6,6,0.0,0.722,0,1,1,5,4
132.75,9,1582,3,9,0.0,0.907,0,1,1,3,4
0.0,741,545,1,8,0.043,0.888,0,1,1,1,3
36.29,330,782,6,1,0.0,0.869,0,1,1,6,4
29.85,218,575,2,5,0.023,1.0,0,1,1,5,4
41.24,672,119,7,2,0.054,0.843,0,1,2,7,4
29.38,211,1662,3,5,0.086,0.84,0,1,0,0,4
113.3,864,1629,9,8,0.043,1.0,0,1,0,4,4
97.88,1043,1097,3,1,0.0,0.886,0,1,2,2,3
9.72,444,1332,2,8,0.0,0.943,0,1,1,1,4
80.26,167,1510,5,2,0.027,1.0,0,1,1,3,4
58.15,567,1560,5,9,0.001,0.768,0,1,1,7,4
115.9,324,1579,4,2,0.054,0.89,0,1,1,2,4
94.48,593,1033,6,3,0.06,0.953,0,1,1,3,4
0.84,0,9,453,488,1.0,0.943,0,0,2,6,2
7.39,0,331,14,7,0.0,0.767,3,0,1,6,4
26.12,422,693,9,1,0.001,0.895,0,1,2,2,4
4.47,40,1,97,8,0.505,0.147,0,0,2,7,3
69.0,702,568,6,1,0.02,0.9,0,1,0,1,4
0.91,45,0,366,127,0.763,0.896,0,0,2,1,3
1.75,87,0,310,204,0.966,0.961,0,0,1,0,0
94.72,1013,773,4,1,0.052,0.954,0,1,1,0,4
0.0,549,364,8,3,0.0,0.929,0,1,1,2,0
23.6,0,340,4,9,0.048,0.885,0,1,1,2,4
68.61,439,1855,9,6,0.0,1.0,0,1,1,6,4
0.0,724,1692,5,7,0.08,1.0,0,1,1,5,0
0.0,88,7,163,438,1.0,1.0,0,0,1,7,3
57.6,222,828,7,9,0.0,0.94,0,1,1,4,4
24.71,74,1466,4,1,0.003,0.922,0,1,1,4,4
80.98,1036,869,2,6,0.007,0.899,0,1,1,1,0
75.8,800,2367,3,1,0.019,0.92,0,1,1,5,4
2.57,14,3,277,311,0.8,0.917,0,0,1,0,3
96.32,468,1187,2,1,0.017,0.688,0,1,1,1,4
1.96,21,0,445,416,0.944,0.918,0,0,1,7,3
2.03,21,0,68,3,0.285,0.241,0,0,1,1,4
0.0,3,0,384,307,1.0,0.942,0,0,2,3,0
87.58,230,340,6,5,0.051,0.949,0,1,1,1,4
1.49,0,45,12,7,0.358,0.216,2,0,1,0,4
109.71,587,263,6,2,0.003,1.0,0,1,1,6,4
39.65,689,147,8,6,0.002,1.0,0,1,1,4,4
88.48,81,863,8,5,0.0,0.971,0,1,1,1,0
58.63,693,1283,6,2,0.075,1.0,0,1,1,5,4
0.0,39,0,78,10,0.713,0.245,0,0,0,3,3
81.72,1100,884,1,9,0.049,0.83,0,1,1,4,4
41.41,373,2486,1,2,0.0,0.908,0,1,1,7,4
1.17,14,0,27,14,0.777,0.395,0,0,2,6,4
0.0,32,0,494,365,0.769,0.952,0,0,2,2,0
13.14,401,1143,5,1,0.024,0.869,0,1,1,4,4
17.65,434,175,8,3,0.03,0.945,0,1,2,6,4
17.61,231,1171,6,3,0.049,0.991,0,1,1,4,4
0.0,24,2,464,174,0.889,1.0,0,0,1,6,3
67.94,118,1202,8,9,0.0,1.0,0,1,2,2,4
65.93,450,723,4,5,0.023,0.88,0,1,2,5,4
36.42,371,0,8,6,0.098,0.752,0,1,1,5,4
50.42,690,2051,8,7,0.106,1.0,0,1,1,5,4
1.81,26,0,123,338,0.765,0.996,0,0,1,7,0
5.52,508,294,3,6,0.107,0.898,0,1,1,4,4
1.86,64,0,157,306,0.822,0.906,0,0,2,6,0
39.23,584,1585,7,9,0.0,0.908,0,1,1,4,4
75.61,765,0,3,6,0.0,0.931,0,1,1,1,4
4.78,23,0,238,133,0.891,0.932,0,0,1,0,0
5.79,619,752,2,6,0.0,0.87,0,1,1,7,4
52.02,734,559,3,5,0.003,1.0,0,1,2,3,4
16.41,496,1332,2,9,0.0,0.938,0,1,1,7,4
7.68,27,4,21,12,0.391,0.324,0,0,1,1,4
16.5,341,533,3,7,0.045,0.934,0,1,2,1,4
120.58,725,0,8,6,0.029,0.801,0,1,0,0,4
55.74,392,1169,1,4,0.012,0.833,0,1,1,0,4
62.0,367,2445,2,2,0.061,0.838,0,1,1,3,0
0.0,81,8,421,152,0.95,0.994,0,0,1,0,0
3.82,93,0,197,101,0.827,0.951,0,0,1,3,3
74.91,1148,938,6,2,0.085,0.855,0,1,1,4,0
0.0,60,0,174,156,0.955,0.953,0,0,2,6,3
0.0,572,1384,2,9,0.0,0.803,0,1,1,5,4
11.57,495,2531,6,9,0.037,0.952,0,1,2,2,4
6.44,288,1452,2,3,0.106,1.0,0,1,0,5,4
1.89,25,0,32,17,0.734,0.277,0,0,1,3,0
48.1,91,491,8,4,0.0,0.671,2,0,1,1,4
2.34,548,1517,2,4,0.077,0.956,0,1,2,7,4
3.65,77,0,176,352,0.876,1.0,0,0,1,0,3
72.45,330,1001,4,1,0.017,0.837,0,1,1,5,4
43.35,85,1572,8,7,0.053,0.822,0,1,1,3,4
145.7,540,878,3,3,0.0,0.908,0,1,2,0,4
9.85,32,4,52,17,0.906,0.082,0,0,1,5,3
1.37,98,0,338,203,0.878,0.974,0,0,1,7,2
1.18,50,0,331,135,0.897,0.958,0,0,1,3,3
62.22,423,1608,1,8,0.071,0.859,0,1,1,3,3
22.03,201,1520,2,1,0.0,0.795,0,1,2,1,4
24.54,769,1187,7,3,0.0,0.844,0,1,1,7,4
112.3,438,1665,7,3,0.008,0.902,0,1,1,3,4
119.35,681,732,2,5,0.014,0.914,0,1,1,1,4
1.53,48,0,428,403,0.898,0.898,0,0,1,3,3
63.61,418,1808,4,6,0.059,0.928,0,1,1,4,4
28.96,486,0,4,6,0.122,1.0,0,1,1,7,4
79.48,408,811,4,3,0.089,1.0,0,1,2,4,4
66.36,956,154,4,8,0.079,0.955,0,1,1,2,4
30.38,825,1515,9,1,0.0,0.714,0,1,2,7,4
68.43,509,397,8,3,0.076,0.822,0,1,2,2,4
77.06,73,177,2,1,0.099,0.885,0,1,1,0,4
0.0,2,10,360,185,0.846,0.92,0,0,1,4,2
68.67,609,2205,9,3,0.0,1.0,0,1,1,5,0
73.07,575,621,8,7,0.001,0.935,0,1,1,3,3
72.34,1050,1886,6,1,0.076,1.0,0,1,2,2,4
110.73,622,1677,4,7,0.025,0.909,0,1,1,3,4
88.01,834,2046,7,2,0.089,1.0,0,1,1,2,4
0.0,839,958,6,8,0.02,0.949,0,1,1,4,4
42.9,0,1434,2,2,0.0,0.973,0,1,1,3,4
1.71,95,0,104,369,0.841,0.984,0,0,1,1,3
7.8,0,1,35,2,0.305,0.346,0,0,0,2,3
107.6,185,1153,3,4,0.012,0.938,0,1,1,3,2
19.63,751,797,8,2,0.073,0.852,0,1,1,1,4
101.79,937,950,6,6,0.026,1.0,0,1,1,7,4
105.55,770,411,4,9,0.08,0.765,0,1,2,4,4
23.3,470,1328,3,2,0.0,0.893,0,1,2,6,4
114.12,528,717,2,7,0.0,0.867,0,1,2,5,4
44.26,348,1548,2,4,0.04,0.976,0,1,2,4,4
36.06,425,1455,5,7,0.022,0.997,0,1,1,3,4
1.74,31,3,292,187,0.768,0.937,0,0,1,7,0
20.95,419,2084,5,8,0.03,0.834,0,1,1,2,1
19.95,123,1957,3,4,0.042,0.936,0,1,1,2,4
54.74,238,860,9,8,0.009,1.0,0,1,1,4,4
67.95,0,1079,5,1,0.031,0.775,0,1,1,4,4
136.84,203,1249,5,3,0.04,0.88,0,1,1,3,4
2.1,67,0,486,358,0.996,0.96,0,0,1,2,3
37.56,117,942,4,4,0.0,0.942,0,1,1,2,4
28.26,184,559,9,4,0.075,1.0,0,1,1,0,4
0.0,53,0,204,199,0.852,0.965,0,0,1,4,3
44.91,424,1678,6,5,0.0,1.0,0,1,1,3,0
17.12,372,2433,9,1,0.061,0.952,0,1,1,3,4
29.17,347,1135,6,6,0.014,0.789,0,1,1,2,4
47.96,109,1544,3,1,0.078,1.0,0,1,1,3,4
5.34,25,0,85,1,0.619,0.123,0,0,1,0,0
0.0,367,1238,1,6,0.054,1.0,0,1,1,1,3
26.31,652,1203,8,2,0.036,1.0,0,1,1,5,4
44.68,749,345,4,8,0.045,1.0,0,1,1,7,4
3.58,22,0,46,15,0.439,0.138,0,0,1,2,3
0.0,281,931,4,3,0.133,0.973,0,1,1,0,4
5.33,0,375,13,3,0.188,0.416,4,0,1,1,3
81.36,324,1504,9,8,0.065,1.0,0,1,1,4,4
26.76,771,1528,8,8,0.0,0.862,0,1,1,2,1
0.0,759,636,8,8,0.06,0.858,0,1,1,3,4
102.53,619,1496,5,6,0.079,1.0,0,1,1,7,4
88.58,654,709,7,5,0.007,0.895,0,1,1,4,4
69.63,431,1525,8,9,0.0,1.0,0,1,1,1,1
2.18,20,0,30,14,0.505,0.249,0,0,1,0,3
61.09,1063,1204,3,5,0.01,1.0,0,1,2,6,4
145.07,402,2387,3,3,0.0,0.812,0,1,1,0,0
89.96,770,703,3,3,0.032,0.995,0,1,1,0,4
0.0,1,0,140,110,0.579,0.894,0,0,1,2,2
76.42,286,1241,3,6,0.028,0.805,0,1,1,4,4
85.59,280,1575,2,7,0.08,1.0,0,1,1,5,4
32.64,322,1169,4,7,0.0,0.689,0,1,2,2,1
32.25,625,2202,3,9,0.029,1.0,0,1,1,1,2
0.0,18,0,88,4,0.654,0.256,0,0,2,2,3
98.13,319,1859,9,2,0.045,0.87,0,1,1,2,4
30.54,920,900,7,1,0.005,0.884,0,1,1,3,4
45.88,0,290,7,9,0.0,0.888,0,1,1,4,4
84.31,846,2029,4,5,0.084,1.0,0,1,1,2,4
27.91,504,944,8,4,0.134,0.891,0,1,1,7,4
52.46,728,396,9,7,0.0,0.979,0,1,1,6,4
14.32,486,90,4,2,0.043,0.97,0,1,1,1,4
0.42,35,5,414,483,1.0,0.954,0,0,1,6,3
67.57,471,2033,6,6,0.12,0.886,0,1,1,3,4
3.75,57,0,105,383,0.849,0.97,0,0,2,0,3
57.2,576,891,5,2,0.051,0.796,0,1,1,4,4
0.93,38,1,238,392,0.979,0.865,0,0,1,4,2
7.08,22,577,10,2,0.068,0.636,3,1,1,5,4
45.92,187,237,1,8,0.193,0.398,1,1,1,6,4
2.86,32,0,63,6,0.424,0.283,0,0,1,3,3
50.28,378,1466,3,1,0.007,0.819,0,1,2,2,4
49.25,667,825,7,7,0.045,0.99,0,1,1,6,4
4.51,38,2,175,173,1.0,0.965,0,0,1,0,2
17.78,625,1269,6,5,0.026,0.926,0,1,2,1,4
34.64,146,515,2,7,0.0,1.0,0,1,1,5,4
3.58,13,1,27,6,0.647,0.006,0,0,1,1,3
3.36,0,8,398,457,0.93,0.981,0,0,2,5,0
43.32,798,188,2,2,0.062,0.713,0,1,0,7,4
19.61,66,860,12,8,0.367,0.417,1,0,2,4,4
99.67,628,1593,5,7,0.003,0.93,0,1,1,5,4
12.49,120,1987,1,4,0.003,0.927,0,1,1,6,4
52.34,407,2277,6,8,0.093,0.985,0,1,2,1,4
63.37,672,771,6,9,0.032,1.0,0,1,1,7,4
58.01,865,877,1,4,0.037,0.916,0,1,1,2,0
57.43,772,1697,3,6,0.011,1.0,0,1,2,4,4
0.0,676,0,4,2,0.052,0.818,0,1,1,5,4
39.6,338,448,1,2,0.0,0.868,0,1,2,7,4
91.32,469,315,6,7,0.007,0.853,0,1,2,4,4
64.41,503,36,8,9,0.0,0.787,0,1,1,3,4
0.0,216,1748,3,4,0.045,0.899,0,1,1,6,2
0.0,74,10,124,315,0.821,1.0,0,0,2,4,2
2.0,8,4,34,5,0.924,0.185,0,0,1,6,0
5.68,790,814,9,9,0.0,0.89,0,1,1,0,4
87.04,1058,926,1,4,0.036,0.802,0,1,1,1,4
41.76,494,1372,4,9,0.0,1.0,0,1,1,7,1
41.53,259,118,6,7,0.0,1.0,0,1,1,7,4
83.59,568,688,1,3,0.085,0.81,0,1,0,3,2
66.35,434,452,2,4,0.0,0.846,0,1,1,2,4
0.0,70,0,302,321,0.943,1.0,0,0,1,0,3
60.65,390,820,4,1,0.067,0.905,0,1,1,3,4
10.62,643,576,3,7,0.0,0.818,0,1,1,1,4
114.38,390,938,4,5,0.0,0.797,0,1,1,1,4
0.02,36,0,326,417,0.843,0.921,0,0,1,0,0
15.74,599,538,1,6,0.024,1.0,0,1,1,3,3
0.0,4,0,76,8,0.281,0.136,0,0,1,1,4
48.88,484,1062,2,2,0.035,1.0,0,1,0,0,4
53.8,446,963,7,8,0.008,0.966,0,1,1,0,0
88.45,515,261,2,7,0.088,1.0,0,1,1,1,4
13.63,27,1162,5,7,0.042,0.969,0,1,1,2,4
33.92,15,446,9,1,0.228,0.565,2,1,1,0,3
140.48,319,1187,8,4,0.042,0.922,0,1,1,3,4
47.08,406,1089,9,1,0.099,0.863,0,1,1,4,4
31.73,775,1754,6,1,0.0,0.905,0,1,1,5,4
41.15,155,1478,3,5,0.0,0.957,0,1,1,6,4
60.63,465,1368,8,8,0.05,0.745,0,1,1,0,4
0.0,936,1081,1,9,0.088,0.687,0,1,2,0,4
0.0,1259,404,4,3,0.102,0.781,1,1,2,3,4
62.11,67,1246,3,3,0.0,0.936,0,1,2,7,4
4.0,16,0,315,106,0.772,0.889,0,0,1,4,3
135.87,456,1133,5,3,0.119,0.815,0,1,1,5,4
22.54,211,572,7,8,0.023,0.79,0,1,1,5,4
35.41,31,976,1,8,0.0,0.733,0,1,1,1,4
21.76,503,1690,4,1,0.091,0.886,0,1,2,7,4
26.01,0,1578,9,8,0.08,0.866,0,1,1,2,4
2.49,99,2,501,507,0.984,0.895,0,0,1,2,0
0.89,0,3,68,19,0.431,0.111,0,0,2,7,0
11.48,139,149,3,2,0.049,0.585,2,0,0,5,4
97.26,700,1408,9,8,0.028,0.818,0,1,1,0,4
79.13,837,1179,4,5,0.0,1.0,0,1,1,0,3
237.32,712,679,3,2,0.138,0.776,0,1,1,5,4
74.68,369,0,8,2,0.043,0.782,0,1,1,1,4
148.83,248,1498,1,7,0.005,0.887,0,1,1,6,4
0.01,80,126,3,9,0.0,0.371,4,1,1,4,4
0.0,0,0,66,4,0.405,0.072,0,0,0,3,3
116.09,258,20,7,7,0.012,0.78,0,1,1,5,4
53.38,607,1050,3,4,0.04,0.79,0,1,1,2,4
71.67,430,743,3,8,0.0,1.0,0,1,1,6,4
0.98,29,0,210,295,0.794,0.884,0,0,1,2,2
0.96,62,0,477,313,1.0,0.928,0,0,1,4,0
72.47,451,1521,1,8,0.021,0.848,0,1,1,5,4
33.63,500,1515,6,7,0.038,1.0,0,1,1,2,4
23.61,752,850,4,7,0.0,0.857,0,1,1,6,4
1.18,38,6,275,179,0.84,0.861,0,0,1,2,0
3.09,40,532,5,3,0.028,0.941,0,1,1,7,4
0.0,137,815,5,3,0.0,0.822,0,1,2,5,4
23.98,420,1549,3,4,0.0,1.0,0,1,1,1,4
0.0,468,1011,8,5,0.0,1.0,0,1,1,2,1
114.17,984,649,4,1,0.073,0.703,0,1,1,7,4
39.92,980,1722,1,5,0.0,0.791,0,1,1,1,4
24.03,593,312,3,2,0.0,0.852,0,1,2,0,4
86.78,877,1026,6,7,0.0,0.991,0,1,1,1,1
1.12,94,1,378,199,0.861,0.882,0,0,2,2,2
43.56,311,449,3,6,0.039,0.897,0,1,1,0,4
51.69,695,0,6,8,0.057,0.931,0,1,2,0,4
18.26,0,341,12,3,0.0,0.448,3,0,2,6,4
0.0,299,876,6,9,0.017,1.0,0,1,1,5,4
87.01,489,1264,4,6,0.088,0.933,0,1,1,5,4
9.93,181,1428,5,2,0.016,0.897,0,1,1,3,2
94.31,0,325,2,4,0.0,0.784,0,1,2,4,4
122.71,537,0,1,8,0.108,0.911,0,1,1,1,4
48.88,167,1075,7,2,0.0,1.0,0,1,2,6,4
29.25,564,387,5,4,0.0,0.953,0,1,1,1,1
0.0,70,0,478,365,0.779,0.955,0,0,1,2,3
1.41,409,651,2,9,0.038,0.895,0,1,2,3,4
127.06,58,508,8,7,0.028,1.0,0,1,1,3,4
49.42,566,962,5,5,0.017,0.82,0,1,1,2,4
0.0,199,0,2,9,0.024,0.888,0,1,0,7,4
0.0,216,0,5,6,0.066,0.974,0,1,1,6,4
123.5,199,1720,5,3,0.0,0.988,0,1,1,0,0
96.09,762,1433,9,8,0.0,0.966,0,1,2,3,4
67.46,639,1076,5,4,0.007,0.912,0,1,1,0,4
86.51,1098,865,8,4,0.048,0.836,0,1,1,6,4
93.21,401,1740,2,8,0.108,0.971,0,1,1,1,4
83.82,511,2320,9,9,0.0,0.82,0,1,1,1,4
69.35,234,89,9,7,0.016,0.813,0,1,1,4,3
24.35,613,216,8,6,0.1,1.0,0,1,1,0,4
2.71,71,0,349,262,0.717,0.976,0,0,1,2,2
2.11,36,1,36,14,0.704,0.291,0,0,1,2,0
117.28,242,623,5,9,0.037,0.65,0,1,1,4,4
72.6,500,1918,6,9,0.0,0.936,0,1,1,2,4
1.34,544,1431,6,6,0.056,0.945,0,1,1,7,4
79.62,1190,1007,2,2,0.025,0.884,0,1,2,6,4
68.26,391,1256,4,2,0.0,0.923,0,1,1,6,4
93.86,883,1224,5,3,0.0,0.722,0,1,1,2,4
28.23,469,114,5,5,0.0,0.742,0,1,1,2,4
103.14,599,1491,2,2,0.016,0.792,0,1,1,4,4
5.16,80,5,346,122,0.909,0.904,0,0,1,2,3
8.6,457,1510,6,4,0.0,0.958,0,1,1,2,2
0.0,380,956,8,1,0.0,0.927,0,1,1,5,4
45.99,525,2046,2,9,0.01,0.805,0,1,2,1,0
79.35,561,345,5,7,0.016,0.857,0,1,2,0,4
32.3,349,815,3,2,0.023,0.929,0,1,1,6,4
47.73,429,2440,2,9,0.0,0.912,0,1,1,5,4
65.74,773,460,4,1,0.0,0.852,0,1,1,6,4
57.29,463,1330,5,5,0.0,0.928,0,1,1,2,4
1.92,64,10,140,292,0.972,0.915,0,0,1,5,2
126.81,983,1275,5,8,0.026,0.947,0,1,1,4,4
0.0,29,2,35,3,0.574,0.302,0,0,1,1,3
24.06,105,1260,6,8,0.011,0.8,0,1,1,5,4
0.0,44,0,437,158,0.736,0.896,0,0,1,4,3
0.23,53,0,366,394,0.884,0.916,0,0,1,0,0
45.64,652,701,2,5,0.036,0.946,0,1,2,6,4
0.0,36,2,500,125,0.914,0.965,0,0,2,3,3
0.0,822,1372,6,8,0.0,0.902,0,1,1,0,4
13.91,382,2117,6,8,0.0,1.0,0,1,1,5,4
65.14,998,1272,9,1,0.0,1.0,0,1,1,7,4
0.96,30,0,225,136,0.84,0.905,0,0,0,1,3
41.95,477,1493,5,1,0.077,1.0,0,1,1,1,4
37.15,235,2119,3,9,0.0,0.934,0,1,2,6,4
1.57,14,0,396,505,0.927,0.956,0,0,1,5,3
55.87,226,1999,4,7,0.039,0.911,0,1,1,0,4
110.61,841,1541,2,4,0.0,1.0,0,1,1,6,4
2.03,96,0,293,335,0.99,1.0,0,0,1,2,0
0.0,735,1507,3,7,0.0,0.993,0,1,1,6,4
3.18,35,4,51,8,0.574,0.149,0,0,1,4,3
67.35,303,1089,4,9,0.181,0.938,0,1,1,5,4
1.06,50,0,323,508,0.961,0.869,0,0,1,3,3
54.19,341,654,1,7,0.0,0.861,0,1,1,1,0
47.36,366,1894,7,8,0.014,0.935,0,1,1,5,4
44.49,98,662,9,7,0.041,0.773,0,1,1,6,4
3.78,3,0,28,13,0.411,0.253,0,0,1,1,4
0.0,358,723,5,9,0.023,0.805,0,1,1,5,4
71.32,615,700,3,1,0.0,0.762,0,1,1,2,3
43.72,600,86,6,6,0.0,0.932,0,1,2,4,4
2.84,11,0,87,11,0.461,0.234,0,0,1,1,3
55.2,517,1241,3,8,0.0,0.898,0,1,1,1,4
1.11,52,0,359,308,0.859,0.947,0,0,1,3,3
0.75,37,0,269,236,0.8,1.0,0,0,1,6,3
2.3,20,0,319,378,0.979,0.955,0,0,1,1,3
33.73,307,1706,5,3,0.008,0.838,0,1,1,6,4
38.43,97,712,4,8,0.048,0.957,0,1,0,2,4
9.05,180,546,7,9,0.192,0.514,2,1,1,6,4
30.68,503,1182,8,1,0.03,0.921,0,1,1,0,4
66.38,0,398,5,1,0.092,1.0,0,1,2,2,3
0.03,0,0,465,319,0.937,1.0,0,0,1,3,3
22.5,216,1247,2,2,0.071,0.843,0,1,1,3,4
4.26,250,1438,4,9,0.007,1.0,0,1,1,1,4
2.08,63,0,288,151,0.963,0.924,0,0,1,6,3
85.87,474,2019,2,4,0.0,0.788,0,1,1,0,4
13.7,883,1469,2,7,0.006,0.857,0,1,1,1,2
42.31,1073,1141,5,9,0.096,0.982,0,1,1,5,4
105.24,544,895,3,9,0.039,0.806,0,1,2,2,4
1.46,19,3,76,17,0.516,0.06,0,0,1,6,3
105.68,429,1375,6,7,0.027,1.0,0,1,1,7,4
0.0,87,4,441,268,0.826,0.907,0,0,1,3,2
76.53,517,101,7,3,0.081,0.679,0,1,2,4,4
49.37,334,1406,3,7,0.003,1.0,0,1,2,5,4
49.94,681,243,6,4,0.037,1.0,0,1,1,3,4
56.31,622,969,8,1,0.0,0.882,0,1,1,0,4
84.41,417,1762,1,4,0.06,0.91,0,1,1,1,4
0.0,23,1,97,9,0.443,0.483,0,0,1,2,0
1.5,726,988,8,3,0.0,1.0,0,1,1,5,4
0.26,25,0,93,6,0.683,0.09,0,0,1,2,4
51.87,950,580,8,6,0.019,0.954,0,1,1,6,3
117.77,571,718,6,6,0.0,0.833,0,1,1,5,4
39.78,605,1429,3,6,0.098,0.974,0,1,1,1,3
70.79,170,239,1,8,0.123,1.0,1,1,1,0,4
0.0,32,0,187,350,1.0,0.906,0,0,1,7,3
5.09,504,1076,6,8,0.036,0.834,0,1,1,1,4
85.43,826,1110,6,8,0.0,1.0,0,1,1,4,2
33.5,567,343,6,6,0.009,0.793,0,1,1,7,4
0.0,9,0,3,4,0.123,0.973,0,1,1,0,4
25.48,663,2141,8,5,0.114,0.887,0,1,1,7,4
11.3,454,1529,9,1,0.0,1.0,0,1,2,3,4
25.66,335,1341,7,7,0.103,1.0,0,1,2,4,4
85.78,516,476,3,2,0.073,0.819,0,1,1,1,3
92.92,670,979,8,1,0.052,0.878,0,1,2,5,1
75.85,1422,454,1,3,0.02,0.822,1,1,1,5,4
53.81,475,1258,1,7,0.043,0.579,0,1,1,6,3
0.0,532,186,5,7,0.008,0.814,0,1,1,4,3
0.0,763,2030,2,3,0.0,1.0,0,1,2,1,4
8.34,780,933,1,3,0.038,0.968,0,1,2,2,3
20.65,522,719,8,9,0.016,0.729,0,1,1,0,4
0.67,86,4,291,345,0.846,0.917,0,0,2,4,3
60.8,189,1365,4,5,0.069,0.968,0,1,1,2,4
0.0,49,0,359,265,0.974,0.878,0,0,1,3,3
0.0,83,6,118,316,1.0,0.943,0,0,1,0,0
54.45,1096,1653,6,7,0.05,1.0,0,1,1,0,4
0.0,472,0,6,3,0.0,0.999,0,1,1,0,3
0.0,4,3,338,490,0.915,0.97,0,0,1,5,3
0.0,728,986,3,1,0.004,0.979,0,1,1,6,4
39.35,602,544,7,4,0.038,0.926,0,1,1,2,1
7.33,3,506,5,6,0.038,1.0,4,0,1,6,4
86.36,292,724,6,4,0.0,0.97,0,1,1,1,4
0.0,33,0,46,1,0.5,0.223,0,0,1,1,0
2.0,70,5,227,284,0.931,0.915,0,0,1,2,3
69.4,820,1581,1,7,0.051,0.882,0,1,2,5,3
28.46,690,893,2,5,0.06,0.882,0,1,2,0,4
0.0,881,1770,3,6,0.056,0.948,0,1,1,7,2
49.71,403,552,7,4,0.006,0.862,0,1,1,0,4
65.4,578,433,6,8,0.13,0.865,0,1,1,1,4
0.0,1073,1006,3,4,0.0,0.835,0,1,2,5,4
0.0,487,1541,9,9,0.0,0.89,0,1,1,6,4
64.55,888,759,7,3,0.0,0.918,0,1,1,5,4
132.95,277,542,2,1,0.0,0.956,0,1,1,7,4
113.17,412,520,2,9,0.082,0.777,0,1,1,7,4
47.1,383,570,1,4,0.058,0.874,0,1,1,4,4
63.36,560,786,8,9,0.044,0.824,0,1,1,3,2
103.88,882,102,1,7,0.0,0.944,0,1,1,3,4
88.34,394,883,9,2,0.088,0.881,0,1,0,4,4
55.32,268,431,3,7,0.007,0.877,0,1,2,3,4
0.09,0,9,318,396,0.916,1.0,0,0,1,4,0
30.29,55,1819,9,5,0.068,0.833,0,1,2,6,3
36.11,442,602,4,8,0.0,0.996,0,1,2,5,4
96.25,742,1058,7,6,0.0,0.901,0,1,1,0,0
1.19,74,0,340,486,0.908,0.998,0,0,1,6,2
32.25,610,1143,7,5,0.015,1.0,0,1,1,2,4
3.22,18,0,27,14,0.402,0.363,0,0,1,4,0
27.58,220,1934,2,3,0.023,1.0,0,1,1,7,4
0.0,33,2,432,210,0.861,0.961,0,0,2,2,3
3.18,7,0,24,7,0.76,0.25,0,0,0,0,3
31.28,737,654,4,4,0.0,0.754,0,1,2,1,4
40.62,133,127,6,8,0.08,0.937,4,0,1,5,4
1.97,64,1,261,363,1.0,0.981,0,0,1,1,0
51.22,330,0,3,6,0.021,0.985,0,1,1,4,4
0.84,68,0,276,397,0.837,0.97,0,0,1,2,3
59.47,25,497,9,6,0.029,0.767,0,1,1,0,0
1.86,24,0,241,401,1.0,0.87,0,0,2,6,3
60.61,346,1686,3,7,0.0,1.0,0,1,2,3,0
12.71,717,1624,3,8,0.0,1.0,0,1,2,7,4
82.4,589,1296,4,8,0.0,0.861,0,1,1,1,4
19.37,816,878,5,8,0.057,0.958,0,1,2,4,1
0.0,701,766,2,2,0.02,0.804,0,1,1,6,4
8.11,5,0,97,8,0.417,0.25,0,0,1,4,4
68.9,867,1564,8,4,0.0,0.881,0,1,1,5,4
0.0,680,1179,5,2,0.0,0.967,0,1,1,4,4
0.61,830,888,5,6,0.013,0.824,0,1,2,1,4
104.99,571,1335,4,4,0.057,0.976,0,1,1,1,4
34.64,368,163,4,1,0.023,0.94,0,1,1,6,4
86.07,122,2227,2,1,0.009,0.885,0,1,1,2,4
2.68,94,4,296,266,0.97,0.979,0,0,1,0,2
48.97,391,1802,7,4,0.0,0.997,0,1,1,5,4
17.52,652,0,2,1,0.003,0.927,0,1,1,2,4
0.0,105,2366,3,5,0.02,0.943,0,1,1,0,4
0.76,74,0,230,149,1.0,0.974,0,0,1,0,3
0.31,50,0,36,12,0.688,0.144,0,0,2,2,0
60.36,507,1043,6,2,0.0,0.827,0,1,1,7,4
89.15,229,1776,8,6,0.057,0.779,0,1,1,7,4
74.61,532,897,7,6,0.0,0.927,0,1,1,3,4
63.6,841,2309,1,7,0.0,0.859,0,1,1,6,1
83.94,422,920,8,5,0.092,0.856,0,1,1,6,4
82.5,928,1572,9,4,0.062,0.939,0,1,1,2,0
4.67,44,0,77,7,0.417,0.0,0,0,1,7,4
65.91,543,1117,7,2,0.03,0.98,0,1,1,7,4
38.96,412,2228,5,5,0.064,0.88,0,1,1,6,4
43.73,956,139,2,4,0.063,0.897,0,1,1,1,4
10.51,399,126,2,6,0.026,1.0,0,1,1,7,4
81.19,179,1270,9,9,0.014,0.687,0,1,2,6,4
16.22,676,1316,9,3,0.008,0.943,0,1,1,0,4
53.81,754,509,8,6,0.0,0.786,0,1,1,4,4
18.14,685,1987,9,7,0.019,0.998,0,1,1,7,1
52.08,415,823,7,3,0.013,0.856,0,1,2,6,4
92.35,331,515,1,3,0.0,0.93,0,1,1,3,4
49.33,696,977,4,2,0.0,0.841,0,1,1,1,4
14.57,354,852,8,2,0.021,0.913,0,1,1,7,1
72.95,213,834,4,8,0.0,0.927,0,1,1,4,4
126.87,580,2063,2,5,0.0,0.869,0,1,1,6,1
65.19,196,1889,9,5,0.074,0.891,0,1,1,1,4
7.6,301,1618,7,9,0.029,1.0,0,1,1,5,4
0.0,12,0,296,273,1.0,0.924,0,0,1,1,0
65.03,811,0,4,7,0.0,0.7,0,1,1,3,3
45.8,569,1265,4,8,0.051,1.0,0,1,2,0,4
147.24,853,105,1,4,0.026,1.0,0,1,2,2,4
61.0,393,379,4,2,0.116,0.932,0,1,2,6,4
0.0,89,4,355,200,0.888,0.971,0,0,2,0,3
23.35,825,902,1,7,0.0,0.987,0,1,2,3,0
101.27,845,1160,8,1,0.01,0.667,0,1,1,7,4
0.0,10,0,81,19,0.58,0.231,0,0,1,6,3
0.0,270,1500,6,4,0.107,0.883,0,1,2,4,4
0.0,0,1383,6,5,0.025,0.855,0,1,1,5,4
68.08,683,1382,4,3,0.0,0.979,0,1,1,3,4
23.32,417,1435,5,4,0.014,0.938,0,1,1,4,1
0.0,125,0,8,7,0.0,0.815,0,1,1,0,4
0.0,42,0,349,475,1.0,0.923,0,0,2,4,3
2.32,55,0,217,257,0.901,0.922,0,0,2,6,3
24.95,0,1292,2,4,0.026,0.958,0,1,2,1,4
31.23,1224,784,2,5,0.0,0.822,0,1,1,1,4
108.72,252,1283,5,5,0.068,0.999,0,1,1,1,4
102.5,721,834,6,4,0.0,0.899,0,1,1,3,2
0.0,73,2,449,173,0.926,0.954,0,0,1,0,3
21.6,262,545,5,1,0.158,0.934,4,1,1,4,4
75.95,533,618,6,2,0.032,0.9,0,1,2,3,4
23.11,192,1832,1,7,0.028,0.832,0,1,1,2,4
0.0,400,1006,9,2,0.119,0.885,0,1,1,1,4
69.12,785,236,5,7,0.024,0.932,0,1,1,4,0
11.63,745,884,2,7,0.0,0.83,0,1,1,0,4
1.17,71,2,131,240,0.626,0.913,0,0,1,4,3
31.26,911,1034,4,8,0.009,1.0,0,1,1,2,4
79.9,779,1486,8,2,0.029,0.979,0,1,1,3,3
55.57,913,1207,1,3,0.001,0.987,0,1,1,6,4
0.94,49,0,191,487,0.802,0.913,0,0,1,5,3
0.45,48,2,314,417,1.0,0.963,0,0,1,6,3
60.39,400,801,7,3,0.075,0.76,0,1,1,5,4
61.33,637,1063,7,9,0.016,0.977,0,1,1,1,4
61.14,378,1499,1,8,0.0,0.938,0,1,1,0,4
55.65,892,907,4,5,0.003,0.955,0,1,1,6,4
108.62,550,382,8,9,0.013,0.895,0,1,1,2,4
96.92,235,1960,4,1,0.117,0.752,0,1,1,7,4
15.74,164,1012,3,2,0.007,1.0,0,1,0,3,4
6.46,19,0,24,18,0.538,0.167,0,0,1,0,3
0.0,55,0,250,408,1.0,0.99,0,0,2,4,3
79.56,433,1269,2,4,0.048,0.835,0,1,1,5,4
3.76,682,1919,7,8,0.069,0.801,0,1,1,7,4
30.4,786,164,4,7,0.0,1.0,0,1,1,0,0
78.7,69,920,9,6,0.0,0.909,0,1,1,3,0
20.42,675,1911,8,6,0.0,0.746,0,1,1,2,4
123.06,685,952,8,2,0.0,1.0,0,1,1,6,4
43.73,913,927,4,1,0.068,0.933,0,1,1,4,4
11.57,219,123,5,9,0.165,0.927,2,0,1,3,4
0.0,362,1112,2,1,0.0,0.857,0,1,1,2,4
51.72,437,380,8,3,0.038,0.85,0,1,1,1,4
0.0,17,0,47,6,0.434,0.188,0,0,1,1,3
105.04,0,992,6,4,0.063,0.797,0,1,1,5,4
43.32,606,847,6,2,0.046,0.738,0,1,2,0,4
0.0,18,5,498,343,0.846,0.946,0,0,1,0,0
47.54,684,2027,8,8,0.053,1.0,0,1,1,4,4
22.14,478,1290,7,7,0.065,0.932,0,1,1,2,4
0.97,43,0,109,497,1.0,0.898,0,0,2,3,3
0.0,948,1713,9,5,0.106,0.91,0,1,1,4,4
64.91,69,1882,1,5,0.059,0.84,0,1,1,0,4
0.0,790,1960,7,6,0.0,1.0,0,1,1,5,2
0.93,94,10,456,504,0.749,0.929,0,0,1,7,3
54.52,280,155,5,2,0.0,0.965,0,1,1,1,4
38.29,847,1450,1,9,0.048,0.96,0,1,1,3,4
3.03,60,0,159,389,0.965,0.957,0,0,1,7,2
2.43,19,0,46,18,0.322,0.0,0,0,2,5,4
3.23,11,10,155,189,0.795,1.0,0,0,1,1,0
81.51,601,832,8,2,0.0,0.81,0,1,1,6,4
37.31,579,241,9,6,0.036,0.743,0,1,1,2,4
0.0,1106,712,8,8,0.0,0.85,0,1,0,7,4
2.69,296,0,9,3,0.137,0.591,2,0,1,3,3
44.71,220,598,3,3,0.045,0.819,0,1,1,1,4
60.68,0,1191,1,9,0.066,1.0,0,1,0,6,4
2.08,75,0,141,490,0.87,1.0,0,0,1,5,0
93.53,0,866,8,9,0.002,1.0,0,1,0,6,4
0.0,23,1,322,400,0.808,0.874,0,0,0,0,3
0.7,33,0,258,509,0.764,0.948,0,0,0,2,3
84.82,42,910,4,7,0.073,0.759,0,1,1,1,4
0.0,56,0,480,331,1.0,0.979,0,0,1,5,3
0.0,319,946,4,9,0.05,0.866,0,1,1,4,4
1.35,18,0,87,18,0.306,0.282,0,0,1,1,3
55.06,811,0,1,4,0.017,1.0,0,1,0,0,4
47.67,557,661,3,6,0.034,0.918,0,1,2,3,4
29.18,405,1723,1,1,0.028,0.901,0,1,1,7,0
19.75,946,1125,3,6,0.0,0.859,0,1,2,6,4
51.44,777,1440,6,8,0.105,1.0,0,1,1,7,4
38.58,200,972,2,2,0.034,1.0,0,1,1,1,4
39.81,767,1278,1,6,0.1,0.775,0,1,0,3,4
117.26,720,735,4,3,0.07,0.76,0,1,1,5,4
10.31,21,200,1,8,0.021,0.691,0,1,1,2,4
1.69,0,0,48,6,0.865,0.151,0,0,2,4,3
29.57,0,1100,1,5,0.0,0.928,0,1,2,4,0
4.23,11,0,312,190,0.862,1.0,0,0,1,5,3
36.8,500,1216,4,3,0.0,0.877,0,1,1,7,4
0.0,644,1600,3,7,0.0,0.878,0,1,2,3,4
103.45,359,1162,9,4,0.0,0.985,0,1,1,6,1
98.9,926,452,2,8,0.044,0.921,0,1,1,0,4
0.0,51,0,304,381,0.861,1.0,0,0,1,3,2
0.0,1113,736,9,8,0.011,0.796,0,1,1,1,4
38.61,657,1131,8,3,0.055,1.0,0,1,0,3,4
3.51,42,4,311,206,0.923,0.947,0,0,2,6,0
0.0,32,287,9,6,0.041,0.829,0,1,1,3,4
3.8,11,0,51,8,0.839,0.109,0,0,2,4,0
95.68,12,1014,6,7,0.038,0.934,0,1,1,2,4
5.2,10,9,102,508,0.931,1.0,0,0,1,1,3
251.78,673,0,1,3,0.086,0.914,1,1,1,2,4
52.77,342,633,4,4,0.0,0.904,0,1,1,2,3
0.0,447,243,1,4,0.047,0.961,1,1,1,0,4
61.54,119,228,3,3,0.057,0.867,0,1,1,5,4
0.0,710,1434,3,8,0.043,0.931,0,1,1,7,4
26.38,674,0,6,3,0.023,0.734,0,1,1,2,4
0.21,22,0,376,509,0.836,0.908,0,0,1,4,2
29.09,288,1039,3,8,0.0,0.926,0,1,1,4,4
7.22,0,0,25,1,0.52,0.41,0,0,1,1,3
95.57,663,506,8,7,0.059,0.804,0,1,1,1,0
30.88,339,162,1,8,0.0,0.942,0,1,2,6,4
44.97,128,0,1,3,0.265,0.522,1,1,1,6,4
43.24,717,1099,5,6,0.01,0.93,0,1,1,7,0
28.3,615,1272,9,4,0.049,1.0,0,1,1,3,4
23.19,23,135,7,7,0.005,1.0,0,1,1,0,4
23.27,551,652,6,4,0.018,0.919,0,1,1,0,4
9.13,282,102,9,9,0.0,0.905,0,1,1,4,4
30.24,418,576,8,8,0.009,0.869,0,1,1,6,4
60.6,297,616,5,3,0.012,0.864,0,1,1,5,4
0.0,53,0,322,151,0.85,0.933,0,0,2,3,3
66.7,547,1512,7,3,0.09,1.0,0,1,2,6,2
5.64,49,1,76,18,0.665,0.102,0,0,1,3,4
70.66,968,141,3,5,0.0,0.999,0,1,1,2,2
49.59,650,1066,3,5,0.0,0.895,0,1,1,1,4
94.0,167,570,2,9,0.0,0.752,0,1,1,3,4
78.52,0,566,1,6,0.027,0.838,0,1,2,6,4
67.0,361,1921,6,6,0.014,0.907,0,1,2,0,4
49.42,0,910,6,2,0.028,0.964,0,1,1,0,2
15.6,0,837,8,1,0.02,1.0,0,1,2,6,4
78.68,749,0,7,2,0.0,0.973,0,1,1,7,4
0.0,974,670,1,3,0.0,0.728,0,1,1,2,4
142.54,291,722,4,9,0.038,0.708,0,1,1,1,4
121.46,54,295,9,2,0.007,0.967,0,1,1,0,1
0.0,25,3,77,8,0.75,0.183,0,0,1,1,0
5.31,15,0,428,326,0.875,0.966,0,0,1,4,3
49.94,182,645,7,8,0.046,0.902,0,1,1,4,4
0.0,458,1396,2,1,0.012,0.985,0,1,1,6,4
62.16,161,1505,9,5,0.053,0.929,0,1,1,1,4
94.31,350,1016,1,7,0.028,0.749,0,1,1,6,4
99.35,753,1016,5,2,0.005,0.908,0,1,1,6,4
1.38,31,1,213,253,1.0,0.972,0,0,2,1,3
10.11,0,1351,3,5,0.147,0.835,0,1,1,3,4
95.99,732,516,1,1,0.0,1.0,0,1,1,1,4
47.72,989,1247,1,1,0.0,0.976,0,1,1,2,4
0.0,245,1182,3,6,0.021,0.888,0,1,1,0,3
70.28,10,944,8,3,0.015,1.0,0,1,1,2,4
25.3,728,1004,9,6,0.06,0.851,0,1,0,3,4
3.71,14,0,462,212,0.941,0.987,0,0,1,4,2
0.0,301,1424,9,8,0.0,0.864,0,1,2,2,4
57.09,528,1055,4,8,0.0,0.905,0,1,1,0,4
43.77,833,1306,7,6,0.048,0.914,0,1,1,2,4
72.39,332,17,3,4,0.0,0.798,0,1,1,7,4
8.6,482,1618,5,5,0.024,0.948,0,1,1,4,4
61.6,319,1428,5,6,0.025,1.0,0,1,2,1,4
73.66,576,960,1,3,0.0,0.937,0,1,2,3,4
59.83,875,526,2,2,0.0,0.74,0,1,1,5,4
3.58,22,0,83,18,0.192,0.139,0,0,1,6,0
7.43,360,807,1,9,0.0,0.955,0,1,1,0,0
15.36,54,261,3,3,0.049,0.535,4,0,1,0,4
123.19,276,154,4,1,0.095,0.91,0,1,1,5,4
37.19,476,1371,3,9,0.0,0.937,0,1,1,6,4
51.69,257,1485,2,9,0.034,0.875,0,1,2,3,4
19.74,404,188,11,2,0.143,0.53,4,1,2,1,4
4.59,13,0,38,1,0.822,0.176,0,0,1,6,4
121.91,665,2367,8,4,0.0,0.921,0,1,1,2,4
68.79,607,1467,7,2,0.043,0.848,0,1,1,4,4
1.32,56,3,141,230,0.837,1.0,0,0,1,1,3
58.18,566,1960,9,1,0.0,0.98,0,1,1,5,0
147.13,138,1760,8,9,0.015,0.882,0,1,1,3,4
45.34,716,880,9,7,0.0,0.831,0,1,2,5,4
5.14,658,1979,9,6,0.055,0.714,0,1,1,7,4
0.0,30,0,301,416,0.906,0.929,0,0,1,5,3
68.77,466,400,1,4,0.0,1.0,0,1,2,0,4
76.75,887,790,3,3,0.0,1.0,0,1,1,7,4
1.08,20,3,99,11,0.335,0.306,0,0,2,4,0
11.35,1029,1025,4,8,0.061,0.859,0,1,1,7,4
0.0,693,458,9,9,0.009,0.733,0,1,1,5,4
46.5,785,849,8,9,0.073,0.805,0,1,1,2,4
100.84,381,1649,6,1,0.088,0.844,0,1,1,0,4
6.55,59,0,5,4,0.047,0.867,0,1,1,0,4
14.52,76,204,12,4,0.0,0.481,4,1,1,0,3
71.61,0,916,7,2,0.08,0.798,0,1,1,4,4
134.32,555,1119,9,2,0.008,0.786,0,1,1,3,4
54.61,462,1432,3,4,0.0,1.0,0,1,1,1,4
0.3,68,4,165,247,0.891,1.0,0,0,1,4,0
82.04,780,1218,8,8,0.095,0.752,0,1,2,4,4
7.61,772,1226,5,6,0.0,1.0,0,1,1,6,3
1.34,36,0,260,320,0.786,0.884,0,0,1,7,2
95.41,427,1263,7,9,0.057,1.0,0,1,1,0,4
99.33,368,831,7,3,0.003,0.925,0,1,1,4,4
15.72,323,487,3,7,0.02,1.0,0,1,1,2,4
34.8,116,341,7,7,0.386,0.458,2,0,1,6,4
87.28,767,1425,2,5,0.101,0.933,0,1,1,4,4
18.55,501,452,4,2,0.0,0.983,0,1,1,3,4
12.05,375,1734,9,9,0.0,1.0,0,1,1,7,4
71.03,1037,575,6,6,0.0,0.65,0,1,1,4,4
42.04,1172,705,6,9,0.0,1.0,0,1,1,4,4
0.81,28,0,73,7,0.126,0.179,0,0,1,3,3
2.01,61,2,483,147,0.669,0.968,0,0,1,2,0
72.96,926,529,8,2,0.0,1.0,0,1,1,4,3
71.2,653,631,3,3,0.0,0.777,0,1,1,2,4
2.21,8,0,77,12,0.142,0.032,0,0,1,4,0
67.6,0,696,5,4,0.01,0.878,0,1,1,2,4
42.03,628,1380,3,3,0.031,0.741,0,1,1,6,4
22.44,847,675,7,6,0.04,0.949,0,1,1,7,4
58.64,0,811,4,2,0.064,0.82,0,1,1,2,4
24.54,275,595,9,5,0.041,0.728,0,1,1,7,4
1.32,617,1004,6,9,0.076,1.0,0,1,1,0,4
58.07,587,739,2,6,0.001,0.921,0,1,1,2,3
119.02,630,390,9,7,0.015,1.0,0,1,2,1,4
0.0,55,0,397,207,0.906,0.831,0,0,1,7,3
15.99,145,1477,8,5,0.005,0.784,0,1,1,2,4
35.81,240,1303,8,5,0.068,0.891,0,1,0,6,4
1.38,17,1,83,9,0.664,0.357,0,0,1,3,3
0.0,24,0,194,377,0.868,1.0,0,0,1,1,2
75.44,690,949,3,4,0.094,0.84,0,1,1,5,4
1.09,42,6,276,348,0.799,1.0,0,0,1,0,3
0.0,38,0,430,391,0.768,0.879,0,0,2,6,0
0.0,59,0,169,493,0.845,0.869,0,0,1,5,0
50.31,339,1380,8,7,0.0,0.851,0,1,1,2,4
111.74,1054,1376,8,4,0.027,0.941,0,1,1,4,4
87.78,343,1009,7,8,0.036,0.792,0,1,1,5,4
83.2,783,191,9,2,0.039,1.0,0,1,1,6,4
78.84,704,0,8,7,0.076,0.814,0,1,0,2,4
71.03,0,309,1,3,0.024,0.817,0,1,1,5,4
0.0,0,668,1,9,0.0,1.0,0,1,2,4,4
4.83,469,47,6,4,0.044,0.689,0,1,1,1,4
1.01,48,0,436,462,0.824,0.928,0,0,1,2,3
56.58,881,872,7,3,0.0,0.985,0,1,1,3,1
7.71,24,0,42,1,0.705,0.22,0,0,1,2,4
0.0,706,1774,7,5,0.014,0.961,0,1,1,2,4
75.4,1314,1782,3,5,0.074,0.805,0,1,2,6,4
1.83,70,11,102,230,0.948,0.973,0,0,1,3,0
56.65,366,155,2,5,0.168,0.124,4,0,2,0,4
0.0,1066,1270,6,1,0.02,0.842,0,1,0,6,4
0.0,0,9,228,353,0.869,1.0,0,0,1,3,2
1.66,43,4,122,483,0.9,0.983,0,0,1,5,3
0.0,665,1529,8,4,0.136,0.958,0,1,1,5,4
1.13,0,1277,6,6,0.061,0.891,0,1,1,3,4
0.0,657,706,2,4,0.07,0.923,0,1,2,1,4
78.0,489,535,5,4,0.0,0.975,0,1,2,3,4
23.03,479,1338,6,2,0.0,0.821,0,1,1,3,4
1.19,319,0,9,7,0.129,0.854,0,1,1,5,4
86.47,631,760,2,8,0.068,1.0,0,1,0,0,4
0.0,40,0,396,203,0.987,0.988,0,0,1,5,0
84.39,0,18,1,6,0.011,0.936,0,1,1,1,4
1.21,52,6,437,375,0.857,0.957,0,0,1,2,2
104.7,600,1788,5,3,0.0,0.857,0,1,1,1,4
110.95,434,1116,3,5,0.08,0.785,0,1,1,7,4
1.14,96,0,264,400,0.916,0.962,0,0,2,6,3
0.0,5,2,210,136,0.737,0.945,0,0,1,3,3
0.86,91,1,347,220,1.0,0.97,0,0,2,1,0
115.53,285,397,4,1,0.1,0.799,0,1,2,6,4
72.53,668,1657,3,7,0.0,0.892,0,1,0,7,4
102.06,117,1916,4,7,0.16,0.741,0,1,2,6,4
2.3,2,2,44,19,0.851,0.294,0,0,1,5,3
83.28,667,931,1,4,0.03,0.924,0,1,1,0,4
59.56,485,1874,4,8,0.015,0.884,0,1,1,4,4
21.36,165,1113,9,2,0.036,0.944,0,1,1,6,4
3.58,28,2,287,275,0.814,0.898,0,0,1,0,3
26.33,951,1911,5,5,0.0,0.748,0,1,1,5,4
111.97,178,560,3,3,0.0,1.0,0,1,1,3,4
53.72,592,0,8,7,0.0,0.941,0,1,1,1,4
1.15,23,0,475,112,0.934,0.966,0,0,1,6,0
13.52,474,1222,5,5,0.0,0.768,0,1,1,7,4
1.22,74,9,143,280,0.996,0.921,0,0,2,0,0
73.1,1017,141,4,3,0.096,0.678,1,1,1,3,4
70.1,226,1830,4,6,0.052,1.0,0,1,1,0,4
65.49,917,1309,9,2,0.0,0.944,0,1,1,3,4
0.0,402,850,9,8,0.045,0.974,0,1,1,3,4
86.94,528,1594,6,6,0.0,0.872,0,1,0,6,2
5.89,39,0,55,3,0.599,0.219,0,0,1,0,4
145.63,769,1388,2,7,0.049,0.785,0,1,1,4,2
38.19,918,1173,4,6,0.072,0.729,0,1,1,2,4
0.0,276,848,4,5,0.04,0.742,0,1,1,7,4
80.04,379,1864,4,4,0.0,0.864,0,1,0,4,4
74.25,359,896,1,9,0.0,0.798,0,1,2,1,4
3.2,87,11,223,397,0.829,0.825,0,0,1,6,3
72.09,701,291,7,1,0.0,0.975,0,1,1,5,4
0.61,504,637,5,8,0.0,0.739,0,1,1,3,4
171.64,1605,472,2,4,0.103,0.791,0,1,1,5,4
35.81,358,1687,9,8,0.024,0.83,0,1,1,1,4
3.01,168,180,12,8,0.19,0.821,1,1,1,3,4
29.86,1009,385,8,8,0.0,0.914,0,1,2,4,4
9.17,289,588,9,3,0.0,1.0,0,1,1,5,4
81.79,773,1738,8,3,0.029,0.98,0,1,1,7,4
16.56,628,1147,4,9,0.0,1.0,0,1,2,1,4
68.37,546,1295,8,7,0.005,0.825,0,1,1,4,4
0.0,49,0,185,381,1.0,0.953,0,0,2,3,3
70.39,361,775,1,5,0.065,0.935,0,1,1,5,4
3.4,31,0,219,490,0.911,0.955,0,0,1,1,3
0.0,466,248,3,2,0.19,0.635,1,1,1,3,3
14.52,525,1402,7,2,0.0,0.881,0,1,1,7,4
52.33,496,1823,5,9,0.0,0.95,0,1,1,6,4
44.45,580,1237,6,8,0.0,0.911,0,1,2,5,4
0.0,534,1514,4,6,0.085,0.931,0,1,1,3,4
1.41,24,5,213,191,1.0,0.993,0,0,2,2,3
53.94,635,1427,2,6,0.053,0.807,0,1,1,0,4
56.17,1400,858,4,1,0.11,0.451,0,1,2,4,4
46.44,181,1643,7,9,0.068,0.844,0,1,1,0,4
0.0,45,1,500,183,0.996,0.962,0,0,1,7,3
0.0,2,2,71,19,0.569,0.233,0,0,1,2,4
40.27,524,344,7,2,0.037,0.977,0,1,1,7,4
0.0,15,0,86,11,0.542,0.063,0,0,1,5,3
57.56,0,365,2,5,0.0,0.971,0,1,1,5,4
99.31,582,869,3,1,0.029,0.866,0,1,1,6,4
17.45,123,1086,7,4,0.06,0.869,0,1,1,3,4
0.0,64,1,293,256,0.784,0.92,0,0,1,0,3
130.04,516,1976,1,2,0.021,0.691,0,1,0,6,4
0.0,11,0,36,11,0.46,0.176,0,0,1,7,0
46.76,1044,1303,9,7,0.0,0.877,0,1,1,7,4
4.52,27,1,126,479,0.805,0.964,0,0,1,4,3
51.53,753,0,6,4,0.039,0.82,0,1,1,3,4
129.72,606,1695,8,6,0.018,0.832,0,1,1,1,0
121.23,1278,251,2,4,0.024,0.816,1,1,1,7,4
17.01,507,1077,9,7,0.0,0.928,0,1,1,5,4
114.56,601,1465,3,5,0.047,0.884,0,1,2,0,4
0.0,0,4,328,202,0.985,1.0,0,0,1,6,0
81.09,846,1724,5,5,0.0,0.914,0,1,1,7,4
34.87,111,977,3,2,0.0,0.947,0,1,1,1,4
15.43,199,924,3,5,0.112,0.929,0,1,1,6,4
60.15,800,1829,5,4,0.08,1.0,0,1,1,0,4
63.81,458,1075,8,3,0.0,0.942,0,1,1,4,4
67.01,435,1067,5,3,0.02,0.877,0,1,2,3,4
0.0,71,3,419,397,0.935,0.935,0,0,2,6,3
0.93,21,1,149,159,0.863,0.878,0,0,2,0,3
71.46,469,1719,2,8,0.045,0.833,0,1,1,0,4
72.58,391,1447,4,5,0.035,0.879,0,1,1,4,4
106.58,485,1660,3,8,0.06,0.893,0,1,2,1,4
0.0,17,4,410,510,0.844,0.941,0,0,1,5,2
30.47,1071,2414,4,6,0.004,0.923,0,1,1,2,4
27.66,480,2755,4,9,0.055,0.866,0,1,1,4,4
35.23,475,1133,5,7,0.0,0.795,0,1,1,5,4
0.0,54,0,187,146,0.989,1.0,0,0,1,0,3
39.65,263,201,1,7,0.262,0.407,1,1,1,7,3
101.3,883,1640,4,3,0.005,0.788,0,1,1,3,4
0.0,68,0,346,273,0.861,1.0,0,0,1,2,3
124.14,431,1888,6,3,0.023,0.81,0,1,0,7,4
0.69,0,0,353,109,0.96,1.0,0,0,1,3,3
56.43,1298,1986,1,1,0.0,0.839,0,1,1,6,4
30.2,349,443,8,8,0.031,0.985,0,1,2,4,4
55.71,596,404,4,8,0.071,0.707,0,1,1,5,4
38.13,908,742,2,9,0.026,0.9,0,1,1,2,4
86.51,1011,1014,7,9,0.042,0.778,0,1,1,7,4
3.31,380,962,8,8,0.005,0.902,0,1,1,5,4
100.53,403,484,4,4,0.0,0.652,1,1,1,1,4
74.37,618,729,1,2,0.006,0.903,0,1,1,6,3
101.42,610,1399,2,5,0.0,0.968,0,1,1,5,4
55.93,572,29,1,9,0.028,0.911,0,1,1,0,0
115.12,0,1682,3,3,0.06,0.977,0,1,1,7,4
61.12,90,265,6,6,0.0,0.911,0,1,1,6,4
109.5,185,1281,7,2,0.059,0.949,0,1,1,7,4
68.44,432,755,4,6,0.041,0.786,0,1,1,7,4
0.0,80,5,168,200,0.921,1.0,0,0,1,6,0
8.74,359,1632,4,8,0.017,1.0,0,1,1,4,4
74.33,371,219,1,8,0.0,0.851,0,1,1,2,4
4.06,40,0,41,3,0.483,0.096,0,0,1,6,3
40.11,453,30,8,8,0.01,0.924,0,1,1,4,0
0.5,62,0,299,475,0.915,0.972,0,0,1,5,3
114.72,138,436,4,6,0.045,0.82,0,1,1,1,0
3.24,18,0,59,1,0.626,0.339,0,0,1,0,3
1.76,44,11,243,108,1.0,0.966,0,0,1,3,2
119.62,275,1761,4,5,0.0,0.801,0,1,1,1,0
111.72,591,706,7,1,0.029,1.0,0,1,1,3,4
10.04,127,355,9,5,0.058,0.921,0,1,2,7,4
75.8,707,1153,5,6,0.056,1.0,0,1,1,0,4
124.25,0,1146,8,6,0.012,0.832,0,1,1,0,4
0.0,16,0,106,447,1.0,0.886,0,0,1,6,3
11.23,206,637,14,5,0.062,0.447,3,1,1,2,4
147.49,253,221,6,3,0.082,0.777,0,1,1,1,4
1.86,42,0,213,479,0.967,0.97,0,0,2,2,3
0.0,79,326,4,1,0.198,0.536,1,1,1,7,4
106.49,168,964,3,6,0.07,0.652,0,1,1,1,4
54.1,608,998,9,9,0.014,0.883,0,1,1,6,4
135.52,1169,677,2,4,0.058,1.0,0,1,1,1,4
0.45,67,0,255,326,0.903,0.974,0,0,1,6,3
4.97,17,0,34,8,0.39,0.286,0,0,2,0,3
2.2,66,0,113,508,0.953,0.96,0,0,1,2,3
60.05,458,996,2,2,0.002,0.991,0,1,1,4,4
121.86,460,1892,1,5,0.083,0.873,0,1,1,1,4
75.99,531,1416,3,1,0.046,1.0,0,1,1,1,4
0.0,0,5,460,465,0.561,0.948,0,0,1,0,3
1.75,72,0,510,357,1.0,0.923,0,0,1,1,3
27.45,144,807,8,6,0.0,0.796,0,1,1,7,4
51.59,716,1426,8,5,0.0,1.0,0,1,0,2,4
1.54,61,0,485,413,0.907,0.996,0,0,1,1,3
1.91,0,0,201,396,1.0,1.0,0,0,1,7,3
3.4,54,0,318,470,0.892,0.948,0,0,1,5,3
0.0,406,1278,2,5,0.0,0.91,0,1,1,7,3
98.03,609,837,2,1,0.108,0.873,0,1,2,4,0
29.57,806,253,7,3,0.0,0.682,0,1,1,3,4
74.49,582,480,2,6,0.0,0.705,0,1,1,3,4
4.19,52,0,343,154,0.97,0.967,0,0,1,3,0
0.0,553,3056,1,7,0.028,0.921,0,1,1,7,4
0.0,106,2,284,422,0.934,0.946,0,0,1,3,0
5.19,83,0,436,282,0.887,0.945,0,0,1,6,2
1.26,34,3,114,227,0.902,0.926,0,0,1,2,3
30.1,492,1732,6,3,0.004,1.0,0,1,2,1,4
0.0,37,0,24,17,0.438,0.082,0,0,2,2,3
0.0,308,682,7,6,0.0,1.0,0,1,1,6,3
62.92,181,533,6,8,0.092,0.82,0,1,1,5,4
0.57,28,0,258,298,0.872,0.943,0,0,1,6,2
5.17,234,374,13,9,0.184,0.402,4,1,2,4,3
64.05,488,1910,1,8,0.0,0.671,0,1,1,5,3
0.0,0,2,244,453,0.927,0.923,0,0,2,0,3
76.75,6,194,6,2,0.011,1.0,0,1,1,3,4
6.24,420,1057,5,2,0.016,0.94,0,1,0,5,3
86.5,0,524,6,6,0.0,0.683,0,1,1,0,4
58.66,51,1339,4,5,0.018,1.0,0,1,1,6,4
40.07,306,1704,9,6,0.039,0.787,0,1,2,5,4
47.47,143,1651,7,6,0.081,0.769,0,1,1,5,4
56.26,0,754,7,7,0.0,0.819,0,1,1,2,3
0.72,81,1,309,427,0.827,0.884,0,0,1,1,3
71.71,82,892,3,3,0.0,0.867,0,1,1,1,4
39.05,707,1005,8,9,0.0,0.856,0,1,2,3,4
0.0,334,1284,6,7,0.083,0.832,0,1,1,5,4
0.91,106,4,419,405,1.0,0.895,0,0,1,4,3
0.0,682,25,6,7,0.042,0.918,0,1,1,5,4
49.62,385,656,8,4,0.0,0.788,0,1,1,4,3
58.39,744,1338,2,2,0.125,0.813,0,1,1,7,4
60.61,466,1066,5,1,0.0,0.91,0,1,2,6,4
63.09,75,0,7,6,0.099,0.947,0,1,2,1,3
0.0,35,1555,1,1,0.0,0.916,0,1,2,6,4
28.27,314,168,7,6,0.01,0.564,4,0,2,0,3
0.0,23,3,48,17,0.715,0.07,0,0,1,0,0
0.0,77,2,361,415,0.787,0.887,0,0,1,5,3
62.11,735,1588,8,7,0.073,0.871,0,1,2,3,4
33.95,883,772,5,1,0.066,1.0,0,1,2,5,4
70.31,545,1949,6,6,0.068,0.789,0,1,1,2,0
42.93,639,694,3,9,0.022,0.716,0,1,1,5,4
0.0,23,0,489,317,0.769,0.929,0,0,2,3,3
64.64,437,1314,9,4,0.084,0.99,0,1,2,5,2
78.49,241,462,1,6,0.0,0.887,0,1,1,5,4
1.65,0,0,352,242,0.896,0.986,0,0,0,6,2
0.02,563,2072,7,9,0.011,1.0,0,1,1,5,4
96.27,526,791,8,9,0.041,0.839,0,1,1,4,4
104.56,420,487,9,2,0.0,1.0,0,1,1,6,4
11.7,327,290,8,2,0.079,1.0,0,1,1,0,4
0.86,8,0,51,6,0.259,0.173,0,0,1,1,3
98.07,371,204,2,4,0.0,0.993,0,1,1,6,4
100.42,210,813,7,9,0.045,1.0,0,1,1,2,4
72.89,566,1530,1,5,0.068,0.844,0,1,1,5,4
122.89,312,1665,7,6,0.038,1.0,0,1,1,1,4
0.33,55,15,131,450,1.0,1.0,0,0,1,3,3
65.23,350,2071,1,5,0.012,0.864,0,1,1,7,4
106.05,823,352,8,4,0.012,0.846,0,1,1,1,4
51.85,231,1928,4,8,0.0,0.933,0,1,2,5,3
90.04,570,935,4,5,0.118,0.849,0,1,1,2,4
56.38,694,1336,9,8,0.058,0.919,0,1,2,2,4
69.41,709,899,6,1,0.222,0.98,0,1,1,7,4
2.59,0,0,4,1,0.018,0.864,0,1,1,5,4
61.1,545,1519,8,1,0.021,0.974,0,1,1,4,4
104.93,661,1845,1,9,0.0,0.97,0,1,1,2,4
0.0,804,1353,3,6,0.056,0.863,0,1,1,7,4
4.72,271,557,6,9,0.042,0.81,0,1,2,0,4
100.14,722,1478,4,3,0.0,0.868,0,1,1,4,4
10.78,1119,1227,6,7,0.0,0.871,0,1,1,6,4
80.31,389,990,7,4,0.09,0.943,0,1,0,2,3
50.48,749,1060,3,7,0.067,0.936,0,1,1,6,2
51.33,713,1177,4,5,0.0,0.736,0,1,0,4,4
4.09,82,0,187,328,0.91,0.939,0,0,2,3,0
64.78,605,0,1,1,0.0,0.893,0,1,1,0,4
0.72,14,0,254,469,0.79,0.974,0,0,1,0,2
71.82,631,1127,8,5,0.0,0.723,0,1,1,3,3
1.02,55,3,393,435,0.872,0.886,0,0,2,0,2
3.26,0,0,297,201,0.9,0.954,0,0,1,1,0
167.36,871,1683,7,8,0.0,0.953,0,1,1,3,4
1.39,68,0,288,132,0.868,0.947,0,0,1,5,3
0.0,32,0,348,100,1.0,0.964,0,0,2,3,3
0.15,0,0,85,10,0.722,0.369,0,0,1,1,0
63.18,835,838,1,1,0.035,0.901,0,1,1,0,3
35.82,413,1700,1,7,0.034,0.898,0,1,1,3,4
0.0,162,1364,3,6,0.01,0.97,0,1,1,4,4
51.78,771,1795,1,2,0.022,0.8,0,1,1,2,0
1.36,71,3,390,445,0.985,0.94,0,0,1,0,2
0.0,122,0,483,412,0.986,0.892,0,0,1,2,3
147.38,427,775,6,4,0.0,0.936,0,1,1,4,4
72.17,0,1574,1,9,0.126,0.869,0,1,1,4,3
61.25,656,1357,6,1,0.065,0.721,0,1,1,2,4
20.7,635,480,5,3,0.064,0.625,4,1,1,7,4
4.39,49,1,105,370,0.941,0.833,0,0,0,2,3
26.93,339,290,2,7,0.195,0.556,4,1,2,2,4
104.04,182,820,8,6,0.0,0.888,0,1,1,1,4
84.18,614,178,4,1,0.066,0.806,0,1,1,3,3
25.96,727,794,2,5,0.0,0.891,0,1,2,4,3
39.75,629,872,6,8,0.058,0.96,0,1,1,7,3
46.62,776,371,4,8,0.072,0.968,0,1,1,1,4
49.94,798,1036,3,4,0.0,0.92,0,1,1,2,4
102.45,313,1459,6,3,0.032,0.901,0,1,1,3,4
11.44,836,183,1,8,0.036,0.863,0,1,1,6,4
0.0,19,0,497,240,1.0,0.894,0,0,2,3,3
0.94,30,0,344,137,0.942,0.859,0,0,2,1,0
18.93,591,1257,6,1,0.083,1.0,0,1,1,1,4
0.0,22,0,79,10,0.67,0.276,0,0,1,1,3
45.65,908,652,8,8,0.032,0.957,0,1,2,7,4
3.89,28,316,14,8,0.134,0.816,4,0,1,0,4
151.23,245,1291,7,3,0.0,1.0,0,1,1,6,4
63.93,614,1176,5,4,0.038,0.851,0,1,1,7,4
81.51,563,2140,7,3,0.033,0.723,0,1,1,7,4
57.6,557,589,7,8,0.0,0.821,0,1,0,6,4
129.34,318,1277,9,2,0.05,0.914,0,1,1,0,3
81.92,309,1016,6,8,0.051,0.956,0,1,2,7,4
67.0,398,1405,5,9,0.038,0.881,0,1,2,5,4
13.89,0,449,7,3,0.0,0.999,0,1,1,7,2
140.39,624,793,3,2,0.037,0.592,1,1,1,3,4
34.14,598,1070,2,3,0.011,0.818,0,1,2,0,4
22.58,504,767,2,6,0.001,0.965,0,1,1,4,4
1.22,23,0,51,12,0.848,0.0,0,0,1,5,3
33.13,707,0,7,1,0.018,0.794,0,1,1,5,4
18.78,1,562,6,4,0.0,0.914,0,1,1,0,4
2.6,44,0,208,189,0.952,1.0,0,0,1,3,2
88.9,542,1642,8,3,0.008,0.935,0,1,1,3,4
1.43,34,0,390,499,0.914,0.912,0,0,1,0,0
70.86,392,1123,5,5,0.055,0.954,0,1,1,3,1
75.51,307,1013,6,6,0.011,0.941,0,1,2,6,4
9.58,3,3,37,10,0.41,0.166,0,0,1,5,0
1.81,86,5,335,343,0.922,0.948,0,0,1,6,3
3.87,52,0,69,12,0.22,0.256,0,0,0,1,3
1.54,71,0,160,466,0.917,0.919,0,0,1,6,0
2.64,42,0,232,361,0.901,0.951,0,0,1,4,2
110.04,1135,1679,9,3,0.0,1.0,0,1,1,7,1
60.74,183,996,4,8,0.0,0.991,0,1,2,2,4
0.0,39,2,89,10,0.439,0.348,0,0,1,1,0
18.38,602,0,4,9,0.0,0.837,0,1,1,5,4
100.14,45,2011,8,8,0.0,0.752,0,1,1,6,2
3.8,78,1,279,443,1.0,1.0,0,0,2,0,3
5.26,301,879,1,8,0.091,0.974,0,1,1,4,4
0.0,430,273,1,2,0.055,0.898,0,1,1,7,4
60.31,257,1740,1,9,0.009,0.94,0,1,1,0,4
37.4,963,434,7,5,0.062,0.763,0,1,1,0,4
72.31,524,307,8,8,0.0,0.893,0,1,1,1,4
59.4,813,1696,4,7,0.064,0.782,0,1,1,0,4
64.9,602,1165,3,5,0.026,0.808,0,1,1,1,4
55.12,59,822,6,4,0.0,0.979,0,1,1,0,0
1.96,51,0,114,489,1.0,0.886,0,0,2,1,3
55.35,62,1835,1,9,0.047,0.949,0,1,2,7,4
69.16,244,908,3,1,0.0,0.901,0,1,1,4,0
100.94,386,1996,5,2,0.029,0.937,0,1,0,7,4
68.46,501,1490,5,8,0.0,0.884,0,1,0,0,4
0.0,51,3,336,327,0.844,1.0,0,0,2,2,3
53.15,525,1754,7,5,0.049,0.972,0,1,1,3,4
52.0,661,1242,3,2,0.062,0.918,0,1,1,2,3
2.56,10,0,57,11,0.225,0.143,0,0,2,5,0
3.71,442,541,9,6,0.004,0.915,0,1,1,5,2
2.27,47,8,426,210,0.899,0.933,0,0,1,0,3
34.08,732,513,7,3,0.0,0.905,0,1,1,2,4
29.61,241,624,1,3,0.069,0.993,0,1,1,1,4
33.14,1087,529,1,2,0.024,0.961,0,1,1,0,4
0.85,0,5,307,126,0.877,0.981,0,0,1,0,3
2.59,49,1,100,200,0.878,0.931,0,0,1,1,3
0.0,310,1767,6,4,0.07,0.981,0,1,1,7,4
26.86,399,111,12,3,0.026,0.72,3,0,1,4,4
0.0,156,1922,3,3,0.0,1.0,0,1,1,2,4
1.47,74,0,368,356,0.94,0.991,0,0,1,1,0
12.5,559,345,8,7,0.0,0.757,0,1,2,6,4
0.0,17,5,36,9,0.606,0.369,0,0,0,2,4
6.56,14,1,82,9,0.415,0.001,0,0,2,1,3
48.32,497,2326,1,5,0.041,0.746,0,1,1,5,4
54.95,416,343,3,4,0.008,0.901,0,1,1,2,1
0.0,1180,1118,8,5,0.115,1.0,0,1,2,6,4
90.0,489,1109,8,8,0.054,0.817,0,1,1,0,4
0.0,44,0,275,112,0.814,0.919,0,0,1,0,2
89.82,176,915,4,6,0.022,0.9,0,1,1,1,4
3.71,96,0,149,443,0.742,0.939,0,0,1,0,3
0.0,106,0,337,459,0.873,0.969,0,0,1,5,3
0.0,492,621,2,8,0.029,0.945,0,1,1,0,4
67.04,546,1127,1,2,0.009,0.773,0,1,1,7,4
0.0,518,1781,7,9,0.0,0.927,0,1,1,7,4
3.63,91,318,6,3,0.0,1.0,0,1,1,7,4
3.86,78,7,145,401,0.998,0.945,0,0,2,2,0
108.6,283,795,9,2,0.0,1.0,0,1,1,6,4
62.88,331,1295,6,9,0.015,0.847,0,1,1,1,4
2.42,25,0,272,153,0.976,0.956,0,0,1,6,3
56.59,124,623,4,9,0.078,0.966,0,1,1,0,4
13.7,87,1465,5,6,0.023,0.926,0,1,1,0,4
0.0,38,719,1,3,0.103,0.839,0,1,1,3,1
78.59,645,935,1,8,0.017,0.823,0,1,1,3,4
14.69,394,1537,6,3,0.0,0.961,0,1,2,1,4
54.55,408,1435,7,9,0.029,0.86,0,1,1,1,4
70.88,517,0,9,4,0.0,0.99,0,1,1,3,4
52.75,82,0,3,9,0.002,1.0,0,1,0,4,0
1.45,93,0,232,506,0.84,0.945,0,0,1,2,0
29.01,127,322,6,4,0.06,0.544,2,0,1,2,4
3.36,27,6,85,7,0.69,0.089,0,0,1,4,3
2.22,72,0,164,125,1.0,0.911,0,0,1,0,0
57.35,363,1762,4,5,0.0,0.842,0,1,1,0,4
49.65,603,2064,9,8,0.016,0.85,0,1,1,7,4
44.79,444,716,3,4,0.0,0.904,0,1,1,6,4
33.0,989,0,6,8,0.01,0.879,0,1,1,7,4
6.17,56,0,25,19,0.8,0.149,0,0,1,5,0
76.27,144,1823,5,2,0.0,0.884,0,1,1,0,1
0.0,29,0,78,5,0.588,0.207,0,0,1,0,3
2.54,53,7,450,130,0.901,0.943,0,0,1,7,3
96.65,0,302,6,1,0.029,0.944,0,1,1,7,4
22.85,635,1040,6,2,0.0,1.0,0,1,2,7,4
13.45,623,784,6,3,0.017,0.852,0,1,1,3,4
2.23,77,0,442,286,1.0,0.913,0,0,2,5,3
0.0,64,0,135,201,0.791,0.844,0,0,1,5,0
32.88,542,1361,7,4,0.0,0.844,0,1,1,2,4
58.28,644,420,2,4,0.069,0.851,0,1,2,4,4
2.97,16,0,98,11,0.772,0.526,0,0,1,6,3
22.41,0,322,8,4,0.042,0.822,2,0,2,3,4
0.0,31,70,1,6,0.011,0.859,0,1,1,1,4
103.85,298,0,6,5,0.0,0.906,0,1,2,4,4
161.45,764,962,2,5,0.007,0.966,0,1,1,4,4
68.48,321,711,6,6,0.0,0.773,0,1,1,7,4
16.1,142,1162,8,6,0.0,0.932,0,1,2,7,4
0.0,413,1795,5,2,0.04,0.864,0,1,1,3,4
46.9,391,1524,7,2,0.045,0.88,0,1,1,4,4
98.35,176,1917,1,7,0.0,0.812,0,1,1,3,4
48.69,0,1713,1,9,0.076,0.819,0,1,2,5,4
40.64,477,1174,6,4,0.111,0.935,0,1,1,1,4
24.1,669,1375,5,9,0.029,0.963,0,1,1,1,4
3.63,45,1,28,5,0.461,0.214,0,0,1,5,3
0.0,319,689,9,5,0.02,0.769,0,1,1,1,4
60.25,461,231,4,8,0.036,0.974,0,1,1,6,4
18.35,956,458,4,5,0.078,0.919,0,1,1,5,4
3.7,16,2,262,241,0.988,0.95,0,0,1,6,3
110.8,425,1380,6,4,0.071,0.861,0,1,1,0,4
76.32,0,1287,8,4,0.073,0.99,0,1,1,5,4
5.5,644,467,1,2,0.01,0.765,0,1,2,3,4
0.0,363,1975,6,7,0.017,1.0,0,1,1,7,4
85.99,815,1906,3,5,0.0,0.873,0,1,2,0,4
74.74,467,975,1,9,0.05,0.794,0,1,2,1,4
102.39,117,1996,3,7,0.006,0.847,0,1,1,0,4
0.0,15,0,44,7,0.379,0.148,0,0,1,4,4
38.38,186,877,2,3,0.058,0.823,0,1,1,7,4
0.0,1233,1250,6,6,0.008,0.982,0,1,1,1,4
17.91,509,509,6,2,0.005,0.969,0,1,2,7,4
84.61,881,1313,2,4,0.058,0.82,0,1,2,7,0
38.29,438,1520,2,9,0.065,0.773,0,1,1,1,4
0.0,86,0,191,373,0.89,0.858,0,0,1,6,3
58.7,105,559,2,9,0.025,1.0,0,1,1,6,4
2.13,109,4,402,231,0.842,0.977,0,0,1,3,3
28.09,271,154,9,2,0.0,0.993,0,1,1,7,0
110.04,344,809,5,4,0.0,0.879,0,1,1,3,4
96.71,208,1299,7,9,0.129,0.836,0,1,1,6,0
73.04,623,1049,8,9,0.001,0.903,0,1,1,3,4
40.34,947,693,7,1,0.018,0.984,0,1,1,4,4
30.46,905,640,9,2,0.035,1.0,0,1,2,5,2
102.18,1077,600,9,4,0.011,0.898,0,1,1,6,1
122.39,639,988,6,8,0.0,1.0,0,1,1,3,4
20.83,129,703,8,2,0.0,1.0,0,1,1,3,3
78.92,0,995,8,4,0.0,1.0,0,1,1,5,4
44.26,401,2019,8,8,0.098,0.827,0,1,1,3,4
65.25,0,1532,3,5,0.129,0.994,0,1,1,7,4
38.28,344,0,8,6,0.0,0.963,0,1,2,6,4
61.5,671,1569,3,1,0.011,0.964,0,1,1,4,4
0.76,804,1184,7,1,0.0,0.838,0,1,1,6,4
44.12,0,356,3,3,0.0,0.98,0,1,1,7,3
27.5,428,763,1,6,0.003,1.0,0,1,1,3,0
1.9,64,6,213,429,0.868,1.0,0,0,1,1,0
54.11,280,1712,2,2,0.0,0.827,0,1,2,1,4
33.8,469,1379,8,5,0.0,0.922,0,1,1,7,4
71.96,717,169,2,9,0.044,0.853,0,1,1,4,4
12.75,708,754,3,5,0.049,0.763,0,1,1,7,2
1.96,61,6,364,458,0.934,0.949,0,0,1,0,3
30.34,751,0,3,8,0.0,0.975,0,1,0,3,4
2.2,54,0,234,240,0.959,0.919,0,0,2,6,3
44.92,243,1605,1,7,0.0,1.0,0,1,2,5,4
4.83,0,5,432,343,0.841,0.941,0,0,1,3,3
27.03,68,1003,6,7,0.01,0.826,0,1,1,0,4
24.79,644,690,1,5,0.0,0.911,0,1,1,3,3
85.58,163,986,6,1,0.106,0.935,0,1,2,1,4
79.24,1097,1459,7,3,0.0,0.817,0,1,1,5,4
42.56,483,1464,9,6,0.037,1.0,0,1,1,1,4
3.29,99,0,500,314,0.903,0.963,0,0,1,2,3
60.49,383,1950,1,1,0.0,0.846,0,1,1,1,1
50.17,473,1209,6,3,0.036,0.969,0,1,2,0,1
1.23,29,3,148,418,0.77,0.927,0,0,1,7,0
27.98,420,766,7,3,0.0,0.869,0,1,2,5,4
0.0,31,0,164,177,0.956,0.873,0,0,1,2,0
40.59,228,1353,7,7,0.022,0.878,0,1,0,2,4
59.6,214,63,3,7,0.0,0.902,0,1,1,7,4
69.84,296,1493,4,8,0.0,0.993,0,1,1,6,4
36.11,0,1344,5,8,0.0,1.0,0,1,1,6,1
102.4,284,1816,3,4,0.08,0.92,0,1,1,5,4
90.87,924,1223,9,6,0.01,1.0,0,1,1,1,4
0.0,80,0,429,319,0.866,0.996,0,0,1,1,3
15.44,0,1273,8,1,0.0,0.944,0,1,1,0,4
5.95,41,5,264,424,1.0,0.95,0,0,1,1,0
43.18,478,801,6,2,0.049,0.851,0,1,1,1,4
76.66,440,1333,3,2,0.074,0.779,0,1,2,0,4
0.0,17,2,467,174,1.0,0.971,0,0,1,5,0
63.52,862,1029,5,9,0.0,0.86,0,1,1,5,4
40.4,240,449,1,8,0.058,1.0,0,1,1,0,0
28.6,344,908,5,3,0.044,0.925,0,1,1,3,4
72.02,627,1080,6,5,0.0,0.728,0,1,1,3,4
60.18,643,834,3,5,0.0,0.823,0,1,1,7,4
27.42,53,209,5,3,0.0,0.84,0,1,0,0,4
3.74,0,0,244,458,0.89,0.998,0,0,1,5,3
0.0,109,256,1,6,0.299,0.723,1,1,2,0,4
0.0,20,2,358,326,0.847,0.951,0,0,1,7,3
0.0,451,485,6,7,0.033,0.862,0,1,1,4,4
102.92,875,1076,6,9,0.036,1.0,0,1,2,5,4
35.09,121,196,10,6,0.07,0.525,1,1,2,1,4
3.67,8,0,47,11,0.347,0.171,0,0,1,1,3
83.36,1109,347,1,4,0.145,0.754,0,1,1,2,4
0.0,0,325,4,8,0.049,0.93,0,1,1,4,4
48.3,513,0,9,7,0.0,0.885,0,1,1,6,4
49.81,370,193,3,3,0.0,0.835,0,1,1,4,4
60.25,471,877,9,8,0.037,0.924,0,1,2,2,4
45.64,335,1102,2,1,0.051,0.808,0,1,1,1,4
55.21,540,588,9,6,0.0,0.916,0,1,0,5,4
1.96,30,0,404,491,0.71,1.0,0,0,1,5,0
3.01,26,0,469,314,0.827,0.968,0,0,1,4,3
48.52,196,807,1,7,0.062,1.0,0,1,1,7,0
68.02,722,0,7,8,0.031,0.998,0,1,1,6,4
0.0,529,564,9,4,0.03,0.848,0,1,1,2,4
81.07,696,670,8,1,0.074,0.888,0,1,1,4,4
243.14,1132,0,2,3,0.019,0.846,0,1,1,2,4
74.37,378,1729,4,5,0.023,0.997,0,1,2,4,1
18.66,238,1159,1,3,0.0,1.0,0,1,1,7,4
0.0,786,0,1,1,0.136,0.875,0,1,1,2,4
21.72,223,357,9,5,0.281,0.529,3,1,1,4,4
0.0,87,0,308,354,1.0,0.941,0,0,0,0,3
73.28,475,618,4,2,0.0,1.0,0,1,1,7,4
3.38,37,8,371,451,0.872,0.914,0,0,1,7,3
73.04,408,0,3,6,0.133,0.902,0,1,1,5,4
10.74,176,722,2,6,0.032,1.0,0,1,2,3,4
98.5,262,763,6,4,0.0,0.854,0,1,1,4,4
0.87,75,0,110,399,0.892,0.96,0,0,1,3,3
36.1,837,98,5,2,0.056,0.795,0,1,1,3,4
45.44,580,1336,8,2,0.002,0.768,0,1,1,3,4
27.94,475,717,7,7,0.0,0.946,0,1,1,0,4
0.67,9,7,207,482,0.831,0.999,0,0,2,4,3
54.04,375,2269,2,9,0.011,0.896,0,1,1,6,4
95.06,511,653,2,9,0.048,0.972,0,1,1,6,4
0.0,515,1585,1,8,0.016,0.75,0,1,1,2,4
8.66,10,1,43,14,0.638,0.0,0,0,1,3,3
46.64,655,228,5,3,0.057,0.964,0,1,1,0,4
102.54,278,1008,5,7,0.034,0.653,0,1,1,3,4
45.76,629,1184,8,9,0.1,0.843,0,1,1,0,2
73.33,342,545,4,6,0.044,1.0,0,1,1,2,4
0.0,907,1100,1,1,0.063,0.605,0,1,2,3,4
64.27,307,659,6,2,0.0,0.942,0,1,2,4,4
0.0,63,0,153,362,0.82,0.954,0,0,1,4,0
2.68,32,0,54,18,0.533,0.0,0,0,1,1,3
30.29,558,1045,9,4,0.0,1.0,0,1,2,4,4
1.03,95,2,381,107,1.0,0.921,0,0,1,5,2
1.79,54,0,345,224,0.957,0.893,0,0,1,5,0
133.31,314,1288,7,1,0.0,0.877,0,1,1,6,4
83.86,34,888,6,3,0.0,0.771,0,1,1,2,4
42.05,481,837,2,9,0.01,0.64,0,1,1,6,4
33.39,413,866,3,2,0.019,0.655,0,1,1,6,4
0.0,758,331,8,9,0.029,0.798,0,1,1,5,4
55.02,479,203,9,5,0.124,0.974,0,1,1,3,4
51.67,626,663,5,1,0.0,0.9,0,1,2,4,2
11.63,51,941,1,6,0.0,1.0,0,1,1,4,1
107.58,390,544,7,5,0.113,0.896,0,1,1,4,4
65.49,414,777,4,3,0.165,0.648,0,1,2,4,4
62.7,674,810,9,2,0.0,0.787,0,1,0,1,4
0.57,17,4,280,411,1.0,0.939,0,0,2,2,0
82.81,233,610,4,8,0.026,0.964,0,1,2,3,4
20.97,1150,827,9,7,0.0,0.926,0,1,1,0,4
0.0,19,0,43,1,0.607,0.187,0,0,2,0,4
92.24,214,667,6,2,0.087,0.865,0,1,1,2,4
3.88,38,7,295,326,0.783,1.0,0,0,2,4,3
23.88,635,990,5,9,0.0,0.99,0,1,1,4,4
88.96,432,1591,9,9,0.0,0.943,0,1,1,3,4
0.0,80,2,127,215,0.9,0.935,0,0,1,0,3
5.31,704,851,7,6,0.0,0.793,0,1,1,6,4
0.67,72,1,151,106,0.969,0.937,0,0,1,3,0
75.09,259,0,8,8,0.064,0.855,0,1,1,3,4
2.92,0,9,251,503,0.934,0.955,0,0,1,3,2
0.93,64,0,211,128,1.0,0.89,0,0,1,4,3
46.68,598,789,6,3,0.044,0.872,0,1,2,4,4
22.16,1243,1459,4,9,0.023,0.778,0,1,2,0,4
66.99,682,1392,5,1,0.058,1.0,0,1,2,0,4
72.52,559,561,5,6,0.024,1.0,0,1,2,1,4
101.18,0,1234,5,5,0.0,0.843,0,1,2,7,4
64.01,1498,329,2,3,0.0,0.878,1,1,1,6,4
21.92,866,690,4,3,0.0,0.808,0,1,1,0,4
41.96,457,1183,6,3,0.03,0.953,0,1,1,1,4
43.65,655,0,3,4,0.058,0.77,0,1,1,0,4
59.35,439,0,5,5,0.076,0.943,0,1,2,0,4
1.78,0,2,444,215,0.924,0.999,0,0,1,7,0
110.93,131,308,9,2,0.074,0.902,0,1,1,2,4
59.03,190,1227,3,3,0.0,0.95,0,1,1,0,4
56.74,263,1377,8,6,0.0,0.908,0,1,1,7,4
25.38,779,19,7,9,0.0,0.864,0,1,1,1,4
0.0,850,1723,4,3,0.063,0.986,0,1,1,1,2
0.56,10,0,70,8,0.709,0.042,0,0,1,0,4
21.46,351,227,1,3,0.223,0.657,1,0,1,2,4
1.67,12,0,403,332,0.875,1.0,0,0,1,4,2
1.33,43,7,504,433,1.0,0.932,0,0,1,2,3
134.55,862,2474,3,9,0.0,1.0,0,1,1,1,4
1.58,773,900,5,3,0.027,0.895,0,1,1,7,4
76.24,1693,1142,2,3,0.021,0.882,0,1,1,0,4
4.84,29,0,289,320,0.993,0.949,0,0,1,0,2
4.59,28,3,78,1,0.613,0.175,0,0,1,5,4
89.5,925,527,1,8,0.065,0.887,0,1,1,2,4
34.48,222,248,12,9,0.232,0.588,4,1,1,5,3
56.72,504,1261,7,1,0.041,0.798,0,1,2,7,4
110.77,763,889,1,3,0.044,0.906,0,1,2,7,3
4.66,17,0,356,216,0.976,0.957,0,0,1,5,0
50.93,154,745,2,6,0.114,0.902,0,1,1,1,4
0.0,11,1,91,19,0.253,0.211,0,0,1,7,0
2.82,18,1,54,16,0.26,0.433,0,0,1,5,4
4.17,7,1520,6,3,0.048,1.0,0,1,1,4,1
0.0,117,4,242,104,0.865,0.905,0,0,1,1,3
27.9,78,1225,2,4,0.085,0.821,0,1,1,0,4
45.91,430,1366,5,6,0.023,0.888,0,1,0,2,4
0.55,73,1,398,380,1.0,0.909,0,0,1,5,3
15.73,620,713,7,1,0.006,0.809,0,1,1,1,4
36.07,368,1914,4,6,0.0,0.799,0,1,1,4,4
73.07,621,594,8,3,0.024,0.741,0,1,1,0,1
38.26,441,1670,7,3,0.0,0.708,0,1,2,0,4
73.55,1052,0,2,2,0.034,0.859,0,1,1,0,4
40.43,119,726,3,4,0.0,0.93,0,1,1,7,4
73.63,589,449,5,6,0.0,1.0,0,1,2,6,4
107.88,647,1437,9,5,0.098,0.911,0,1,1,3,4
3.42,38,0,91,11,0.548,0.0,0,0,1,5,4
86.48,431,543,6,9,0.0,0.965,0,1,1,5,4
0.0,580,699,7,9,0.0,0.639,0,1,1,6,4
10.7,679,1164,7,4,0.0,1.0,0,1,1,6,4
88.18,258,1185,9,3,0.123,0.854,0,1,2,2,4
89.71,8,162,8,8,0.0,0.743,0,1,1,3,4
62.96,584,1850,6,8,0.086,1.0,0,1,2,2,4
50.24,565,495,3,2,0.018,0.902,0,1,1,6,4
43.98,632,1420,9,6,0.062,0.7,0,1,1,3,4
3.56,27,0,199,285,0.743,1.0,0,0,1,0,3
65.97,37,209,4,2,0.082,0.946,0,1,2,0,4
81.45,0,1049,2,1,0.08,0.99,0,1,1,7,4
60.45,0,295,8,2,0.0,0.789,0,1,2,6,4
41.53,188,619,2,2,0.019,0.811,0,1,1,1,4
0.0,23,0,30,18,0.407,0.104,0,0,1,6,0
30.26,327,1205,9,1,0.0,0.986,0,1,2,0,4
71.32,697,833,5,3,0.0,0.991,0,1,1,3,4
97.19,208,1543,1,8,0.092,0.852,0,1,1,3,4
75.42,209,2134,3,5,0.011,0.794,0,1,1,3,4
20.74,653,394,8,8,0.115,0.964,0,1,1,5,4
4.77,14,0,33,8,0.743,0.112,0,0,1,2,3
35.63,342,1426,5,2,0.006,0.849,0,1,1,2,0
48.94,795,2286,5,6,0.008,0.877,0,1,1,6,4
38.82,485,1012,5,2,0.074,0.968,0,1,1,2,4
2.24,34,7,213,127,0.981,0.936,0,0,2,3,3
112.97,646,2267,6,1,0.0,0.975,0,1,1,2,4
5.0,70,1,341,336,1.0,0.907,0,0,1,3,3
62.94,483,1565,2,6,0.029,0.856,0,1,1,7,4
0.0,789,400,2,3,0.018,0.81,0,1,1,7,4
36.24,680,854,2,5,0.076,0.839,0,1,1,7,4
46.72,571,628,7,7,0.064,0.78,0,1,2,4,4
21.44,811,2152,6,3,0.072,1.0,0,1,1,2,4
47.81,64,2319,2,7,0.003,0.903,0,1,1,2,4
24.41,516,880,7,6,0.006,0.934,0,1,0,7,4
88.77,282,856,4,6,0.004,1.0,0,1,2,3,4
74.02,296,432,5,6,0.103,0.845,0,1,2,0,4
0.0,77,2,357,474,1.0,1.0,0,0,2,1,0
4.21,180,602,6,3,0.078,1.0,0,1,1,0,4
3.92,37,0,75,10,0.841,0.0,0,0,2,1,0
0.0,87,0,266,287,0.899,0.902,0,0,2,2,3
63.72,350,1024,9,4,0.041,0.95,0,1,1,1,4
85.43,518,520,2,9,0.0,0.925,0,1,1,5,2
110.72,381,1871,9,2,0.063,0.929,0,1,1,1,4
108.41,755,1244,3,9,0.051,1.0,0,1,2,0,4
27.34,247,746,3,9,0.02,1.0,0,1,1,4,4
2.88,3,1,97,8,0.409,0.159,0,0,1,6,4
0.0,20,0,51,19,0.397,0.126,0,0,2,4,3
5.8,12,0,20,10,0.541,0.252,0,0,1,6,0
80.99,547,537,2,5,0.057,0.932,0,1,1,1,4
72.78,473,1203,2,5,0.0,0.77,0,1,1,4,4
49.64,625,1846,7,6,0.015,1.0,0,1,1,5,4
30.7,1221,1245,5,8,0.0,1.0,0,1,1,7,4
0.0,68,8,448,327,0.947,0.963,0,0,1,3,2
0.0,114,106,6,8,0.124,0.586,2,1,1,1,4
40.72,656,683,2,5,0.064,0.92,0,1,1,2,4
118.13,774,1495,6,3,0.039,1.0,0,1,1,6,4
37.5,369,927,9,2,0.035,0.895,0,1,1,0,0
30.99,981,576,1,7,0.154,0.878,0,1,1,4,0
102.53,391,1036,1,8,0.006,1.0,0,1,1,5,4
0.0,423,1948,6,1,0.049,0.982,0,1,1,1,4
148.5,696,0,3,3,0.0,0.888,1,1,2,2,4
88.46,746,1279,7,8,0.082,0.825,0,1,1,0,4
25.26,61,478,9,7,0.059,0.88,0,1,2,5,4
0.0,66,0,508,459,0.753,0.943,0,0,1,2,3
92.11,437,1271,9,1,0.121,0.823,0,1,1,4,1
3.65,75,0,484,302,0.857,0.895,0,0,1,1,3
39.82,350,1040,7,3,0.0,0.841,0,1,1,1,4
68.17,200,1089,1,9,0.036,0.97,0,1,1,6,4
41.06,0,0,4,9,0.0,0.906,0,1,2,2,4
62.46,1123,406,9,5,0.003,0.848,0,1,1,5,4
0.64,6,0,275,129,1.0,0.856,0,0,1,0,3
101.57,1095,1257,6,8,0.035,0.864,0,1,1,1,4
0.0,10,0,71,4,0.154,0.21,0,0,2,5,0
0.0,23,0,84,16,0.465,0.381,0,0,1,0,3
27.96,223,883,8,4,0.06,0.95,0,1,1,0,4
2.28,782,829,4,7,0.0,0.811,0,1,2,5,4
42.8,735,1672,3,5,0.089,0.807,0,1,1,7,4
0.0,413,990,6,4,0.008,0.941,0,1,2,2,4
0.0,679,592,8,1,0.06,0.838,0,1,1,3,4
39.64,251,1562,6,5,0.0,0.86,0,1,1,0,4
80.18,0,1617,3,1,0.054,1.0,0,1,1,2,4
3.5,26,0,96,3,0.474,0.232,0,0,1,2,0
1.8,41,3,476,371,0.989,0.9,0,0,2,3,3
100.65,236,1750,9,3,0.0,1.0,0,1,1,7,4
26.65,558,760,2,3,0.0,0.817,0,1,1,2,4
42.33,416,903,4,9,0.0,0.966,0,1,2,7,4
2.74,90,0,410,507,0.905,0.993,0,0,2,7,2
0.0,947,741,2,2,0.015,0.758,0,1,0,6,4
49.9,392,440,9,5,0.013,1.0,0,1,2,0,4
48.77,912,0,3,8,0.014,0.742,0,1,1,3,4
1.05,28,0,61,14,0.228,0.128,0,0,2,6,0
57.66,439,1959,7,9,0.088,0.967,0,1,0,2,4
5.42,3,1,480,445,0.845,1.0,0,0,1,5,0
21.09,0,322,8,8,0.052,0.965,0,1,1,0,4
0.0,515,1065,2,2,0.026,0.933,0,1,1,2,0
35.02,192,487,9,2,0.038,0.781,0,1,1,4,4
24.98,592,590,5,6,0.027,1.0,0,1,1,7,4
0.06,9,0,55,1,0.529,0.092,0,0,1,1,3
0.0,355,332,2,8,0.0,0.949,0,1,2,0,4
102.18,934,893,4,4,0.157,0.766,1,1,2,1,4
5.44,348,1100,9,4,0.048,0.833,0,1,2,4,4
0.0,577,909,5,2,0.0,0.784,0,1,1,5,4
0.0,40,0,120,367,0.961,0.86,0,0,1,7,3
0.0,8,0,57,12,0.427,0.0,0,0,0,4,3
55.2,862,780,4,6,0.061,0.858,0,1,1,6,4
56.64,582,472,1,5,0.0,0.951,0,1,2,2,4
6.41,5,0,96,18,0.866,0.369,0,0,1,1,3
0.48,7,0,321,150,1.0,0.978,0,0,2,6,0
86.8,391,1760,8,5,0.091,0.983,0,1,1,5,4
0.0,65,11,121,489,0.876,0.898,0,0,2,7,0
40.24,404,0,6,3,0.0,0.937,0,1,1,6,4
94.1,889,0,5,6,0.08,0.926,0,1,1,1,1
1.97,537,909,8,2,0.0,0.859,0,1,1,4,4
0.0,1100,783,8,1,0.0,0.795,0,1,1,7,2
0.0,32,0,78,8,0.436,0.253,0,0,2,7,3
34.6,282,0,11,4,0.142,0.614,4,0,1,2,4
67.83,658,832,8,2,0.048,0.789,0,1,2,1,2
22.86,609,2250,3,2,0.052,1.0,0,1,2,3,4
1.9,41,3,48,9,0.523,0.201,0,0,1,7,3
105.01,151,1119,4,4,0.0,0.96,0,1,2,4,4
0.0,10,4,60,16,0.546,0.142,0,0,2,3,3
0.0,0,490,6,7,0.071,1.0,0,1,1,6,0
42.38,294,1795,5,5,0.054,0.988,0,1,1,3,3
4.45,34,0,92,3,0.521,0.339,0,0,1,0,3
83.11,163,708,1,2,0.095,0.837,0,1,2,7,4
0.01,41,0,154,333,0.949,0.897,0,0,0,2,0
0.0,44,0,476,219,0.695,0.872,0,0,1,5,2
38.79,424,0,2,1,0.097,0.853,0,1,2,3,4
2.42,93,6,380,320,0.723,0.941,0,0,1,5,0
59.48,0,0,3,7,0.075,0.98,0,1,1,1,4
96.32,754,1527,2,7,0.0,0.886,0,1,0,0,4
0.9,42,0,414,110,1.0,1.0,0,0,2,5,0
38.69,1243,1477,8,3,0.049,1.0,0,1,2,1,4
68.79,697,1893,9,5,0.013,0.868,0,1,2,2,3
1.61,427,2416,9,7,0.0,0.883,0,1,1,7,4
60.21,369,1140,9,1,0.0,1.0,0,1,1,3,4
34.39,299,880,1,1,0.0,0.664,1,1,2,6,4
62.09,0,1042,5,2,0.012,0.882,0,1,1,4,4
50.43,655,1026,4,3,0.052,0.797,0,1,1,3,4
0.7,60,0,404,207,0.901,0.865,0,0,1,2,2
0.0,114,0,365,242,0.914,0.944,0,0,2,6,3
67.72,478,1388,5,8,0.03,0.821,0,1,2,5,4
76.79,1094,768,1,4,0.146,0.919,0,1,1,6,4
2.85,94,9,482,309,0.945,1.0,0,0,1,7,2
72.94,320,97,7,9,0.0,0.922,0,1,1,6,4
0.0,263,790,5,7,0.0,0.803,0,1,0,5,4
65.62,298,822,9,9,0.051,0.848,0,1,0,4,4
113.3,524,776,1,2,0.055,0.975,0,1,1,6,4
1.43,31,5,168,476,0.812,0.89,0,0,1,6,2
114.36,331,401,1,2,0.0,0.779,0,1,1,5,3
0.7,41,5,231,248,1.0,0.959,0,0,2,1,3
10.96,410,450,1,4,0.031,0.858,0,1,1,7,4
25.48,527,519,5,4,0.0,0.845,0,1,2,2,4
75.44,425,220,5,5,0.026,0.756,0,1,1,1,4
0.65,28,6,53,2,0.513,0.317,0,0,2,7,0
46.87,916,924,3,8,0.006,0.878,0,1,0,5,4
98.12,168,1713,1,4,0.076,0.943,0,1,1,3,4
15.5,787,1827,3,6,0.051,1.0,0,1,1,6,4
87.95,353,2025,1,1,0.04,1.0,0,1,1,5,4
49.3,310,1570,5,6,0.0,0.816,0,1,1,5,4
0.0,36,0,428,332,0.912,1.0,0,0,2,5,0
13.15,1034,685,3,2,0.0,1.0,0,1,2,0,4
90.64,655,1354,5,1,0.073,0.845,0,1,1,7,4
1.63,72,6,466,206,0.993,0.919,0,0,1,7,0
0.0,555,156,5,8,0.012,0.896,0,1,1,6,3
98.48,475,1855,1,5,0.03,0.798,0,1,1,1,1
36.59,302,448,1,3,0.043,0.866,0,1,1,3,4
89.45,534,1372,1,9,0.0,0.743,0,1,1,4,0
123.79,142,371,6,4,0.073,0.978,0,1,1,6,4
21.78,70,318,2,2,0.088,0.534,4,0,0,7,4
0.11,60,0,118,361,0.871,1.0,0,0,2,2,0
10.31,670,895,2,5,0.02,0.78,0,1,2,3,4
2.66,64,2,325,387,0.675,1.0,0,0,1,2,3
21.2,0,1340,4,2,0.042,0.818,0,1,1,4,4
69.2,188,735,5,6,0.0,0.985,0,1,1,5,4
52.29,368,761,1,7,0.0,0.926,0,1,1,3,4
3.42,956,0,2,3,0.0,0.878,0,1,1,2,4
44.75,730,366,6,5,0.086,0.961,0,1,1,0,4
91.04,0,761,9,6,0.0,0.768,0,1,2,2,4
23.38,0,928,9,8,0.0,0.79,0,1,1,1,4
1.83,64,1,223,327,0.733,0.919,0,0,1,0,0
0.0,37,0,80,7,0.274,0.165,0,0,1,2,0
77.16,1152,449,1,9,0.0,0.897,0,1,1,3,4
25.99,512,665,6,6,0.071,0.945,0,1,1,2,4
2.72,73,1,468,113,0.845,0.843,0,0,1,6,3
7.81,409,2274,9,8,0.0,0.901,0,1,1,6,4
57.83,704,1359,8,7,0.062,0.829,0,1,1,0,4
0.0,520,216,1,8,0.019,0.985,0,1,1,2,4
92.91,0,1152,1,7,0.049,1.0,0,1,1,6,3
0.0,15,0,342,252,0.789,0.992,0,0,1,0,0
30.39,311,739,6,4,0.135,0.536,4,0,2,6,4
0.0,470,185,2,5,0.0,0.978,0,1,1,7,4
25.55,289,2112,7,8,0.032,0.852,0,1,1,7,4
0.0,5,1,164,182,0.781,0.943,0,0,1,6,3
0.0,570,1182,5,2,0.0,0.911,0,1,1,1,4
63.41,586,985,6,5,0.0,0.781,0,1,1,0,1
39.26,0,1893,6,3,0.0,0.811,0,1,1,2,4
0.0,705,2305,1,4,0.0,0.843,0,1,1,7,4
45.9,541,0,6,6,0.024,0.881,0,1,2,3,4
10.84,223,2183,5,6,0.0,1.0,0,1,1,6,4
0.0,830,1531,9,4,0.047,0.802,0,1,1,4,4
0.0,449,1771,2,1,0.0,0.843,0,1,1,5,4
4.69,42,0,162,334,0.985,0.869,0,0,1,3,3
0.0,647,1301,6,1,0.151,0.78,0,1,2,2,4
1.94,41,0,63,7,0.326,0.0,0,0,1,6,3
14.26,506,1379,6,1,0.0,0.932,0,1,1,0,4
41.09,717,1310,9,4,0.039,0.999,0,1,1,6,1
62.06,862,1490,8,9,0.059,0.769,0,1,1,4,4
0.0,717,1303,5,5,0.007,0.942,0,1,1,3,4
15.66,152,308,1,4,0.057,0.646,1,0,1,3,4
111.14,377,961,9,6,0.055,0.913,0,1,1,5,3
0.0,85,5,440,462,0.913,0.914,0,0,1,4,0
44.83,1035,788,5,2,0.128,0.929,0,1,0,2,4
0.0,350,1556,3,3,0.0,0.849,0,1,1,4,4
0.14,22,0,78,16,0.424,0.401,0,0,2,3,3
71.76,286,1488,3,5,0.052,0.984,0,1,2,3,3
2.43,2,0,340,240,0.893,0.856,0,0,1,0,3
119.5,584,1334,5,2,0.044,0.931,0,1,1,2,0
0.22,48,0,100,351,1.0,0.973,0,0,1,5,3
70.93,594,976,5,2,0.0,0.993,0,1,2,7,4
30.31,586,1221,6,4,0.0,0.919,0,1,2,7,4
136.23,226,1494,5,3,0.0,1.0,0,1,1,7,4
0.0,22,0,320,192,0.859,1.0,0,0,0,3,3
0.0,310,303,3,3,0.0,0.763,0,1,1,2,4
4.69,557,287,7,5,0.063,1.0,0,1,1,0,4
135.02,85,1735,6,1,0.118,0.979,0,1,1,1,2
102.75,462,1466,2,8,0.016,0.878,0,1,1,3,4
25.44,771,950,6,6,0.0,1.0,0,1,1,2,4
32.07,461,1331,7,6,0.0,0.99,0,1,1,0,4
80.79,1004,337,1,9,0.0,0.718,0,1,1,6,4
78.9,359,1121,9,4,0.085,0.848,0,1,0,4,4
130.73,279,1347,9,3,0.0,1.0,0,1,1,4,4
0.0,101,5,249,298,0.931,0.953,0,0,2,5,3
17.89,619,1322,2,2,0.076,1.0,0,1,1,7,4
13.72,694,1474,1,4,0.039,1.0,0,1,1,6,4
9.72,0,34,11,1,0.018,0.796,3,1,1,1,4
74.31,1164,1140,1,4,0.0,0.854,0,1,1,0,4
68.63,696,891,1,9,0.0,0.949,0,1,1,0,4
0.69,90,0,262,159,0.656,1.0,0,0,1,4,3
95.46,415,2515,2,5,0.002,0.774,0,1,1,1,4
0.0,166,1326,4,6,0.0,0.766,0,1,2,3,4
20.95,1089,2288,8,9,0.065,0.844,0,1,1,7,4
1.17,42,7,477,446,0.859,0.949,0,0,1,1,3
0.26,9,1,199,351,0.943,0.895,0,0,1,3,0
3.04,6,0,91,12,0.378,0.169,0,0,1,4,0
0.27,31,0,403,233,1.0,0.97,0,0,1,6,3
95.43,636,0,5,6,0.022,0.798,0,1,1,2,4
1.06,61,0,271,294,0.722,0.909,0,0,1,3,3
62.31,234,325,7,3,0.049,0.835,0,1,1,3,4
49.19,470,1313,4,2,0.005,0.982,0,1,1,2,4
70.16,770,1897,8,2,0.0,0.996,0,1,1,4,4
4.04,12,2,47,15,0.464,0.113,0,0,1,1,3
36.76,585,555,2,1,0.0,0.966,0,1,1,4,4
0.0,885,2247,7,8,0.003,0.796,0,1,1,3,4
29.73,116,301,8,5,0.0,0.916,0,1,1,5,4
53.04,806,819,5,3,0.0,0.945,0,1,2,6,4
3.14,42,4,109,374,0.905,0.994,0,0,1,2,3
0.0,8,0,313,266,0.849,1.0,0,0,1,7,0
74.06,0,998,2,9,0.03,0.99,0,1,1,1,4
3.04,52,4,497,218,0.922,0.796,0,0,1,7,3
19.2,191,343,5,7,0.0,0.729,1,0,1,3,4
3.28,36,0,66,8,0.725,0.142,0,0,2,4,3
88.43,367,1167,1,3,0.0,0.757,0,1,1,2,2
0.59,74,0,293,290,0.993,0.916,0,0,1,0,3
26.28,394,216,1,2,0.0,0.857,0,1,1,5,4
51.98,542,1561,4,8,0.0,0.942,0,1,1,2,4
0.0,461,2639,1,7,0.075,0.97,0,1,1,5,4
58.77,0,1012,3,9,0.068,1.0,0,1,2,4,4
0.69,0,6,119,229,0.824,1.0,0,0,2,1,3
106.92,394,914,7,9,0.07,0.96,0,1,1,1,4
1.85,0,0,54,7,0.521,0.26,0,0,1,2,3
126.07,50,35,8,5,0.122,1.0,0,1,1,1,4
0.0,476,1981,5,2,0.0,0.78,0,1,2,1,4
0.0,390,661,5,8,0.009,0.8,0,1,1,5,4
0.0,1072,1323,5,2,0.007,0.849,0,1,1,3,0
85.74,824,1454,8,6,0.0,1.0,0,1,1,4,4
96.59,944,100,2,2,0.0,0.74,0,1,1,0,4
31.81,462,489,4,2,0.043,1.0,0,1,2,0,4
58.75,507,1118,4,2,0.011,1.0,0,1,0,1,4
54.24,875,924,2,5,0.0,0.947,0,1,2,0,4
35.22,772,557,7,5,0.003,0.788,0,1,1,4,4
74.3,633,2287,9,7,0.089,0.728,0,1,1,6,4
112.66,310,520,4,2,0.005,0.913,0,1,1,3,4
0.0,63,2,477,107,0.858,0.929,0,0,2,2,3
57.69,699,1457,6,4,0.078,0.801,0,1,1,7,4
1.65,50,0,508,256,0.843,1.0,0,0,1,3,3
0.0,0,280,10,6,0.115,0.99,4,0,1,2,3
70.03,351,2069,6,7,0.012,0.825,0,1,0,2,4
30.61,231,239,4,1,0.0,0.902,0,1,1,0,4
19.4,648,553,5,9,0.128,0.834,0,1,2,3,4
63.43,256,197,7,2,0.059,0.864,0,1,0,6,4
0.0,341,1738,2,6,0.0,0.879,0,1,1,6,4
0.0,73,0,169,337,0.971,0.893,0,0,1,7,3
3.1,6,1249,4,3,0.03,0.923,0,1,1,3,4
0.0,44,3,462,170,0.874,0.868,0,0,1,6,3
25.73,87,410,3,9,0.052,0.93,0,1,1,3,4
0.56,106,0,294,194,0.785,0.918,0,0,1,1,0
19.74,1149,2086,5,4,0.0,0.979,0,1,1,5,4
0.0,1088,0,3,9,0.0,0.848,0,1,1,6,4
65.86,722,2374,9,3,0.026,0.947,0,1,1,1,4
2.08,0,1,33,4,0.446,0.197,0,0,1,5,4
0.0,71,0,502,249,0.748,0.981,0,0,2,0,0
59.15,303,457,5,5,0.0,0.776,0,1,1,7,4
0.28,103,0,269,231,0.857,1.0,0,0,1,5,3
69.9,569,965,9,4,0.023,0.951,0,1,1,6,4
0.0,36,0,269,210,0.861,0.935,0,0,2,3,3
60.69,644,637,7,5,0.047,0.873,0,1,1,2,1
63.31,169,1050,9,7,0.0,0.803,0,1,1,4,4
1.57,64,0,314,232,0.918,0.978,0,0,2,4,3
34.58,0,89,2,1,0.031,0.961,0,1,1,4,4
109.07,434,1174,6,6,0.057,0.917,0,1,1,4,4
65.7,283,541,6,9,0.038,0.98,0,1,1,5,4
0.0,1159,183,7,6,0.074,0.717,0,1,1,7,4
86.85,724,1599,3,5,0.049,0.927,0,1,1,6,4
13.87,0,857,4,5,0.0,0.928,0,1,2,2,4
29.31,665,623,1,9,0.056,0.997,0,1,2,4,3
23.91,698,1087,1,8,0.0,0.801,0,1,1,2,4
0.0,73,0,121,122,0.834,0.905,0,0,1,5,3
29.88,143,404,13,4,0.009,0.481,1,1,1,0,4
154.24,514,1575,4,2,0.0,0.946,0,1,1,0,4
4.18,9,0,49,1,0.341,0.09,0,0,1,2,3
58.41,124,0,7,7,0.0,0.797,0,1,1,0,4
56.46,440,1298,5,8,0.131,0.929,0,1,1,6,4
126.98,402,1254,5,2,0.0,0.945,0,1,1,0,4
0.0,39,0,344,341,1.0,0.938,0,0,1,7,3
0.0,593,774,5,8,0.0,0.813,0,1,1,5,3
132.07,292,594,4,7,0.019,0.852,0,1,1,0,4
1.97,2,0,70,18,0.646,0.105,0,0,1,2,3
77.86,592,812,5,4,0.068,0.946,0,1,1,7,4
0.76,11,2,300,297,0.874,0.998,0,0,1,4,3
2.96,60,0,427,314,0.994,0.916,0,0,2,7,3
31.94,364,1819,6,6,0.0,0.822,0,1,1,0,4
0.66,33,0,489,197,1.0,0.973,0,0,1,1,3
30.98,103,251,10,9,0.158,0.677,2,1,1,2,4
41.58,198,359,7,8,0.212,0.247,3,0,1,3,4
37.47,621,1824,7,3,0.06,0.94,0,1,2,4,4
104.05,1095,1372,4,1,0.023,0.903,0,1,1,3,4
0.48,25,0,224,197,0.933,0.923,0,0,1,1,2
62.92,511,850,8,2,0.0,0.819,0,1,1,0,4
65.83,401,1371,8,3,0.08,0.805,0,1,0,7,4
55.56,373,1308,6,8,0.045,0.949,0,1,1,4,4
45.58,431,1662,6,5,0.0,0.803,0,1,1,7,1
66.15,735,384,9,5,0.121,0.78,0,1,2,3,0
10.76,335,622,8,3,0.0,0.83,0,1,1,3,4
31.01,814,547,4,2,0.02,0.893,0,1,0,3,4
66.58,1171,405,8,3,0.016,0.963,0,1,1,3,4
6.83,451,1268,7,5,0.041,0.923,0,1,1,0,3
2.86,17,0,80,5,0.4,0.212,0,0,1,5,3
0.18,31,0,80,5,0.404,0.17,0,0,1,4,3
0.0,94,3,362,504,0.872,0.897,0,0,1,3,3
0.0,45,768,9,2,0.09,0.893,0,1,1,1,4
29.56,1114,666,5,4,0.002,0.994,0,1,1,2,1
28.23,329,1473,3,5,0.0,0.773,0,1,1,4,4
75.65,118,1246,7,2,0.0,0.981,0,1,1,6,4
74.23,497,873,3,3,0.05,0.894,0,1,1,4,4
5.47,80,2,286,393,0.86,0.947,0,0,1,3,0
0.0,217,182,13,7,0.195,0.606,4,1,1,6,4
1.46,0,0,314,405,0.967,0.892,0,0,1,0,3
38.21,0,908,9,2,0.0,0.849,0,1,0,0,4
1.27,27,0,249,128,0.893,0.912,0,0,2,6,3
0.0,0,0,358,268,0.934,0.891,0,0,1,4,0
0.0,468,552,4,7,0.035,1.0,0,1,1,1,4
0.0,38,0,496,104,0.98,0.91,0,0,1,6,3
53.88,135,849,7,2,0.097,0.786,0,1,1,2,4
27.51,805,1388,5,9,0.0,0.665,0,1,1,3,4
20.21,877,461,7,5,0.012,0.923,0,1,1,4,4
83.86,168,1359,1,9,0.014,0.846,0,1,1,3,0
10.51,1266,1077,7,1,0.002,0.94,0,1,1,3,4
0.0,29,0,108,124,0.795,0.988,0,0,0,3,0
55.18,520,938,8,2,0.0,0.759,0,1,2,5,4
95.68,989,1094,4,9,0.0,0.814,0,1,1,7,4
27.67,94,538,5,5,0.086,0.431,4,1,2,6,4
24.07,147,1247,5,9,0.0,0.859,0,1,0,2,4
5.1,21,0,60,6,0.584,0.1,0,0,2,1,4
59.57,258,99,2,8,0.075,0.856,0,1,1,2,4
104.77,960,635,3,2,0.02,1.0,0,1,1,2,1
70.86,382,586,7,3,0.0,0.928,0,1,1,6,4
58.7,649,1246,5,9,0.04,0.773,0,1,0,4,4
35.87,735,1774,9,4,0.0,0.867,0,1,2,1,4
109.8,319,1165,8,6,0.056,1.0,0,1,0,5,4
0.0,64,0,164,416,0.779,0.936,0,0,2,6,3
56.15,427,935,2,5,0.11,0.817,0,1,2,6,1
22.91,671,1290,5,1,0.0,0.74,0,1,1,6,4
55.33,607,225,1,9,0.0,0.849,0,1,1,0,4
59.22,736,0,8,3,0.0,0.804,0,1,1,0,4
12.82,221,798,2,6,0.017,0.898,0,1,1,4,4
115.17,462,928,3,2,0.0,0.923,0,1,2,7,4
80.63,400,1856,4,1,0.001,0.843,0,1,0,6,4
12.5,150,434,8,1,0.0,0.822,1,0,1,4,4
53.52,1088,1476,1,2,0.0,0.988,0,1,1,5,4
106.77,732,1867,6,4,0.055,0.742,0,1,0,0,4
74.05,651,365,5,4,0.068,0.923,0,1,1,5,4
65.45,279,1151,3,8,0.039,0.833,0,1,1,3,4
0.0,98,0,226,334,0.916,0.935,0,0,1,2,3
46.6,862,0,3,2,0.039,0.932,0,1,2,6,4
5.87,254,405,1,3,0.243,0.582,2,1,1,1,4
86.48,868,241,5,4,0.076,1.0,0,1,2,5,4
51.04,662,602,7,5,0.1,0.761,0,1,2,7,2
9.65,887,397,2,9,0.054,1.0,0,1,1,0,4
21.47,396,2158,6,1,0.0,0.891,0,1,0,1,4
0.0,30,0,180,177,0.999,0.966,0,0,1,4,0
34.28,173,136,14,9,0.133,0.516,2,0,2,0,4
0.0,41,0,164,425,0.929,0.899,0,0,2,4,3
0.47,60,8,269,215,0.927,0.846,0,0,1,3,3
63.99,19,655,9,4,0.093,0.925,0,1,1,7,4
0.0,144,2029,7,2,0.065,0.874,0,1,2,6,4
45.71,559,312,3,6,0.049,0.876,0,1,1,5,4
16.1,70,135,7,8,0.187,0.497,4,0,2,6,4
124.46,270,771,5,5,0.0,0.991,0,1,1,2,4
34.36,265,733,3,7,0.026,0.967,0,1,1,6,4
47.79,838,0,7,6,0.0,0.922,0,1,1,7,4
73.69,830,0,6,6,0.0,0.734,0,1,1,3,1
64.58,936,604,9,9,0.097,0.927,0,1,1,1,4
0.0,886,1041,6,9,0.01,0.981,0,1,1,6,4
56.96,689,1667,1,5,0.04,0.777,0,1,1,3,0
53.07,651,1202,1,7,0.038,0.927,0,1,1,2,4
3.68,34,1,62,4,0.516,0.205,0,0,1,4,3
28.83,1116,573,8,5,0.009,0.959,0,1,1,3,4
104.67,629,1048,3,6,0.015,0.722,0,1,1,7,4
57.35,720,330,3,4,0.0,0.746,0,1,1,5,4
27.86,437,823,8,9,0.087,0.92,0,1,1,1,4
15.07,0,234,9,5,0.105,0.385,4,1,1,0,4
68.18,391,1270,1,3,0.03,0.913,0,1,1,4,4
26.76,409,503,9,8,0.086,0.858,0,1,0,3,4
45.48,930,1321,3,7,0.0,0.961,0,1,1,4,4
1.61,0,0,268,237,0.873,0.962,0,0,1,2,0
93.84,372,908,3,7,0.022,0.974,0,1,1,5,4
2.08,16,3,68,10,0.577,0.195,0,0,1,0,0
0.0,0,0,4,4,0.066,1.0,0,1,1,6,4
48.96,682,498,4,8,0.0,0.975,0,1,1,4,4
1.33,103,4,464,362,0.954,0.939,0,0,1,1,3
46.68,557,1556,7,1,0.0,0.852,0,1,1,3,4
68.98,458,284,9,6,0.006,0.969,0,1,1,7,4
111.36,538,1491,9,6,0.067,1.0,0,1,1,5,3
5.8,16,0,20,14,0.725,0.142,0,0,1,5,3
94.95,0,954,4,8,0.0,1.0,0,1,1,7,3
0.86,52,0,261,181,0.918,0.92,0,0,1,7,3
54.03,655,1509,6,9,0.048,0.84,0,1,1,6,4
115.56,637,1556,5,3,0.027,0.829,0,1,1,5,4
69.79,56,1650,8,5,0.0,0.961,0,1,2,3,4
78.29,336,999,8,4,0.014,0.66,0,1,1,0,4
0.0,785,1377,3,4,0.068,0.835,0,1,1,4,4
0.0,772,1413,3,7,0.119,0.746,0,1,1,4,4
0.0,0,614,9,3,0.0,0.892,0,1,1,7,4
1.44,0,0,426,345,0.921,0.956,0,0,1,4,3
29.03,249,1606,3,7,0.032,0.971,0,1,2,5,3
111.45,0,0,3,8,0.0,0.876,0,1,1,4,4
3.65,0,0,335,301,0.899,0.972,0,0,2,0,0
83.5,0,446,9,9,0.0,0.873,0,1,1,7,4
39.1,213,1756,8,6,0.035,0.944,0,1,2,0,4
4.38,53,0,203,365,0.92,1.0,0,0,1,3,3
52.79,735,150,2,6,0.0,0.838,0,1,1,7,4
41.92,218,474,4,5,0.088,0.94,4,0,1,6,4
0.0,105,0,107,277,0.956,0.982,0,0,1,3,3
49.24,174,819,6,6,0.023,1.0,0,1,1,7,4
0.0,620,965,9,6,0.0,0.911,0,1,1,2,4
61.2,264,497,3,5,0.023,0.779,0,1,2,2,4
50.3,259,1596,7,5,0.091,0.846,0,1,0,6,4
79.58,251,1584,1,1,0.068,0.791,0,1,1,0,4
0.0,882,1263,8,9,0.116,1.0,0,1,1,3,3
36.48,25,1540,4,4,0.0,0.826,0,1,2,3,4
6.35,28,1,82,4,0.234,0.241,0,0,2,3,0
44.97,428,729,1,7,0.0,0.76,0,1,1,7,4
50.12,342,1858,1,9,0.003,0.885,0,1,1,4,4
49.42,410,225,4,2,0.053,0.965,0,1,0,3,4
2.08,0,6,209,119,0.856,0.934,0,0,1,0,3
5.99,185,931,1,6,0.048,1.0,0,1,1,6,4
103.61,501,1878,2,6,0.0,0.858,0,1,1,7,1
0.0,864,928,2,8,0.0,0.951,0,1,1,1,4
1.49,50,0,434,150,0.861,0.921,0,0,1,7,2
31.17,157,1443,1,4,0.0,0.843,0,1,1,6,4
2.27,26,2,64,7,0.832,0.158,0,0,1,5,0
25.85,990,1982,9,3,0.0,0.818,0,1,1,3,4
0.0,102,0,253,461,0.987,0.945,0,0,1,7,3
3.32,56,7,377,275,0.82,0.966,0,0,1,5,3
64.96,216,1329,2,7,0.0,0.884,0,1,1,2,4
0.0,564,1125,8,4,0.0,0.892,0,1,2,6,0
64.11,491,495,9,3,0.025,1.0,0,1,0,7,4
1.35,67,0,225,162,1.0,1.0,0,0,1,6,0
3.53,102,0,193,446,0.872,0.999,0,0,2,4,3
3.67,29,0,24,11,0.85,0.215,0,0,1,6,3
54.32,591,1078,1,2,0.124,0.835,0,1,1,2,4
2.98,0,0,86,15,0.466,0.177,0,0,1,4,0
0.0,43,5,373,233,0.877,0.969,0,0,1,1,3
0.0,14,834,1,9,0.039,0.866,0,1,2,2,3
30.1,273,734,8,2,0.015,1.0,0,1,1,3,4
22.02,817,586,4,5,0.0,0.836,0,1,1,0,4
72.64,468,866,8,8,0.0,0.887,0,1,1,3,4
0.8,400,1174,4,4,0.016,0.991,0,1,1,1,4
0.0,0,2,462,158,0.795,0.929,0,0,2,7,3
1.37,52,5,254,285,0.916,1.0,0,0,1,0,3
30.11,429,1619,4,8,0.049,0.768,0,1,2,1,4
59.92,850,1557,2,2,0.044,1.0,0,1,1,7,4
67.25,905,1531,4,7,0.034,1.0,0,1,1,3,4
160.38,486,527,3,2,0.0,1.0,0,1,2,7,4
0.0,326,875,1,1,0.0,0.926,0,1,1,4,4
20.92,670,866,7,9,0.0,0.905,0,1,1,2,4
108.07,545,0,5,9,0.0,0.908,0,1,1,4,4
64.35,751,875,2,1,0.029,0.863,0,1,1,0,4
0.0,466,1772,1,6,0.056,0.996,0,1,2,2,2
100.76,783,732,2,1,0.085,1.0,0,1,1,3,4
1.63,33,0,64,14,0.571,0.277,0,0,1,3,0
0.0,344,1975,2,1,0.0,0.891,0,1,1,2,3
23.73,645,1705,7,3,0.0,0.809,0,1,2,4,4
0.0,21,2,88,12,0.684,0.149,0,0,1,5,0
0.0,17,0,54,15,0.555,0.038,0,0,1,6,3
73.68,394,1038,5,8,0.05,1.0,0,1,1,1,4
0.0,798,1803,6,3,0.053,0.981,0,1,1,4,4
92.14,636,1822,5,8,0.047,0.902,0,1,1,4,3
0.0,18,5,440,263,0.952,0.946,0,0,1,6,0
88.64,524,978,5,2,0.0,0.967,0,1,1,3,3
0.0,432,555,4,8,0.065,0.91,0,1,1,4,4
115.45,682,2722,1,4,0.0,0.89,0,1,1,2,4
1.1,42,0,290,474,0.846,0.985,0,0,2,5,3
5.28,0,0,419,381,0.79,1.0,0,0,1,3,3
96.37,797,443,6,9,0.04,0.811,0,1,2,5,3
63.07,917,1429,1,1,0.0,1.0,0,1,1,7,4
0.0,69,0,75,19,0.209,0.097,0,0,1,3,0
61.24,613,134,3,3,0.0,0.878,0,1,1,5,4
124.78,537,869,5,2,0.0,0.847,0,1,1,0,4
35.99,404,951,2,5,0.077,0.96,0,1,1,0,4
44.84,547,566,6,6,0.028,0.768,0,1,1,7,4
19.53,396,978,7,4,0.0,0.905,0,1,2,4,0
77.52,926,1440,6,3,0.0,0.785,0,1,1,5,4
1.74,0,0,350,101,0.985,0.932,0,0,1,6,3
21.38,772,180,2,2,0.0,0.865,0,1,1,4,4
0.0,436,292,9,8,0.0,0.908,0,1,1,3,4
57.92,305,229,8,4,0.035,0.964,0,1,1,7,4
72.93,559,734,8,7,0.0,0.986,0,1,1,2,4
0.0,318,1256,7,9,0.0,0.868,0,1,2,0,1
117.03,238,1189,2,7,0.0,0.785,0,1,1,1,4
54.11,903,475,5,9,0.0,0.876,0,1,1,5,4
0.0,20,2,377,377,0.779,0.954,0,0,1,1,3
1.84,51,7,134,437,0.864,0.965,0,0,1,5,3
92.63,513,942,8,4,0.031,0.906,0,1,1,4,0
36.47,803,904,8,4,0.024,0.817,0,1,1,6,4
67.52,798,1326,1,1,0.007,0.689,0,1,1,4,4
0.0,822,1926,6,4,0.109,0.866,0,1,1,3,4
0.0,109,0,274,268,0.782,0.948,0,0,1,6,3
0.0,93,7,452,117,0.821,1.0,0,0,1,1,3
21.71,723,1230,1,4,0.01,0.876,0,1,1,7,4
6.07,62,0,114,370,0.894,0.926,0,0,1,6,3
70.17,417,1561,4,7,0.047,0.92,0,1,2,7,4
0.0,106,150,5,7,0.109,0.603,2,0,1,7,4
30.31,553,1432,2,1,0.0,0.846,0,1,1,0,4
0.0,78,0,474,158,0.813,0.933,0,0,0,6,3
128.3,1184,725,6,8,0.029,0.933,0,1,1,6,4
71.62,597,432,2,8,0.074,0.917,0,1,1,2,4
26.97,816,1320,1,1,0.027,0.931,0,1,1,3,4
68.5,763,1578,7,8,0.048,0.956,0,1,1,4,3
7.67,222,979,9,4,0.0,0.997,0,1,1,7,4
0.0,786,304,1,8,0.0,0.85,0,1,1,3,4
16.51,413,169,8,2,0.0,0.888,0,1,1,3,4
85.32,604,264,9,8,0.024,1.0,0,1,1,4,4
89.69,475,1470,1,3,0.073,0.943,0,1,1,1,4
85.0,381,547,5,2,0.0,0.8,0,1,1,5,1
30.97,544,954,9,7,0.019,0.934,0,1,1,7,4
94.6,671,2434,5,7,0.056,0.87,0,1,1,0,4
37.35,585,1991,3,1,0.068,0.861,0,1,1,3,4
0.0,52,0,379,288,0.835,0.888,0,0,1,4,3
49.95,502,850,6,8,0.0,0.856,0,1,2,7,4
190.51,329,0,5,1,0.088,1.0,0,1,1,0,4
65.13,828,1419,4,2,0.0,0.808,0,1,1,1,4
130.04,365,190,6,3,0.055,0.967,0,1,2,1,4
96.96,340,565,4,8,0.072,0.877,0,1,1,4,4
31.17,736,1221,8,8,0.1,0.798,0,1,2,7,4
45.31,664,737,4,3,0.005,0.79,0,1,1,2,4
0.47,23,0,37,7,0.534,0.0,0,0,1,0,3
76.16,310,116,7,7,0.055,0.882,0,1,1,4,4
27.04,519,1327,1,9,0.065,0.83,0,1,1,5,4
50.71,151,0,6,6,0.058,0.909,0,1,1,3,4
31.06,870,299,1,4,0.0,0.827,0,1,1,7,4
0.0,768,1425,4,3,0.056,0.78,0,1,2,5,4
21.97,327,1103,8,5,0.0,0.902,0,1,1,7,4
97.38,14,521,7,1,0.024,1.0,0,1,1,0,4
0.0,0,0,6,5,0.0,1.0,0,1,1,2,4
2.76,23,0,145,286,0.805,0.897,0,0,1,6,2
59.37,628,2040,2,7,0.002,1.0,0,1,1,2,4
72.89,549,966,1,1,0.0,0.998,0,1,1,3,4
3.11,26,0,38,11,0.606,0.0,0,0,1,4,0
3.93,15,2,65,6,0.434,0.141,0,0,1,6,3
48.62,272,392,8,3,0.093,0.879,0,1,2,2,4
112.77,507,1316,5,1,0.051,1.0,0,1,1,6,4
36.9,1022,1181,3,9,0.0,0.913,0,1,1,5,4
30.97,595,418,5,1,0.0,0.767,0,1,1,6,4
205.63,440,1107,6,8,0.107,0.955,0,1,1,4,4
21.41,718,634,4,6,0.141,1.0,0,1,2,4,2
0.0,65,0,510,175,0.796,1.0,0,0,1,0,3
0.0,96,6,489,417,0.964,0.942,0,0,1,3,3
1.75,48,0,32,10,0.413,0.26,0,0,1,7,0
9.51,625,778,7,1,0.0,0.988,0,1,1,5,4
80.61,273,0,8,8,0.0,0.991,0,1,1,5,4
5.41,16,0,129,392,0.974,0.93,0,0,2,3,3
71.52,1180,242,9,8,0.083,0.934,0,1,1,2,4
28.29,585,1013,7,2,0.047,0.976,0,1,1,3,4
74.62,342,1530,8,1,0.015,0.945,0,1,2,4,4
0.0,352,83,8,7,0.027,1.0,0,1,2,0,4
0.0,483,82,6,6,0.094,0.801,0,1,1,7,4
0.0,18,4,494,194,1.0,1.0,0,0,1,2,3
43.7,141,825,4,9,0.048,0.921,0,1,2,2,4
62.82,496,579,1,6,0.094,0.861,0,1,1,2,4
0.93,64,1,394,446,0.97,0.912,0,0,1,7,3
55.21,1010,1520,1,6,0.069,0.981,0,1,1,2,4
28.44,408,1549,3,2,0.021,0.99,0,1,1,2,4
4.83,503,1633,6,9,0.0,0.827,0,1,1,0,4
17.0,109,703,14,9,0.0,0.75,4,1,1,5,4
24.24,712,708,9,4,0.0,0.91,0,1,0,2,4
7.22,480,1478,2,4,0.0,0.832,0,1,1,3,4
84.19,441,1669,8,6,0.044,0.904,0,1,2,6,4
22.0,235,1634,1,9,0.011,0.97,0,1,1,3,4
11.71,307,217,12,3,0.054,0.395,4,1,1,4,3
12.58,366,1743,3,8,0.0,0.963,0,1,1,0,4
0.0,597,170,9,9,0.017,0.832,0,1,2,7,4
1.36,85,10,224,459,0.964,0.956,0,0,1,1,0
52.52,99,1411,2,2,0.0,0.793,0,1,1,6,4
25.6,363,1419,8,3,0.039,0.733,0,1,1,0,4
43.84,175,1358,7,9,0.027,0.981,0,1,1,6,4
75.06,677,1471,5,3,0.0,0.97,0,1,1,5,4
1.03,3,0,89,9,0.486,0.264,0,0,0,2,3
79.56,0,1512,8,4,0.004,0.891,0,1,1,5,4
68.69,846,845,9,5,0.0,0.85,0,1,1,4,4
22.47,352,2005,2,9,0.028,0.898,0,1,2,5,4
74.11,574,0,5,2,0.0,0.766,0,1,2,2,4
3.11,17,1,155,241,0.923,0.927,0,0,1,6,3
32.06,345,1336,4,9,0.08,0.857,0,1,1,6,0
0.54,64,0,496,274,0.953,0.927,0,0,2,4,3
21.38,684,1984,7,9,0.049,1.0,0,1,2,5,4
0.0,35,0,83,1,0.486,0.25,0,0,1,5,4
28.17,494,382,7,1,0.0,0.799,0,1,1,2,3
54.25,728,1718,4,2,0.0,0.835,0,1,1,6,1
4.12,43,1,62,9,0.743,0.217,0,0,1,6,4
0.0,35,0,293,348,0.789,0.906,0,0,1,4,0
135.01,422,1225,9,4,0.038,0.861,0,1,1,4,4
6.66,10,1,27,13,0.573,0.339,0,0,1,3,0
105.72,661,1245,4,7,0.0,0.743,0,1,2,6,0
0.0,76,0,418,498,0.797,0.974,0,0,1,2,2
6.45,988,1247,3,8,0.038,0.813,0,1,1,2,4
64.56,845,561,6,3,0.0,0.864,0,1,1,6,4
96.64,477,1059,6,4,0.0,0.948,0,1,0,2,4
17.04,445,956,6,6,0.026,0.713,0,1,1,3,1
58.76,848,1481,6,7,0.028,1.0,0,1,1,6,4
26.65,99,304,4,8,0.063,0.882,0,1,1,6,4
79.95,676,1121,6,8,0.0,0.992,0,1,1,0,4
137.85,428,1216,6,4,0.0,0.679,0,1,2,2,4
50.2,423,2194,8,9,0.0,1.0,0,1,1,1,4
93.66,766,1269,3,7,0.004,0.827,0,1,1,7,4
13.24,429,1330,3,9,0.0,0.747,0,1,1,3,3
20.69,381,456,4,3,0.0,0.837,0,1,1,4,4
80.9,330,353,5,6,0.004,0.929,0,1,1,3,4
138.79,209,1058,9,1,0.008,0.733,0,1,1,3,4
22.29,773,727,2,5,0.0,0.924,0,1,1,0,1
0.23,301,818,2,7,0.02,0.942,0,1,1,5,4
4.3,580,1587,9,7,0.0,0.768,0,1,1,5,4
0.0,38,8,185,349,0.793,0.94,0,0,1,4,3
0.96,346,1155,2,2,0.027,0.902,0,1,1,3,4
49.28,614,919,8,1,0.003,0.858,0,1,1,2,2
52.8,932,654,1,6,0.0,0.849,0,1,1,7,4
15.95,544,2052,7,8,0.0,1.0,0,1,1,6,4
80.94,0,1191,4,8,0.018,0.806,0,1,1,6,4
0.0,68,5,205,477,0.855,0.956,0,0,1,6,3
0.0,234,418,1,9,0.0,0.951,0,1,1,2,4
37.17,494,1112,1,8,0.035,0.91,0,1,1,5,4
47.95,252,448,8,9,0.041,0.885,0,1,1,6,4
0.07,52,3,472,250,1.0,0.932,0,0,0,3,0
11.43,91,82,4,6,0.014,1.0,0,1,1,3,4
2.3,726,1815,5,4,0.007,0.719,0,1,1,5,4
61.38,653,0,3,4,0.0,0.948,0,1,1,4,4
66.15,576,1393,5,4,0.034,0.833,0,1,1,0,4
0.0,41,3,352,110,0.94,0.951,0,0,1,5,3
80.79,0,856,7,6,0.0,0.75,0,1,0,1,3
2.02,36,0,171,285,0.882,0.956,0,0,1,6,3
16.84,42,395,12,3,0.115,0.663,2,0,1,5,4
75.7,210,87,2,7,0.0,0.903,0,1,1,0,4
51.83,330,1318,8,1,0.097,0.916,0,1,1,1,4
0.0,27,0,418,149,1.0,0.91,0,0,1,7,0
94.01,0,1400,9,3,0.046,1.0,0,1,1,6,4
26.64,595,1207,7,6,0.0,0.863,0,1,2,6,4
38.0,706,2089,9,5,0.021,0.905,0,1,1,4,1
9.9,545,1334,4,2,0.0,0.808,0,1,2,3,4
0.0,31,3,20,2,0.3,0.287,0,0,2,0,0
1.37,34,0,82,14,0.523,0.296,0,0,1,4,4
1.08,16,0,299,455,0.869,0.852,0,0,1,3,3
64.0,673,1450,3,8,0.0,0.891,0,1,1,5,4
18.18,0,1354,8,4,0.05,0.865,0,1,1,2,4
71.58,437,1323,6,8,0.051,0.95,0,1,2,5,4
4.46,500,976,6,8,0.138,0.846,0,1,1,6,4
0.0,44,6,83,7,0.641,0.169,0,0,1,0,0
1.72,92,1,183,296,0.902,0.952,0,0,1,6,0
123.45,728,974,7,7,0.0,0.868,0,1,1,1,4
0.99,19,0,29,4,0.52,0.501,0,0,1,7,3
89.19,0,1169,5,9,0.075,1.0,0,1,1,4,4
0.0,43,13,239,150,0.804,0.933,0,0,1,4,3
56.18,332,1001,7,7,0.021,0.79,0,1,1,4,4
0.0,61,8,473,190,0.91,0.974,0,0,1,4,2
6.37,0,1086,8,7,0.0,0.922,0,1,2,4,2
8.98,677,1547,5,9,0.0,0.882,0,1,1,4,4
32.41,959,1056,7,1,0.079,0.977,0,1,1,6,4
89.96,275,996,4,5,0.017,0.858,0,1,1,2,4
0.0,565,837,8,5,0.0,0.895,0,1,2,3,4
1.51,46,0,124,360,1.0,0.909,0,0,1,6,0
38.51,737,403,1,2,0.021,0.975,0,1,1,2,4
25.62,395,1313,1,5,0.0,1.0,0,1,1,4,4
3.03,37,1,76,18,0.808,0.564,0,0,1,2,3
56.35,624,314,9,4,0.01,0.908,0,1,1,6,4
4.79,44,3,461,326,0.8,0.951,0,0,1,5,3
40.91,475,1843,2,5,0.0,0.707,0,1,1,4,4
0.0,468,146,8,1,0.0,0.666,0,1,1,4,4
99.4,469,1579,8,3,0.011,0.94,0,1,1,4,2
72.15,408,1811,4,4,0.0,0.934,0,1,1,2,4
0.0,694,1748,9,5,0.077,0.978,0,1,0,4,4
135.04,367,675,2,4,0.057,0.803,1,1,1,2,4
0.0,20,4,241,295,0.778,1.0,0,0,1,1,3
89.68,515,1492,9,2,0.0,0.819,0,1,2,7,4
31.01,1204,360,3,8,0.035,0.893,0,1,1,4,2
30.16,775,1004,8,8,0.08,0.802,0,1,1,3,4
46.38,684,0,1,4,0.052,0.87,0,1,1,2,4
85.08,244,1011,8,9,0.04,0.914,0,1,1,5,4
36.94,516,2347,6,4,0.054,0.999,0,1,1,6,4
144.94,1016,1463,7,3,0.032,0.885,0,1,0,5,4
0.0,295,494,4,4,0.069,0.891,0,1,1,1,4
55.79,899,567,2,5,0.0,0.855,0,1,1,4,4
87.05,637,1313,3,1,0.0,0.781,0,1,2,1,0
84.87,722,490,4,6,0.0,1.0,0,1,1,4,4
0.0,545,1388,4,6,0.05,0.955,0,1,1,2,4
70.22,200,0,4,3,0.065,0.744,0,1,1,6,4
0.0,771,1504,7,6,0.0,1.0,0,1,2,0,3
16.25,445,1194,4,4,0.0,0.794,0,1,1,5,2
67.84,645,630,5,5,0.0,0.929,0,1,1,1,4
53.28,828,1223,2,8,0.0,0.742,0,1,0,3,4
0.0,62,0,228,347,0.893,0.99,0,0,1,6,3
117.29,824,1823,2,5,0.042,0.886,0,1,1,7,4
58.86,511,1248,8,4,0.039,0.826,0,1,2,2,4
22.12,37,1202,8,3,0.068,0.808,0,1,0,0,4
25.65,592,1057,8,4,0.006,0.992,0,1,2,2,4
73.72,1148,1102,4,5,0.004,0.833,0,1,1,7,4
1.21,50,6,436,117,0.792,0.874,0,0,1,7,3
81.52,603,1018,9,5,0.0,0.775,0,1,0,4,4
4.69,467,94,13,7,0.029,0.623,1,1,2,6,3
109.69,186,1335,3,1,0.018,0.835,0,1,1,5,4
37.74,250,1569,7,3,0.011,0.791,0,1,1,7,4
27.86,528,1500,7,6,0.0,0.967,0,1,1,1,4
48.84,248,1004,8,7,0.0,0.864,0,1,1,5,4
13.43,727,1603,5,7,0.0,1.0,0,1,1,3,4
71.31,161,864,3,4,0.058,0.787,0,1,1,0,4
0.0,610,0,7,7,0.033,0.855,0,1,1,4,4
0.0,40,10,132,148,0.91,1.0,0,0,2,5,0
92.43,56,1168,1,6,0.0,0.941,0,1,1,7,4
85.61,266,1198,8,5,0.016,0.932,0,1,1,0,4
21.05,544,989,6,7,0.0,0.978,0,1,2,6,1
4.86,115,1,189,385,0.769,1.0,0,0,1,5,3
14.43,477,885,4,1,0.055,0.992,0,1,1,3,1
62.57,631,466,4,2,0.078,0.744,0,1,1,0,4
13.56,421,1014,4,9,0.0,0.839,0,1,1,3,4
0.0,64,5,167,509,0.88,0.87,0,0,1,2,3
2.45,67,13,135,249,0.798,0.926,0,0,0,6,2
18.77,16,481,2,4,0.0,0.959,0,1,2,6,4
42.53,214,289,9,4,0.046,1.0,0,1,1,0,4
41.95,807,1303,9,5,0.032,0.926,0,1,1,0,4
0.0,48,0,174,182,0.806,1.0,0,0,2,7,0
32.41,512,425,2,1,0.0,1.0,0,1,1,4,1
0.0,25,0,59,5,0.359,0.12,0,0,0,4,4
6.06,0,4,93,17,0.429,0.248,0,0,1,2,0
99.6,407,1195,3,3,0.006,0.825,0,1,1,0,4
90.82,565,1469,6,2,0.001,0.884,0,1,1,5,4
2.69,19,0,345,418,0.854,0.862,0,0,1,0,3
36.38,263,0,9,4,0.04,0.978,0,1,1,1,4
21.27,306,512,14,4,0.0,0.577,1,0,1,2,3
2.4,37,0,228,468,0.831,0.954,0,0,1,6,3
4.98,68,4,453,174,1.0,0.975,0,0,1,4,0
81.41,436,1021,5,4,0.0,0.827,0,1,1,4,4
90.9,132,991,5,1,0.0,0.87,0,1,1,6,4
19.4,226,1085,2,2,0.005,0.887,0,1,1,4,4
82.94,0,1048,9,3,0.055,0.987,0,1,1,1,4
156.78,594,235,2,2,0.036,0.807,0,1,1,4,4
1.86,72,0,480,154,0.931,0.948,0,0,1,5,3
93.35,1186,2029,1,6,0.026,0.896,0,1,1,0,4
0.0,47,0,106,213,0.903,0.975,0,0,1,7,3
36.9,0,733,6,5,0.113,0.807,0,1,1,0,4
37.98,473,1248,4,4,0.028,0.99,0,1,1,7,4
30.89,372,262,6,8,0.097,0.809,0,1,1,1,4
50.2,492,685,8,8,0.0,0.975,0,1,1,1,4
2.55,46,5,416,380,1.0,0.937,0,0,1,6,3
63.1,659,0,3,8,0.0,1.0,0,1,0,3,4
31.03,1223,1712,1,1,0.054,1.0,0,1,0,6,4
106.62,656,855,4,6,0.071,0.903,0,1,1,2,4
23.07,718,1979,9,5,0.078,0.799,0,1,2,2,4
24.48,421,1541,1,7,0.069,0.73,0,1,1,4,4
110.67,202,735,6,5,0.012,0.981,0,1,1,3,4
57.72,352,216,6,4,0.044,0.96,0,1,1,1,4
65.74,635,1369,2,7,0.096,0.964,0,1,1,5,4
34.81,946,559,1,3,0.053,0.898,0,1,1,2,4
51.46,443,467,3,9,0.0,0.847,0,1,1,4,3
6.02,190,169,9,1,0.045,0.487,2,0,1,6,4
33.62,431,272,3,7,0.0,0.932,0,1,1,5,4
36.86,290,403,6,7,0.083,0.781,0,1,1,5,4
96.0,199,371,1,8,0.0,0.924,0,1,1,1,4
148.78,0,473,5,7,0.014,1.0,0,1,1,5,4
66.47,1115,2546,3,4,0.009,0.82,0,1,1,3,4
82.59,95,1782,2,9,0.0,0.646,0,1,1,3,4
15.22,671,553,6,3,0.066,1.0,0,1,1,7,4
60.51,650,1085,7,5,0.041,0.883,0,1,1,1,4
80.65,326,1003,7,7,0.027,0.904,0,1,1,2,4
87.19,116,676,9,2,0.0,0.937,0,1,1,1,4
10.42,528,1422,2,5,0.029,1.0,0,1,2,1,4
0.0,255,683,4,1,0.025,0.92,0,1,1,7,4
10.26,16,0,38,14,0.427,0.0,0,0,1,6,4
2.95,0,0,69,12,0.693,0.0,0,0,2,6,3
0.0,74,3,307,500,0.79,0.913,0,0,1,4,3
0.53,49,9,164,158,0.904,0.916,0,0,1,4,3
0.0,32,3,47,19,0.729,0.143,0,0,1,2,4
6.39,633,2243,4,3,0.0,0.924,0,1,1,7,4
2.24,22,0,32,7,0.597,0.059,0,0,1,5,4
2.17,137,920,6,9,0.079,1.0,0,1,1,2,4
39.93,477,326,13,9,0.293,0.318,4,1,1,3,4
51.3,1026,1096,3,2,0.095,0.929,0,1,2,6,4
1.23,57,0,358,198,0.968,0.897,0,0,1,4,0
22.16,27,0,6,6,0.039,0.493,3,1,1,3,4
57.19,571,616,8,5,0.0,0.819,0,1,1,2,4
86.5,625,2305,1,8,0.073,1.0,0,1,0,4,4
40.13,234,1383,4,9,0.069,0.971,0,1,2,0,4
47.11,186,2605,2,3,0.0,0.797,0,1,1,1,4
0.17,77,0,217,327,0.874,0.855,0,0,1,5,3
1.63,0,6,348,451,0.853,0.963,0,0,2,0,3
39.64,1234,1064,9,7,0.076,0.968,0,1,2,2,4
23.02,433,1324,7,3,0.032,0.776,0,1,1,1,4
74.16,894,1812,2,6,0.0,0.949,0,1,1,6,4
1.11,12,1,29,17,0.53,0.185,0,0,1,1,3
0.0,0,0,30,3,0.286,0.539,0,0,2,3,3
64.79,149,1040,2,9,0.056,1.0,0,1,1,3,4
10.54,1045,1183,4,5,0.012,1.0,0,1,2,7,1
2.02,63,0,426,397,1.0,0.846,0,0,1,3,3
0.0,291,405,11,7,0.102,0.677,2,0,1,7,4
0.0,28,0,64,2,0.414,0.415,0,0,1,1,4
0.0,37,2,500,453,0.801,0.917,0,0,0,4,3
28.75,0,839,3,5,0.01,1.0,0,1,1,1,3
66.58,596,764,8,1,0.034,0.787,0,1,1,4,4
0.0,670,1918,3,8,0.0,0.988,0,1,1,0,4
98.38,9,803,3,6,0.0,0.915,0,1,1,6,4
20.86,232,277,5,3,0.0,0.916,0,1,1,6,4
43.32,1041,602,1,1,0.036,0.823,0,1,2,2,4
1.68,56,0,468,178,0.942,0.906,0,0,1,5,0
21.67,459,1052,2,2,0.0,0.986,0,1,1,2,3
67.72,814,1358,4,1,0.113,0.877,0,1,2,1,4
51.94,0,1014,2,2,0.075,1.0,0,1,1,7,4
0.0,600,1377,8,5,0.061,0.987,0,1,2,5,4
0.0,61,8,420,197,0.968,1.0,0,0,0,0,2
134.31,368,1470,3,5,0.127,0.823,0,1,2,3,4
39.89,703,1097,8,9,0.032,0.806,0,1,1,7,4
2.49,18,2,462,416,0.87,1.0,0,0,1,4,3
65.02,607,1526,4,7,0.0,1.0,0,1,1,7,2
88.73,329,2045,3,6,0.01,1.0,0,1,1,7,4
2.39,69,0,271,506,0.928,0.971,0,0,1,4,3
72.84,565,947,9,2,0.09,0.989,0,1,2,1,4
56.66,546,306,6,6,0.077,0.873,0,1,1,3,4
0.0,8,9,281,165,0.777,1.0,0,0,1,7,3
2.63,35,0,479,310,1.0,0.924,0,0,0,2,0
0.0,481,0,7,5,0.085,1.0,0,1,1,7,0
0.0,60,0,194,171,0.966,0.942,0,0,2,3,3
46.26,639,562,8,1,0.0,0.81,0,1,1,2,4
55.55,290,94,9,5,0.03,0.758,2,0,1,4,3
0.0,24,0,46,6,0.49,0.169,0,0,1,3,4
72.65,565,790,1,4,0.072,0.887,0,1,1,3,4
45.87,446,1301,1,5,0.072,0.908,0,1,1,4,4
131.11,698,1311,1,9,0.0,0.914,0,1,1,3,0
11.96,313,852,1,5,0.0,1.0,0,1,1,4,4
2.44,34,0,20,12,0.432,0.165,0,0,1,3,0
55.05,33,2357,4,4,0.035,0.782,0,1,1,5,4
0.0,708,1435,3,3,0.024,0.901,0,1,1,7,0
75.23,593,720,2,5,0.107,0.988,0,1,1,2,3
93.51,667,1321,2,3,0.086,0.933,0,1,2,7,4
0.0,391,1379,2,8,0.09,0.866,0,1,1,5,4
45.34,573,1679,2,9,0.0,1.0,0,1,2,0,4
34.27,0,1857,6,9,0.0,0.967,0,1,1,5,0
100.7,0,1135,4,8,0.023,0.902,0,1,1,6,4
60.13,295,1119,2,3,0.075,0.96,0,1,1,2,4
77.24,678,200,6,7,0.124,0.816,0,1,2,2,4
31.13,685,1610,9,1,0.018,0.891,0,1,1,7,4
36.55,597,596,2,1,0.093,0.753,0,1,2,7,4
0.87,4,0,39,13,0.377,0.173,0,0,1,0,3
74.96,855,507,1,7,0.027,0.83,0,1,1,3,4
0.0,367,807,9,9,0.121,0.732,0,1,1,7,4
12.41,805,856,2,4,0.036,0.98,0,1,1,4,4
0.0,21,5,88,10,0.656,0.0,0,0,1,2,3
39.88,375,647,4,4,0.002,0.918,0,1,1,3,4
69.68,724,457,2,2,0.104,0.851,0,1,1,4,4
32.09,214,1320,2,1,0.029,0.996,0,1,1,4,4
71.1,235,491,2,6,0.046,0.909,0,1,1,0,3
36.31,674,1582,7,2,0.051,0.84,0,1,1,0,4
0.86,19,5,250,218,0.938,0.958,0,0,1,3,3
71.23,360,1284,7,2,0.068,0.823,0,1,2,3,4
27.13,0,322,8,5,0.015,0.797,0,1,1,4,4
0.0,78,0,416,346,0.871,0.915,0,0,1,7,3
59.09,947,671,6,8,0.042,0.848,0,1,1,1,4
23.23,792,2319,2,6,0.078,0.789,0,1,1,1,4
56.85,652,276,5,4,0.02,0.804,0,1,2,5,2
122.68,317,279,8,6,0.0,1.0,0,1,0,0,4
0.0,16,0,60,9,0.912,0.262,0,0,1,3,3
26.34,513,1360,4,3,0.025,0.825,0,1,1,7,4
2.93,73,0,332,301,0.801,0.97,0,0,2,3,0
46.77,281,1887,5,2,0.004,0.892,0,1,2,3,4
64.68,180,1963,9,7,0.0,0.846,0,1,2,4,4
0.0,47,603,7,5,0.0,0.865,0,1,1,6,3
0.0,479,1233,3,3,0.017,0.756,0,1,2,4,4
23.8,330,1483,2,9,0.071,0.695,0,1,1,1,4
1.06,42,0,81,19,0.594,0.281,0,0,1,2,4
2.1,0,0,455,315,0.79,0.983,0,0,1,2,0
5.68,0,0,59,11,0.246,0.207,0,0,1,6,3
64.15,60,711,6,1,0.0,0.807,0,1,1,6,4
0.0,22,1,481,288,1.0,0.961,0,0,1,3,2
17.44,417,1721,9,8,0.0,0.933,0,1,1,4,4
35.62,351,1192,1,6,0.15,0.793,0,1,1,2,4
24.3,742,350,2,5,0.006,0.866,0,1,2,3,3
19.24,411,221,8,5,0.286,0.767,4,1,1,6,4
7.04,402,1667,4,5,0.0,0.963,0,1,2,2,0
66.01,620,1093,2,5,0.014,0.796,0,1,1,1,4
2.33,94,0,158,425,1.0,1.0,0,0,1,5,3
8.84,0,365,7,2,0.038,0.784,0,1,2,5,4
61.04,440,348,7,7,0.0,0.821,0,1,2,4,0
98.92,267,499,2,4,0.0,1.0,0,1,2,7,4
83.18,761,985,5,8,0.074,0.983,0,1,0,3,4
77.88,557,844,6,7,0.0,0.719,0,1,2,7,3
0.0,36,4,494,467,0.991,0.971,0,0,1,1,0
2.44,97,0,260,235,0.973,0.901,0,0,1,0,3
66.72,244,831,1,2,0.047,1.0,0,1,1,3,4
43.91,0,914,7,1,0.0,0.932,0,1,1,1,4
25.16,659,1532,5,5,0.131,1.0,0,1,1,7,4
17.48,326,912,5,3,0.019,0.989,0,1,2,7,1
29.09,538,946,6,6,0.073,0.98,0,1,1,4,4
53.68,332,1582,3,6,0.06,0.89,0,1,1,1,4
5.42,24,0,78,17,0.21,0.363,0,0,1,2,4
104.29,681,554,3,6,0.058,0.94,0,1,1,7,4
13.32,74,657,4,8,0.039,1.0,0,1,1,5,4
1.24,30,0,167,132,0.881,0.835,0,0,1,2,3
2.05,0,0,202,237,1.0,0.969,0,0,1,0,2
79.13,618,1304,7,6,0.063,0.991,0,1,2,6,4
61.38,446,503,7,3,0.022,1.0,0,1,1,0,4
3.93,828,1454,6,9,0.016,0.882,0,1,1,4,4
0.0,91,2,112,213,0.805,1.0,0,0,2,7,0
40.42,345,568,8,1,0.096,1.0,0,1,0,1,4
97.03,456,261,2,3,0.051,1.0,0,1,1,0,3
8.68,393,1370,3,3,0.05,0.931,0,1,1,2,4
101.72,789,1588,4,3,0.026,0.947,0,1,1,3,3
15.89,0,793,7,3,0.025,0.763,0,1,2,7,2
0.0,414,1605,5,1,0.0,0.744,0,1,1,1,4
0.0,1592,741,2,3,0.11,0.726,1,1,1,0,4
1.29,80,4,390,361,0.846,0.947,0,0,1,4,2
1.13,11,0,21,13,0.482,0.216,0,0,1,0,0
21.44,493,259,2,4,0.005,0.841,0,1,1,4,4
29.69,511,923,9,9,0.0,0.953,0,1,1,6,4
3.47,2,0,60,11,0.674,0.339,0,0,1,1,3
14.39,0,924,3,1,0.0,0.952,0,1,2,6,4
83.16,487,1320,6,4,0.0,0.982,0,1,1,6,4
48.94,376,896,7,4,0.0,0.959,0,1,2,1,4
64.55,527,1141,8,4,0.029,0.889,0,1,2,2,4
34.34,185,847,2,9,0.0,0.862,0,1,2,2,1
2.95,35,5,247,305,0.847,1.0,0,0,1,0,3
74.78,726,315,7,5,0.068,1.0,0,1,1,6,4
4.52,40,0,75,7,0.616,0.179,0,0,1,4,0
41.48,544,840,3,8,0.0,0.938,0,1,1,4,4
5.37,251,2224,4,8,0.037,0.829,0,1,1,1,4
61.6,473,1516,6,3,0.01,0.837,0,1,1,3,4
61.43,425,1482,1,3,0.122,0.989,0,1,1,4,4
51.9,453,907,2,7,0.022,0.837,0,1,1,0,0
53.16,149,0,6,5,0.0,0.855,0,1,1,3,4
0.0,1124,503,1,6,0.019,0.885,0,1,1,7,4
0.0,33,0,321,141,0.875,1.0,0,0,1,6,3
85.34,652,899,1,7,0.028,0.924,0,1,1,6,4
0.77,76,0,140,373,0.641,0.948,0,0,1,1,3
57.04,172,2560,7,2,0.043,0.897,0,1,0,0,4
0.26,47,0,342,172,0.77,1.0,0,0,1,2,3
86.78,350,1441,7,4,0.0,1.0,0,1,1,0,3
58.85,244,261,4,4,0.0,0.775,0,1,1,0,4
31.25,459,1318,1,7,0.021,0.936,0,1,2,4,1
0.0,123,850,9,6,0.0,0.931,0,1,2,2,4
13.94,0,438,8,3,0.086,0.866,0,1,1,5,4
11.52,585,1409,1,9,0.0,0.857,0,1,1,2,1
3.91,0,0,51,4,0.473,0.011,0,0,1,4,0
1.61,42,6,354,149,0.783,0.992,0,0,1,4,2
4.05,96,7,202,172,0.952,0.957,0,0,2,4,0
149.76,719,1499,1,2,0.044,0.936,0,1,1,2,4
76.72,0,928,1,3,0.012,0.961,0,1,1,5,4
0.0,154,727,8,4,0.023,0.776,0,1,0,0,4
76.05,433,713,6,9,0.151,0.962,0,1,1,5,4
35.73,401,1707,6,2,0.0,0.877,0,1,1,5,3
1.47,90,0,101,173,0.831,0.88,0,0,0,2,3
56.72,909,1743,7,7,0.019,0.961,0,1,1,6,2
33.37,696,738,9,5,0.041,0.899,0,1,1,2,4
54.12,413,1764,3,5,0.0,0.975,0,1,2,2,4
2.8,67,7,348,431,1.0,0.973,0,0,1,6,2
23.76,620,641,8,9,0.052,0.746,0,1,1,0,3
14.13,879,1051,5,1,0.078,0.866,0,1,1,4,4
0.0,52,2,125,211,0.913,0.836,0,0,1,2,3
10.89,250,1225,1,9,0.0,0.84,0,1,0,1,4
1.72,27,0,109,429,0.923,0.969,0,0,1,4,0
255.28,1150,799,2,1,0.088,0.926,0,1,1,0,4
85.73,599,0,4,9,0.049,0.708,0,1,2,2,4
54.28,649,1133,2,2,0.057,0.724,0,1,1,5,4
43.48,151,0,13,5,0.027,0.551,1,0,1,5,4
0.0,564,770,7,8,0.002,0.945,0,1,1,0,4
117.04,450,0,8,5,0.073,0.971,0,1,2,1,4
51.93,380,679,5,7,0.142,0.953,0,1,1,3,4
55.32,1013,958,5,1,0.079,0.842,0,1,2,0,4
3.54,39,0,34,12,0.795,0.32,0,0,1,5,4
1.16,29,0,414,470,0.913,0.858,0,0,1,1,3
52.72,1258,809,8,7,0.01,0.865,0,1,1,1,4
115.38,383,1119,5,7,0.0,0.731,0,1,1,7,4
115.8,0,972,1,3,0.0,0.918,0,1,1,0,4
0.0,1027,375,3,6,0.005,0.769,0,1,1,0,4
88.28,750,580,5,5,0.076,0.958,0,1,2,1,4
60.54,504,1442,9,4,0.099,1.0,0,1,2,5,4
22.39,452,846,4,8,0.037,0.947,0,1,1,4,4
34.25,271,710,2,3,0.061,0.962,0,1,2,1,3
33.06,260,1247,9,1,0.0,0.952,0,1,1,1,4
0.0,315,1019,2,5,0.0,0.824,0,1,2,6,4
47.33,654,1429,4,5,0.099,0.921,0,1,1,5,4
29.01,364,1928,8,9,0.026,0.754,0,1,1,5,4
0.0,693,963,9,2,0.024,0.74,0,1,1,0,4
4.66,14,0,26,10,0.728,0.062,0,0,1,5,0
79.76,887,1386,8,8,0.072,0.981,0,1,1,3,4
1.97,37,0,447,129,0.938,0.971,0,0,1,6,3
105.2,1080,577,2,1,0.0,0.684,0,1,1,2,4
0.46,88,0,305,451,0.626,0.929,0,0,2,0,2
21.88,100,944,2,1,0.0,0.97,0,1,1,1,1
79.98,416,243,7,1,0.004,0.898,0,1,2,4,4
75.42,939,79,8,7,0.087,1.0,0,1,1,7,1
0.0,354,1089,9,3,0.018,1.0,0,1,0,5,4
0.0,97,6,304,119,0.95,1.0,0,0,1,5,3
20.03,982,1519,1,5,0.033,0.867,0,1,2,7,4
59.7,576,1730,8,1,0.0,0.812,0,1,1,3,4
66.12,346,1979,1,5,0.054,0.994,0,1,1,7,4
57.75,231,1577,8,8,0.079,0.907,0,1,2,2,1
45.03,546,610,2,8,0.0,0.823,0,1,1,0,4
56.02,173,1208,9,1,0.056,0.795,0,1,1,3,4
23.87,105,977,2,3,0.176,1.0,0,1,1,6,4
116.88,239,1337,3,3,0.066,0.893,0,1,2,7,4
7.95,758,1387,2,2,0.013,0.883,0,1,1,6,4
78.48,492,983,8,4,0.044,0.978,0,1,1,3,4
0.0,44,0,110,222,0.833,0.889,0,0,1,3,0
0.0,68,5,206,279,0.918,0.974,0,0,1,5,3
50.54,96,768,9,9,0.113,0.973,0,1,1,3,4
46.37,238,434,7,4,0.012,0.851,0,1,1,6,4
46.27,171,1393,9,1,0.0,0.943,0,1,2,3,4
1.19,545,631,1,9,0.043,0.81,0,1,1,7,4
0.62,84,10,233,239,0.881,0.945,0,0,1,3,3
57.53,81,1225,6,1,0.063,0.994,0,1,1,5,4
1.45,88,4,236,320,0.876,0.889,0,0,1,4,3
0.0,28,0,47,2,0.432,0.315,0,0,0,4,0
0.0,12,4,50,18,0.201,0.115,0,0,1,5,3
51.55,395,1071,8,9,0.033,0.896,0,1,1,4,4
52.56,770,794,4,8,0.092,0.929,0,1,1,1,4
102.64,374,1221,6,1,0.049,0.634,0,1,1,4,4
0.0,676,542,5,1,0.049,0.78,0,1,1,5,4
75.55,249,813,2,4,0.0,0.76,0,1,1,7,4
1.72,46,0,197,363,0.967,0.97,0,0,2,7,2
91.04,623,243,8,5,0.055,0.834,0,1,1,2,0
75.24,527,540,6,7,0.039,0.885,0,1,1,5,2
3.96,10,0,72,4,0.697,0.42,0,0,1,1,3
0.0,28,0,277,375,0.906,0.893,0,0,1,7,3
1.61,7,0,71,3,0.717,0.319,0,0,1,3,4
52.42,493,267,9,6,0.083,1.0,0,1,1,0,4
1.21,605,458,7,2,0.0,0.772,0,1,2,3,4
43.79,124,1310,9,3,0.086,0.924,0,1,1,5,4
0.66,7,0,39,18,0.537,0.064,0,0,1,6,3
66.01,477,599,8,1,0.032,0.903,0,1,1,0,4
5.18,18,0,496,457,0.953,0.851,0,0,1,2,3
146.86,54,1291,5,9,0.0,0.938,0,1,2,3,4
51.01,136,1594,3,4,0.095,1.0,0,1,1,7,4
38.53,792,599,4,4,0.0,0.856,0,1,2,5,4
103.86,245,825,8,4,0.035,0.828,0,1,1,3,4
5.49,55,5,432,279,0.738,0.976,0,0,1,7,3
28.05,28,1052,9,5,0.121,0.806,0,1,1,5,4
45.66,830,240,5,1,0.005,0.816,0,1,1,6,4
65.89,325,1800,6,1,0.008,0.903,0,1,1,5,1
0.0,526,649,8,1,0.082,0.762,0,1,1,4,4
116.13,0,2510,2,3,0.029,0.919,0,1,2,4,4
0.83,31,1,96,4,0.601,0.0,0,0,1,6,0
1.97,282,1390,5,4,0.053,0.842,0,1,1,5,4
81.29,7,1187,7,6,0.087,0.921,0,1,1,0,4
75.02,824,468,3,8,0.013,1.0,0,1,1,0,4
3.64,3,4,64,7,0.502,0.245,0,0,1,2,0
5.95,236,567,9,2,0.139,0.175,4,0,1,4,4
36.26,504,1115,3,3,0.0,0.91,0,1,1,6,4
0.0,120,0,286,483,0.992,0.956,0,0,1,0,3
0.0,89,1,309,421,1.0,1.0,0,0,2,5,2
4.49,24,0,99,10,0.313,0.046,0,0,1,2,4
2.81,61,0,454,482,0.845,1.0,0,0,2,3,0
59.42,286,1269,1,3,0.045,1.0,0,1,1,4,4
0.0,206,712,7,1,0.0,0.981,0,1,1,6,4
2.09,100,0,185,193,0.802,0.985,0,0,1,5,3
0.0,40,0,247,320,0.916,0.872,0,0,1,7,3
6.49,37,0,322,234,0.908,0.996,0,0,1,6,3
6.08,19,0,83,17,0.075,0.19,0,0,1,1,0
61.47,656,1034,7,4,0.152,0.849,0,1,1,0,4
52.28,950,1484,9,3,0.056,0.975,0,1,1,1,4
3.88,42,0,165,146,0.991,0.957,0,0,1,0,0
77.48,503,1034,4,8,0.0,0.95,0,1,1,3,4
72.99,518,1084,7,5,0.0,1.0,0,1,1,5,4
18.95,647,2180,2,5,0.005,0.773,0,1,2,7,4
26.15,448,1560,4,2,0.048,0.755,0,1,1,4,4
0.0,74,0,249,137,0.88,1.0,0,0,0,6,3
37.87,663,1249,9,8,0.133,0.866,0,1,2,5,4
105.05,165,1927,1,6,0.082,0.733,0,1,1,6,4
2.72,7,0,198,168,0.996,0.991,0,0,1,6,3
85.8,134,2333,9,4,0.021,0.974,0,1,1,4,4
102.1,298,600,7,2,0.0,0.907,0,1,2,2,4
75.32,833,1071,7,5,0.15,0.866,0,1,1,6,4
44.22,582,394,7,2,0.04,0.866,0,1,1,3,4
148.1,248,723,3,2,0.012,0.976,0,1,1,3,4
4.41,24,0,74,12,0.38,0.074,0,0,2,1,4
40.93,295,803,8,9,0.026,0.82,0,1,1,7,4
77.95,787,948,9,7,0.0,0.941,0,1,1,4,4
0.0,0,2,101,381,1.0,0.89,0,0,1,7,3
0.0,766,1219,5,3,0.004,0.838,0,1,2,5,4
4.77,98,106,4,4,0.103,0.398,4,1,1,2,4
69.8,258,1112,8,5,0.0,0.91,0,1,1,4,4
36.93,927,1155,2,1,0.021,1.0,0,1,2,2,4
3.88,0,0,97,6,0.509,0.206,0,0,1,2,3
49.49,249,770,5,1,0.003,0.87,0,1,1,0,4
0.64,61,7,399,216,0.743,1.0,0,0,1,6,0
22.95,45,0,8,9,0.0,0.927,0,1,1,1,0
57.6,642,1697,2,1,0.0,0.951,0,1,1,5,4
4.93,63,3,392,312,0.932,1.0,0,0,1,3,3
14.66,1096,902,6,8,0.043,0.852,0,1,1,4,4
63.23,1025,1546,5,7,0.088,0.838,0,1,1,0,4
42.1,0,1263,1,5,0.0,0.728,0,1,2,7,3
10.82,344,1462,8,5,0.0,0.832,0,1,1,4,4
27.83,222,545,3,9,0.0,0.99,0,1,1,2,4
0.0,757,394,2,1,0.008,0.752,0,1,2,0,4
3.15,29,0,310,436,0.828,0.902,0,0,1,0,0
118.53,377,0,2,5,0.0,0.934,0,1,1,2,4
83.76,195,1500,4,1,0.039,0.693,0,1,1,5,4
0.0,19,6,160,223,0.886,0.937,0,0,1,1,0
30.68,180,1137,7,7,0.04,0.966,0,1,1,5,4
1.29,62,0,405,174,0.866,0.975,0,0,1,3,3
49.22,289,856,7,6,0.125,0.831,0,1,1,4,4
71.44,770,349,4,5,0.059,0.898,0,1,0,5,4
6.38,32,0,88,17,0.542,0.482,0,0,1,0,3
115.37,0,443,9,8,0.014,1.0,0,1,1,5,4
0.0,37,0,184,324,0.886,0.999,0,0,1,7,3
41.18,284,254,5,3,0.0,0.851,0,1,1,3,4
0.0,626,1541,3,1,0.015,0.95,0,1,1,7,1
87.57,402,952,3,5,0.042,1.0,0,1,1,4,4
0.82,30,0,489,469,0.838,0.916,0,0,2,3,3
31.57,730,1029,4,6,0.0,0.882,0,1,1,1,4
53.32,229,1302,8,4,0.048,1.0,0,1,2,4,4
1.43,11,0,22,6,0.472,0.223,0,0,2,5,3
23.67,1059,716,2,7,0.0,0.904,0,1,2,1,4
27.1,775,1695,9,2,0.003,0.632,0,1,1,0,4
20.89,270,0,7,3,0.0,0.787,0,1,2,1,3
120.18,547,355,8,3,0.092,0.855,0,1,1,3,4
82.58,762,1410,4,5,0.048,0.929,0,1,1,1,4
1.74,22,3,352,326,1.0,1.0,0,0,2,5,3
1.73,587,1357,8,2,0.079,0.857,0,1,1,3,4
44.91,322,559,7,6,0.035,0.801,0,1,1,6,4
47.59,494,564,7,4,0.09,0.842,0,1,1,1,4
48.66,855,211,9,1,0.0,0.599,0,1,1,6,4
103.76,483,1232,4,7,0.0,0.971,0,1,1,1,4
70.1,794,1116,9,4,0.0,0.92,0,1,1,3,4
67.63,425,692,7,1,0.015,0.883,0,1,1,5,1
0.0,150,1029,1,4,0.0,0.929,0,1,1,6,0
30.15,651,1390,7,9,0.0,1.0,0,1,1,2,4
43.05,728,430,7,9,0.032,0.909,0,1,1,0,3
29.43,342,259,14,7,0.3,0.646,2,1,1,3,4
4.85,18,0,67,11,0.42,0.241,0,0,1,2,0
71.95,938,0,7,4,0.022,1.0,0,1,1,4,4
12.65,913,1292,5,2,0.007,0.98,0,1,2,4,4
15.62,608,1272,8,3,0.071,0.894,0,1,2,0,1
0.0,60,3,476,455,0.857,0.975,0,0,1,7,3
0.0,105,0,343,446,0.811,0.888,0,0,1,5,0
19.46,355,1157,4,4,0.069,0.88,0,1,1,2,4
86.32,671,1186,1,9,0.0,0.963,0,1,1,7,4
61.14,553,818,7,6,0.0,0.856,0,1,1,6,3
77.85,270,627,5,5,0.0,0.916,0,1,1,6,4
58.9,252,1866,1,9,0.116,0.709,0,1,2,1,4
101.0,625,1104,3,7,0.004,0.87,0,1,1,5,4
22.87,697,971,1,9,0.0,0.913,0,1,1,6,4
83.3,471,739,5,2,0.027,0.886,0,1,1,5,4
66.35,841,703,5,3,0.0,0.927,0,1,1,0,3
32.91,1062,1667,7,9,0.0,1.0,0,1,2,2,4
63.6,489,1336,5,2,0.0,0.839,0,1,2,0,4
68.11,587,716,4,8,0.011,1.0,0,1,2,2,4
21.48,19,1514,5,2,0.0,0.908,0,1,1,3,3
125.16,220,374,2,2,0.0,0.542,1,1,1,7,4
35.41,301,510,7,6,0.08,0.875,0,1,1,5,4
4.09,26,2,155,282,0.914,0.968,0,0,1,3,3
60.93,808,220,5,4,0.069,0.964,0,1,1,1,4
20.41,181,1477,3,8,0.0,0.942,0,1,1,3,4
26.69,350,254,4,3,0.0,0.823,0,1,1,3,4
42.53,259,343,2,6,0.0,0.926,0,1,1,2,4
13.43,637,932,1,1,0.0,0.945,0,1,1,1,4
2.5,49,0,507,165,1.0,0.944,0,0,2,2,3
20.63,964,858,9,5,0.047,0.96,0,1,1,5,4
0.0,41,4,64,6,0.752,0.067,0,0,2,2,4
1.48,260,329,1,2,0.271,0.422,1,1,2,0,3
28.3,144,776,9,8,0.0,0.844,0,1,1,5,4
37.28,604,2113,3,1,0.0,0.85,0,1,2,5,4
75.38,1047,2218,9,4,0.0,0.801,0,1,1,6,4
1.53,56,5,57,17,0.527,0.262,0,0,1,4,3
62.07,310,1263,1,3,0.058,0.855,0,1,1,0,4
52.3,348,276,3,8,0.002,0.844,0,1,1,1,4
51.11,1,984,4,3,0.076,0.817,0,1,2,6,4
44.44,962,1777,6,6,0.099,0.885,0,1,1,2,4
44.39,603,857,3,4,0.0,0.896,0,1,1,7,4
3.22,95,0,473,363,0.937,0.974,0,0,1,2,2
68.04,1156,432,5,2,0.021,0.794,0,1,1,3,4
0.46,24,0,117,401,0.77,0.934,0,0,2,6,0
59.48,385,1482,9,4,0.001,0.858,0,1,1,3,0
0.0,15,0,179,393,0.734,0.926,0,0,1,3,0
14.33,82,1505,8,9,0.0,0.958,0,1,1,3,4
49.35,884,1042,3,7,0.07,0.845,0,1,1,6,4
86.23,502,2658,4,4,0.085,1.0,0,1,1,4,4
3.14,14,0,82,9,0.34,0.031,0,0,2,0,0
35.36,99,105,3,8,0.252,0.841,3,1,1,6,3
24.36,542,536,5,4,0.024,0.969,0,1,1,3,4
2.04,63,1,128,256,0.847,0.997,0,0,1,4,3
127.66,412,1617,8,6,0.071,1.0,0,1,2,1,4
20.93,547,1203,9,7,0.047,1.0,0,1,1,1,4
67.17,826,307,6,9,0.002,0.978,0,1,1,2,4
0.0,455,2155,1,9,0.071,0.859,0,1,1,3,4
5.64,36,1,72,18,0.238,0.143,0,0,1,3,3
93.98,0,988,6,2,0.053,0.863,0,1,1,6,4
0.0,532,1657,3,6,0.02,0.992,0,1,1,1,4
0.0,39,0,300,330,0.881,0.979,0,0,1,2,3
2.84,68,6,417,414,1.0,0.919,0,0,2,5,0
0.0,142,1050,8,1,0.0,1.0,0,1,2,4,4
1.84,28,0,309,309,0.875,1.0,0,0,1,4,3
52.37,107,119,8,6,0.054,1.0,0,1,1,4,0
97.49,479,301,2,9,0.036,1.0,0,1,1,0,4
25.03,53,173,3,9,0.0,1.0,0,1,1,5,4
111.1,374,745,2,7,0.0,0.822,0,1,1,2,4
20.98,364,1025,9,1,0.0,0.883,0,1,1,0,4
53.21,428,668,9,8,0.0,1.0,0,1,1,3,4
55.63,209,1407,1,2,0.064,0.889,0,1,1,5,4
1.45,38,0,266,189,1.0,1.0,0,0,1,7,3
0.0,34,0,39,14,0.677,0.226,0,0,1,0,3
1.29,51,0,382,207,1.0,0.967,0,0,1,0,3
0.0,28,0,499,373,0.728,0.931,0,0,1,1,3
61.61,213,1773,2,4,0.077,0.851,0,1,2,4,3
1.87,59,0,198,318,0.965,0.948,0,0,2,0,3
3.25,41,0,470,421,1.0,0.992,0,0,2,7,2
42.04,432,1428,7,3,0.031,0.979,0,1,1,4,4
0.0,71,749,4,5,0.0,1.0,0,1,2,4,4
176.49,878,452,2,1,0.087,0.487,1,1,1,4,4
8.05,720,611,2,1,0.0,0.996,0,1,1,1,4
3.05,23,0,61,3,0.708,0.312,0,0,2,1,3
0.0,1032,954,9,2,0.0,0.933,0,1,1,5,4
56.64,440,958,5,5,0.035,0.848,0,1,2,7,4
37.89,958,1558,8,9,0.0,0.998,0,1,1,3,4
29.7,623,619,2,5,0.04,0.863,0,1,1,5,4
67.21,1007,767,9,4,0.142,1.0,0,1,1,5,4
21.41,359,1493,3,2,0.01,0.81,0,1,1,7,0
21.52,1066,1978,5,3,0.036,0.917,0,1,2,4,4
4.81,376,1242,7,8,0.0,0.763,0,1,2,1,4
0.0,472,938,7,2,0.067,0.804,0,1,1,2,4
0.0,57,0,472,411,0.869,0.859,0,0,1,6,3
0.0,30,7,248,361,0.888,0.927,0,0,1,0,0
137.92,424,2288,7,1,0.092,0.823,0,1,1,6,4
44.87,38,780,5,4,0.009,0.969,0,1,1,4,4
56.9,281,356,6,8,0.062,1.0,0,1,1,5,4
140.97,295,1083,7,7,0.012,0.888,0,1,1,3,4
1.46,91,0,372,404,1.0,0.943,0,0,1,6,3
45.15,541,842,8,7,0.0,0.844,0,1,1,4,4
87.17,449,1126,9,1,0.0,1.0,0,1,1,1,4
15.45,1053,1418,2,1,0.051,0.858,0,1,1,3,4
75.28,565,1926,4,2,0.075,0.955,0,1,1,7,4
43.68,277,0,3,9,0.18,0.659,2,0,2,1,3
75.24,552,94,3,7,0.0,0.913,0,1,1,4,4
71.58,146,928,2,5,0.038,0.829,0,1,0,6,4
2.54,7,0,52,17,0.682,0.15,0,0,1,5,4
46.78,720,458,4,7,0.12,0.967,0,1,0,1,4
59.21,612,946,7,7,0.031,0.995,0,1,1,6,4
56.77,544,623,3,2,0.067,0.852,0,1,2,1,4
38.19,891,368,6,9,0.041,0.85,0,1,1,1,3
60.6,697,1230,4,2,0.107,0.769,0,1,1,5,4
92.38,562,532,7,9,0.04,1.0,0,1,1,0,3
22.31,538,1465,5,3,0.068,0.859,0,1,1,2,1
86.09,784,1555,5,1,0.0,0.903,0,1,1,6,4
15.16,262,736,8,5,0.022,0.772,0,1,0,4,4
24.23,403,1583,6,4,0.118,0.781,0,1,2,2,4
0.0,654,1713,6,5,0.0,0.872,0,1,2,2,4
0.0,453,1797,7,9,0.005,1.0,0,1,2,3,4
0.82,16,0,330,314,0.927,0.953,0,0,1,7,3
0.0,32,0,439,212,0.945,0.916,0,0,1,5,3
0.9,59,0,366,134,0.876,0.91,0,0,1,4,0
90.19,0,1056,2,5,0.082,0.836,0,1,1,4,4
21.37,1244,0,4,5,0.0,0.864,0,1,1,6,4
1.02,31,0,281,275,1.0,0.957,0,0,2,4,3
112.3,422,509,2,5,0.085,0.941,0,1,2,7,4
0.0,511,2140,3,9,0.0,0.91,0,1,1,5,4
63.26,0,1669,3,8,0.0,0.996,0,1,1,2,4
4.35,44,0,290,138,0.808,1.0,0,0,0,2,0
65.56,835,687,6,4,0.039,0.739,0,1,2,4,4
0.0,48,0,488,268,0.895,0.932,0,0,1,5,0
64.23,184,1290,6,5,0.0,0.967,0,1,1,7,4
0.0,35,3,135,407,1.0,0.914,0,0,1,6,3
6.44,34,0,37,9,0.347,0.338,0,0,1,4,3
64.82,96,1287,5,5,0.0,0.997,0,1,1,6,4
0.0,35,0,51,10,0.541,0.179,0,0,1,6,0
36.89,906,1318,5,2,0.049,0.871,0,1,1,1,3
138.93,646,184,3,4,0.08,0.905,0,1,1,3,0
0.0,467,915,7,8,0.065,0.895,0,1,1,4,4
44.73,814,0,3,6,0.065,0.842,0,1,0,3,4
40.53,600,1292,2,7,0.056,0.922,0,1,2,2,4
29.59,215,174,12,9,0.0,1.0,3,0,1,3,4
2.2,65,0,436,401,0.903,0.971,0,0,1,5,0
4.29,305,117,5,3,0.091,0.791,0,1,0,5,4
81.05,991,955,6,8,0.081,0.828,0,1,1,7,4
89.49,0,1093,6,5,0.055,0.895,0,1,2,4,1
5.35,668,1378,3,7,0.078,0.804,0,1,1,2,4
16.82,276,823,7,2,0.086,0.744,0,1,2,3,0
150.48,1095,1369,7,5,0.072,0.952,0,1,1,0,4
0.0,556,716,4,7,0.066,0.934,0,1,1,6,4
37.39,331,1531,8,6,0.062,0.801,0,1,1,6,4
0.6,30,0,72,7,0.93,0.28,0,0,2,2,3
50.13,462,1007,8,6,0.0,0.879,0,1,1,1,4
41.5,1188,764,4,2,0.0,0.914,0,1,1,2,0
28.18,176,665,1,1,0.001,0.522,0,1,1,3,4
108.79,386,1698,8,2,0.05,0.956,0,1,2,2,4
131.38,538,1043,3,4,0.028,0.828,0,1,2,5,4
39.96,996,1223,7,2,0.067,0.722,0,1,1,7,4
3.9,61,1,386,389,1.0,1.0,0,0,1,3,3
88.44,378,2066,2,1,0.089,1.0,0,1,2,2,4
50.01,105,1255,8,7,0.0,0.897,0,1,1,2,4
3.41,0,2370,6,1,0.041,0.972,0,1,1,7,4
89.87,510,703,7,8,0.045,0.855,0,1,2,1,0
88.28,576,562,1,9,0.0,1.0,0,1,1,6,4
2.56,30,0,217,187,0.829,0.967,0,0,1,3,2
27.49,426,685,2,8,0.0,0.825,0,1,1,6,4
0.34,672,68,6,3,0.011,0.817,0,1,2,2,2
5.09,455,1650,4,5,0.0,0.915,0,1,2,6,4
56.55,459,1326,3,8,0.007,0.949,0,1,1,5,4
96.66,561,917,3,3,0.006,1.0,0,1,2,0,4
3.8,49,0,449,335,0.854,0.968,0,0,1,4,2
3.35,95,3,458,432,1.0,0.98,0,0,1,7,0
0.0,901,617,3,6,0.0,0.906,0,1,2,3,4
36.02,573,506,7,8,0.049,0.789,0,1,1,6,4
39.08,505,1194,9,8,0.013,0.821,0,1,1,7,4
59.95,441,1410,5,3,0.0,0.912,0,1,1,3,4
65.43,344,1111,3,3,0.005,1.0,0,1,2,7,1
32.4,166,372,9,4,0.127,0.482,1,0,1,3,3
0.0,566,461,9,2,0.124,0.892,0,1,1,0,4
56.46,796,1190,2,4,0.0,0.849,0,1,1,0,4
0.0,50,9,435,129,0.649,0.978,0,0,1,5,0
28.99,597,1360,9,1,0.045,1.0,0,1,1,4,4
89.71,449,1460,6,3,0.0,1.0,0,1,1,4,4
117.48,548,1166,3,1,0.0,0.889,0,1,1,7,4
26.33,139,817,5,9,0.093,0.929,0,1,1,7,4
89.87,177,1719,4,2,0.0,0.803,0,1,0,1,4
31.88,440,1877,4,2,0.0,0.903,0,1,1,5,3
2.24,41,4,400,302,0.881,0.933,0,0,1,7,3
24.99,676,1845,2,7,0.0,0.746,0,1,1,7,4
121.17,115,0,2,1,0.033,1.0,0,1,1,6,4
36.4,422,190,3,4,0.045,0.674,0,1,1,1,4
24.36,57,12,4,4,0.053,0.802,3,1,1,6,3
93.29,520,1341,2,6,0.067,0.836,0,1,1,3,1
0.0,25,0,171,416,1.0,0.97,0,0,2,6,3
0.0,595,0,4,5,0.0,1.0,0,1,1,6,4
20.25,360,654,2,8,0.0,1.0,0,1,2,4,4
1.78,17,0,296,349,0.895,1.0,0,0,1,0,2
22.7,1054,1037,8,5,0.034,1.0,0,1,1,0,3
31.05,707,594,2,1,0.017,0.824,0,1,0,7,4
0.0,3,0,24,4,0.689,0.385,0,0,0,7,3
80.99,670,1363,9,1,0.104,0.889,0,1,1,1,4
60.37,292,304,3,4,0.0,0.834,0,1,2,0,4
94.03,0,1252,1,7,0.048,1.0,0,1,1,4,4
100.16,161,450,6,4,0.0,0.727,0,1,2,0,4
171.87,1193,92,1,4,0.143,0.796,0,1,1,4,4
2.78,36,13,142,272,1.0,0.989,0,0,1,2,3
29.26,610,484,6,6,0.0,0.769,0,1,1,1,3
7.9,618,0,1,9,0.0,1.0,0,1,1,7,1
70.22,1012,745,4,4,0.078,0.75,1,1,1,1,4
74.4,375,965,1,5,0.025,0.79,0,1,1,2,4
0.0,0,0,326,209,0.925,0.959,0,0,1,4,3
97.5,603,1913,3,6,0.0,0.935,0,1,1,4,4
5.9,5,0,71,11,0.53,0.189,0,0,1,7,0
64.61,512,1301,8,6,0.0,0.946,0,1,1,6,4
130.0,958,1293,1,8,0.0,0.993,0,1,2,7,4
165.42,1586,807,1,4,0.058,0.759,0,1,1,6,4
8.84,189,1312,4,6,0.034,0.817,0,1,1,2,4
186.07,127,1428,6,7,0.057,0.898,0,1,1,4,4
40.2,140,163,6,8,0.029,0.891,0,1,1,7,4
0.0,75,0,149,500,0.893,0.958,0,0,1,0,3
65.18,431,808,4,8,0.037,0.961,0,1,1,5,4
55.61,337,1219,5,9,0.024,0.913,0,1,1,0,4
0.34,0,0,426,238,0.942,1.0,0,0,1,3,2
95.15,573,1489,4,5,0.067,0.858,0,1,1,5,0
1.73,49,1,486,182,0.867,0.914,0,0,1,5,3
5.9,0,2,58,16,0.309,0.208,0,0,1,6,3
0.83,12,2,225,455,0.83,0.885,0,0,1,4,0
32.78,0,1060,4,8,0.0,0.921,0,1,2,1,4
1.7,56,0,118,385,0.906,1.0,0,0,1,1,3
71.56,405,1232,5,9,0.009,0.876,0,1,1,3,4
35.87,150,1477,2,3,0.0,0.977,0,1,1,5,4
5.34,22,3,53,13,0.412,0.448,0,0,1,1,3
102.44,261,0,2,8,0.015,0.884,0,1,1,1,4
58.02,468,398,1,9,0.0,0.829,0,1,1,5,4
164.81,0,411,5,1,0.002,0.94,0,1,1,2,4
3.47,43,0,346,360,0.908,0.943,0,0,1,7,0
47.65,338,1619,8,3,0.069,1.0,0,1,1,3,0
1.0,45,5,465,358,0.88,0.979,0,0,1,7,3
0.0,371,125,7,7,0.043,1.0,0,1,1,6,4
0.0,68,0,201,354,0.961,0.981,0,0,2,4,0
35.6,383,1342,5,7,0.0,0.899,0,1,1,3,4
58.88,269,0,4,4,0.0,1.0,0,1,1,0,4
83.39,496,679,9,3,0.051,0.739,0,1,1,0,4
13.06,225,652,8,4,0.0,0.915,0,1,1,6,4
0.13,42,0,381,360,0.895,0.978,0,0,2,7,0
0.0,427,631,1,3,0.334,0.657,1,1,0,1,4
77.2,182,2075,1,1,0.035,0.718,0,1,1,5,4
1.2,44,0,174,117,0.882,0.925,0,0,2,4,3
0.85,77,0,252,393,0.778,0.893,0,0,1,1,0
3.08,78,0,119,435,0.834,1.0,0,0,1,7,2
73.53,498,757,2,5,0.006,0.899,0,1,1,4,4
128.99,673,1408,5,1,0.0,0.674,0,1,1,1,4
10.23,620,437,5,6,0.021,0.875,0,1,2,0,4
0.83,219,415,4,8,0.103,0.158,3,0,1,4,4
52.07,750,1440,8,4,0.0,0.922,0,1,0,6,4
3.36,30,0,64,11,0.388,0.136,0,0,1,3,3
0.0,711,825,7,5,0.0,0.91,0,1,1,1,4
0.0,362,952,6,6,0.012,0.824,0,1,1,0,4
50.99,313,879,4,4,0.0,0.883,0,1,1,1,4
95.06,196,1199,7,2,0.0,0.963,0,1,0,1,4
45.9,772,872,3,7,0.09,1.0,0,1,1,0,4
4.49,248,626,6,8,0.203,0.658,2,1,1,2,4
62.31,150,1207,1,5,0.08,0.852,0,1,1,4,4
33.42,468,1157,7,4,0.0,0.992,0,1,1,5,1
0.0,23,0,48,7,0.505,0.31,0,0,1,2,0
22.67,75,0,10,7,0.11,0.779,1,0,1,0,3
78.35,232,1091,8,3,0.013,0.792,0,1,1,2,4
47.54,213,581,8,7,0.016,0.782,0,1,1,2,4
11.83,1457,2163,8,8,0.071,0.892,0,1,1,2,4
1.35,19,0,193,236,0.854,0.924,0,0,2,6,3
92.1,460,1433,7,8,0.034,0.894,0,1,1,2,4
125.63,571,1808,9,6,0.021,0.94,0,1,2,2,4
104.36,327,412,5,4,0.02,1.0,0,1,2,0,4
31.35,656,408,9,7,0.033,0.971,0,1,1,3,4
60.39,566,0,5,2,0.0,0.923,0,1,2,5,4
0.0,56,0,199,239,0.828,0.991,0,0,2,1,0
54.32,360,1154,4,5,0.011,0.771,0,1,1,0,4
52.98,345,840,7,5,0.118,0.99,0,1,2,6,4
55.58,0,1118,1,2,0.0,1.0,0,1,2,4,4
0.0,744,1,2,5,0.01,0.833,0,1,1,2,4
17.93,327,1942,8,6,0.165,0.994,0,1,1,5,4
2.32,22,3,76,13,0.314,0.249,0,0,1,2,3
130.71,524,1049,6,1,0.059,0.94,0,1,2,2,4
76.42,423,2116,6,1,0.084,0.908,0,1,1,7,4
50.59,344,827,4,6,0.047,0.944,0,1,1,2,4
81.61,80,1784,8,2,0.095,1.0,0,1,1,7,4
49.19,535,761,7,1,0.061,0.964,0,1,1,6,4
0.92,82,10,462,315,0.82,1.0,0,0,1,6,3
137.82,358,1747,7,3,0.0,0.887,0,1,2,5,2
0.0,61,1,100,168,0.839,0.952,0,0,0,1,0
3.2,27,0,427,338,0.865,1.0,0,0,1,7,0
22.46,271,227,4,2,0.0,0.729,0,1,1,5,4
2.93,58,7,256,376,1.0,1.0,0,0,1,5,3
76.71,264,768,5,2,0.016,1.0,0,1,1,2,0
68.23,243,393,2,3,0.019,0.89,0,1,1,3,3
5.55,2,0,65,13,0.542,0.202,0,0,1,2,3
55.42,814,0,5,8,0.0,0.728,0,1,2,2,4
0.0,702,495,2,6,0.069,0.875,0,1,1,7,4
1.91,61,0,283,204,0.73,0.894,0,0,1,4,3
16.05,512,399,4,1,0.038,0.851,0,1,2,2,4
20.35,0,485,7,9,0.006,0.87,0,1,1,6,4
108.59,338,440,4,2,0.0,1.0,0,1,1,4,4
17.53,679,949,7,5,0.035,0.833,0,1,2,3,4
70.75,190,844,4,1,0.036,0.931,0,1,1,5,4
66.75,56,1436,4,3,0.0,1.0,0,1,1,3,4
2.64,116,4,329,205,0.957,0.887,0,0,1,3,3
24.6,455,601,6,8,0.054,0.833,0,1,1,5,2
0.0,273,1284,4,1,0.055,1.0,0,1,1,1,4
52.88,730,0,2,5,0.0,0.907,0,1,1,0,4
88.46,555,685,9,4,0.045,0.895,0,1,2,4,4
31.93,216,401,11,7,0.026,0.746,3,0,2,0,4
43.93,366,1353,5,4,0.0,0.903,0,1,1,6,4
25.44,630,1218,9,7,0.025,1.0,0,1,1,3,4
3.43,24,0,76,11,0.414,0.101,0,0,1,4,3
59.35,312,2244,8,7,0.069,0.858,0,1,1,4,1
135.71,696,639,6,1,0.097,0.861,0,1,1,7,4
0.0,623,1942,5,4,0.011,0.858,0,1,1,3,4
106.22,698,551,1,7,0.023,1.0,0,1,1,2,4
0.59,59,0,429,281,0.929,0.905,0,0,1,1,0
16.51,269,1427,9,6,0.054,1.0,0,1,1,7,4
2.64,92,0,407,354,0.9,0.896,0,0,1,4,3
0.0,73,0,108,422,0.828,1.0,0,0,1,6,0
16.91,349,541,3,5,0.038,1.0,0,1,1,4,4
3.92,22,4,312,345,0.913,0.926,0,0,1,3,3
57.92,10,0,4,3,0.177,0.832,4,1,1,0,3
70.47,553,884,2,3,0.028,1.0,0,1,1,4,4
41.26,357,0,3,6,0.0,1.0,0,1,2,2,3
179.11,767,899,5,1,0.078,0.951,0,1,1,5,4
25.84,952,344,2,2,0.0,0.872,0,1,2,5,4
40.84,478,223,9,4,0.073,0.958,0,1,2,4,4
95.03,256,626,5,1,0.0,0.846,0,1,1,5,4
2.13,605,1727,3,1,0.065,0.832,0,1,1,3,2
1.23,19,0,51,5,0.392,0.201,0,0,1,3,3
0.0,441,1114,7,1,0.016,0.894,0,1,1,3,4
25.96,1050,886,1,6,0.0,0.953,0,1,1,0,4
0.0,389,1852,5,7,0.0,0.918,0,1,1,2,4
42.3,540,334,6,9,0.0,0.852,0,1,1,4,4
2.58,52,0,467,370,0.79,0.878,0,0,1,7,0
2.64,16,0,478,204,1.0,0.987,0,0,2,5,3
0.31,8,0,43,12,0.635,0.286,0,0,1,7,0
67.26,673,923,9,5,0.065,0.853,0,1,1,6,4
65.56,733,33,5,6,0.031,1.0,0,1,1,1,4
38.46,627,1654,2,9,0.069,0.911,0,1,1,0,4
43.68,767,825,4,5,0.0,0.953,0,1,1,5,4
76.66,0,1497,4,9,0.037,0.838,0,1,1,3,4
0.0,446,664,9,9,0.0,0.751,0,1,1,0,4
51.34,376,1689,2,9,0.0,0.884,0,1,2,5,4
2.74,367,281,3,8,0.275,0.322,4,0,1,2,4
44.65,434,1540,2,5,0.0,0.941,0,1,1,2,4
1.92,55,0,214,409,0.871,0.917,0,0,1,3,0
3.11,0,0,21,4,0.663,0.221,0,0,2,2,3
58.87,1025,1332,3,3,0.006,0.795,0,1,1,7,4
0.0,71,6,347,405,0.953,0.931,0,0,2,5,3
60.72,608,1805,3,9,0.0,0.748,0,1,1,6,4
0.0,55,0,150,381,0.913,0.98,0,0,1,3,0
20.0,833,261,4,9,0.029,0.902,0,1,2,5,4
69.81,502,960,6,1,0.0,0.958,0,1,2,7,0
43.22,68,832,8,1,0.0,0.975,0,1,1,6,4
95.14,63,121,1,9,0.0,0.914,0,1,1,6,4
0.0,90,0,239,341,0.711,0.903,0,0,1,1,3
77.64,233,1501,5,4,0.0,0.756,0,1,1,7,4
85.22,524,1572,5,5,0.004,0.821,0,1,1,2,4
1.06,44,0,448,207,1.0,1.0,0,0,1,3,3
29.67,328,2068,5,2,0.0,0.71,0,1,1,1,4
0.21,0,3,324,399,1.0,0.989,0,0,1,6,2
51.28,995,1514,1,3,0.009,1.0,0,1,2,2,4
68.24,810,1571,3,7,0.0,1.0,0,1,0,7,0
53.56,97,1842,9,8,0.067,0.831,0,1,1,7,4
0.43,105,0,420,455,0.983,0.898,0,0,1,6,3
78.35,162,713,9,2,0.0,0.803,0,1,1,1,4
2.65,76,0,356,482,0.879,0.943,0,0,1,1,3
56.51,359,1449,1,9,0.024,0.938,0,1,1,7,0
35.75,955,2149,3,4,0.036,0.622,0,1,1,6,4
32.3,162,560,7,5,0.0,0.774,0,1,2,6,4
16.56,539,636,3,1,0.001,0.849,0,1,1,4,4
118.77,225,1130,9,5,0.0,0.829,0,1,1,0,0
89.43,838,529,2,7,0.0,0.846,0,1,1,3,4
120.9,438,1617,4,4,0.073,0.927,0,1,1,7,4
110.03,0,684,4,1,0.106,0.823,1,1,1,3,4
6.5,561,537,5,5,0.0,0.883,0,1,1,1,4
32.98,620,1489,7,7,0.009,0.82,0,1,1,7,4
55.2,995,1570,6,2,0.03,0.728,0,1,1,0,4
15.1,720,687,1,8,0.113,0.854,0,1,2,7,4
31.04,744,532,1,4,0.007,0.894,0,1,1,6,4
0.0,563,673,5,2,0.026,0.862,0,1,1,6,0
41.71,575,1366,2,4,0.0,0.998,0,1,1,6,3
1.11,49,0,313,342,0.873,0.844,0,0,1,0,3
4.6,641,1373,1,2,0.019,0.796,0,1,2,2,4
105.93,463,389,7,5,0.0,0.8,0,1,1,0,4
34.03,234,953,3,2,0.046,0.869,0,1,1,6,4
70.74,436,276,9,1,0.056,0.886,0,1,1,6,4
58.85,533,514,2,8,0.038,0.756,0,1,2,5,4
107.19,117,1273,5,3,0.0,0.829,0,1,1,1,4
0.11,75,0,357,413,0.724,0.956,0,0,1,4,3
82.82,373,1532,6,1,0.06,0.889,0,1,1,5,4
44.83,560,1565,3,2,0.087,0.993,0,1,1,7,4
0.0,78,0,481,205,0.845,0.991,0,0,2,5,3
0.06,16,0,345,455,0.781,0.98,0,0,1,5,0
125.95,448,1380,3,2,0.0,0.809,0,1,1,5,4
86.54,284,1405,5,1,0.078,0.792,0,1,1,1,4
106.75,325,228,1,7,0.103,0.73,0,1,2,1,4
0.0,482,1541,1,9,0.0,0.805,0,1,2,1,2
22.79,123,333,10,2,0.205,0.484,1,1,1,6,3
91.65,532,127,2,5,0.0,0.649,0,1,1,2,4
49.49,968,1388,4,3,0.054,0.873,0,1,1,0,4
39.65,650,813,1,4,0.098,0.949,0,1,1,0,4
0.0,342,1023,6,5,0.059,0.909,0,1,1,7,4
0.0,81,1,319,276,1.0,0.966,0,0,1,0,3
40.01,580,193,5,5,0.095,0.984,0,1,2,5,4
46.63,316,1820,3,1,0.0,0.868,0,1,1,0,4
80.72,231,432,7,1,0.0,0.899,0,1,1,7,4
63.39,470,29,7,9,0.045,0.909,0,1,1,4,0
20.35,428,1362,7,1,0.053,0.81,0,1,1,1,4
1.52,51,0,356,120,0.906,0.95,0,0,1,7,3
5.93,317,471,5,5,0.293,0.73,4,0,1,2,4
29.25,900,1005,9,4,0.106,0.887,0,1,1,6,4
50.01,712,1031,5,2,0.019,0.807,0,1,1,1,4
12.03,1283,943,6,6,0.0,0.844,0,1,2,1,4
26.1,344,125,7,9,0.13,0.624,3,1,1,1,4
1.75,17,0,489,313,1.0,1.0,0,0,1,1,0
38.96,250,1710,6,7,0.01,0.852,0,1,1,2,4
100.29,320,1426,9,4,0.0,0.942,0,1,2,1,4
87.82,202,1484,1,4,0.04,0.936,0,1,1,1,4
0.38,49,3,281,153,0.798,0.907,0,0,1,7,3
15.43,788,1759,5,2,0.085,0.992,0,1,1,7,4
147.79,213,1229,9,9,0.054,0.836,0,1,1,2,4
61.72,0,979,3,5,0.073,1.0,0,1,1,7,4
0.0,48,1,114,138,0.959,0.936,0,0,0,4,3
0.0,72,0,483,303,0.884,0.985,0,0,1,4,0
58.0,0,509,9,5,0.05,0.683,0,1,1,0,4
1.6,26,0,61,16,0.603,0.084,0,0,1,2,0
4.58,17,0,87,7,0.663,0.137,0,0,2,3,3
0.0,65,0,115,107,0.733,0.928,0,0,2,6,0
71.47,336,2044,2,1,0.037,0.808,0,1,1,6,4
15.14,243,1816,7,2,0.115,0.592,0,1,1,4,4
95.86,340,967,6,4,0.062,0.713,0,1,1,0,1
4.37,20,0,356,501,0.878,1.0,0,0,1,0,3
11.62,0,1391,8,7,0.0,0.802,0,1,2,3,4
59.56,347,0,3,8,0.001,1.0,0,1,2,1,3
10.07,854,207,9,6,0.059,0.776,0,1,2,7,4
2.78,14,1,88,7,0.435,0.082,0,0,1,4,0
6.82,358,1070,9,8,0.032,0.853,0,1,1,4,3
0.0,841,771,9,3,0.0,0.827,0,1,0,1,4
8.63,0,841,3,6,0.033,0.971,0,1,1,6,4
47.71,692,1164,3,7,0.0,0.826,0,1,0,0,0
19.43,0,977,7,1,0.0,0.761,0,1,1,0,4
27.26,448,69,9,6,0.035,0.954,0,1,1,6,4
26.32,622,0,2,7,0.036,0.807,0,1,1,7,4
10.84,48,442,6,5,0.07,0.581,4,0,2,0,4
65.24,667,1179,1,7,0.0,1.0,0,1,1,4,1
2.6,25,0,23,4,0.287,0.187,0,0,1,0,4
0.0,18,0,212,452,0.908,0.918,0,0,1,0,3
61.76,811,840,3,2,0.054,0.932,0,1,1,0,4
68.38,495,1286,7,7,0.0,0.857,0,1,1,3,4
93.61,178,1410,2,2,0.031,0.905,0,1,1,4,4
26.53,190,1339,6,1,0.02,1.0,0,1,1,6,4
30.67,861,161,9,6,0.174,0.863,0,1,1,1,4
36.71,756,330,9,6,0.049,1.0,0,1,1,2,4
74.32,421,1553,9,1,0.0,0.907,0,1,1,2,4
46.05,688,629,7,1,0.012,0.811,0,1,0,2,4
2.72,31,0,58,1,0.459,0.195,0,0,1,3,0
50.83,368,1203,8,5,0.032,1.0,0,1,2,1,4
0.0,413,1369,4,3,0.011,0.956,0,1,2,7,4
54.84,388,2074,9,4,0.044,0.893,0,1,1,1,4
103.6,353,300,2,6,0.002,0.91,0,1,1,1,4
74.49,264,1168,5,7,0.048,0.926,0,1,2,7,4
35.05,734,1896,6,8,0.0,0.908,0,1,1,5,4
0.0,45,0,149,441,0.913,0.926,0,0,1,6,0
1.89,783,771,1,7,0.046,0.923,0,1,1,7,4
79.91,246,949,9,4,0.0,0.991,0,1,2,1,4
0.0,112,0,338,129,0.966,0.855,0,0,2,6,3
0.0,321,1121,3,4,0.0,0.833,0,1,1,6,4
81.82,471,1302,1,4,0.0,0.937,0,1,1,1,4
69.12,67,979,5,7,0.084,0.769,0,1,2,1,3
117.08,282,747,7,9,0.006,0.83,0,1,1,7,4
11.72,277,603,3,3,0.037,0.859,0,1,2,6,4
66.28,157,277,8,9,0.027,0.625,0,1,1,6,4
52.73,365,0,9,9,0.022,0.894,0,1,1,4,4
2.17,11,4,31,2,0.392,0.515,0,0,1,5,3
94.67,742,936,5,8,0.0,0.737,0,1,1,7,4
109.39,853,1035,3,5,0.0,0.992,0,1,1,1,4
0.0,31,0,220,413,0.873,1.0,0,0,1,1,2
34.31,1053,1375,8,6,0.0,1.0,0,1,1,5,4
2.43,70,8,371,342,0.67,0.881,0,0,1,7,3
0.39,12,0,26,7,0.134,0.252,0,0,0,7,3
75.28,410,808,7,3,0.0,0.958,0,1,1,6,4
0.6,44,0,152,221,0.841,0.912,0,0,1,5,3
72.9,782,2098,8,6,0.0,0.945,0,1,1,3,4
88.41,751,1543,2,2,0.112,0.84,0,1,2,3,4
41.64,556,1682,6,5,0.032,0.762,0,1,1,4,4
0.0,93,5,367,165,0.862,0.994,0,0,1,7,3
112.51,3,281,9,2,0.0,0.913,0,1,1,3,3
92.83,654,1345,1,5,0.112,0.803,0,1,1,1,4
25.82,817,244,8,6,0.0,0.899,0,1,2,1,1
247.38,776,523,3,2,0.031,0.64,1,1,1,7,4
11.68,367,486,6,8,0.174,0.402,3,0,1,0,3
2.1,5,0,201,506,0.905,0.873,0,0,1,6,3
28.15,442,1111,7,6,0.042,0.999,0,1,0,1,4
96.0,755,388,7,9,0.004,1.0,0,1,1,6,4
61.49,983,1221,7,2,0.07,0.977,0,1,2,5,4
0.0,34,4,289,504,0.786,0.853,0,0,1,3,3
77.61,0,0,4,1,0.018,0.951,0,1,1,5,4
36.31,135,496,4,9,0.0,0.945,0,1,1,7,4
60.13,89,315,8,2,0.0,0.294,2,0,1,7,3
49.66,293,1272,1,4,0.014,1.0,0,1,1,5,4
87.23,416,353,3,4,0.071,0.778,0,1,2,2,4
2.77,23,0,303,227,0.865,0.966,0,0,1,4,3
0.37,68,0,302,380,1.0,0.928,0,0,0,2,3
3.04,29,0,38,1,0.429,0.047,0,0,1,0,3
52.18,581,1182,1,8,0.088,0.951,0,1,1,3,4
16.47,629,364,1,1,0.014,0.923,0,1,1,0,4
70.06,490,1122,9,9,0.094,1.0,0,1,1,1,2
26.12,622,1516,4,8,0.105,0.905,0,1,1,0,1
79.52,672,596,5,4,0.0,0.751,0,1,1,4,4
2.92,51,0,509,134,0.899,0.977,0,0,1,1,3
40.03,697,1552,5,1,0.0,0.865,0,1,1,3,4
38.3,802,1115,4,7,0.106,1.0,0,1,1,4,4
16.17,502,799,3,9,0.0,0.803,0,1,1,1,4
0.0,73,0,439,259,0.953,0.971,0,0,1,2,2
24.52,0,0,2,7,0.131,0.696,0,1,1,3,4
64.53,421,128,2,2,0.0,1.0,0,1,1,2,4
82.42,860,0,7,2,0.02,0.974,0,1,1,0,4
72.78,481,574,9,9,0.099,0.705,0,1,1,7,4
104.3,208,1871,5,1,0.067,0.843,0,1,1,3,4
2.29,33,0,341,287,0.872,0.961,0,0,1,0,2
55.65,171,187,10,9,0.0,0.679,3,0,1,6,4
0.0,16,0,469,211,0.915,0.909,0,0,1,0,3
0.0,39,0,92,4,0.501,0.064,0,0,1,3,3
83.93,372,192,8,3,0.022,0.949,0,1,1,0,4
3.61,25,2,43,6,0.231,0.178,0,0,1,0,3
73.65,363,1066,3,1,0.0,0.975,0,1,0,0,4
1.0,59,0,246,136,0.795,0.932,0,0,2,1,3
20.73,691,2216,9,7,0.013,0.977,0,1,1,4,4
33.55,442,858,5,8,0.0,0.809,0,1,2,0,4
48.89,982,1349,7,7,0.0,0.806,0,1,1,2,4
47.2,195,0,2,8,0.0,0.8,0,1,1,6,4
96.91,307,2125,9,6,0.0,0.89,0,1,1,7,4
3.37,20,0,302,339,0.825,1.0,0,0,1,7,3
0.0,802,1086,5,5,0.019,1.0,0,1,1,7,4
70.65,347,181,4,2,0.002,0.929,0,1,2,7,4
81.86,763,560,8,7,0.065,0.791,0,1,1,1,0
11.69,383,2015,7,6,0.0,1.0,0,1,1,6,0
22.17,428,1472,4,2,0.029,0.857,0,1,1,2,4
0.0,63,0,376,267,0.839,1.0,0,0,1,4,3
26.5,222,1173,4,7,0.065,0.915,0,1,1,1,3
53.53,374,1127,5,5,0.0,0.892,0,1,2,5,1
12.13,613,1470,3,2,0.0,0.912,0,1,1,3,0
2.12,5,3,89,1,0.335,0.388,0,0,2,7,4
84.69,924,437,8,2,0.074,0.816,0,1,1,2,3
76.31,645,815,6,5,0.03,0.911,0,1,1,7,1
58.65,472,1523,7,9,0.0,1.0,0,1,1,3,4
0.18,41,9,377,147,0.894,0.924,0,0,1,4,3
34.81,197,328,2,3,0.031,0.585,3,0,1,6,4
0.0,9,0,39,11,0.007,0.087,0,0,1,1,4
36.3,584,944,8,7,0.023,0.976,0,1,1,1,4
0.0,0,0,37,8,0.253,0.417,0,0,2,6,3
17.27,774,321,9,1,0.091,0.915,0,1,1,1,4
81.28,635,1048,5,8,0.018,0.743,0,1,1,2,4
35.33,0,701,5,3,0.008,0.962,0,1,1,5,4
10.74,956,966,7,7,0.0,0.825,0,1,1,1,4
66.66,220,1290,9,7,0.078,0.987,0,1,1,5,4
10.26,227,2746,1,9,0.001,0.962,0,1,1,5,4
0.73,9,0,92,5,0.565,0.079,0,0,2,7,4
92.37,766,624,1,8,0.105,1.0,0,1,1,1,4
81.52,0,853,3,9,0.0,0.986,0,1,1,6,3
0.0,40,0,507,162,0.905,0.944,0,0,1,1,3
92.39,597,476,8,8,0.056,0.914,0,1,2,7,4
102.11,705,2202,4,9,0.0,0.976,0,1,2,5,3
0.0,421,1577,8,9,0.0,0.897,0,1,2,5,1
51.87,0,1756,3,3,0.0,0.821,0,1,1,0,4
1.26,66,0,331,277,0.919,1.0,0,0,1,6,0
68.96,723,1062,2,4,0.0,0.851,0,1,2,2,4
1.56,769,2144,1,2,0.021,0.887,0,1,1,2,4
97.03,462,630,3,8,0.018,0.867,0,1,1,2,4
7.32,791,255,1,3,0.055,0.553,1,1,1,4,4
0.02,25,0,81,7,0.498,0.205,0,0,2,0,3
0.0,387,1613,7,4,0.0,0.893,0,1,2,4,4
19.54,64,632,6,3,0.0,0.791,0,1,1,2,0
0.0,76,0,378,186,0.84,0.915,0,0,1,3,3
0.0,491,1273,5,6,0.011,0.752,0,1,1,3,4
0.0,531,230,6,8,0.0,0.74,0,1,1,4,4
4.88,18,2,36,16,0.886,0.3,0,0,2,4,3
13.93,119,404,9,3,0.195,0.133,3,1,1,0,4
78.64,898,1427,1,5,0.075,0.954,0,1,2,0,4
0.88,82,3,217,228,0.955,0.999,0,0,1,1,3
44.02,61,1881,6,4,0.018,0.822,0,1,2,1,4
0.0,215,134,7,4,0.137,0.807,2,0,1,0,4
58.24,1075,689,8,4,0.036,0.8,0,1,1,1,4
13.65,710,0,6,3,0.066,0.883,0,1,1,0,4
45.39,584,939,5,3,0.013,0.925,0,1,1,5,4
103.93,748,2059,7,4,0.0,1.0,0,1,1,1,3
47.76,894,983,6,4,0.083,0.933,0,1,1,6,4
72.94,355,953,1,8,0.064,0.902,0,1,1,0,4
41.26,0,795,8,3,0.109,0.868,0,1,2,2,4
4.03,47,1,39,9,0.889,0.298,0,0,1,2,3
65.94,454,954,4,5,0.021,0.879,0,1,1,0,4
47.99,247,928,5,2,0.014,0.879,0,1,1,2,2
6.76,220,2046,5,4,0.0,0.886,0,1,1,6,3
82.0,546,973,9,1,0.071,0.85,0,1,1,6,4
21.27,383,1043,1,4,0.02,0.958,0,1,1,1,4
30.52,604,1025,9,4,0.048,0.903,0,1,1,1,4
41.39,0,424,1,7,0.049,0.944,0,1,1,1,4
56.19,273,814,5,1,0.013,0.881,0,1,1,6,4
51.72,124,719,4,3,0.08,0.902,0,1,1,4,4
1.8,109,6,134,384,0.782,0.943,0,0,1,6,3
3.97,29,0,359,194,0.768,0.973,0,0,2,6,2
125.74,529,1797,1,5,0.0,0.855,0,1,1,2,4
20.52,712,1109,4,6,0.038,0.828,0,1,1,6,4
22.01,135,630,3,2,0.163,0.941,0,1,1,5,4
32.31,473,141,8,7,0.028,0.925,0,1,1,7,3
0.0,140,0,2,9,0.003,0.961,0,1,1,1,4
5.38,661,1405,3,3,0.07,0.958,0,1,1,6,4
0.84,65,3,292,184,0.925,0.834,0,0,2,3,3
40.52,433,1846,5,3,0.026,1.0,0,1,1,5,4
100.98,491,1700,3,1,0.0,0.999,0,1,2,4,4
20.04,759,1157,3,2,0.031,0.712,0,1,1,3,4
24.57,235,875,9,9,0.038,0.966,0,1,2,4,4
45.44,665,1507,2,3,0.069,1.0,0,1,2,1,4
5.89,23,0,26,7,0.47,0.047,0,0,2,5,0
41.82,610,1319,5,7,0.0,0.84,0,1,1,6,4
42.16,1158,1526,2,1,0.0,0.924,0,1,2,7,4
31.47,80,419,13,9,0.194,0.634,4,0,1,5,4
50.01,514,906,7,5,0.031,0.945,0,1,1,1,4
13.39,191,662,9,6,0.064,0.773,0,1,2,4,4
60.56,258,1491,8,4,0.031,1.0,0,1,1,3,4
71.66,702,376,2,6,0.0,1.0,0,1,1,4,4
0.74,33,2,423,195,0.905,0.966,0,0,1,7,3
0.0,476,1549,1,1,0.0,0.945,0,1,1,2,4
0.03,7,0,271,411,0.86,1.0,0,0,1,1,3
26.25,456,843,9,5,0.061,0.961,0,1,1,2,4
0.0,342,1581,6,5,0.044,1.0,0,1,2,2,4
115.47,356,1685,6,8,0.052,0.769,0,1,1,3,4
80.54,786,535,6,4,0.0,0.83,0,1,1,7,4
0.48,64,0,199,268,0.898,0.861,0,0,2,1,0
122.51,564,1258,2,3,0.017,0.882,0,1,1,0,4
99.09,796,1009,7,5,0.0,0.925,0,1,1,7,0
72.61,551,621,9,7,0.073,0.857,0,1,2,4,4
51.8,739,1351,5,2,0.0,0.898,0,1,1,2,4
57.74,289,1432,1,2,0.117,0.96,0,1,0,3,4
132.3,191,1516,4,8,0.155,0.873,0,1,1,0,4
44.19,149,0,7,7,0.0,0.842,0,1,1,5,4
86.43,460,1574,2,4,0.031,1.0,0,1,2,2,2
0.21,46,1,180,133,0.919,0.908,0,0,1,2,0
50.79,582,783,8,5,0.0,1.0,0,1,2,7,4
59.31,961,791,8,6,0.101,1.0,0,1,2,4,4
67.13,619,1401,1,5,0.1,0.748,0,1,1,0,4
64.25,0,539,3,2,0.01,1.0,0,1,1,5,4
38.35,0,1428,7,2,0.039,1.0,0,1,2,2,4
0.0,686,991,6,7,0.0,1.0,0,1,1,3,4
53.88,816,288,6,7,0.088,0.948,0,1,1,1,4
102.22,599,585,1,7,0.0,0.962,0,1,1,0,0
51.42,296,585,4,6,0.019,0.892,0,1,2,1,4
91.53,875,780,9,3,0.013,0.893,0,1,1,1,4
0.16,93,0,196,129,0.977,0.903,0,0,1,2,3
41.74,337,174,10,5,0.293,0.332,3,0,1,7,3
16.05,576,600,5,7,0.052,0.777,0,1,2,2,4
6.08,402,0,4,1,0.065,0.828,0,1,1,2,4
0.0,27,7,275,206,0.906,0.975,0,0,1,3,0
2.65,15,0,52,19,0.177,0.466,0,0,1,5,3
61.03,314,901,2,5,0.0,0.974,0,1,1,0,4
87.93,510,1063,3,3,0.0,0.852,0,1,1,6,4
104.33,577,1243,6,2,0.05,0.954,0,1,1,3,4
89.5,566,2159,8,8,0.011,0.898,0,1,1,1,4
20.26,83,554,7,2,0.078,0.806,0,1,1,4,4
0.46,20,0,450,324,1.0,1.0,0,0,1,3,3
69.16,391,1219,6,5,0.0,0.984,0,1,1,3,4
115.97,147,1180,5,6,0.0,0.915,0,1,1,7,2
40.03,548,1911,2,8,0.057,0.857,0,1,2,5,4
53.53,907,0,4,1,0.021,0.705,1,1,1,2,4
139.23,505,0,3,6,0.0,0.971,0,1,1,5,4
29.5,0,87,3,3,0.0,0.835,1,1,1,4,4
3.35,43,6,379,187,0.762,0.978,0,0,2,5,3
60.65,858,334,4,4,0.0,0.915,0,1,2,0,4
2.03,60,0,224,177,0.949,0.901,0,0,1,6,3
21.78,604,917,7,2,0.061,0.989,0,1,2,0,4
39.82,540,930,3,2,0.004,0.882,0,1,1,5,4
48.15,0,1423,1,9,0.058,0.874,0,1,1,3,3
72.58,658,811,4,5,0.044,0.697,0,1,1,5,2
1.5,280,969,2,7,0.067,0.812,0,1,2,0,4
16.98,420,710,3,6,0.0,0.945,0,1,1,5,4
1.01,82,0,283,309,0.887,0.979,0,0,2,7,3
41.86,516,712,5,5,0.0,0.751,0,1,1,5,2
17.32,697,1847,6,7,0.047,0.776,0,1,1,7,4
42.37,389,109,1,7,0.077,1.0,0,1,1,2,4
0.0,26,0,74,15,0.484,0.397,0,0,1,0,0
0.0,540,1618,2,7,0.049,0.929,0,1,1,2,4
121.0,1283,508,2,5,0.0,0.909,0,1,2,7,1
28.61,1057,1814,1,8,0.078,0.967,0,1,1,1,4
44.06,499,1127,5,4,0.068,0.936,0,1,1,6,4
0.0,70,0,505,420,0.86,1.0,0,0,1,4,3
11.3,632,1179,8,5,0.0,0.602,0,1,1,3,0
2.66,39,2,304,352,0.933,1.0,0,0,2,7,3
1.81,650,419,9,9,0.038,0.895,0,1,1,6,4
47.28,535,1552,4,6,0.0,0.747,0,1,1,1,4
94.09,595,472,8,2,0.005,0.661,0,1,1,3,4
37.28,953,331,7,4,0.16,0.976,0,1,1,4,4
42.16,403,220,2,1,0.0,0.863,0,1,2,6,4
52.99,451,1155,2,3,0.029,0.8,0,1,1,6,2
61.63,354,1964,2,8,0.024,0.875,0,1,0,0,4
40.15,931,1059,6,7,0.045,0.886,0,1,1,2,4
76.18,480,1147,3,5,0.0,0.976,0,1,0,5,4
0.0,14,5,481,147,0.642,0.943,0,0,1,7,2
58.11,147,1843,6,7,0.0,0.836,0,1,1,3,0
126.99,1065,785,5,2,0.021,1.0,0,1,1,1,4
50.9,430,1149,9,2,0.018,0.807,0,1,1,2,4
0.0,32,9,109,365,0.967,0.961,0,0,1,5,3
31.72,217,343,5,8,0.103,0.614,3,0,1,6,4
47.2,100,1418,7,2,0.028,0.712,0,1,1,6,3
81.06,33,1002,7,4,0.0,0.8,0,1,2,6,4
0.0,48,0,32,14,0.345,0.279,0,0,1,2,3
3.47,266,1121,3,3,0.0,1.0,0,1,1,0,4
62.1,356,2044,3,6,0.067,1.0,0,1,1,6,4
0.6,77,1,414,468,0.948,0.967,0,0,1,3,0
32.58,475,719,3,7,0.0,1.0,0,1,1,2,4
0.0,366,1529,5,1,0.0,0.736,0,1,1,3,4
0.5,53,0,414,457,0.769,0.927,0,0,2,4,2
95.48,487,1027,9,3,0.053,0.827,0,1,1,3,4
0.0,308,1722,5,7,0.043,0.946,0,1,1,4,3
88.82,1163,541,9,6,0.008,0.947,0,1,1,7,4
34.74,599,636,7,6,0.0,1.0,0,1,1,6,4
1.06,25,3,236,402,0.872,0.943,0,0,1,3,2
11.82,321,1709,4,3,0.052,0.933,0,1,2,2,4
14.08,710,1668,6,5,0.032,0.764,0,1,2,7,4
118.56,455,1700,9,5,0.011,0.889,0,1,1,4,4
82.45,201,574,6,8,0.0,0.792,0,1,1,0,4
83.18,650,796,6,6,0.028,0.873,0,1,1,0,4
1.9,66,0,485,226,0.931,0.883,0,0,1,1,3
2.03,29,0,493,276,0.891,0.999,0,0,0,2,3
67.29,380,0,5,9,0.018,0.969,0,1,1,3,4
65.96,890,0,4,5,0.058,0.9,0,1,1,6,3
107.12,126,720,2,2,0.071,0.773,0,1,1,5,4
50.84,325,732,6,4,0.061,0.976,0,1,1,3,4
30.67,793,1859,1,8,0.0,0.939,0,1,1,6,4
68.65,378,1149,2,7,0.025,1.0,0,1,1,5,4
4.89,0,0,82,9,0.225,0.0,0,0,2,5,3
69.73,831,1275,4,9,0.0,0.885,0,1,2,1,4
56.97,157,952,8,4,0.035,0.975,0,1,1,2,3
35.97,778,1051,7,3,0.025,0.89,0,1,1,7,4
16.51,725,2121,3,7,0.049,1.0,0,1,1,3,4
64.7,665,1886,3,6,0.028,0.855,0,1,1,7,4
0.0,299,1246,2,5,0.007,0.771,0,1,2,1,4
0.0,0,5,454,433,0.816,0.903,0,0,1,6,0
0.65,53,5,276,470,0.769,1.0,0,0,1,1,3
0.0,408,1905,4,7,0.098,0.913,0,1,1,1,1
1.9,95,5,246,125,0.755,0.86,0,0,1,1,3
3.65,28,4,479,249,1.0,0.839,0,0,1,7,0
0.0,97,0,1,3,0.0,0.824,0,1,1,4,4
0.0,64,1,160,201,0.784,1.0,0,0,1,0,3
0.0,781,736,8,7,0.019,1.0,0,1,1,7,4
2.12,21,0,232,353,0.971,0.884,0,0,1,4,3
138.75,956,856,5,2,0.019,0.79,0,1,2,3,4
3.72,70,0,346,350,0.858,0.857,0,0,1,5,0
60.27,560,157,3,5,0.0,0.854,0,1,1,6,4
0.0,907,1635,4,5,0.0,0.856,0,1,1,7,4
3.19,459,1229,4,9,0.052,0.792,0,1,1,3,4
82.18,464,1164,7,1,0.0,0.989,0,1,1,5,4
83.62,952,1350,5,7,0.051,0.905,0,1,2,5,4
0.0,0,288,1,4,0.0,0.939,0,1,1,0,4
20.62,1297,1335,3,5,0.0,0.885,0,1,1,2,4
53.59,528,0,5,5,0.006,0.816,0,1,1,4,4
28.68,308,762,7,3,0.001,0.767,0,1,1,7,4
25.86,408,1009,6,4,0.036,0.842,0,1,1,2,4
60.16,799,2151,6,7,0.008,0.889,0,1,2,3,4
111.83,0,935,3,9,0.028,0.997,0,1,1,1,2
12.97,0,0,4,9,0.03,0.983,0,1,2,4,4
0.0,197,429,6,7,0.072,0.774,4,0,2,5,3
6.77,30,0,90,7,0.626,0.16,0,0,1,3,0
56.48,691,1409,4,6,0.106,0.977,0,1,1,5,4
23.59,442,1740,6,2,0.077,0.726,0,1,1,2,4
24.93,598,743,8,5,0.001,0.837,0,1,0,0,4
0.0,1052,496,6,6,0.112,0.952,0,1,1,6,4
20.9,170,1494,5,6,0.0,1.0,0,1,1,1,4
138.26,300,1473,9,7,0.074,0.85,0,1,2,6,4
83.95,186,1384,8,7,0.062,0.713,0,1,2,2,4
0.0,603,751,1,8,0.0,0.878,0,1,1,6,4
1.42,88,2,255,368,0.808,0.97,0,0,1,3,0
4.69,881,535,6,7,0.025,1.0,0,1,1,7,4
0.0,489,839,2,2,0.0,0.733,0,1,1,6,1
51.44,441,867,6,8,0.0,0.913,0,1,1,5,4
77.23,906,0,2,9,0.076,0.846,0,1,1,5,4
69.4,286,1142,1,6,0.004,0.779,0,1,1,4,4
133.83,854,1721,2,4,0.124,0.968,0,1,2,2,1
2.41,36,2,391,373,1.0,0.866,0,0,2,3,0
37.07,345,1195,9,6,0.038,0.909,0,1,2,0,4
25.61,183,144,5,5,0.319,0.252,4,0,1,6,4
68.91,540,1505,2,2,0.087,0.982,0,1,1,6,4
0.0,25,0,375,255,1.0,0.835,0,0,1,3,0
88.34,783,319,5,9,0.046,1.0,0,1,1,7,4
55.73,323,1499,3,7,0.0,1.0,0,1,2,2,3
30.48,412,1449,2,6,0.007,1.0,0,1,1,3,4
0.0,604,913,3,4,0.028,0.758,0,1,1,5,3
85.16,199,1154,7,5,0.019,0.96,0,1,1,2,4
25.9,519,1879,6,7,0.061,0.808,0,1,1,7,4
2.11,31,10,370,287,0.686,0.919,0,0,2,4,3
0.0,50,0,43,12,0.326,0.026,0,0,1,1,0
97.5,384,1050,7,4,0.045,0.894,0,1,2,5,4
63.74,823,1680,4,8,0.0,0.988,0,1,2,2,4
0.0,55,0,461,286,0.818,0.905,0,0,1,1,3
70.39,390,1137,4,9,0.0,1.0,0,1,2,3,4
129.17,932,578,7,9,0.0,0.801,0,1,1,6,4
71.84,147,1205,5,4,0.075,0.884,0,1,1,1,4
0.0,1011,1286,9,4,0.0,1.0,0,1,1,5,3
0.0,370,1043,6,5,0.094,0.76,0,1,1,1,4
0.0,138,564,11,3,0.168,0.851,1,1,1,6,4
22.78,837,1318,7,3,0.0,0.877,0,1,1,6,4
66.79,856,157,4,7,0.038,0.857,0,1,1,4,4
0.0,59,4,110,465,0.859,1.0,0,0,1,0,0
4.02,34,4,40,17,0.265,0.265,0,0,2,7,0
18.96,591,1347,3,9,0.088,0.968,0,1,1,7,4
26.26,678,1012,4,5,0.057,0.977,0,1,2,2,1
36.44,1256,680,7,6,0.027,0.871,0,1,1,0,4
110.28,267,946,3,3,0.033,0.875,0,1,1,4,4
0.0,0,6,433,427,0.798,1.0,0,0,1,7,2
66.67,342,1676,7,5,0.033,0.961,0,1,2,3,1
0.0,885,1094,6,2,0.0,0.744,0,1,2,4,4
40.54,668,1483,5,3,0.0,0.864,0,1,1,1,4
1.43,96,6,458,310,0.985,1.0,0,0,1,2,3
0.15,1,3,399,485,0.861,0.879,0,0,1,7,3
73.91,63,890,8,6,0.051,0.939,0,1,2,3,4
91.77,416,1487,8,3,0.0,0.844,0,1,1,5,4
47.74,615,683,6,7,0.078,0.739,0,1,1,7,4
9.04,37,0,63,13,0.278,0.0,0,0,2,3,3
11.15,0,1227,1,5,0.041,0.924,0,1,1,0,4
0.0,562,1244,9,2,0.0,0.907,0,1,1,5,4
0.0,544,871,3,4,0.0,0.783,0,1,1,5,4
2.68,48,0,302,436,0.813,0.929,0,0,1,1,3
3.0,73,1,125,289,0.782,0.908,0,0,1,3,3
52.77,143,902,7,6,0.0,1.0,0,1,1,7,4
24.54,324,99,13,9,0.052,0.365,2,0,1,0,3
0.0,510,816,5,1,0.054,0.789,0,1,1,4,4
47.03,359,1218,5,4,0.039,0.965,0,1,2,0,4
5.42,80,0,183,488,1.0,1.0,0,0,1,7,3
48.0,746,944,8,5,0.0,0.917,0,1,1,4,4
8.95,1,2,34,14,0.487,0.08,0,0,1,6,3
29.94,319,651,3,9,0.111,0.685,2,0,1,6,4
5.56,565,454,6,1,0.013,0.808,0,1,1,4,4
2.25,52,0,286,412,0.787,0.998,0,0,1,3,3
87.73,610,1010,2,4,0.0,1.0,0,1,2,6,4
0.0,3,0,439,507,0.846,0.933,0,0,2,6,0
0.0,375,1487,3,8,0.0,0.859,0,1,1,6,3
2.92,28,0,221,241,1.0,0.984,0,0,2,3,3
0.0,24,1,210,388,0.952,0.905,0,0,2,6,3
168.13,817,560,9,8,0.057,0.855,0,1,2,6,4
59.3,426,1373,2,6,0.048,0.989,0,1,1,1,4
57.96,657,608,5,2,0.0,0.89,0,1,1,3,3
79.78,10,1659,6,7,0.005,0.796,0,1,1,7,4
15.53,455,319,3,5,0.0,0.92,0,1,1,4,3
72.4,609,88,3,2,0.0,1.0,0,1,1,4,4
3.47,47,0,452,222,1.0,0.887,0,0,1,6,2
3.22,0,7,496,437,0.919,0.982,0,0,1,5,3
116.39,342,1371,2,3,0.044,0.818,0,1,1,1,4
14.92,76,739,3,2,0.0,1.0,0,1,1,3,4
6.89,5,0,66,9,0.582,0.0,0,0,1,3,0
93.53,124,963,1,9,0.056,1.0,0,1,2,5,4
0.0,1147,1190,9,8,0.0,0.96,0,1,1,1,4
0.0,1006,2002,8,2,0.007,0.89,0,1,1,2,4
18.96,213,1549,7,1,0.127,0.951,0,1,1,6,4
58.22,402,717,9,7,0.0,0.761,0,1,0,7,4
119.94,667,1360,9,5,0.031,0.892,0,1,1,5,4
1.39,45,0,117,207,0.924,0.962,0,0,2,1,3
30.91,269,155,4,2,0.043,0.807,0,1,1,0,4
72.46,570,888,8,6,0.0,0.909,0,1,1,7,4
30.82,326,1584,4,1,0.001,0.795,0,1,1,2,3
3.35,572,872,5,7,0.055,1.0,0,1,1,6,4
111.34,1073,227,3,3,0.023,0.768,0,1,1,0,4
75.73,0,421,1,7,0.014,0.936,0,1,1,0,4
0.0,8,0,89,13,0.459,0.145,0,0,1,2,4
24.88,267,8,1,1,0.16,0.638,4,1,1,0,4
76.7,541,579,5,5,0.048,0.817,0,1,1,2,4
124.28,458,671,4,7,0.0,0.918,0,1,2,3,4
21.14,464,929,3,4,0.048,0.916,0,1,2,7,4
31.74,950,11,7,6,0.0,0.82,0,1,1,7,4
4.08,37,6,222,374,0.766,0.957,0,0,1,0,3
31.28,0,406,3,3,0.0,0.966,0,1,1,0,4
51.34,453,1250,1,1,0.001,0.871,0,1,1,4,4
92.51,695,1011,9,3,0.0,0.888,0,1,2,7,4
45.79,771,1089,9,5,0.036,0.742,0,1,2,0,4
6.52,215,612,3,4,0.033,0.864,0,1,2,1,4
0.06,34,0,175,416,0.881,0.962,0,0,2,3,0
0.0,369,658,1,8,0.0,0.858,0,1,1,7,4
162.21,0,533,1,4,0.011,0.85,0,1,1,0,4
92.02,297,298,1,6,0.0,0.803,0,1,1,6,4
37.46,0,981,7,4,0.009,0.889,0,1,0,6,4
81.5,345,947,1,9,0.095,0.965,0,1,1,4,4
18.03,572,214,2,9,0.27,0.961,0,1,1,0,3
55.89,708,591,8,7,0.0,1.0,0,1,1,3,4
48.27,503,2570,7,9,0.0,0.858,0,1,1,0,0
76.47,929,0,7,3,0.038,0.905,0,1,1,6,2
1.67,17,0,359,406,0.879,1.0,0,0,2,4,3
44.78,1251,797,6,9,0.054,0.833,0,1,2,4,4
50.72,0,1007,1,5,0.049,1.0,0,1,1,4,4
67.42,711,90,3,5,0.0,0.897,0,1,1,4,4
68.68,606,1571,2,3,0.023,0.963,0,1,2,5,4
1.81,7,5,257,213,0.944,0.983,0,0,2,0,3
9.64,945,1080,9,4,0.054,0.778,0,1,1,3,3
3.06,85,1,190,258,0.922,0.954,0,0,1,3,3
12.53,712,1172,3,7,0.109,1.0,0,1,1,6,0
9.51,754,1485,5,8,0.072,0.87,0,1,1,1,4
120.45,749,1044,3,6,0.071,0.951,0,1,1,1,4
74.29,360,1082,5,1,0.038,0.814,0,1,1,5,4
46.62,332,1816,3,1,0.066,0.936,0,1,1,4,1
67.63,363,1810,3,8,0.076,0.848,0,1,1,2,0
0.0,80,7,417,440,0.889,0.905,0,0,1,6,3
3.79,21,1,97,15,0.516,0.392,0,0,1,1,3
23.44,438,402,4,1,0.0,0.944,0,1,1,0,2
0.0,226,765,4,4,0.036,1.0,0,1,1,7,4
186.03,1508,256,4,4,0.108,0.807,1,1,2,3,4
0.0,218,852,4,2,0.071,0.639,1,1,1,7,4
61.51,594,2028,7,2,0.013,1.0,0,1,2,4,4
121.75,178,430,7,1,0.013,0.972,0,1,1,5,4
51.97,0,2552,9,2,0.005,0.885,0,1,1,7,4
88.81,393,688,6,5,0.101,0.824,0,1,2,0,4
0.0,526,1578,5,2,0.027,0.958,0,1,0,6,3
0.29,0,42,7,2,0.0,0.892,0,1,1,4,4
10.5,194,1450,5,4,0.05,0.847,0,1,1,4,2
40.83,343,1731,5,5,0.0,0.834,0,1,1,1,4
99.13,1148,424,5,2,0.051,0.895,0,1,1,2,4
1.56,38,0,299,241,0.736,0.998,0,0,2,1,3
75.17,926,2066,6,8,0.0,1.0,0,1,1,7,0
19.75,448,746,3,4,0.021,0.948,0,1,1,2,4
86.62,362,1042,9,8,0.097,0.927,0,1,1,5,4
56.7,547,567,1,9,0.0,0.885,0,1,1,7,4
